This file contains any messages produced by compilers while
running configure, to aid debugging if configure makes a mistake.

It was created by libXfixes configure 6.0.1, which was
generated by GNU Autoconf 2.71.  Invocation command line was

  $ ./configure --host=wasm32-wasi --prefix=/home/nathan/secure-exec/experiments/wasm-gui/third_party/wasm-prefix --enable-static --disable-shared --disable-malloc0returnsnull

## --------- ##
## Platform. ##
## --------- ##

hostname = nathan-dev
uname -m = x86_64
uname -r = 6.1.0-41-amd64
uname -s = Linux
uname -v = #1 SMP PREEMPT_DYNAMIC Debian 6.1.158-1 (2025-11-09)

/usr/bin/uname -p = unknown
/bin/uname -X     = unknown

/bin/arch              = x86_64
/usr/bin/arch -k       = unknown
/usr/convex/getsysinfo = unknown
/usr/bin/hostinfo      = unknown
/bin/machine           = unknown
/usr/bin/oslevel       = unknown
/bin/universe          = unknown

PATH: /home/linuxbrew/.linuxbrew/bin/
PATH: /home/nathan/misc/bun/bin/
PATH: /home/nathan/.bun/bin/
PATH: /home/nathan/.bun/bin/
PATH: /home/nathan/.bun/bin/
PATH: /home/nathan/.bun/bin/
PATH: /home/nathan/.wasmer/bin/
PATH: /home/nathan/.opencode/bin/
PATH: /home/nathan/.local/bin/
PATH: /home/nathan/.bun/bin/
PATH: /home/nathan/.cargo/bin/
PATH: /home/nathan/.nix-profile/bin/
PATH: /nix/var/nix/profiles/default/bin/
PATH: /home/linuxbrew/.linuxbrew/bin/
PATH: /home/linuxbrew/.linuxbrew/sbin/
PATH: /home/nathan/.local/bin/
PATH: /home/linuxbrew/.linuxbrew/opt/rustup/bin/
PATH: /home/nathan/.local/bin/
PATH: /home/nathan/.atuin/bin/
PATH: /home/nathan/misc/bun/bin/
PATH: /home/nathan/.bun/bin/
PATH: /home/nathan/.bun/bin/
PATH: /home/nathan/.bun/bin/
PATH: /home/nathan/.bun/bin/
PATH: /home/nathan/.wasmer/bin/
PATH: /home/nathan/.deno/bin/
PATH: /home/nathan/.opencode/bin/
PATH: /home/nathan/.local/bin/
PATH: /home/nathan/.bun/bin/
PATH: /home/nathan/.cargo/bin/
PATH: /home/nathan/.nix-profile/bin/
PATH: /nix/var/nix/profiles/default/bin/
PATH: /tmp/pnpm/
PATH: /home/linuxbrew/.linuxbrew/bin/
PATH: /home/linuxbrew/.linuxbrew/sbin/
PATH: /home/nathan/.nvm/versions/node/v24.13.0/bin/
PATH: /home/nathan/.nix-profile/bin/
PATH: /nix/var/nix/profiles/default/bin/
PATH: /usr/local/bin/
PATH: /usr/bin/
PATH: /bin/
PATH: /usr/local/games/
PATH: /usr/games/


## ----------- ##
## Core tests. ##
## ----------- ##

configure:2455: looking for aux files: compile config.guess config.sub ltmain.sh missing install-sh
configure:2468:  trying ./
configure:2497:   ./compile found
configure:2497:   ./config.guess found
configure:2497:   ./config.sub found
configure:2497:   ./ltmain.sh found
configure:2497:   ./missing found
configure:2479:   ./install-sh found
configure:2632: checking for a BSD-compatible install
configure:2705: result: /usr/bin/install -c
configure:2716: checking whether build environment is sane
configure:2771: result: yes
configure:2827: checking for wasm32-wasi-strip
configure:2862: result: no
configure:2872: checking for strip
configure:2893: found /home/linuxbrew/.linuxbrew/bin/strip
configure:2904: result: strip
configure:2930: checking for a race-free mkdir -p
configure:2974: result: /usr/bin/mkdir -p
configure:2981: checking for gawk
configure:3016: result: no
configure:2981: checking for mawk
configure:3002: found /usr/bin/mawk
configure:3013: result: mawk
configure:3024: checking whether make sets $(MAKE)
configure:3047: result: yes
configure:3077: checking whether make supports nested variables
configure:3095: result: yes
configure:3265: checking build system type
configure:3280: result: x86_64-pc-linux-gnux32
configure:3300: checking host system type
configure:3314: result: wasm32-unknown-wasi
configure:3355: checking how to print strings
configure:3382: result: printf
configure:3416: checking whether make supports the include directive
configure:3431: make -f confmf.GNU && cat confinc.out
this is the am__doit target
configure:3434: $? = 0
configure:3453: result: yes (GNU style)
configure:3484: checking for wasm32-wasi-gcc
configure:3516: result: /home/nathan/secure-exec/registry/native/c/vendor/wasi-sdk/bin/clang
configure:3914: checking for C compiler version
configure:3923: /home/nathan/secure-exec/registry/native/c/vendor/wasi-sdk/bin/clang --version >&5
clang version 19.1.5-wasi-sdk (https://github.com/llvm/llvm-project ab4b5a2db582958af1ee308a790cfdb42bd24720)
Target: wasm32-unknown-wasi
Thread model: posix
InstalledDir: /home/nathan/secure-exec/registry/native/c/vendor/wasi-sdk/bin
configure:3934: $? = 0
configure:3923: /home/nathan/secure-exec/registry/native/c/vendor/wasi-sdk/bin/clang -v >&5
clang version 19.1.5-wasi-sdk (https://github.com/llvm/llvm-project ab4b5a2db582958af1ee308a790cfdb42bd24720)
Target: wasm32-unknown-wasi
Thread model: posix
InstalledDir: /home/nathan/secure-exec/registry/native/c/vendor/wasi-sdk/bin
configure:3934: $? = 0
configure:3923: /home/nathan/secure-exec/registry/native/c/vendor/wasi-sdk/bin/clang -V >&5
clang: error: argument to '-V' is missing (expected 1 value)
clang: error: no input files
configure:3934: $? = 1
configure:3923: /home/nathan/secure-exec/registry/native/c/vendor/wasi-sdk/bin/clang -qversion >&5
clang: error: unknown argument '-qversion'; did you mean '--version'?
clang: error: no input files
configure:3934: $? = 1
configure:3923: /home/nathan/secure-exec/registry/native/c/vendor/wasi-sdk/bin/clang -version >&5
clang: error: unknown argument '-version'; did you mean '--version'?
clang: error: no input files
configure:3934: $? = 1
configure:3954: checking whether the C compiler works
configure:3976: /home/nathan/secure-exec/registry/native/c/vendor/wasi-sdk/bin/clang --target=wasm32-wasip1 --sysroot=/home/nathan/secure-exec/registry/native/c/sysroot -O2 -D_WASI_EMULATED_MMAN -D_WASI_EMULATED_PROCESS_CLOCKS -D_GNU_SOURCE -mllvm -wasm-enable-sjlj -Wno-error=implicit-function-declaration -Wno-error=int-conversion -Wno-int-conversion -I/home/nathan/secure-exec/experiments/wasm-gui/toolchain/compat-include -include /home/nathan/secure-exec/experiments/wasm-gui/toolchain/wasi-compat.h --target=wasm32-wasip1 --sysroot=/home/nathan/secure-exec/registry/native/c/sysroot -I/home/nathan/secure-exec/experiments/wasm-gui/third_party/wasm-prefix/include -I/home/nathan/secure-exec/experiments/wasm-gui/toolchain/compat-include -include /home/nathan/secure-exec/experiments/wasm-gui/toolchain/wasi-compat.h --target=wasm32-wasip1 --sysroot=/home/nathan/secure-exec/registry/native/c/sysroot -L/home/nathan/secure-exec/experiments/wasm-gui/third_party/wasm-prefix/lib -L/home/nathan/secure-exec/registry/native/c/vendor/wasi-sdk/share/wasi-sysroot/lib/wasm32-wasip1 -lwasi-emulated-mman -lwasi-emulated-process-clocks conftest.c  >&5
configure:3980: $? = 0
configure:4030: result: yes
configure:4033: checking for C compiler default output file name
configure:4035: result: a.out
configure:4041: checking for suffix of executables
configure:4048: /home/nathan/secure-exec/registry/native/c/vendor/wasi-sdk/bin/clang -o conftest --target=wasm32-wasip1 --sysroot=/home/nathan/secure-exec/registry/native/c/sysroot -O2 -D_WASI_EMULATED_MMAN -D_WASI_EMULATED_PROCESS_CLOCKS -D_GNU_SOURCE -mllvm -wasm-enable-sjlj -Wno-error=implicit-function-declaration -Wno-error=int-conversion -Wno-int-conversion -I/home/nathan/secure-exec/experiments/wasm-gui/toolchain/compat-include -include /home/nathan/secure-exec/experiments/wasm-gui/toolchain/wasi-compat.h --target=wasm32-wasip1 --sysroot=/home/nathan/secure-exec/registry/native/c/sysroot -I/home/nathan/secure-exec/experiments/wasm-gui/third_party/wasm-prefix/include -I/home/nathan/secure-exec/experiments/wasm-gui/toolchain/compat-include -include /home/nathan/secure-exec/experiments/wasm-gui/toolchain/wasi-compat.h --target=wasm32-wasip1 --sysroot=/home/nathan/secure-exec/registry/native/c/sysroot -L/home/nathan/secure-exec/experiments/wasm-gui/third_party/wasm-prefix/lib -L/home/nathan/secure-exec/registry/native/c/vendor/wasi-sdk/share/wasi-sysroot/lib/wasm32-wasip1 -lwasi-emulated-mman -lwasi-emulated-process-clocks conftest.c  >&5
configure:4052: $? = 0
configure:4075: result: 
configure:4097: checking whether we are cross compiling
configure:4105: /home/nathan/secure-exec/registry/native/c/vendor/wasi-sdk/bin/clang -o conftest --target=wasm32-wasip1 --sysroot=/home/nathan/secure-exec/registry/native/c/sysroot -O2 -D_WASI_EMULATED_MMAN -D_WASI_EMULATED_PROCESS_CLOCKS -D_GNU_SOURCE -mllvm -wasm-enable-sjlj -Wno-error=implicit-function-declaration -Wno-error=int-conversion -Wno-int-conversion -I/home/nathan/secure-exec/experiments/wasm-gui/toolchain/compat-include -include /home/nathan/secure-exec/experiments/wasm-gui/toolchain/wasi-compat.h --target=wasm32-wasip1 --sysroot=/home/nathan/secure-exec/registry/native/c/sysroot -I/home/nathan/secure-exec/experiments/wasm-gui/third_party/wasm-prefix/include -I/home/nathan/secure-exec/experiments/wasm-gui/toolchain/compat-include -include /home/nathan/secure-exec/experiments/wasm-gui/toolchain/wasi-compat.h --target=wasm32-wasip1 --sysroot=/home/nathan/secure-exec/registry/native/c/sysroot -L/home/nathan/secure-exec/experiments/wasm-gui/third_party/wasm-prefix/lib -L/home/nathan/secure-exec/registry/native/c/vendor/wasi-sdk/share/wasi-sysroot/lib/wasm32-wasip1 -lwasi-emulated-mman -lwasi-emulated-process-clocks conftest.c  >&5
configure:4109: $? = 0
configure:4116: ./conftest
./configure: line 4118: ./conftest: cannot execute binary file: Exec format error
configure:4120: $? = 126
configure:4135: result: yes
configure:4140: checking for suffix of object files
configure:4163: /home/nathan/secure-exec/registry/native/c/vendor/wasi-sdk/bin/clang -c --target=wasm32-wasip1 --sysroot=/home/nathan/secure-exec/registry/native/c/sysroot -O2 -D_WASI_EMULATED_MMAN -D_WASI_EMULATED_PROCESS_CLOCKS -D_GNU_SOURCE -mllvm -wasm-enable-sjlj -Wno-error=implicit-function-declaration -Wno-error=int-conversion -Wno-int-conversion -I/home/nathan/secure-exec/experiments/wasm-gui/toolchain/compat-include -include /home/nathan/secure-exec/experiments/wasm-gui/toolchain/wasi-compat.h --target=wasm32-wasip1 --sysroot=/home/nathan/secure-exec/registry/native/c/sysroot -I/home/nathan/secure-exec/experiments/wasm-gui/third_party/wasm-prefix/include -I/home/nathan/secure-exec/experiments/wasm-gui/toolchain/compat-include -include /home/nathan/secure-exec/experiments/wasm-gui/toolchain/wasi-compat.h conftest.c >&5
configure:4167: $? = 0
configure:4189: result: o
configure:4193: checking whether the compiler supports GNU C
configure:4213: /home/nathan/secure-exec/registry/native/c/vendor/wasi-sdk/bin/clang -c --target=wasm32-wasip1 --sysroot=/home/nathan/secure-exec/registry/native/c/sysroot -O2 -D_WASI_EMULATED_MMAN -D_WASI_EMULATED_PROCESS_CLOCKS -D_GNU_SOURCE -mllvm -wasm-enable-sjlj -Wno-error=implicit-function-declaration -Wno-error=int-conversion -Wno-int-conversion -I/home/nathan/secure-exec/experiments/wasm-gui/toolchain/compat-include -include /home/nathan/secure-exec/experiments/wasm-gui/toolchain/wasi-compat.h --target=wasm32-wasip1 --sysroot=/home/nathan/secure-exec/registry/native/c/sysroot -I/home/nathan/secure-exec/experiments/wasm-gui/third_party/wasm-prefix/include -I/home/nathan/secure-exec/experiments/wasm-gui/toolchain/compat-include -include /home/nathan/secure-exec/experiments/wasm-gui/toolchain/wasi-compat.h conftest.c >&5
configure:4213: $? = 0
configure:4223: result: yes
configure:4234: checking whether /home/nathan/secure-exec/registry/native/c/vendor/wasi-sdk/bin/clang accepts -g
configure:4255: /home/nathan/secure-exec/registry/native/c/vendor/wasi-sdk/bin/clang -c -g --target=wasm32-wasip1 --sysroot=/home/nathan/secure-exec/registry/native/c/sysroot -I/home/nathan/secure-exec/experiments/wasm-gui/third_party/wasm-prefix/include -I/home/nathan/secure-exec/experiments/wasm-gui/toolchain/compat-include -include /home/nathan/secure-exec/experiments/wasm-gui/toolchain/wasi-compat.h conftest.c >&5
configure:4255: $? = 0
configure:4299: result: yes
configure:4319: checking for /home/nathan/secure-exec/registry/native/c/vendor/wasi-sdk/bin/clang option to enable C11 features
configure:4334: /home/nathan/secure-exec/registry/native/c/vendor/wasi-sdk/bin/clang  -c --target=wasm32-wasip1 --sysroot=/home/nathan/secure-exec/registry/native/c/sysroot -O2 -D_WASI_EMULATED_MMAN -D_WASI_EMULATED_PROCESS_CLOCKS -D_GNU_SOURCE -mllvm -wasm-enable-sjlj -Wno-error=implicit-function-declaration -Wno-error=int-conversion -Wno-int-conversion -I/home/nathan/secure-exec/experiments/wasm-gui/toolchain/compat-include -include /home/nathan/secure-exec/experiments/wasm-gui/toolchain/wasi-compat.h --target=wasm32-wasip1 --sysroot=/home/nathan/secure-exec/registry/native/c/sysroot -I/home/nathan/secure-exec/experiments/wasm-gui/third_party/wasm-prefix/include -I/home/nathan/secure-exec/experiments/wasm-gui/toolchain/compat-include -include /home/nathan/secure-exec/experiments/wasm-gui/toolchain/wasi-compat.h conftest.c >&5
conftest.c:25:14: warning: a function definition without a prototype is deprecated in all versions of C and is not supported in C23 [-Wdeprecated-non-prototype]
   25 | static char *e (p, i)
      |              ^
1 warning generated.
configure:4334: $? = 0
configure:4352: result: none needed
configure:4468: checking whether /home/nathan/secure-exec/registry/native/c/vendor/wasi-sdk/bin/clang understands -c and -o together
configure:4491: /home/nathan/secure-exec/registry/native/c/vendor/wasi-sdk/bin/clang -c conftest.c -o conftest2.o
configure:4494: $? = 0
configure:4491: /home/nathan/secure-exec/registry/native/c/vendor/wasi-sdk/bin/clang -c conftest.c -o conftest2.o
configure:4494: $? = 0
configure:4506: result: yes
configure:4525: checking dependency style of /home/nathan/secure-exec/registry/native/c/vendor/wasi-sdk/bin/clang
configure:4637: result: gcc3
configure:4652: checking for a sed that does not truncate output
configure:4722: result: /usr/bin/sed
configure:4740: checking for grep that handles long lines and -e
configure:4804: result: /usr/bin/grep
configure:4809: checking for egrep
configure:4877: result: /usr/bin/grep -E
configure:4882: checking for fgrep
configure:4950: result: /usr/bin/grep -F
configure:4986: checking for ld used by /home/nathan/secure-exec/registry/native/c/vendor/wasi-sdk/bin/clang
configure:5054: result: /home/linuxbrew/.linuxbrew/bin/ld
configure:5061: checking if the linker (/home/linuxbrew/.linuxbrew/bin/ld) is GNU ld
configure:5077: result: yes
configure:5089: checking for BSD- or MS-compatible name lister (nm)
configure:5144: result: no
configure:5158: checking for wasm32-wasi-dumpbin
configure:5193: result: no
configure:5158: checking for wasm32-wasi-link
configure:5193: result: no
configure:5207: checking for dumpbin
configure:5242: result: no
configure:5207: checking for link
configure:5228: found /usr/bin/link
configure:5239: result: link -dump
configure:5255: WARNING: using cross tools not prefixed with host triplet
configure:5284: checking the name lister (nm) interface
configure:5292: /home/nathan/secure-exec/registry/native/c/vendor/wasi-sdk/bin/clang -c --target=wasm32-wasip1 --sysroot=/home/nathan/secure-exec/registry/native/c/sysroot -O2 -D_WASI_EMULATED_MMAN -D_WASI_EMULATED_PROCESS_CLOCKS -D_GNU_SOURCE -mllvm -wasm-enable-sjlj -Wno-error=implicit-function-declaration -Wno-error=int-conversion -Wno-int-conversion -I/home/nathan/secure-exec/experiments/wasm-gui/toolchain/compat-include -include /home/nathan/secure-exec/experiments/wasm-gui/toolchain/wasi-compat.h --target=wasm32-wasip1 --sysroot=/home/nathan/secure-exec/registry/native/c/sysroot -I/home/nathan/secure-exec/experiments/wasm-gui/third_party/wasm-prefix/include -I/home/nathan/secure-exec/experiments/wasm-gui/toolchain/compat-include -include /home/nathan/secure-exec/experiments/wasm-gui/toolchain/wasi-compat.h conftest.c >&5
configure:5295: nm "conftest.o"
nm: conftest.o: file format not recognized
configure:5298: output
configure:5305: result: BSD nm
configure:5308: checking whether ln -s works
configure:5312: result: yes
configure:5320: checking the maximum length of command line arguments
configure:5452: result: 1572864
configure:5500: checking how to convert x86_64-pc-linux-gnux32 file names to wasm32-unknown-wasi format
configure:5541: result: func_convert_file_noop
configure:5548: checking how to convert x86_64-pc-linux-gnux32 file names to toolchain format
configure:5569: result: func_convert_file_noop
configure:5576: checking for /home/linuxbrew/.linuxbrew/bin/ld option to reload object files
configure:5584: result: -r
configure:5618: checking for wasm32-wasi-file
configure:5653: result: no
configure:5663: checking for file
configure:5684: found /usr/bin/file
configure:5695: result: file
configure:5726: checking for wasm32-wasi-objdump
configure:5761: result: no
configure:5771: checking for objdump
configure:5792: found /home/linuxbrew/.linuxbrew/bin/objdump
configure:5803: result: objdump
configure:5835: checking how to recognize dependent libraries
configure:6036: result: unknown
configure:6081: checking for wasm32-wasi-dlltool
configure:6116: result: no
configure:6126: checking for dlltool
configure:6147: found /home/linuxbrew/.linuxbrew/bin/dlltool
configure:6158: result: dlltool
configure:6191: checking how to associate runtime and link libraries
configure:6219: result: printf %s\n
configure:6236: checking for wasm32-wasi-ar
configure:6268: result: /home/nathan/secure-exec/registry/native/c/vendor/wasi-sdk/bin/llvm-ar
configure:6370: checking for archiver @FILE support
configure:6388: /home/nathan/secure-exec/registry/native/c/vendor/wasi-sdk/bin/clang -c --target=wasm32-wasip1 --sysroot=/home/nathan/secure-exec/registry/native/c/sysroot -O2 -D_WASI_EMULATED_MMAN -D_WASI_EMULATED_PROCESS_CLOCKS -D_GNU_SOURCE -mllvm -wasm-enable-sjlj -Wno-error=implicit-function-declaration -Wno-error=int-conversion -Wno-int-conversion -I/home/nathan/secure-exec/experiments/wasm-gui/toolchain/compat-include -include /home/nathan/secure-exec/experiments/wasm-gui/toolchain/wasi-compat.h --target=wasm32-wasip1 --sysroot=/home/nathan/secure-exec/registry/native/c/sysroot -I/home/nathan/secure-exec/experiments/wasm-gui/third_party/wasm-prefix/include -I/home/nathan/secure-exec/experiments/wasm-gui/toolchain/compat-include -include /home/nathan/secure-exec/experiments/wasm-gui/toolchain/wasi-compat.h conftest.c >&5
configure:6388: $? = 0
configure:6392: /home/nathan/secure-exec/registry/native/c/vendor/wasi-sdk/bin/llvm-ar cr libconftest.a @conftest.lst >&5
configure:6395: $? = 0
configure:6400: /home/nathan/secure-exec/registry/native/c/vendor/wasi-sdk/bin/llvm-ar cr libconftest.a @conftest.lst >&5
/home/nathan/secure-exec/registry/native/c/vendor/wasi-sdk/bin/llvm-ar: error: conftest.o: No such file or directory
configure:6403: $? = 1
configure:6415: result: @
configure:6433: checking for wasm32-wasi-strip
configure:6465: result: strip
configure:6542: checking for wasm32-wasi-ranlib
configure:6574: result: /home/nathan/secure-exec/registry/native/c/vendor/wasi-sdk/bin/llvm-ranlib
configure:6721: checking command to parse nm output from /home/nathan/secure-exec/registry/native/c/vendor/wasi-sdk/bin/clang object
configure:6875: /home/nathan/secure-exec/registry/native/c/vendor/wasi-sdk/bin/clang -c --target=wasm32-wasip1 --sysroot=/home/nathan/secure-exec/registry/native/c/sysroot -O2 -D_WASI_EMULATED_MMAN -D_WASI_EMULATED_PROCESS_CLOCKS -D_GNU_SOURCE -mllvm -wasm-enable-sjlj -Wno-error=implicit-function-declaration -Wno-error=int-conversion -Wno-int-conversion -I/home/nathan/secure-exec/experiments/wasm-gui/toolchain/compat-include -include /home/nathan/secure-exec/experiments/wasm-gui/toolchain/wasi-compat.h --target=wasm32-wasip1 --sysroot=/home/nathan/secure-exec/registry/native/c/sysroot -I/home/nathan/secure-exec/experiments/wasm-gui/third_party/wasm-prefix/include -I/home/nathan/secure-exec/experiments/wasm-gui/toolchain/compat-include -include /home/nathan/secure-exec/experiments/wasm-gui/toolchain/wasi-compat.h conftest.c >&5
configure:6878: $? = 0
configure:6882: nm conftest.o \| /usr/bin/sed -n -e 's/^.*[ ]\([ABCDGIRSTW][ABCDGIRSTW]*\)[ ][ ]*\([_A-Za-z][_A-Za-z0-9]*\)$/\1 \2 \2/p' | /usr/bin/sed '/ __gnu_lto/d' \> conftest.nm
nm: conftest.o: file format not recognized
configure:6885: $? = 0
cannot run /usr/bin/sed -n -e 's/^.*[	 ]\([ABCDGIRSTW][ABCDGIRSTW]*\)[	 ][	 ]*\([_A-Za-z][_A-Za-z0-9]*\)$/\1 \2 \2/p' | /usr/bin/sed '/ __gnu_lto/d'
configure:6875: /home/nathan/secure-exec/registry/native/c/vendor/wasi-sdk/bin/clang -c --target=wasm32-wasip1 --sysroot=/home/nathan/secure-exec/registry/native/c/sysroot -O2 -D_WASI_EMULATED_MMAN -D_WASI_EMULATED_PROCESS_CLOCKS -D_GNU_SOURCE -mllvm -wasm-enable-sjlj -Wno-error=implicit-function-declaration -Wno-error=int-conversion -Wno-int-conversion -I/home/nathan/secure-exec/experiments/wasm-gui/toolchain/compat-include -include /home/nathan/secure-exec/experiments/wasm-gui/toolchain/wasi-compat.h --target=wasm32-wasip1 --sysroot=/home/nathan/secure-exec/registry/native/c/sysroot -I/home/nathan/secure-exec/experiments/wasm-gui/third_party/wasm-prefix/include -I/home/nathan/secure-exec/experiments/wasm-gui/toolchain/compat-include -include /home/nathan/secure-exec/experiments/wasm-gui/toolchain/wasi-compat.h conftest.c >&5
configure:6878: $? = 0
configure:6882: nm conftest.o \| /usr/bin/sed -n -e 's/^.*[ ]\([ABCDGIRSTW][ABCDGIRSTW]*\)[ ][ ]*_\([_A-Za-z][_A-Za-z0-9]*\)$/\1 _\2 \2/p' | /usr/bin/sed '/ __gnu_lto/d' \> conftest.nm
nm: conftest.o: file format not recognized
configure:6885: $? = 0
cannot run /usr/bin/sed -n -e 's/^.*[	 ]\([ABCDGIRSTW][ABCDGIRSTW]*\)[	 ][	 ]*_\([_A-Za-z][_A-Za-z0-9]*\)$/\1 _\2 \2/p' | /usr/bin/sed '/ __gnu_lto/d'
configure:6989: result: failed
configure:7039: checking for sysroot
configure:7070: result: no
configure:7077: checking for a working dd
configure:7121: result: /usr/bin/dd
configure:7125: checking how to truncate binary pipes
configure:7141: result: /usr/bin/dd bs=4096 count=1
configure:7433: checking for wasm32-wasi-mt
configure:7468: result: no
configure:7478: checking for mt
configure:7499: found /usr/bin/mt
configure:7510: result: mt
configure:7533: checking if mt is a manifest tool
configure:7540: mt '-?'
configure:7548: result: no
configure:8273: checking for stdio.h
configure:8273: /home/nathan/secure-exec/registry/native/c/vendor/wasi-sdk/bin/clang -c --target=wasm32-wasip1 --sysroot=/home/nathan/secure-exec/registry/native/c/sysroot -O2 -D_WASI_EMULATED_MMAN -D_WASI_EMULATED_PROCESS_CLOCKS -D_GNU_SOURCE -mllvm -wasm-enable-sjlj -Wno-error=implicit-function-declaration -Wno-error=int-conversion -Wno-int-conversion -I/home/nathan/secure-exec/experiments/wasm-gui/toolchain/compat-include -include /home/nathan/secure-exec/experiments/wasm-gui/toolchain/wasi-compat.h --target=wasm32-wasip1 --sysroot=/home/nathan/secure-exec/registry/native/c/sysroot -I/home/nathan/secure-exec/experiments/wasm-gui/third_party/wasm-prefix/include -I/home/nathan/secure-exec/experiments/wasm-gui/toolchain/compat-include -include /home/nathan/secure-exec/experiments/wasm-gui/toolchain/wasi-compat.h conftest.c >&5
configure:8273: $? = 0
configure:8273: result: yes
configure:8273: checking for stdlib.h
configure:8273: /home/nathan/secure-exec/registry/native/c/vendor/wasi-sdk/bin/clang -c --target=wasm32-wasip1 --sysroot=/home/nathan/secure-exec/registry/native/c/sysroot -O2 -D_WASI_EMULATED_MMAN -D_WASI_EMULATED_PROCESS_CLOCKS -D_GNU_SOURCE -mllvm -wasm-enable-sjlj -Wno-error=implicit-function-declaration -Wno-error=int-conversion -Wno-int-conversion -I/home/nathan/secure-exec/experiments/wasm-gui/toolchain/compat-include -include /home/nathan/secure-exec/experiments/wasm-gui/toolchain/wasi-compat.h --target=wasm32-wasip1 --sysroot=/home/nathan/secure-exec/registry/native/c/sysroot -I/home/nathan/secure-exec/experiments/wasm-gui/third_party/wasm-prefix/include -I/home/nathan/secure-exec/experiments/wasm-gui/toolchain/compat-include -include /home/nathan/secure-exec/experiments/wasm-gui/toolchain/wasi-compat.h conftest.c >&5
configure:8273: $? = 0
configure:8273: result: yes
configure:8273: checking for string.h
configure:8273: /home/nathan/secure-exec/registry/native/c/vendor/wasi-sdk/bin/clang -c --target=wasm32-wasip1 --sysroot=/home/nathan/secure-exec/registry/native/c/sysroot -O2 -D_WASI_EMULATED_MMAN -D_WASI_EMULATED_PROCESS_CLOCKS -D_GNU_SOURCE -mllvm -wasm-enable-sjlj -Wno-error=implicit-function-declaration -Wno-error=int-conversion -Wno-int-conversion -I/home/nathan/secure-exec/experiments/wasm-gui/toolchain/compat-include -include /home/nathan/secure-exec/experiments/wasm-gui/toolchain/wasi-compat.h --target=wasm32-wasip1 --sysroot=/home/nathan/secure-exec/registry/native/c/sysroot -I/home/nathan/secure-exec/experiments/wasm-gui/third_party/wasm-prefix/include -I/home/nathan/secure-exec/experiments/wasm-gui/toolchain/compat-include -include /home/nathan/secure-exec/experiments/wasm-gui/toolchain/wasi-compat.h conftest.c >&5
configure:8273: $? = 0
configure:8273: result: yes
configure:8273: checking for inttypes.h
configure:8273: /home/nathan/secure-exec/registry/native/c/vendor/wasi-sdk/bin/clang -c --target=wasm32-wasip1 --sysroot=/home/nathan/secure-exec/registry/native/c/sysroot -O2 -D_WASI_EMULATED_MMAN -D_WASI_EMULATED_PROCESS_CLOCKS -D_GNU_SOURCE -mllvm -wasm-enable-sjlj -Wno-error=implicit-function-declaration -Wno-error=int-conversion -Wno-int-conversion -I/home/nathan/secure-exec/experiments/wasm-gui/toolchain/compat-include -include /home/nathan/secure-exec/experiments/wasm-gui/toolchain/wasi-compat.h --target=wasm32-wasip1 --sysroot=/home/nathan/secure-exec/registry/native/c/sysroot -I/home/nathan/secure-exec/experiments/wasm-gui/third_party/wasm-prefix/include -I/home/nathan/secure-exec/experiments/wasm-gui/toolchain/compat-include -include /home/nathan/secure-exec/experiments/wasm-gui/toolchain/wasi-compat.h conftest.c >&5
configure:8273: $? = 0
configure:8273: result: yes
configure:8273: checking for stdint.h
configure:8273: /home/nathan/secure-exec/registry/native/c/vendor/wasi-sdk/bin/clang -c --target=wasm32-wasip1 --sysroot=/home/nathan/secure-exec/registry/native/c/sysroot -O2 -D_WASI_EMULATED_MMAN -D_WASI_EMULATED_PROCESS_CLOCKS -D_GNU_SOURCE -mllvm -wasm-enable-sjlj -Wno-error=implicit-function-declaration -Wno-error=int-conversion -Wno-int-conversion -I/home/nathan/secure-exec/experiments/wasm-gui/toolchain/compat-include -include /home/nathan/secure-exec/experiments/wasm-gui/toolchain/wasi-compat.h --target=wasm32-wasip1 --sysroot=/home/nathan/secure-exec/registry/native/c/sysroot -I/home/nathan/secure-exec/experiments/wasm-gui/third_party/wasm-prefix/include -I/home/nathan/secure-exec/experiments/wasm-gui/toolchain/compat-include -include /home/nathan/secure-exec/experiments/wasm-gui/toolchain/wasi-compat.h conftest.c >&5
configure:8273: $? = 0
configure:8273: result: yes
configure:8273: checking for strings.h
configure:8273: /home/nathan/secure-exec/registry/native/c/vendor/wasi-sdk/bin/clang -c --target=wasm32-wasip1 --sysroot=/home/nathan/secure-exec/registry/native/c/sysroot -O2 -D_WASI_EMULATED_MMAN -D_WASI_EMULATED_PROCESS_CLOCKS -D_GNU_SOURCE -mllvm -wasm-enable-sjlj -Wno-error=implicit-function-declaration -Wno-error=int-conversion -Wno-int-conversion -I/home/nathan/secure-exec/experiments/wasm-gui/toolchain/compat-include -include /home/nathan/secure-exec/experiments/wasm-gui/toolchain/wasi-compat.h --target=wasm32-wasip1 --sysroot=/home/nathan/secure-exec/registry/native/c/sysroot -I/home/nathan/secure-exec/experiments/wasm-gui/third_party/wasm-prefix/include -I/home/nathan/secure-exec/experiments/wasm-gui/toolchain/compat-include -include /home/nathan/secure-exec/experiments/wasm-gui/toolchain/wasi-compat.h conftest.c >&5
configure:8273: $? = 0
configure:8273: result: yes
configure:8273: checking for sys/stat.h
configure:8273: /home/nathan/secure-exec/registry/native/c/vendor/wasi-sdk/bin/clang -c --target=wasm32-wasip1 --sysroot=/home/nathan/secure-exec/registry/native/c/sysroot -O2 -D_WASI_EMULATED_MMAN -D_WASI_EMULATED_PROCESS_CLOCKS -D_GNU_SOURCE -mllvm -wasm-enable-sjlj -Wno-error=implicit-function-declaration -Wno-error=int-conversion -Wno-int-conversion -I/home/nathan/secure-exec/experiments/wasm-gui/toolchain/compat-include -include /home/nathan/secure-exec/experiments/wasm-gui/toolchain/wasi-compat.h --target=wasm32-wasip1 --sysroot=/home/nathan/secure-exec/registry/native/c/sysroot -I/home/nathan/secure-exec/experiments/wasm-gui/third_party/wasm-prefix/include -I/home/nathan/secure-exec/experiments/wasm-gui/toolchain/compat-include -include /home/nathan/secure-exec/experiments/wasm-gui/toolchain/wasi-compat.h conftest.c >&5
configure:8273: $? = 0
configure:8273: result: yes
configure:8273: checking for sys/types.h
configure:8273: /home/nathan/secure-exec/registry/native/c/vendor/wasi-sdk/bin/clang -c --target=wasm32-wasip1 --sysroot=/home/nathan/secure-exec/registry/native/c/sysroot -O2 -D_WASI_EMULATED_MMAN -D_WASI_EMULATED_PROCESS_CLOCKS -D_GNU_SOURCE -mllvm -wasm-enable-sjlj -Wno-error=implicit-function-declaration -Wno-error=int-conversion -Wno-int-conversion -I/home/nathan/secure-exec/experiments/wasm-gui/toolchain/compat-include -include /home/nathan/secure-exec/experiments/wasm-gui/toolchain/wasi-compat.h --target=wasm32-wasip1 --sysroot=/home/nathan/secure-exec/registry/native/c/sysroot -I/home/nathan/secure-exec/experiments/wasm-gui/third_party/wasm-prefix/include -I/home/nathan/secure-exec/experiments/wasm-gui/toolchain/compat-include -include /home/nathan/secure-exec/experiments/wasm-gui/toolchain/wasi-compat.h conftest.c >&5
configure:8273: $? = 0
configure:8273: result: yes
configure:8273: checking for unistd.h
configure:8273: /home/nathan/secure-exec/registry/native/c/vendor/wasi-sdk/bin/clang -c --target=wasm32-wasip1 --sysroot=/home/nathan/secure-exec/registry/native/c/sysroot -O2 -D_WASI_EMULATED_MMAN -D_WASI_EMULATED_PROCESS_CLOCKS -D_GNU_SOURCE -mllvm -wasm-enable-sjlj -Wno-error=implicit-function-declaration -Wno-error=int-conversion -Wno-int-conversion -I/home/nathan/secure-exec/experiments/wasm-gui/toolchain/compat-include -include /home/nathan/secure-exec/experiments/wasm-gui/toolchain/wasi-compat.h --target=wasm32-wasip1 --sysroot=/home/nathan/secure-exec/registry/native/c/sysroot -I/home/nathan/secure-exec/experiments/wasm-gui/third_party/wasm-prefix/include -I/home/nathan/secure-exec/experiments/wasm-gui/toolchain/compat-include -include /home/nathan/secure-exec/experiments/wasm-gui/toolchain/wasi-compat.h conftest.c >&5
configure:8273: $? = 0
configure:8273: result: yes
configure:8298: checking for dlfcn.h
configure:8298: /home/nathan/secure-exec/registry/native/c/vendor/wasi-sdk/bin/clang -c --target=wasm32-wasip1 --sysroot=/home/nathan/secure-exec/registry/native/c/sysroot -O2 -D_WASI_EMULATED_MMAN -D_WASI_EMULATED_PROCESS_CLOCKS -D_GNU_SOURCE -mllvm -wasm-enable-sjlj -Wno-error=implicit-function-declaration -Wno-error=int-conversion -Wno-int-conversion -I/home/nathan/secure-exec/experiments/wasm-gui/toolchain/compat-include -include /home/nathan/secure-exec/experiments/wasm-gui/toolchain/wasi-compat.h --target=wasm32-wasip1 --sysroot=/home/nathan/secure-exec/registry/native/c/sysroot -I/home/nathan/secure-exec/experiments/wasm-gui/third_party/wasm-prefix/include -I/home/nathan/secure-exec/experiments/wasm-gui/toolchain/compat-include -include /home/nathan/secure-exec/experiments/wasm-gui/toolchain/wasi-compat.h conftest.c >&5
configure:8298: $? = 0
configure:8298: result: yes
configure:8557: checking for objdir
configure:8573: result: .libs
configure:8837: checking if /home/nathan/secure-exec/registry/native/c/vendor/wasi-sdk/bin/clang supports -fno-rtti -fno-exceptions
configure:8856: /home/nathan/secure-exec/registry/native/c/vendor/wasi-sdk/bin/clang -c --target=wasm32-wasip1 --sysroot=/home/nathan/secure-exec/registry/native/c/sysroot -O2 -D_WASI_EMULATED_MMAN -D_WASI_EMULATED_PROCESS_CLOCKS -D_GNU_SOURCE -mllvm -wasm-enable-sjlj -Wno-error=implicit-function-declaration -Wno-error=int-conversion -Wno-int-conversion -I/home/nathan/secure-exec/experiments/wasm-gui/toolchain/compat-include -include /home/nathan/secure-exec/experiments/wasm-gui/toolchain/wasi-compat.h --target=wasm32-wasip1 --sysroot=/home/nathan/secure-exec/registry/native/c/sysroot -I/home/nathan/secure-exec/experiments/wasm-gui/third_party/wasm-prefix/include -I/home/nathan/secure-exec/experiments/wasm-gui/toolchain/compat-include -include /home/nathan/secure-exec/experiments/wasm-gui/toolchain/wasi-compat.h -fno-rtti -fno-exceptions conftest.c >&5
configure:8860: $? = 0
configure:8873: result: yes
configure:9231: checking for /home/nathan/secure-exec/registry/native/c/vendor/wasi-sdk/bin/clang option to produce PIC
configure:9239: result: -fPIC -DPIC
configure:9247: checking if /home/nathan/secure-exec/registry/native/c/vendor/wasi-sdk/bin/clang PIC flag -fPIC -DPIC works
configure:9266: /home/nathan/secure-exec/registry/native/c/vendor/wasi-sdk/bin/clang -c --target=wasm32-wasip1 --sysroot=/home/nathan/secure-exec/registry/native/c/sysroot -O2 -D_WASI_EMULATED_MMAN -D_WASI_EMULATED_PROCESS_CLOCKS -D_GNU_SOURCE -mllvm -wasm-enable-sjlj -Wno-error=implicit-function-declaration -Wno-error=int-conversion -Wno-int-conversion -I/home/nathan/secure-exec/experiments/wasm-gui/toolchain/compat-include -include /home/nathan/secure-exec/experiments/wasm-gui/toolchain/wasi-compat.h --target=wasm32-wasip1 --sysroot=/home/nathan/secure-exec/registry/native/c/sysroot -I/home/nathan/secure-exec/experiments/wasm-gui/third_party/wasm-prefix/include -I/home/nathan/secure-exec/experiments/wasm-gui/toolchain/compat-include -include /home/nathan/secure-exec/experiments/wasm-gui/toolchain/wasi-compat.h -fPIC -DPIC -DPIC conftest.c >&5
configure:9270: $? = 0
configure:9283: result: yes
configure:9312: checking if /home/nathan/secure-exec/registry/native/c/vendor/wasi-sdk/bin/clang static flag -static works
configure:9341: result: yes
configure:9356: checking if /home/nathan/secure-exec/registry/native/c/vendor/wasi-sdk/bin/clang supports -c -o file.o
configure:9378: /home/nathan/secure-exec/registry/native/c/vendor/wasi-sdk/bin/clang -c --target=wasm32-wasip1 --sysroot=/home/nathan/secure-exec/registry/native/c/sysroot -O2 -D_WASI_EMULATED_MMAN -D_WASI_EMULATED_PROCESS_CLOCKS -D_GNU_SOURCE -mllvm -wasm-enable-sjlj -Wno-error=implicit-function-declaration -Wno-error=int-conversion -Wno-int-conversion -I/home/nathan/secure-exec/experiments/wasm-gui/toolchain/compat-include -include /home/nathan/secure-exec/experiments/wasm-gui/toolchain/wasi-compat.h --target=wasm32-wasip1 --sysroot=/home/nathan/secure-exec/registry/native/c/sysroot -I/home/nathan/secure-exec/experiments/wasm-gui/third_party/wasm-prefix/include -I/home/nathan/secure-exec/experiments/wasm-gui/toolchain/compat-include -include /home/nathan/secure-exec/experiments/wasm-gui/toolchain/wasi-compat.h -o out/conftest2.o conftest.c >&5
configure:9382: $? = 0
configure:9404: result: yes
configure:9412: checking if /home/nathan/secure-exec/registry/native/c/vendor/wasi-sdk/bin/clang supports -c -o file.o
configure:9460: result: yes
configure:9493: checking whether the /home/nathan/secure-exec/registry/native/c/vendor/wasi-sdk/bin/clang linker (/home/linuxbrew/.linuxbrew/bin/ld) supports shared libraries
configure:10761: result: yes
configure:11002: checking dynamic linker characteristics
configure:11823: result: no
configure:11945: checking how to hardcode library paths into programs
configure:11970: result: immediate
configure:12522: checking whether stripping libraries is possible
configure:12531: result: yes
configure:12573: checking if libtool supports shared libraries
configure:12575: result: no
configure:12578: checking whether to build shared libraries
configure:12603: result: no
configure:12606: checking whether to build static libraries
configure:12610: result: yes
configure:12660: checking for /home/nathan/secure-exec/registry/native/c/vendor/wasi-sdk/bin/clang options needed to detect all undeclared functions
configure:12682: /home/nathan/secure-exec/registry/native/c/vendor/wasi-sdk/bin/clang -c --target=wasm32-wasip1 --sysroot=/home/nathan/secure-exec/registry/native/c/sysroot -O2 -D_WASI_EMULATED_MMAN -D_WASI_EMULATED_PROCESS_CLOCKS -D_GNU_SOURCE -mllvm -wasm-enable-sjlj -Wno-error=implicit-function-declaration -Wno-error=int-conversion -Wno-int-conversion -I/home/nathan/secure-exec/experiments/wasm-gui/toolchain/compat-include -include /home/nathan/secure-exec/experiments/wasm-gui/toolchain/wasi-compat.h  --target=wasm32-wasip1 --sysroot=/home/nathan/secure-exec/registry/native/c/sysroot -I/home/nathan/secure-exec/experiments/wasm-gui/third_party/wasm-prefix/include -I/home/nathan/secure-exec/experiments/wasm-gui/toolchain/compat-include -include /home/nathan/secure-exec/experiments/wasm-gui/toolchain/wasi-compat.h conftest.c >&5
conftest.c:27:8: warning: call to undeclared library function 'strchr' with type 'char *(const char *, int)'; ISO C99 and later do not support implicit function declarations [-Wimplicit-function-declaration]
   27 | (void) strchr;
      |        ^
conftest.c:27:8: note: include the header <string.h> or explicitly provide a declaration for 'strchr'
1 warning generated.
configure:12682: $? = 0
configure:12682: /home/nathan/secure-exec/registry/native/c/vendor/wasi-sdk/bin/clang -c --target=wasm32-wasip1 --sysroot=/home/nathan/secure-exec/registry/native/c/sysroot -O2 -D_WASI_EMULATED_MMAN -D_WASI_EMULATED_PROCESS_CLOCKS -D_GNU_SOURCE -mllvm -wasm-enable-sjlj -Wno-error=implicit-function-declaration -Wno-error=int-conversion -Wno-int-conversion -I/home/nathan/secure-exec/experiments/wasm-gui/toolchain/compat-include -include /home/nathan/secure-exec/experiments/wasm-gui/toolchain/wasi-compat.h -fno-builtin --target=wasm32-wasip1 --sysroot=/home/nathan/secure-exec/registry/native/c/sysroot -I/home/nathan/secure-exec/experiments/wasm-gui/third_party/wasm-prefix/include -I/home/nathan/secure-exec/experiments/wasm-gui/toolchain/compat-include -include /home/nathan/secure-exec/experiments/wasm-gui/toolchain/wasi-compat.h conftest.c >&5
conftest.c:27:8: error: use of undeclared identifier 'strchr'
   27 | (void) strchr;
      |        ^
1 error generated.
configure:12682: $? = 1
configure: failed program was:
| /* confdefs.h */
| #define PACKAGE_NAME "libXfixes"
| #define PACKAGE_TARNAME "libXfixes"
| #define PACKAGE_VERSION "6.0.1"
| #define PACKAGE_STRING "libXfixes 6.0.1"
| #define PACKAGE_BUGREPORT "https://gitlab.freedesktop.org/xorg/lib/libxfixes/-/issues"
| #define PACKAGE_URL ""
| #define PACKAGE "libXfixes"
| #define VERSION "6.0.1"
| #define HAVE_STDIO_H 1
| #define HAVE_STDLIB_H 1
| #define HAVE_STRING_H 1
| #define HAVE_INTTYPES_H 1
| #define HAVE_STDINT_H 1
| #define HAVE_STRINGS_H 1
| #define HAVE_SYS_STAT_H 1
| #define HAVE_SYS_TYPES_H 1
| #define HAVE_UNISTD_H 1
| #define STDC_HEADERS 1
| #define HAVE_DLFCN_H 1
| #define LT_OBJDIR ".libs/"
| /* end confdefs.h.  */
| 
| int
| main (void)
| {
| (void) strchr;
|   ;
|   return 0;
| }
configure:12709: /home/nathan/secure-exec/registry/native/c/vendor/wasi-sdk/bin/clang -c --target=wasm32-wasip1 --sysroot=/home/nathan/secure-exec/registry/native/c/sysroot -O2 -D_WASI_EMULATED_MMAN -D_WASI_EMULATED_PROCESS_CLOCKS -D_GNU_SOURCE -mllvm -wasm-enable-sjlj -Wno-error=implicit-function-declaration -Wno-error=int-conversion -Wno-int-conversion -I/home/nathan/secure-exec/experiments/wasm-gui/toolchain/compat-include -include /home/nathan/secure-exec/experiments/wasm-gui/toolchain/wasi-compat.h -fno-builtin --target=wasm32-wasip1 --sysroot=/home/nathan/secure-exec/registry/native/c/sysroot -I/home/nathan/secure-exec/experiments/wasm-gui/third_party/wasm-prefix/include -I/home/nathan/secure-exec/experiments/wasm-gui/toolchain/compat-include -include /home/nathan/secure-exec/experiments/wasm-gui/toolchain/wasi-compat.h conftest.c >&5
configure:12709: $? = 0
configure:12726: result: -fno-builtin
configure:12744: checking whether __clang__ is declared
configure:12744: /home/nathan/secure-exec/registry/native/c/vendor/wasi-sdk/bin/clang -c --target=wasm32-wasip1 --sysroot=/home/nathan/secure-exec/registry/native/c/sysroot -O2 -D_WASI_EMULATED_MMAN -D_WASI_EMULATED_PROCESS_CLOCKS -D_GNU_SOURCE -mllvm -wasm-enable-sjlj -Wno-error=implicit-function-declaration -Wno-error=int-conversion -Wno-int-conversion -I/home/nathan/secure-exec/experiments/wasm-gui/toolchain/compat-include -include /home/nathan/secure-exec/experiments/wasm-gui/toolchain/wasi-compat.h -fno-builtin --target=wasm32-wasip1 --sysroot=/home/nathan/secure-exec/registry/native/c/sysroot -I/home/nathan/secure-exec/experiments/wasm-gui/third_party/wasm-prefix/include -I/home/nathan/secure-exec/experiments/wasm-gui/toolchain/compat-include -include /home/nathan/secure-exec/experiments/wasm-gui/toolchain/wasi-compat.h conftest.c >&5
configure:12744: $? = 0
configure:12744: result: yes
configure:12751: checking whether __INTEL_COMPILER is declared
configure:12751: /home/nathan/secure-exec/registry/native/c/vendor/wasi-sdk/bin/clang -c --target=wasm32-wasip1 --sysroot=/home/nathan/secure-exec/registry/native/c/sysroot -O2 -D_WASI_EMULATED_MMAN -D_WASI_EMULATED_PROCESS_CLOCKS -D_GNU_SOURCE -mllvm -wasm-enable-sjlj -Wno-error=implicit-function-declaration -Wno-error=int-conversion -Wno-int-conversion -I/home/nathan/secure-exec/experiments/wasm-gui/toolchain/compat-include -include /home/nathan/secure-exec/experiments/wasm-gui/toolchain/wasi-compat.h -fno-builtin --target=wasm32-wasip1 --sysroot=/home/nathan/secure-exec/registry/native/c/sysroot -I/home/nathan/secure-exec/experiments/wasm-gui/third_party/wasm-prefix/include -I/home/nathan/secure-exec/experiments/wasm-gui/toolchain/compat-include -include /home/nathan/secure-exec/experiments/wasm-gui/toolchain/wasi-compat.h conftest.c >&5
conftest.c:58:10: error: use of undeclared identifier '__INTEL_COMPILER'
   58 |   (void) __INTEL_COMPILER;
      |          ^
1 error generated.
configure:12751: $? = 1
configure: failed program was:
| /* confdefs.h */
| #define PACKAGE_NAME "libXfixes"
| #define PACKAGE_TARNAME "libXfixes"
| #define PACKAGE_VERSION "6.0.1"
| #define PACKAGE_STRING "libXfixes 6.0.1"
| #define PACKAGE_BUGREPORT "https://gitlab.freedesktop.org/xorg/lib/libxfixes/-/issues"
| #define PACKAGE_URL ""
| #define PACKAGE "libXfixes"
| #define VERSION "6.0.1"
| #define HAVE_STDIO_H 1
| #define HAVE_STDLIB_H 1
| #define HAVE_STRING_H 1
| #define HAVE_INTTYPES_H 1
| #define HAVE_STDINT_H 1
| #define HAVE_STRINGS_H 1
| #define HAVE_SYS_STAT_H 1
| #define HAVE_SYS_TYPES_H 1
| #define HAVE_UNISTD_H 1
| #define STDC_HEADERS 1
| #define HAVE_DLFCN_H 1
| #define LT_OBJDIR ".libs/"
| /* end confdefs.h.  */
| #include <stddef.h>
| #ifdef HAVE_STDIO_H
| # include <stdio.h>
| #endif
| #ifdef HAVE_STDLIB_H
| # include <stdlib.h>
| #endif
| #ifdef HAVE_STRING_H
| # include <string.h>
| #endif
| #ifdef HAVE_INTTYPES_H
| # include <inttypes.h>
| #endif
| #ifdef HAVE_STDINT_H
| # include <stdint.h>
| #endif
| #ifdef HAVE_STRINGS_H
| # include <strings.h>
| #endif
| #ifdef HAVE_SYS_TYPES_H
| # include <sys/types.h>
| #endif
| #ifdef HAVE_SYS_STAT_H
| # include <sys/stat.h>
| #endif
| #ifdef HAVE_UNISTD_H
| # include <unistd.h>
| #endif
| int
| main (void)
| {
| #ifndef __INTEL_COMPILER
| #ifdef __cplusplus
|   (void) __INTEL_COMPILER;
| #else
|   (void) __INTEL_COMPILER;
| #endif
| #endif
| 
|   ;
|   return 0;
| }
configure:12751: result: no
configure:12758: checking whether __SUNPRO_C is declared
configure:12758: /home/nathan/secure-exec/registry/native/c/vendor/wasi-sdk/bin/clang -c --target=wasm32-wasip1 --sysroot=/home/nathan/secure-exec/registry/native/c/sysroot -O2 -D_WASI_EMULATED_MMAN -D_WASI_EMULATED_PROCESS_CLOCKS -D_GNU_SOURCE -mllvm -wasm-enable-sjlj -Wno-error=implicit-function-declaration -Wno-error=int-conversion -Wno-int-conversion -I/home/nathan/secure-exec/experiments/wasm-gui/toolchain/compat-include -include /home/nathan/secure-exec/experiments/wasm-gui/toolchain/wasi-compat.h -fno-builtin --target=wasm32-wasip1 --sysroot=/home/nathan/secure-exec/registry/native/c/sysroot -I/home/nathan/secure-exec/experiments/wasm-gui/third_party/wasm-prefix/include -I/home/nathan/secure-exec/experiments/wasm-gui/toolchain/compat-include -include /home/nathan/secure-exec/experiments/wasm-gui/toolchain/wasi-compat.h conftest.c >&5
conftest.c:58:10: error: use of undeclared identifier '__SUNPRO_C'
   58 |   (void) __SUNPRO_C;
      |          ^
1 error generated.
configure:12758: $? = 1
configure: failed program was:
| /* confdefs.h */
| #define PACKAGE_NAME "libXfixes"
| #define PACKAGE_TARNAME "libXfixes"
| #define PACKAGE_VERSION "6.0.1"
| #define PACKAGE_STRING "libXfixes 6.0.1"
| #define PACKAGE_BUGREPORT "https://gitlab.freedesktop.org/xorg/lib/libxfixes/-/issues"
| #define PACKAGE_URL ""
| #define PACKAGE "libXfixes"
| #define VERSION "6.0.1"
| #define HAVE_STDIO_H 1
| #define HAVE_STDLIB_H 1
| #define HAVE_STRING_H 1
| #define HAVE_INTTYPES_H 1
| #define HAVE_STDINT_H 1
| #define HAVE_STRINGS_H 1
| #define HAVE_SYS_STAT_H 1
| #define HAVE_SYS_TYPES_H 1
| #define HAVE_UNISTD_H 1
| #define STDC_HEADERS 1
| #define HAVE_DLFCN_H 1
| #define LT_OBJDIR ".libs/"
| /* end confdefs.h.  */
| #include <stddef.h>
| #ifdef HAVE_STDIO_H
| # include <stdio.h>
| #endif
| #ifdef HAVE_STDLIB_H
| # include <stdlib.h>
| #endif
| #ifdef HAVE_STRING_H
| # include <string.h>
| #endif
| #ifdef HAVE_INTTYPES_H
| # include <inttypes.h>
| #endif
| #ifdef HAVE_STDINT_H
| # include <stdint.h>
| #endif
| #ifdef HAVE_STRINGS_H
| # include <strings.h>
| #endif
| #ifdef HAVE_SYS_TYPES_H
| # include <sys/types.h>
| #endif
| #ifdef HAVE_SYS_STAT_H
| # include <sys/stat.h>
| #endif
| #ifdef HAVE_UNISTD_H
| # include <unistd.h>
| #endif
| int
| main (void)
| {
| #ifndef __SUNPRO_C
| #ifdef __cplusplus
|   (void) __SUNPRO_C;
| #else
|   (void) __SUNPRO_C;
| #endif
| #endif
| 
|   ;
|   return 0;
| }
configure:12758: result: no
configure:12777: checking for wasm32-wasi-pkg-config
configure:12815: result: no
configure:12825: checking for pkg-config
configure:12848: found /usr/bin/pkg-config
configure:12860: result: /usr/bin/pkg-config
configure:12885: checking pkg-config is at least version 0.9.0
configure:12888: result: yes
configure:12938: checking if /home/nathan/secure-exec/registry/native/c/vendor/wasi-sdk/bin/clang supports -Werror=unknown-warning-option
configure:12948: /home/nathan/secure-exec/registry/native/c/vendor/wasi-sdk/bin/clang -c --target=wasm32-wasip1 --sysroot=/home/nathan/secure-exec/registry/native/c/sysroot -O2 -D_WASI_EMULATED_MMAN -D_WASI_EMULATED_PROCESS_CLOCKS -D_GNU_SOURCE -mllvm -wasm-enable-sjlj -Wno-error=implicit-function-declaration -Wno-error=int-conversion -Wno-int-conversion -I/home/nathan/secure-exec/experiments/wasm-gui/toolchain/compat-include -include /home/nathan/secure-exec/experiments/wasm-gui/toolchain/wasi-compat.h -Werror=unknown-warning-option --target=wasm32-wasip1 --sysroot=/home/nathan/secure-exec/registry/native/c/sysroot -I/home/nathan/secure-exec/experiments/wasm-gui/third_party/wasm-prefix/include -I/home/nathan/secure-exec/experiments/wasm-gui/toolchain/compat-include -include /home/nathan/secure-exec/experiments/wasm-gui/toolchain/wasi-compat.h conftest.c >&5
configure:12948: $? = 0
configure:12956: result: yes
configure:12967: checking if /home/nathan/secure-exec/registry/native/c/vendor/wasi-sdk/bin/clang supports -Werror=unused-command-line-argument
configure:12977: /home/nathan/secure-exec/registry/native/c/vendor/wasi-sdk/bin/clang -c --target=wasm32-wasip1 --sysroot=/home/nathan/secure-exec/registry/native/c/sysroot -O2 -D_WASI_EMULATED_MMAN -D_WASI_EMULATED_PROCESS_CLOCKS -D_GNU_SOURCE -mllvm -wasm-enable-sjlj -Wno-error=implicit-function-declaration -Wno-error=int-conversion -Wno-int-conversion -I/home/nathan/secure-exec/experiments/wasm-gui/toolchain/compat-include -include /home/nathan/secure-exec/experiments/wasm-gui/toolchain/wasi-compat.h -Werror=unknown-warning-option -Werror=unused-command-line-argument --target=wasm32-wasip1 --sysroot=/home/nathan/secure-exec/registry/native/c/sysroot -I/home/nathan/secure-exec/experiments/wasm-gui/third_party/wasm-prefix/include -I/home/nathan/secure-exec/experiments/wasm-gui/toolchain/compat-include -include /home/nathan/secure-exec/experiments/wasm-gui/toolchain/wasi-compat.h conftest.c >&5
configure:12977: $? = 0
configure:12985: result: yes
configure:13004: checking if /home/nathan/secure-exec/registry/native/c/vendor/wasi-sdk/bin/clang supports -Wall
configure:13022: /home/nathan/secure-exec/registry/native/c/vendor/wasi-sdk/bin/clang -o conftest --target=wasm32-wasip1 --sysroot=/home/nathan/secure-exec/registry/native/c/sysroot -O2 -D_WASI_EMULATED_MMAN -D_WASI_EMULATED_PROCESS_CLOCKS -D_GNU_SOURCE -mllvm -wasm-enable-sjlj -Wno-error=implicit-function-declaration -Wno-error=int-conversion -Wno-int-conversion -I/home/nathan/secure-exec/experiments/wasm-gui/toolchain/compat-include -include /home/nathan/secure-exec/experiments/wasm-gui/toolchain/wasi-compat.h -Werror=unknown-warning-option -Werror=unused-command-line-argument -Wall --target=wasm32-wasip1 --sysroot=/home/nathan/secure-exec/registry/native/c/sysroot -I/home/nathan/secure-exec/experiments/wasm-gui/third_party/wasm-prefix/include -I/home/nathan/secure-exec/experiments/wasm-gui/toolchain/compat-include -include /home/nathan/secure-exec/experiments/wasm-gui/toolchain/wasi-compat.h --target=wasm32-wasip1 --sysroot=/home/nathan/secure-exec/registry/native/c/sysroot -L/home/nathan/secure-exec/experiments/wasm-gui/third_party/wasm-prefix/lib -L/home/nathan/secure-exec/registry/native/c/vendor/wasi-sdk/share/wasi-sysroot/lib/wasm32-wasip1 -lwasi-emulated-mman -lwasi-emulated-process-clocks conftest.c  >&5
configure:13022: $? = 0
configure:13036: result: yes
configure:13128: checking if /home/nathan/secure-exec/registry/native/c/vendor/wasi-sdk/bin/clang supports -Wpointer-arith
configure:13146: /home/nathan/secure-exec/registry/native/c/vendor/wasi-sdk/bin/clang -o conftest --target=wasm32-wasip1 --sysroot=/home/nathan/secure-exec/registry/native/c/sysroot -O2 -D_WASI_EMULATED_MMAN -D_WASI_EMULATED_PROCESS_CLOCKS -D_GNU_SOURCE -mllvm -wasm-enable-sjlj -Wno-error=implicit-function-declaration -Wno-error=int-conversion -Wno-int-conversion -I/home/nathan/secure-exec/experiments/wasm-gui/toolchain/compat-include -include /home/nathan/secure-exec/experiments/wasm-gui/toolchain/wasi-compat.h -Werror=unknown-warning-option -Werror=unused-command-line-argument -Wpointer-arith --target=wasm32-wasip1 --sysroot=/home/nathan/secure-exec/registry/native/c/sysroot -I/home/nathan/secure-exec/experiments/wasm-gui/third_party/wasm-prefix/include -I/home/nathan/secure-exec/experiments/wasm-gui/toolchain/compat-include -include /home/nathan/secure-exec/experiments/wasm-gui/toolchain/wasi-compat.h --target=wasm32-wasip1 --sysroot=/home/nathan/secure-exec/registry/native/c/sysroot -L/home/nathan/secure-exec/experiments/wasm-gui/third_party/wasm-prefix/lib -L/home/nathan/secure-exec/registry/native/c/vendor/wasi-sdk/share/wasi-sysroot/lib/wasm32-wasip1 -lwasi-emulated-mman -lwasi-emulated-process-clocks conftest.c  >&5
configure:13146: $? = 0
configure:13160: result: yes
configure:13252: checking if /home/nathan/secure-exec/registry/native/c/vendor/wasi-sdk/bin/clang supports -Wmissing-declarations
configure:13270: /home/nathan/secure-exec/registry/native/c/vendor/wasi-sdk/bin/clang -o conftest --target=wasm32-wasip1 --sysroot=/home/nathan/secure-exec/registry/native/c/sysroot -O2 -D_WASI_EMULATED_MMAN -D_WASI_EMULATED_PROCESS_CLOCKS -D_GNU_SOURCE -mllvm -wasm-enable-sjlj -Wno-error=implicit-function-declaration -Wno-error=int-conversion -Wno-int-conversion -I/home/nathan/secure-exec/experiments/wasm-gui/toolchain/compat-include -include /home/nathan/secure-exec/experiments/wasm-gui/toolchain/wasi-compat.h -Werror=unknown-warning-option -Werror=unused-command-line-argument -Wmissing-declarations --target=wasm32-wasip1 --sysroot=/home/nathan/secure-exec/registry/native/c/sysroot -I/home/nathan/secure-exec/experiments/wasm-gui/third_party/wasm-prefix/include -I/home/nathan/secure-exec/experiments/wasm-gui/toolchain/compat-include -include /home/nathan/secure-exec/experiments/wasm-gui/toolchain/wasi-compat.h --target=wasm32-wasip1 --sysroot=/home/nathan/secure-exec/registry/native/c/sysroot -L/home/nathan/secure-exec/experiments/wasm-gui/third_party/wasm-prefix/lib -L/home/nathan/secure-exec/registry/native/c/vendor/wasi-sdk/share/wasi-sysroot/lib/wasm32-wasip1 -lwasi-emulated-mman -lwasi-emulated-process-clocks conftest.c  >&5
configure:13270: $? = 0
configure:13284: result: yes
configure:13376: checking if /home/nathan/secure-exec/registry/native/c/vendor/wasi-sdk/bin/clang supports -Wformat=2
configure:13394: /home/nathan/secure-exec/registry/native/c/vendor/wasi-sdk/bin/clang -o conftest --target=wasm32-wasip1 --sysroot=/home/nathan/secure-exec/registry/native/c/sysroot -O2 -D_WASI_EMULATED_MMAN -D_WASI_EMULATED_PROCESS_CLOCKS -D_GNU_SOURCE -mllvm -wasm-enable-sjlj -Wno-error=implicit-function-declaration -Wno-error=int-conversion -Wno-int-conversion -I/home/nathan/secure-exec/experiments/wasm-gui/toolchain/compat-include -include /home/nathan/secure-exec/experiments/wasm-gui/toolchain/wasi-compat.h -Werror=unknown-warning-option -Werror=unused-command-line-argument -Wformat=2 --target=wasm32-wasip1 --sysroot=/home/nathan/secure-exec/registry/native/c/sysroot -I/home/nathan/secure-exec/experiments/wasm-gui/third_party/wasm-prefix/include -I/home/nathan/secure-exec/experiments/wasm-gui/toolchain/compat-include -include /home/nathan/secure-exec/experiments/wasm-gui/toolchain/wasi-compat.h --target=wasm32-wasip1 --sysroot=/home/nathan/secure-exec/registry/native/c/sysroot -L/home/nathan/secure-exec/experiments/wasm-gui/third_party/wasm-prefix/lib -L/home/nathan/secure-exec/registry/native/c/vendor/wasi-sdk/share/wasi-sysroot/lib/wasm32-wasip1 -lwasi-emulated-mman -lwasi-emulated-process-clocks conftest.c  >&5
configure:13394: $? = 0
configure:13408: result: yes
configure:13553: checking if /home/nathan/secure-exec/registry/native/c/vendor/wasi-sdk/bin/clang supports -Wstrict-prototypes
configure:13571: /home/nathan/secure-exec/registry/native/c/vendor/wasi-sdk/bin/clang -o conftest --target=wasm32-wasip1 --sysroot=/home/nathan/secure-exec/registry/native/c/sysroot -O2 -D_WASI_EMULATED_MMAN -D_WASI_EMULATED_PROCESS_CLOCKS -D_GNU_SOURCE -mllvm -wasm-enable-sjlj -Wno-error=implicit-function-declaration -Wno-error=int-conversion -Wno-int-conversion -I/home/nathan/secure-exec/experiments/wasm-gui/toolchain/compat-include -include /home/nathan/secure-exec/experiments/wasm-gui/toolchain/wasi-compat.h -Werror=unknown-warning-option -Werror=unused-command-line-argument -Wstrict-prototypes --target=wasm32-wasip1 --sysroot=/home/nathan/secure-exec/registry/native/c/sysroot -I/home/nathan/secure-exec/experiments/wasm-gui/third_party/wasm-prefix/include -I/home/nathan/secure-exec/experiments/wasm-gui/toolchain/compat-include -include /home/nathan/secure-exec/experiments/wasm-gui/toolchain/wasi-compat.h --target=wasm32-wasip1 --sysroot=/home/nathan/secure-exec/registry/native/c/sysroot -L/home/nathan/secure-exec/experiments/wasm-gui/third_party/wasm-prefix/lib -L/home/nathan/secure-exec/registry/native/c/vendor/wasi-sdk/share/wasi-sysroot/lib/wasm32-wasip1 -lwasi-emulated-mman -lwasi-emulated-process-clocks conftest.c  >&5
configure:13571: $? = 0
configure:13585: result: yes
configure:13677: checking if /home/nathan/secure-exec/registry/native/c/vendor/wasi-sdk/bin/clang supports -Wmissing-prototypes
configure:13695: /home/nathan/secure-exec/registry/native/c/vendor/wasi-sdk/bin/clang -o conftest --target=wasm32-wasip1 --sysroot=/home/nathan/secure-exec/registry/native/c/sysroot -O2 -D_WASI_EMULATED_MMAN -D_WASI_EMULATED_PROCESS_CLOCKS -D_GNU_SOURCE -mllvm -wasm-enable-sjlj -Wno-error=implicit-function-declaration -Wno-error=int-conversion -Wno-int-conversion -I/home/nathan/secure-exec/experiments/wasm-gui/toolchain/compat-include -include /home/nathan/secure-exec/experiments/wasm-gui/toolchain/wasi-compat.h -Werror=unknown-warning-option -Werror=unused-command-line-argument -Wmissing-prototypes --target=wasm32-wasip1 --sysroot=/home/nathan/secure-exec/registry/native/c/sysroot -I/home/nathan/secure-exec/experiments/wasm-gui/third_party/wasm-prefix/include -I/home/nathan/secure-exec/experiments/wasm-gui/toolchain/compat-include -include /home/nathan/secure-exec/experiments/wasm-gui/toolchain/wasi-compat.h --target=wasm32-wasip1 --sysroot=/home/nathan/secure-exec/registry/native/c/sysroot -L/home/nathan/secure-exec/experiments/wasm-gui/third_party/wasm-prefix/lib -L/home/nathan/secure-exec/registry/native/c/vendor/wasi-sdk/share/wasi-sysroot/lib/wasm32-wasip1 -lwasi-emulated-mman -lwasi-emulated-process-clocks conftest.c  >&5
configure:13695: $? = 0
configure:13709: result: yes
configure:13801: checking if /home/nathan/secure-exec/registry/native/c/vendor/wasi-sdk/bin/clang supports -Wnested-externs
configure:13819: /home/nathan/secure-exec/registry/native/c/vendor/wasi-sdk/bin/clang -o conftest --target=wasm32-wasip1 --sysroot=/home/nathan/secure-exec/registry/native/c/sysroot -O2 -D_WASI_EMULATED_MMAN -D_WASI_EMULATED_PROCESS_CLOCKS -D_GNU_SOURCE -mllvm -wasm-enable-sjlj -Wno-error=implicit-function-declaration -Wno-error=int-conversion -Wno-int-conversion -I/home/nathan/secure-exec/experiments/wasm-gui/toolchain/compat-include -include /home/nathan/secure-exec/experiments/wasm-gui/toolchain/wasi-compat.h -Werror=unknown-warning-option -Werror=unused-command-line-argument -Wnested-externs --target=wasm32-wasip1 --sysroot=/home/nathan/secure-exec/registry/native/c/sysroot -I/home/nathan/secure-exec/experiments/wasm-gui/third_party/wasm-prefix/include -I/home/nathan/secure-exec/experiments/wasm-gui/toolchain/compat-include -include /home/nathan/secure-exec/experiments/wasm-gui/toolchain/wasi-compat.h --target=wasm32-wasip1 --sysroot=/home/nathan/secure-exec/registry/native/c/sysroot -L/home/nathan/secure-exec/experiments/wasm-gui/third_party/wasm-prefix/lib -L/home/nathan/secure-exec/registry/native/c/vendor/wasi-sdk/share/wasi-sysroot/lib/wasm32-wasip1 -lwasi-emulated-mman -lwasi-emulated-process-clocks conftest.c  >&5
configure:13819: $? = 0
configure:13833: result: yes
configure:13925: checking if /home/nathan/secure-exec/registry/native/c/vendor/wasi-sdk/bin/clang supports -Wbad-function-cast
configure:13943: /home/nathan/secure-exec/registry/native/c/vendor/wasi-sdk/bin/clang -o conftest --target=wasm32-wasip1 --sysroot=/home/nathan/secure-exec/registry/native/c/sysroot -O2 -D_WASI_EMULATED_MMAN -D_WASI_EMULATED_PROCESS_CLOCKS -D_GNU_SOURCE -mllvm -wasm-enable-sjlj -Wno-error=implicit-function-declaration -Wno-error=int-conversion -Wno-int-conversion -I/home/nathan/secure-exec/experiments/wasm-gui/toolchain/compat-include -include /home/nathan/secure-exec/experiments/wasm-gui/toolchain/wasi-compat.h -Werror=unknown-warning-option -Werror=unused-command-line-argument -Wbad-function-cast --target=wasm32-wasip1 --sysroot=/home/nathan/secure-exec/registry/native/c/sysroot -I/home/nathan/secure-exec/experiments/wasm-gui/third_party/wasm-prefix/include -I/home/nathan/secure-exec/experiments/wasm-gui/toolchain/compat-include -include /home/nathan/secure-exec/experiments/wasm-gui/toolchain/wasi-compat.h --target=wasm32-wasip1 --sysroot=/home/nathan/secure-exec/registry/native/c/sysroot -L/home/nathan/secure-exec/experiments/wasm-gui/third_party/wasm-prefix/lib -L/home/nathan/secure-exec/registry/native/c/vendor/wasi-sdk/share/wasi-sysroot/lib/wasm32-wasip1 -lwasi-emulated-mman -lwasi-emulated-process-clocks conftest.c  >&5
configure:13943: $? = 0
configure:13957: result: yes
configure:14049: checking if /home/nathan/secure-exec/registry/native/c/vendor/wasi-sdk/bin/clang supports -Wold-style-definition
configure:14067: /home/nathan/secure-exec/registry/native/c/vendor/wasi-sdk/bin/clang -o conftest --target=wasm32-wasip1 --sysroot=/home/nathan/secure-exec/registry/native/c/sysroot -O2 -D_WASI_EMULATED_MMAN -D_WASI_EMULATED_PROCESS_CLOCKS -D_GNU_SOURCE -mllvm -wasm-enable-sjlj -Wno-error=implicit-function-declaration -Wno-error=int-conversion -Wno-int-conversion -I/home/nathan/secure-exec/experiments/wasm-gui/toolchain/compat-include -include /home/nathan/secure-exec/experiments/wasm-gui/toolchain/wasi-compat.h -Werror=unknown-warning-option -Werror=unused-command-line-argument -Wold-style-definition --target=wasm32-wasip1 --sysroot=/home/nathan/secure-exec/registry/native/c/sysroot -I/home/nathan/secure-exec/experiments/wasm-gui/third_party/wasm-prefix/include -I/home/nathan/secure-exec/experiments/wasm-gui/toolchain/compat-include -include /home/nathan/secure-exec/experiments/wasm-gui/toolchain/wasi-compat.h --target=wasm32-wasip1 --sysroot=/home/nathan/secure-exec/registry/native/c/sysroot -L/home/nathan/secure-exec/experiments/wasm-gui/third_party/wasm-prefix/lib -L/home/nathan/secure-exec/registry/native/c/vendor/wasi-sdk/share/wasi-sysroot/lib/wasm32-wasip1 -lwasi-emulated-mman -lwasi-emulated-process-clocks conftest.c  >&5
configure:14067: $? = 0
configure:14081: result: yes
configure:14224: checking if /home/nathan/secure-exec/registry/native/c/vendor/wasi-sdk/bin/clang supports -Wdeclaration-after-statement
configure:14242: /home/nathan/secure-exec/registry/native/c/vendor/wasi-sdk/bin/clang -o conftest --target=wasm32-wasip1 --sysroot=/home/nathan/secure-exec/registry/native/c/sysroot -O2 -D_WASI_EMULATED_MMAN -D_WASI_EMULATED_PROCESS_CLOCKS -D_GNU_SOURCE -mllvm -wasm-enable-sjlj -Wno-error=implicit-function-declaration -Wno-error=int-conversion -Wno-int-conversion -I/home/nathan/secure-exec/experiments/wasm-gui/toolchain/compat-include -include /home/nathan/secure-exec/experiments/wasm-gui/toolchain/wasi-compat.h -Werror=unknown-warning-option -Werror=unused-command-line-argument -Wdeclaration-after-statement --target=wasm32-wasip1 --sysroot=/home/nathan/secure-exec/registry/native/c/sysroot -I/home/nathan/secure-exec/experiments/wasm-gui/third_party/wasm-prefix/include -I/home/nathan/secure-exec/experiments/wasm-gui/toolchain/compat-include -include /home/nathan/secure-exec/experiments/wasm-gui/toolchain/wasi-compat.h --target=wasm32-wasip1 --sysroot=/home/nathan/secure-exec/registry/native/c/sysroot -L/home/nathan/secure-exec/experiments/wasm-gui/third_party/wasm-prefix/lib -L/home/nathan/secure-exec/registry/native/c/vendor/wasi-sdk/share/wasi-sysroot/lib/wasm32-wasip1 -lwasi-emulated-mman -lwasi-emulated-process-clocks conftest.c  >&5
configure:14242: $? = 0
configure:14256: result: yes
configure:14352: checking if /home/nathan/secure-exec/registry/native/c/vendor/wasi-sdk/bin/clang supports -Wunused
configure:14370: /home/nathan/secure-exec/registry/native/c/vendor/wasi-sdk/bin/clang -o conftest --target=wasm32-wasip1 --sysroot=/home/nathan/secure-exec/registry/native/c/sysroot -O2 -D_WASI_EMULATED_MMAN -D_WASI_EMULATED_PROCESS_CLOCKS -D_GNU_SOURCE -mllvm -wasm-enable-sjlj -Wno-error=implicit-function-declaration -Wno-error=int-conversion -Wno-int-conversion -I/home/nathan/secure-exec/experiments/wasm-gui/toolchain/compat-include -include /home/nathan/secure-exec/experiments/wasm-gui/toolchain/wasi-compat.h -Werror=unknown-warning-option -Werror=unused-command-line-argument -Wunused --target=wasm32-wasip1 --sysroot=/home/nathan/secure-exec/registry/native/c/sysroot -I/home/nathan/secure-exec/experiments/wasm-gui/third_party/wasm-prefix/include -I/home/nathan/secure-exec/experiments/wasm-gui/toolchain/compat-include -include /home/nathan/secure-exec/experiments/wasm-gui/toolchain/wasi-compat.h --target=wasm32-wasip1 --sysroot=/home/nathan/secure-exec/registry/native/c/sysroot -L/home/nathan/secure-exec/experiments/wasm-gui/third_party/wasm-prefix/lib -L/home/nathan/secure-exec/registry/native/c/vendor/wasi-sdk/share/wasi-sysroot/lib/wasm32-wasip1 -lwasi-emulated-mman -lwasi-emulated-process-clocks conftest.c  >&5
configure:14370: $? = 0
configure:14384: result: yes
configure:14476: checking if /home/nathan/secure-exec/registry/native/c/vendor/wasi-sdk/bin/clang supports -Wuninitialized
configure:14494: /home/nathan/secure-exec/registry/native/c/vendor/wasi-sdk/bin/clang -o conftest --target=wasm32-wasip1 --sysroot=/home/nathan/secure-exec/registry/native/c/sysroot -O2 -D_WASI_EMULATED_MMAN -D_WASI_EMULATED_PROCESS_CLOCKS -D_GNU_SOURCE -mllvm -wasm-enable-sjlj -Wno-error=implicit-function-declaration -Wno-error=int-conversion -Wno-int-conversion -I/home/nathan/secure-exec/experiments/wasm-gui/toolchain/compat-include -include /home/nathan/secure-exec/experiments/wasm-gui/toolchain/wasi-compat.h -Werror=unknown-warning-option -Werror=unused-command-line-argument -Wuninitialized --target=wasm32-wasip1 --sysroot=/home/nathan/secure-exec/registry/native/c/sysroot -I/home/nathan/secure-exec/experiments/wasm-gui/third_party/wasm-prefix/include -I/home/nathan/secure-exec/experiments/wasm-gui/toolchain/compat-include -include /home/nathan/secure-exec/experiments/wasm-gui/toolchain/wasi-compat.h --target=wasm32-wasip1 --sysroot=/home/nathan/secure-exec/registry/native/c/sysroot -L/home/nathan/secure-exec/experiments/wasm-gui/third_party/wasm-prefix/lib -L/home/nathan/secure-exec/registry/native/c/vendor/wasi-sdk/share/wasi-sysroot/lib/wasm32-wasip1 -lwasi-emulated-mman -lwasi-emulated-process-clocks conftest.c  >&5
configure:14494: $? = 0
configure:14508: result: yes
configure:14600: checking if /home/nathan/secure-exec/registry/native/c/vendor/wasi-sdk/bin/clang supports -Wshadow
configure:14618: /home/nathan/secure-exec/registry/native/c/vendor/wasi-sdk/bin/clang -o conftest --target=wasm32-wasip1 --sysroot=/home/nathan/secure-exec/registry/native/c/sysroot -O2 -D_WASI_EMULATED_MMAN -D_WASI_EMULATED_PROCESS_CLOCKS -D_GNU_SOURCE -mllvm -wasm-enable-sjlj -Wno-error=implicit-function-declaration -Wno-error=int-conversion -Wno-int-conversion -I/home/nathan/secure-exec/experiments/wasm-gui/toolchain/compat-include -include /home/nathan/secure-exec/experiments/wasm-gui/toolchain/wasi-compat.h -Werror=unknown-warning-option -Werror=unused-command-line-argument -Wshadow --target=wasm32-wasip1 --sysroot=/home/nathan/secure-exec/registry/native/c/sysroot -I/home/nathan/secure-exec/experiments/wasm-gui/third_party/wasm-prefix/include -I/home/nathan/secure-exec/experiments/wasm-gui/toolchain/compat-include -include /home/nathan/secure-exec/experiments/wasm-gui/toolchain/wasi-compat.h --target=wasm32-wasip1 --sysroot=/home/nathan/secure-exec/registry/native/c/sysroot -L/home/nathan/secure-exec/experiments/wasm-gui/third_party/wasm-prefix/lib -L/home/nathan/secure-exec/registry/native/c/vendor/wasi-sdk/share/wasi-sysroot/lib/wasm32-wasip1 -lwasi-emulated-mman -lwasi-emulated-process-clocks conftest.c  >&5
configure:14618: $? = 0
configure:14632: result: yes
configure:14724: checking if /home/nathan/secure-exec/registry/native/c/vendor/wasi-sdk/bin/clang supports -Wmissing-noreturn
configure:14742: /home/nathan/secure-exec/registry/native/c/vendor/wasi-sdk/bin/clang -o conftest --target=wasm32-wasip1 --sysroot=/home/nathan/secure-exec/registry/native/c/sysroot -O2 -D_WASI_EMULATED_MMAN -D_WASI_EMULATED_PROCESS_CLOCKS -D_GNU_SOURCE -mllvm -wasm-enable-sjlj -Wno-error=implicit-function-declaration -Wno-error=int-conversion -Wno-int-conversion -I/home/nathan/secure-exec/experiments/wasm-gui/toolchain/compat-include -include /home/nathan/secure-exec/experiments/wasm-gui/toolchain/wasi-compat.h -Werror=unknown-warning-option -Werror=unused-command-line-argument -Wmissing-noreturn --target=wasm32-wasip1 --sysroot=/home/nathan/secure-exec/registry/native/c/sysroot -I/home/nathan/secure-exec/experiments/wasm-gui/third_party/wasm-prefix/include -I/home/nathan/secure-exec/experiments/wasm-gui/toolchain/compat-include -include /home/nathan/secure-exec/experiments/wasm-gui/toolchain/wasi-compat.h --target=wasm32-wasip1 --sysroot=/home/nathan/secure-exec/registry/native/c/sysroot -L/home/nathan/secure-exec/experiments/wasm-gui/third_party/wasm-prefix/lib -L/home/nathan/secure-exec/registry/native/c/vendor/wasi-sdk/share/wasi-sysroot/lib/wasm32-wasip1 -lwasi-emulated-mman -lwasi-emulated-process-clocks conftest.c  >&5
configure:14742: $? = 0
configure:14756: result: yes
configure:14848: checking if /home/nathan/secure-exec/registry/native/c/vendor/wasi-sdk/bin/clang supports -Wmissing-format-attribute
configure:14866: /home/nathan/secure-exec/registry/native/c/vendor/wasi-sdk/bin/clang -o conftest --target=wasm32-wasip1 --sysroot=/home/nathan/secure-exec/registry/native/c/sysroot -O2 -D_WASI_EMULATED_MMAN -D_WASI_EMULATED_PROCESS_CLOCKS -D_GNU_SOURCE -mllvm -wasm-enable-sjlj -Wno-error=implicit-function-declaration -Wno-error=int-conversion -Wno-int-conversion -I/home/nathan/secure-exec/experiments/wasm-gui/toolchain/compat-include -include /home/nathan/secure-exec/experiments/wasm-gui/toolchain/wasi-compat.h -Werror=unknown-warning-option -Werror=unused-command-line-argument -Wmissing-format-attribute --target=wasm32-wasip1 --sysroot=/home/nathan/secure-exec/registry/native/c/sysroot -I/home/nathan/secure-exec/experiments/wasm-gui/third_party/wasm-prefix/include -I/home/nathan/secure-exec/experiments/wasm-gui/toolchain/compat-include -include /home/nathan/secure-exec/experiments/wasm-gui/toolchain/wasi-compat.h --target=wasm32-wasip1 --sysroot=/home/nathan/secure-exec/registry/native/c/sysroot -L/home/nathan/secure-exec/experiments/wasm-gui/third_party/wasm-prefix/lib -L/home/nathan/secure-exec/registry/native/c/vendor/wasi-sdk/share/wasi-sysroot/lib/wasm32-wasip1 -lwasi-emulated-mman -lwasi-emulated-process-clocks conftest.c  >&5
configure:14866: $? = 0
configure:14880: result: yes
configure:14972: checking if /home/nathan/secure-exec/registry/native/c/vendor/wasi-sdk/bin/clang supports -Wredundant-decls
configure:14990: /home/nathan/secure-exec/registry/native/c/vendor/wasi-sdk/bin/clang -o conftest --target=wasm32-wasip1 --sysroot=/home/nathan/secure-exec/registry/native/c/sysroot -O2 -D_WASI_EMULATED_MMAN -D_WASI_EMULATED_PROCESS_CLOCKS -D_GNU_SOURCE -mllvm -wasm-enable-sjlj -Wno-error=implicit-function-declaration -Wno-error=int-conversion -Wno-int-conversion -I/home/nathan/secure-exec/experiments/wasm-gui/toolchain/compat-include -include /home/nathan/secure-exec/experiments/wasm-gui/toolchain/wasi-compat.h -Werror=unknown-warning-option -Werror=unused-command-line-argument -Wredundant-decls --target=wasm32-wasip1 --sysroot=/home/nathan/secure-exec/registry/native/c/sysroot -I/home/nathan/secure-exec/experiments/wasm-gui/third_party/wasm-prefix/include -I/home/nathan/secure-exec/experiments/wasm-gui/toolchain/compat-include -include /home/nathan/secure-exec/experiments/wasm-gui/toolchain/wasi-compat.h --target=wasm32-wasip1 --sysroot=/home/nathan/secure-exec/registry/native/c/sysroot -L/home/nathan/secure-exec/experiments/wasm-gui/third_party/wasm-prefix/lib -L/home/nathan/secure-exec/registry/native/c/vendor/wasi-sdk/share/wasi-sysroot/lib/wasm32-wasip1 -lwasi-emulated-mman -lwasi-emulated-process-clocks conftest.c  >&5
configure:14990: $? = 0
configure:15004: result: yes
configure:15096: checking if /home/nathan/secure-exec/registry/native/c/vendor/wasi-sdk/bin/clang supports -Wlogical-op
configure:15114: /home/nathan/secure-exec/registry/native/c/vendor/wasi-sdk/bin/clang -o conftest --target=wasm32-wasip1 --sysroot=/home/nathan/secure-exec/registry/native/c/sysroot -O2 -D_WASI_EMULATED_MMAN -D_WASI_EMULATED_PROCESS_CLOCKS -D_GNU_SOURCE -mllvm -wasm-enable-sjlj -Wno-error=implicit-function-declaration -Wno-error=int-conversion -Wno-int-conversion -I/home/nathan/secure-exec/experiments/wasm-gui/toolchain/compat-include -include /home/nathan/secure-exec/experiments/wasm-gui/toolchain/wasi-compat.h -Werror=unknown-warning-option -Werror=unused-command-line-argument -Wlogical-op --target=wasm32-wasip1 --sysroot=/home/nathan/secure-exec/registry/native/c/sysroot -I/home/nathan/secure-exec/experiments/wasm-gui/third_party/wasm-prefix/include -I/home/nathan/secure-exec/experiments/wasm-gui/toolchain/compat-include -include /home/nathan/secure-exec/experiments/wasm-gui/toolchain/wasi-compat.h --target=wasm32-wasip1 --sysroot=/home/nathan/secure-exec/registry/native/c/sysroot -L/home/nathan/secure-exec/experiments/wasm-gui/third_party/wasm-prefix/lib -L/home/nathan/secure-exec/registry/native/c/vendor/wasi-sdk/share/wasi-sysroot/lib/wasm32-wasip1 -lwasi-emulated-mman -lwasi-emulated-process-clocks conftest.c  >&5
error: unknown warning option '-Wlogical-op'; did you mean '-Wlong-long'? [-Werror,-Wunknown-warning-option]
configure:15114: $? = 1
configure: failed program was:
| /* confdefs.h */
| #define PACKAGE_NAME "libXfixes"
| #define PACKAGE_TARNAME "libXfixes"
| #define PACKAGE_VERSION "6.0.1"
| #define PACKAGE_STRING "libXfixes 6.0.1"
| #define PACKAGE_BUGREPORT "https://gitlab.freedesktop.org/xorg/lib/libxfixes/-/issues"
| #define PACKAGE_URL ""
| #define PACKAGE "libXfixes"
| #define VERSION "6.0.1"
| #define HAVE_STDIO_H 1
| #define HAVE_STDLIB_H 1
| #define HAVE_STRING_H 1
| #define HAVE_INTTYPES_H 1
| #define HAVE_STDINT_H 1
| #define HAVE_STRINGS_H 1
| #define HAVE_SYS_STAT_H 1
| #define HAVE_SYS_TYPES_H 1
| #define HAVE_UNISTD_H 1
| #define STDC_HEADERS 1
| #define HAVE_DLFCN_H 1
| #define LT_OBJDIR ".libs/"
| /* end confdefs.h.  */
| int i;
| int
| main (void)
| {
| 
|   ;
|   return 0;
| }
configure:15128: result: no
configure:15232: checking if /home/nathan/secure-exec/registry/native/c/vendor/wasi-sdk/bin/clang supports -Werror=implicit
configure:15250: /home/nathan/secure-exec/registry/native/c/vendor/wasi-sdk/bin/clang -o conftest --target=wasm32-wasip1 --sysroot=/home/nathan/secure-exec/registry/native/c/sysroot -O2 -D_WASI_EMULATED_MMAN -D_WASI_EMULATED_PROCESS_CLOCKS -D_GNU_SOURCE -mllvm -wasm-enable-sjlj -Wno-error=implicit-function-declaration -Wno-error=int-conversion -Wno-int-conversion -I/home/nathan/secure-exec/experiments/wasm-gui/toolchain/compat-include -include /home/nathan/secure-exec/experiments/wasm-gui/toolchain/wasi-compat.h -Werror=unknown-warning-option -Werror=unused-command-line-argument -Werror=implicit --target=wasm32-wasip1 --sysroot=/home/nathan/secure-exec/registry/native/c/sysroot -I/home/nathan/secure-exec/experiments/wasm-gui/third_party/wasm-prefix/include -I/home/nathan/secure-exec/experiments/wasm-gui/toolchain/compat-include -include /home/nathan/secure-exec/experiments/wasm-gui/toolchain/wasi-compat.h --target=wasm32-wasip1 --sysroot=/home/nathan/secure-exec/registry/native/c/sysroot -L/home/nathan/secure-exec/experiments/wasm-gui/third_party/wasm-prefix/lib -L/home/nathan/secure-exec/registry/native/c/vendor/wasi-sdk/share/wasi-sysroot/lib/wasm32-wasip1 -lwasi-emulated-mman -lwasi-emulated-process-clocks conftest.c  >&5
configure:15250: $? = 0
configure:15264: result: yes
configure:15407: checking if /home/nathan/secure-exec/registry/native/c/vendor/wasi-sdk/bin/clang supports -Werror=nonnull
configure:15425: /home/nathan/secure-exec/registry/native/c/vendor/wasi-sdk/bin/clang -o conftest --target=wasm32-wasip1 --sysroot=/home/nathan/secure-exec/registry/native/c/sysroot -O2 -D_WASI_EMULATED_MMAN -D_WASI_EMULATED_PROCESS_CLOCKS -D_GNU_SOURCE -mllvm -wasm-enable-sjlj -Wno-error=implicit-function-declaration -Wno-error=int-conversion -Wno-int-conversion -I/home/nathan/secure-exec/experiments/wasm-gui/toolchain/compat-include -include /home/nathan/secure-exec/experiments/wasm-gui/toolchain/wasi-compat.h -Werror=unknown-warning-option -Werror=unused-command-line-argument -Werror=nonnull --target=wasm32-wasip1 --sysroot=/home/nathan/secure-exec/registry/native/c/sysroot -I/home/nathan/secure-exec/experiments/wasm-gui/third_party/wasm-prefix/include -I/home/nathan/secure-exec/experiments/wasm-gui/toolchain/compat-include -include /home/nathan/secure-exec/experiments/wasm-gui/toolchain/wasi-compat.h --target=wasm32-wasip1 --sysroot=/home/nathan/secure-exec/registry/native/c/sysroot -L/home/nathan/secure-exec/experiments/wasm-gui/third_party/wasm-prefix/lib -L/home/nathan/secure-exec/registry/native/c/vendor/wasi-sdk/share/wasi-sysroot/lib/wasm32-wasip1 -lwasi-emulated-mman -lwasi-emulated-process-clocks conftest.c  >&5
configure:15425: $? = 0
configure:15439: result: yes
configure:15531: checking if /home/nathan/secure-exec/registry/native/c/vendor/wasi-sdk/bin/clang supports -Werror=init-self
configure:15549: /home/nathan/secure-exec/registry/native/c/vendor/wasi-sdk/bin/clang -o conftest --target=wasm32-wasip1 --sysroot=/home/nathan/secure-exec/registry/native/c/sysroot -O2 -D_WASI_EMULATED_MMAN -D_WASI_EMULATED_PROCESS_CLOCKS -D_GNU_SOURCE -mllvm -wasm-enable-sjlj -Wno-error=implicit-function-declaration -Wno-error=int-conversion -Wno-int-conversion -I/home/nathan/secure-exec/experiments/wasm-gui/toolchain/compat-include -include /home/nathan/secure-exec/experiments/wasm-gui/toolchain/wasi-compat.h -Werror=unknown-warning-option -Werror=unused-command-line-argument -Werror=init-self --target=wasm32-wasip1 --sysroot=/home/nathan/secure-exec/registry/native/c/sysroot -I/home/nathan/secure-exec/experiments/wasm-gui/third_party/wasm-prefix/include -I/home/nathan/secure-exec/experiments/wasm-gui/toolchain/compat-include -include /home/nathan/secure-exec/experiments/wasm-gui/toolchain/wasi-compat.h --target=wasm32-wasip1 --sysroot=/home/nathan/secure-exec/registry/native/c/sysroot -L/home/nathan/secure-exec/experiments/wasm-gui/third_party/wasm-prefix/lib -L/home/nathan/secure-exec/registry/native/c/vendor/wasi-sdk/share/wasi-sysroot/lib/wasm32-wasip1 -lwasi-emulated-mman -lwasi-emulated-process-clocks conftest.c  >&5
configure:15549: $? = 0
configure:15563: result: yes
configure:15655: checking if /home/nathan/secure-exec/registry/native/c/vendor/wasi-sdk/bin/clang supports -Werror=main
configure:15673: /home/nathan/secure-exec/registry/native/c/vendor/wasi-sdk/bin/clang -o conftest --target=wasm32-wasip1 --sysroot=/home/nathan/secure-exec/registry/native/c/sysroot -O2 -D_WASI_EMULATED_MMAN -D_WASI_EMULATED_PROCESS_CLOCKS -D_GNU_SOURCE -mllvm -wasm-enable-sjlj -Wno-error=implicit-function-declaration -Wno-error=int-conversion -Wno-int-conversion -I/home/nathan/secure-exec/experiments/wasm-gui/toolchain/compat-include -include /home/nathan/secure-exec/experiments/wasm-gui/toolchain/wasi-compat.h -Werror=unknown-warning-option -Werror=unused-command-line-argument -Werror=main --target=wasm32-wasip1 --sysroot=/home/nathan/secure-exec/registry/native/c/sysroot -I/home/nathan/secure-exec/experiments/wasm-gui/third_party/wasm-prefix/include -I/home/nathan/secure-exec/experiments/wasm-gui/toolchain/compat-include -include /home/nathan/secure-exec/experiments/wasm-gui/toolchain/wasi-compat.h --target=wasm32-wasip1 --sysroot=/home/nathan/secure-exec/registry/native/c/sysroot -L/home/nathan/secure-exec/experiments/wasm-gui/third_party/wasm-prefix/lib -L/home/nathan/secure-exec/registry/native/c/vendor/wasi-sdk/share/wasi-sysroot/lib/wasm32-wasip1 -lwasi-emulated-mman -lwasi-emulated-process-clocks conftest.c  >&5
configure:15673: $? = 0
configure:15687: result: yes
configure:15779: checking if /home/nathan/secure-exec/registry/native/c/vendor/wasi-sdk/bin/clang supports -Werror=missing-braces
configure:15797: /home/nathan/secure-exec/registry/native/c/vendor/wasi-sdk/bin/clang -o conftest --target=wasm32-wasip1 --sysroot=/home/nathan/secure-exec/registry/native/c/sysroot -O2 -D_WASI_EMULATED_MMAN -D_WASI_EMULATED_PROCESS_CLOCKS -D_GNU_SOURCE -mllvm -wasm-enable-sjlj -Wno-error=implicit-function-declaration -Wno-error=int-conversion -Wno-int-conversion -I/home/nathan/secure-exec/experiments/wasm-gui/toolchain/compat-include -include /home/nathan/secure-exec/experiments/wasm-gui/toolchain/wasi-compat.h -Werror=unknown-warning-option -Werror=unused-command-line-argument -Werror=missing-braces --target=wasm32-wasip1 --sysroot=/home/nathan/secure-exec/registry/native/c/sysroot -I/home/nathan/secure-exec/experiments/wasm-gui/third_party/wasm-prefix/include -I/home/nathan/secure-exec/experiments/wasm-gui/toolchain/compat-include -include /home/nathan/secure-exec/experiments/wasm-gui/toolchain/wasi-compat.h --target=wasm32-wasip1 --sysroot=/home/nathan/secure-exec/registry/native/c/sysroot -L/home/nathan/secure-exec/experiments/wasm-gui/third_party/wasm-prefix/lib -L/home/nathan/secure-exec/registry/native/c/vendor/wasi-sdk/share/wasi-sysroot/lib/wasm32-wasip1 -lwasi-emulated-mman -lwasi-emulated-process-clocks conftest.c  >&5
configure:15797: $? = 0
configure:15811: result: yes
configure:15903: checking if /home/nathan/secure-exec/registry/native/c/vendor/wasi-sdk/bin/clang supports -Werror=sequence-point
configure:15921: /home/nathan/secure-exec/registry/native/c/vendor/wasi-sdk/bin/clang -o conftest --target=wasm32-wasip1 --sysroot=/home/nathan/secure-exec/registry/native/c/sysroot -O2 -D_WASI_EMULATED_MMAN -D_WASI_EMULATED_PROCESS_CLOCKS -D_GNU_SOURCE -mllvm -wasm-enable-sjlj -Wno-error=implicit-function-declaration -Wno-error=int-conversion -Wno-int-conversion -I/home/nathan/secure-exec/experiments/wasm-gui/toolchain/compat-include -include /home/nathan/secure-exec/experiments/wasm-gui/toolchain/wasi-compat.h -Werror=unknown-warning-option -Werror=unused-command-line-argument -Werror=sequence-point --target=wasm32-wasip1 --sysroot=/home/nathan/secure-exec/registry/native/c/sysroot -I/home/nathan/secure-exec/experiments/wasm-gui/third_party/wasm-prefix/include -I/home/nathan/secure-exec/experiments/wasm-gui/toolchain/compat-include -include /home/nathan/secure-exec/experiments/wasm-gui/toolchain/wasi-compat.h --target=wasm32-wasip1 --sysroot=/home/nathan/secure-exec/registry/native/c/sysroot -L/home/nathan/secure-exec/experiments/wasm-gui/third_party/wasm-prefix/lib -L/home/nathan/secure-exec/registry/native/c/vendor/wasi-sdk/share/wasi-sysroot/lib/wasm32-wasip1 -lwasi-emulated-mman -lwasi-emulated-process-clocks conftest.c  >&5
configure:15921: $? = 0
configure:15935: result: yes
configure:16027: checking if /home/nathan/secure-exec/registry/native/c/vendor/wasi-sdk/bin/clang supports -Werror=return-type
configure:16045: /home/nathan/secure-exec/registry/native/c/vendor/wasi-sdk/bin/clang -o conftest --target=wasm32-wasip1 --sysroot=/home/nathan/secure-exec/registry/native/c/sysroot -O2 -D_WASI_EMULATED_MMAN -D_WASI_EMULATED_PROCESS_CLOCKS -D_GNU_SOURCE -mllvm -wasm-enable-sjlj -Wno-error=implicit-function-declaration -Wno-error=int-conversion -Wno-int-conversion -I/home/nathan/secure-exec/experiments/wasm-gui/toolchain/compat-include -include /home/nathan/secure-exec/experiments/wasm-gui/toolchain/wasi-compat.h -Werror=unknown-warning-option -Werror=unused-command-line-argument -Werror=return-type --target=wasm32-wasip1 --sysroot=/home/nathan/secure-exec/registry/native/c/sysroot -I/home/nathan/secure-exec/experiments/wasm-gui/third_party/wasm-prefix/include -I/home/nathan/secure-exec/experiments/wasm-gui/toolchain/compat-include -include /home/nathan/secure-exec/experiments/wasm-gui/toolchain/wasi-compat.h --target=wasm32-wasip1 --sysroot=/home/nathan/secure-exec/registry/native/c/sysroot -L/home/nathan/secure-exec/experiments/wasm-gui/third_party/wasm-prefix/lib -L/home/nathan/secure-exec/registry/native/c/vendor/wasi-sdk/share/wasi-sysroot/lib/wasm32-wasip1 -lwasi-emulated-mman -lwasi-emulated-process-clocks conftest.c  >&5
configure:16045: $? = 0
configure:16059: result: yes
configure:16202: checking if /home/nathan/secure-exec/registry/native/c/vendor/wasi-sdk/bin/clang supports -Werror=trigraphs
configure:16220: /home/nathan/secure-exec/registry/native/c/vendor/wasi-sdk/bin/clang -o conftest --target=wasm32-wasip1 --sysroot=/home/nathan/secure-exec/registry/native/c/sysroot -O2 -D_WASI_EMULATED_MMAN -D_WASI_EMULATED_PROCESS_CLOCKS -D_GNU_SOURCE -mllvm -wasm-enable-sjlj -Wno-error=implicit-function-declaration -Wno-error=int-conversion -Wno-int-conversion -I/home/nathan/secure-exec/experiments/wasm-gui/toolchain/compat-include -include /home/nathan/secure-exec/experiments/wasm-gui/toolchain/wasi-compat.h -Werror=unknown-warning-option -Werror=unused-command-line-argument -Werror=trigraphs --target=wasm32-wasip1 --sysroot=/home/nathan/secure-exec/registry/native/c/sysroot -I/home/nathan/secure-exec/experiments/wasm-gui/third_party/wasm-prefix/include -I/home/nathan/secure-exec/experiments/wasm-gui/toolchain/compat-include -include /home/nathan/secure-exec/experiments/wasm-gui/toolchain/wasi-compat.h --target=wasm32-wasip1 --sysroot=/home/nathan/secure-exec/registry/native/c/sysroot -L/home/nathan/secure-exec/experiments/wasm-gui/third_party/wasm-prefix/lib -L/home/nathan/secure-exec/registry/native/c/vendor/wasi-sdk/share/wasi-sysroot/lib/wasm32-wasip1 -lwasi-emulated-mman -lwasi-emulated-process-clocks conftest.c  >&5
configure:16220: $? = 0
configure:16234: result: yes
configure:16326: checking if /home/nathan/secure-exec/registry/native/c/vendor/wasi-sdk/bin/clang supports -Werror=array-bounds
configure:16344: /home/nathan/secure-exec/registry/native/c/vendor/wasi-sdk/bin/clang -o conftest --target=wasm32-wasip1 --sysroot=/home/nathan/secure-exec/registry/native/c/sysroot -O2 -D_WASI_EMULATED_MMAN -D_WASI_EMULATED_PROCESS_CLOCKS -D_GNU_SOURCE -mllvm -wasm-enable-sjlj -Wno-error=implicit-function-declaration -Wno-error=int-conversion -Wno-int-conversion -I/home/nathan/secure-exec/experiments/wasm-gui/toolchain/compat-include -include /home/nathan/secure-exec/experiments/wasm-gui/toolchain/wasi-compat.h -Werror=unknown-warning-option -Werror=unused-command-line-argument -Werror=array-bounds --target=wasm32-wasip1 --sysroot=/home/nathan/secure-exec/registry/native/c/sysroot -I/home/nathan/secure-exec/experiments/wasm-gui/third_party/wasm-prefix/include -I/home/nathan/secure-exec/experiments/wasm-gui/toolchain/compat-include -include /home/nathan/secure-exec/experiments/wasm-gui/toolchain/wasi-compat.h --target=wasm32-wasip1 --sysroot=/home/nathan/secure-exec/registry/native/c/sysroot -L/home/nathan/secure-exec/experiments/wasm-gui/third_party/wasm-prefix/lib -L/home/nathan/secure-exec/registry/native/c/vendor/wasi-sdk/share/wasi-sysroot/lib/wasm32-wasip1 -lwasi-emulated-mman -lwasi-emulated-process-clocks conftest.c  >&5
configure:16344: $? = 0
configure:16358: result: yes
configure:16450: checking if /home/nathan/secure-exec/registry/native/c/vendor/wasi-sdk/bin/clang supports -Werror=write-strings
configure:16468: /home/nathan/secure-exec/registry/native/c/vendor/wasi-sdk/bin/clang -o conftest --target=wasm32-wasip1 --sysroot=/home/nathan/secure-exec/registry/native/c/sysroot -O2 -D_WASI_EMULATED_MMAN -D_WASI_EMULATED_PROCESS_CLOCKS -D_GNU_SOURCE -mllvm -wasm-enable-sjlj -Wno-error=implicit-function-declaration -Wno-error=int-conversion -Wno-int-conversion -I/home/nathan/secure-exec/experiments/wasm-gui/toolchain/compat-include -include /home/nathan/secure-exec/experiments/wasm-gui/toolchain/wasi-compat.h -Werror=unknown-warning-option -Werror=unused-command-line-argument -Werror=write-strings --target=wasm32-wasip1 --sysroot=/home/nathan/secure-exec/registry/native/c/sysroot -I/home/nathan/secure-exec/experiments/wasm-gui/third_party/wasm-prefix/include -I/home/nathan/secure-exec/experiments/wasm-gui/toolchain/compat-include -include /home/nathan/secure-exec/experiments/wasm-gui/toolchain/wasi-compat.h --target=wasm32-wasip1 --sysroot=/home/nathan/secure-exec/registry/native/c/sysroot -L/home/nathan/secure-exec/experiments/wasm-gui/third_party/wasm-prefix/lib -L/home/nathan/secure-exec/registry/native/c/vendor/wasi-sdk/share/wasi-sysroot/lib/wasm32-wasip1 -lwasi-emulated-mman -lwasi-emulated-process-clocks conftest.c  >&5
configure:16468: $? = 0
configure:16482: result: yes
configure:16574: checking if /home/nathan/secure-exec/registry/native/c/vendor/wasi-sdk/bin/clang supports -Werror=address
configure:16592: /home/nathan/secure-exec/registry/native/c/vendor/wasi-sdk/bin/clang -o conftest --target=wasm32-wasip1 --sysroot=/home/nathan/secure-exec/registry/native/c/sysroot -O2 -D_WASI_EMULATED_MMAN -D_WASI_EMULATED_PROCESS_CLOCKS -D_GNU_SOURCE -mllvm -wasm-enable-sjlj -Wno-error=implicit-function-declaration -Wno-error=int-conversion -Wno-int-conversion -I/home/nathan/secure-exec/experiments/wasm-gui/toolchain/compat-include -include /home/nathan/secure-exec/experiments/wasm-gui/toolchain/wasi-compat.h -Werror=unknown-warning-option -Werror=unused-command-line-argument -Werror=address --target=wasm32-wasip1 --sysroot=/home/nathan/secure-exec/registry/native/c/sysroot -I/home/nathan/secure-exec/experiments/wasm-gui/third_party/wasm-prefix/include -I/home/nathan/secure-exec/experiments/wasm-gui/toolchain/compat-include -include /home/nathan/secure-exec/experiments/wasm-gui/toolchain/wasi-compat.h --target=wasm32-wasip1 --sysroot=/home/nathan/secure-exec/registry/native/c/sysroot -L/home/nathan/secure-exec/experiments/wasm-gui/third_party/wasm-prefix/lib -L/home/nathan/secure-exec/registry/native/c/vendor/wasi-sdk/share/wasi-sysroot/lib/wasm32-wasip1 -lwasi-emulated-mman -lwasi-emulated-process-clocks conftest.c  >&5
configure:16592: $? = 0
configure:16606: result: yes
configure:16698: checking if /home/nathan/secure-exec/registry/native/c/vendor/wasi-sdk/bin/clang supports -Werror=int-to-pointer-cast
configure:16716: /home/nathan/secure-exec/registry/native/c/vendor/wasi-sdk/bin/clang -o conftest --target=wasm32-wasip1 --sysroot=/home/nathan/secure-exec/registry/native/c/sysroot -O2 -D_WASI_EMULATED_MMAN -D_WASI_EMULATED_PROCESS_CLOCKS -D_GNU_SOURCE -mllvm -wasm-enable-sjlj -Wno-error=implicit-function-declaration -Wno-error=int-conversion -Wno-int-conversion -I/home/nathan/secure-exec/experiments/wasm-gui/toolchain/compat-include -include /home/nathan/secure-exec/experiments/wasm-gui/toolchain/wasi-compat.h -Werror=unknown-warning-option -Werror=unused-command-line-argument -Werror=int-to-pointer-cast --target=wasm32-wasip1 --sysroot=/home/nathan/secure-exec/registry/native/c/sysroot -I/home/nathan/secure-exec/experiments/wasm-gui/third_party/wasm-prefix/include -I/home/nathan/secure-exec/experiments/wasm-gui/toolchain/compat-include -include /home/nathan/secure-exec/experiments/wasm-gui/toolchain/wasi-compat.h --target=wasm32-wasip1 --sysroot=/home/nathan/secure-exec/registry/native/c/sysroot -L/home/nathan/secure-exec/experiments/wasm-gui/third_party/wasm-prefix/lib -L/home/nathan/secure-exec/registry/native/c/vendor/wasi-sdk/share/wasi-sysroot/lib/wasm32-wasip1 -lwasi-emulated-mman -lwasi-emulated-process-clocks conftest.c  >&5
configure:16716: $? = 0
configure:16730: result: yes
configure:16873: checking if /home/nathan/secure-exec/registry/native/c/vendor/wasi-sdk/bin/clang supports -Werror=pointer-to-int-cast
configure:16891: /home/nathan/secure-exec/registry/native/c/vendor/wasi-sdk/bin/clang -o conftest --target=wasm32-wasip1 --sysroot=/home/nathan/secure-exec/registry/native/c/sysroot -O2 -D_WASI_EMULATED_MMAN -D_WASI_EMULATED_PROCESS_CLOCKS -D_GNU_SOURCE -mllvm -wasm-enable-sjlj -Wno-error=implicit-function-declaration -Wno-error=int-conversion -Wno-int-conversion -I/home/nathan/secure-exec/experiments/wasm-gui/toolchain/compat-include -include /home/nathan/secure-exec/experiments/wasm-gui/toolchain/wasi-compat.h -Werror=unknown-warning-option -Werror=unused-command-line-argument -Werror=pointer-to-int-cast --target=wasm32-wasip1 --sysroot=/home/nathan/secure-exec/registry/native/c/sysroot -I/home/nathan/secure-exec/experiments/wasm-gui/third_party/wasm-prefix/include -I/home/nathan/secure-exec/experiments/wasm-gui/toolchain/compat-include -include /home/nathan/secure-exec/experiments/wasm-gui/toolchain/wasi-compat.h --target=wasm32-wasip1 --sysroot=/home/nathan/secure-exec/registry/native/c/sysroot -L/home/nathan/secure-exec/experiments/wasm-gui/third_party/wasm-prefix/lib -L/home/nathan/secure-exec/registry/native/c/vendor/wasi-sdk/share/wasi-sysroot/lib/wasm32-wasip1 -lwasi-emulated-mman -lwasi-emulated-process-clocks conftest.c  >&5
configure:16891: $? = 0
configure:16905: result: yes
configure:18646: checking if /home/nathan/secure-exec/registry/native/c/vendor/wasi-sdk/bin/clang supports -pedantic
configure:18664: /home/nathan/secure-exec/registry/native/c/vendor/wasi-sdk/bin/clang -o conftest --target=wasm32-wasip1 --sysroot=/home/nathan/secure-exec/registry/native/c/sysroot -O2 -D_WASI_EMULATED_MMAN -D_WASI_EMULATED_PROCESS_CLOCKS -D_GNU_SOURCE -mllvm -wasm-enable-sjlj -Wno-error=implicit-function-declaration -Wno-error=int-conversion -Wno-int-conversion -I/home/nathan/secure-exec/experiments/wasm-gui/toolchain/compat-include -include /home/nathan/secure-exec/experiments/wasm-gui/toolchain/wasi-compat.h -Werror=unknown-warning-option -Werror=unused-command-line-argument -pedantic --target=wasm32-wasip1 --sysroot=/home/nathan/secure-exec/registry/native/c/sysroot -I/home/nathan/secure-exec/experiments/wasm-gui/third_party/wasm-prefix/include -I/home/nathan/secure-exec/experiments/wasm-gui/toolchain/compat-include -include /home/nathan/secure-exec/experiments/wasm-gui/toolchain/wasi-compat.h --target=wasm32-wasip1 --sysroot=/home/nathan/secure-exec/registry/native/c/sysroot -L/home/nathan/secure-exec/experiments/wasm-gui/third_party/wasm-prefix/lib -L/home/nathan/secure-exec/registry/native/c/vendor/wasi-sdk/share/wasi-sysroot/lib/wasm32-wasip1 -lwasi-emulated-mman -lwasi-emulated-process-clocks conftest.c  >&5
configure:18664: $? = 0
configure:18678: result: yes
configure:18770: checking if /home/nathan/secure-exec/registry/native/c/vendor/wasi-sdk/bin/clang supports -Werror
configure:18788: /home/nathan/secure-exec/registry/native/c/vendor/wasi-sdk/bin/clang -o conftest --target=wasm32-wasip1 --sysroot=/home/nathan/secure-exec/registry/native/c/sysroot -O2 -D_WASI_EMULATED_MMAN -D_WASI_EMULATED_PROCESS_CLOCKS -D_GNU_SOURCE -mllvm -wasm-enable-sjlj -Wno-error=implicit-function-declaration -Wno-error=int-conversion -Wno-int-conversion -I/home/nathan/secure-exec/experiments/wasm-gui/toolchain/compat-include -include /home/nathan/secure-exec/experiments/wasm-gui/toolchain/wasi-compat.h -Werror=unknown-warning-option -Werror=unused-command-line-argument -Werror --target=wasm32-wasip1 --sysroot=/home/nathan/secure-exec/registry/native/c/sysroot -I/home/nathan/secure-exec/experiments/wasm-gui/third_party/wasm-prefix/include -I/home/nathan/secure-exec/experiments/wasm-gui/toolchain/compat-include -include /home/nathan/secure-exec/experiments/wasm-gui/toolchain/wasi-compat.h --target=wasm32-wasip1 --sysroot=/home/nathan/secure-exec/registry/native/c/sysroot -L/home/nathan/secure-exec/experiments/wasm-gui/third_party/wasm-prefix/lib -L/home/nathan/secure-exec/registry/native/c/vendor/wasi-sdk/share/wasi-sysroot/lib/wasm32-wasip1 -lwasi-emulated-mman -lwasi-emulated-process-clocks conftest.c  >&5
configure:18788: $? = 0
configure:18802: result: yes
configure:18948: checking if /home/nathan/secure-exec/registry/native/c/vendor/wasi-sdk/bin/clang supports -Werror=attributes
configure:18966: /home/nathan/secure-exec/registry/native/c/vendor/wasi-sdk/bin/clang -o conftest --target=wasm32-wasip1 --sysroot=/home/nathan/secure-exec/registry/native/c/sysroot -O2 -D_WASI_EMULATED_MMAN -D_WASI_EMULATED_PROCESS_CLOCKS -D_GNU_SOURCE -mllvm -wasm-enable-sjlj -Wno-error=implicit-function-declaration -Wno-error=int-conversion -Wno-int-conversion -I/home/nathan/secure-exec/experiments/wasm-gui/toolchain/compat-include -include /home/nathan/secure-exec/experiments/wasm-gui/toolchain/wasi-compat.h -Werror=unknown-warning-option -Werror=unused-command-line-argument -Werror=attributes --target=wasm32-wasip1 --sysroot=/home/nathan/secure-exec/registry/native/c/sysroot -I/home/nathan/secure-exec/experiments/wasm-gui/third_party/wasm-prefix/include -I/home/nathan/secure-exec/experiments/wasm-gui/toolchain/compat-include -include /home/nathan/secure-exec/experiments/wasm-gui/toolchain/wasi-compat.h --target=wasm32-wasip1 --sysroot=/home/nathan/secure-exec/registry/native/c/sysroot -L/home/nathan/secure-exec/experiments/wasm-gui/third_party/wasm-prefix/lib -L/home/nathan/secure-exec/registry/native/c/vendor/wasi-sdk/share/wasi-sysroot/lib/wasm32-wasip1 -lwasi-emulated-mman -lwasi-emulated-process-clocks conftest.c  >&5
configure:18966: $? = 0
configure:18980: result: yes
configure:19173: checking whether make supports nested variables
configure:19191: result: yes
configure:19213: checking for FIXESEXT
configure:19220: $PKG_CONFIG --exists --print-errors "xproto >= 7.0.22 fixesproto >= $FIXESEXT_VERSION xextproto x11 >= 1.6"
configure:19223: $? = 0
configure:19237: $PKG_CONFIG --exists --print-errors "xproto >= 7.0.22 fixesproto >= $FIXESEXT_VERSION xextproto x11 >= 1.6"
configure:19240: $? = 0
configure:19298: result: yes
configure:19407: checking that generated files are newer than configure
configure:19413: result: done
configure:19436: creating ./config.status

## ---------------------- ##
## Running config.status. ##
## ---------------------- ##

This file was extended by libXfixes config.status 6.0.1, which was
generated by GNU Autoconf 2.71.  Invocation command line was

  CONFIG_FILES    = 
  CONFIG_HEADERS  = 
  CONFIG_LINKS    = 
  CONFIG_COMMANDS = 
  $ ./config.status 

on nathan-dev

config.status:1130: creating Makefile
config.status:1130: creating src/Makefile
config.status:1130: creating man/Makefile
config.status:1130: creating xfixes.pc
config.status:1130: creating config.h
config.status:1311: config.h is unchanged
config.status:1359: executing depfiles commands
config.status:1436: cd src       && sed -e '/# am--include-marker/d' Makefile         | make -f - am--depfiles
make: Nothing to be done for 'am--depfiles'.
config.status:1441: $? = 0
config.status:1359: executing libtool commands
configure:21585: WARNING: unrecognized options: --disable-malloc0returnsnull

## ---------------- ##
## Cache variables. ##
## ---------------- ##

ac_cv_build=x86_64-pc-linux-gnux32
ac_cv_c_compiler_gnu=yes
ac_cv_c_undeclared_builtin_options=-fno-builtin
ac_cv_env_CC_set=set
ac_cv_env_CC_value=/home/nathan/secure-exec/registry/native/c/vendor/wasi-sdk/bin/clang
ac_cv_env_CFLAGS_set=set
ac_cv_env_CFLAGS_value='--target=wasm32-wasip1 --sysroot=/home/nathan/secure-exec/registry/native/c/sysroot -O2 -D_WASI_EMULATED_MMAN -D_WASI_EMULATED_PROCESS_CLOCKS -D_GNU_SOURCE -mllvm -wasm-enable-sjlj -Wno-error=implicit-function-declaration -Wno-error=int-conversion -Wno-int-conversion -I/home/nathan/secure-exec/experiments/wasm-gui/toolchain/compat-include -include /home/nathan/secure-exec/experiments/wasm-gui/toolchain/wasi-compat.h'
ac_cv_env_CPPFLAGS_set=set
ac_cv_env_CPPFLAGS_value='--target=wasm32-wasip1 --sysroot=/home/nathan/secure-exec/registry/native/c/sysroot -I/home/nathan/secure-exec/experiments/wasm-gui/third_party/wasm-prefix/include -I/home/nathan/secure-exec/experiments/wasm-gui/toolchain/compat-include -include /home/nathan/secure-exec/experiments/wasm-gui/toolchain/wasi-compat.h'
ac_cv_env_FIXESEXT_CFLAGS_set=
ac_cv_env_FIXESEXT_CFLAGS_value=
ac_cv_env_FIXESEXT_LIBS_set=
ac_cv_env_FIXESEXT_LIBS_value=
ac_cv_env_LDFLAGS_set=set
ac_cv_env_LDFLAGS_value='--target=wasm32-wasip1 --sysroot=/home/nathan/secure-exec/registry/native/c/sysroot -L/home/nathan/secure-exec/experiments/wasm-gui/third_party/wasm-prefix/lib -L/home/nathan/secure-exec/registry/native/c/vendor/wasi-sdk/share/wasi-sysroot/lib/wasm32-wasip1 -lwasi-emulated-mman -lwasi-emulated-process-clocks'
ac_cv_env_LIBS_set=
ac_cv_env_LIBS_value=
ac_cv_env_LT_SYS_LIBRARY_PATH_set=
ac_cv_env_LT_SYS_LIBRARY_PATH_value=
ac_cv_env_PKG_CONFIG_LIBDIR_set=set
ac_cv_env_PKG_CONFIG_LIBDIR_value=/home/nathan/secure-exec/experiments/wasm-gui/third_party/wasm-prefix/lib/pkgconfig:/home/nathan/secure-exec/experiments/wasm-gui/third_party/wasm-prefix/share/pkgconfig
ac_cv_env_PKG_CONFIG_PATH_set=set
ac_cv_env_PKG_CONFIG_PATH_value=
ac_cv_env_PKG_CONFIG_set=
ac_cv_env_PKG_CONFIG_value=
ac_cv_env_build_alias_set=
ac_cv_env_build_alias_value=
ac_cv_env_host_alias_set=set
ac_cv_env_host_alias_value=wasm32-wasi
ac_cv_env_target_alias_set=
ac_cv_env_target_alias_value=
ac_cv_have_decl___INTEL_COMPILER=no
ac_cv_have_decl___SUNPRO_C=no
ac_cv_have_decl___clang__=yes
ac_cv_header_dlfcn_h=yes
ac_cv_header_inttypes_h=yes
ac_cv_header_stdint_h=yes
ac_cv_header_stdio_h=yes
ac_cv_header_stdlib_h=yes
ac_cv_header_string_h=yes
ac_cv_header_strings_h=yes
ac_cv_header_sys_stat_h=yes
ac_cv_header_sys_types_h=yes
ac_cv_header_unistd_h=yes
ac_cv_host=wasm32-unknown-wasi
ac_cv_objext=o
ac_cv_path_EGREP='/usr/bin/grep -E'
ac_cv_path_FGREP='/usr/bin/grep -F'
ac_cv_path_GREP=/usr/bin/grep
ac_cv_path_SED=/usr/bin/sed
ac_cv_path_ac_pt_PKG_CONFIG=/usr/bin/pkg-config
ac_cv_path_install='/usr/bin/install -c'
ac_cv_path_lt_DD=/usr/bin/dd
ac_cv_path_mkdir=/usr/bin/mkdir
ac_cv_prog_AR=/home/nathan/secure-exec/registry/native/c/vendor/wasi-sdk/bin/llvm-ar
ac_cv_prog_AWK=mawk
ac_cv_prog_CC=/home/nathan/secure-exec/registry/native/c/vendor/wasi-sdk/bin/clang
ac_cv_prog_RANLIB=/home/nathan/secure-exec/registry/native/c/vendor/wasi-sdk/bin/llvm-ranlib
ac_cv_prog_STRIP=strip
ac_cv_prog_ac_ct_DLLTOOL=dlltool
ac_cv_prog_ac_ct_DUMPBIN='link -dump'
ac_cv_prog_ac_ct_FILECMD=file
ac_cv_prog_ac_ct_MANIFEST_TOOL=mt
ac_cv_prog_ac_ct_OBJDUMP=objdump
ac_cv_prog_ac_ct_STRIP=strip
ac_cv_prog_cc_c11=
ac_cv_prog_cc_g=yes
ac_cv_prog_cc_stdc=
ac_cv_prog_make_make_set=yes
am_cv_CC_dependencies_compiler_type=gcc3
am_cv_make_support_nested_variables=yes
am_cv_prog_cc_c_o=yes
lt_cv_ar_at_file=@
lt_cv_deplibs_check_method=unknown
lt_cv_file_magic_cmd='$MAGIC_CMD'
lt_cv_file_magic_test_file=
lt_cv_ld_reload_flag=-r
lt_cv_nm_interface='BSD nm'
lt_cv_objdir=.libs
lt_cv_path_LD=/home/linuxbrew/.linuxbrew/bin/ld
lt_cv_path_NM=no
lt_cv_path_mainfest_tool=no
lt_cv_prog_compiler_c_o=yes
lt_cv_prog_compiler_pic='-fPIC -DPIC'
lt_cv_prog_compiler_pic_works=yes
lt_cv_prog_compiler_rtti_exceptions=yes
lt_cv_prog_compiler_static_works=yes
lt_cv_prog_gnu_ld=yes
lt_cv_sharedlib_from_linklib_cmd='printf %s\n'
lt_cv_sys_global_symbol_pipe=
lt_cv_sys_global_symbol_to_c_name_address='/usr/bin/sed -n -e '\''s/^: \(.*\) .*$/  {"\1", (void *) 0},/p'\'' -e '\''s/^[ABCDGIRSTW][ABCDGIRSTW]* .* \(.*\)$/  {"\1", (void *) \&\1},/p'\'''
lt_cv_sys_global_symbol_to_c_name_address_lib_prefix='/usr/bin/sed -n -e '\''s/^: \(.*\) .*$/  {"\1", (void *) 0},/p'\'' -e '\''s/^[ABCDGIRSTW][ABCDGIRSTW]* .* \(lib.*\)$/  {"\1", (void *) \&\1},/p'\'' -e '\''s/^[ABCDGIRSTW][ABCDGIRSTW]* .* \(.*\)$/  {"lib\1", (void *) \&\1},/p'\'''
lt_cv_sys_global_symbol_to_cdecl=
lt_cv_sys_global_symbol_to_import=
lt_cv_sys_max_cmd_len=1572864
lt_cv_to_host_file_cmd=func_convert_file_noop
lt_cv_to_tool_file_cmd=func_convert_file_noop
lt_cv_truncate_bin='/usr/bin/dd bs=4096 count=1'
pkg_cv_FIXESEXT_CFLAGS='-I/home/nathan/secure-exec/experiments/wasm-gui/third_party/wasm-prefix/include '
pkg_cv_FIXESEXT_LIBS='-L/home/nathan/secure-exec/experiments/wasm-gui/third_party/wasm-prefix/lib -lX11 '
xorg_cv_cc_flag__Wall=yes
xorg_cv_cc_flag__Wbad_function_cast=yes
xorg_cv_cc_flag__Wdeclaration_after_statement=yes
xorg_cv_cc_flag__Werror=yes
xorg_cv_cc_flag__Werror_address=yes
xorg_cv_cc_flag__Werror_array_bounds=yes
xorg_cv_cc_flag__Werror_attributes=yes
xorg_cv_cc_flag__Werror_implicit=yes
xorg_cv_cc_flag__Werror_init_self=yes
xorg_cv_cc_flag__Werror_int_to_pointer_cast=yes
xorg_cv_cc_flag__Werror_main=yes
xorg_cv_cc_flag__Werror_missing_braces=yes
xorg_cv_cc_flag__Werror_nonnull=yes
xorg_cv_cc_flag__Werror_pointer_to_int_cast=yes
xorg_cv_cc_flag__Werror_return_type=yes
xorg_cv_cc_flag__Werror_sequence_point=yes
xorg_cv_cc_flag__Werror_trigraphs=yes
xorg_cv_cc_flag__Werror_write_strings=yes
xorg_cv_cc_flag__Wformat_2=yes
xorg_cv_cc_flag__Wlogical_op=no
xorg_cv_cc_flag__Wmissing_declarations=yes
xorg_cv_cc_flag__Wmissing_format_attribute=yes
xorg_cv_cc_flag__Wmissing_noreturn=yes
xorg_cv_cc_flag__Wmissing_prototypes=yes
xorg_cv_cc_flag__Wnested_externs=yes
xorg_cv_cc_flag__Wold_style_definition=yes
xorg_cv_cc_flag__Wpointer_arith=yes
xorg_cv_cc_flag__Wredundant_decls=yes
xorg_cv_cc_flag__Wshadow=yes
xorg_cv_cc_flag__Wstrict_prototypes=yes
xorg_cv_cc_flag__Wuninitialized=yes
xorg_cv_cc_flag__Wunused=yes
xorg_cv_cc_flag__pedantic=yes
xorg_cv_cc_flag_unknown_warning_option=yes
xorg_cv_cc_flag_unused_command_line_argument=yes

## ----------------- ##
## Output variables. ##
## ----------------- ##

ACLOCAL='${SHELL} '\''/home/nathan/secure-exec/experiments/wasm-gui/third_party/libXfixes/missing'\'' aclocal-1.16'
ADMIN_MAN_DIR='$(mandir)/man$(ADMIN_MAN_SUFFIX)'
ADMIN_MAN_SUFFIX='8'
AMDEPBACKSLASH='\'
AMDEP_FALSE='#'
AMDEP_TRUE=''
AMTAR='$${TAR-tar}'
AM_BACKSLASH='\'
AM_DEFAULT_V='$(AM_DEFAULT_VERBOSITY)'
AM_DEFAULT_VERBOSITY='0'
AM_V='$(V)'
APP_MAN_DIR='$(mandir)/man$(APP_MAN_SUFFIX)'
APP_MAN_SUFFIX='1'
AR='/home/nathan/secure-exec/registry/native/c/vendor/wasi-sdk/bin/llvm-ar'
AUTOCONF='${SHELL} '\''/home/nathan/secure-exec/experiments/wasm-gui/third_party/libXfixes/missing'\'' autoconf'
AUTOHEADER='${SHELL} '\''/home/nathan/secure-exec/experiments/wasm-gui/third_party/libXfixes/missing'\'' autoheader'
AUTOMAKE='${SHELL} '\''/home/nathan/secure-exec/experiments/wasm-gui/third_party/libXfixes/missing'\'' automake-1.16'
AWK='mawk'
BASE_CFLAGS=' -Wall -Wpointer-arith -Wmissing-declarations -Wformat=2 -Wstrict-prototypes -Wmissing-prototypes -Wnested-externs -Wbad-function-cast -Wold-style-definition -Wdeclaration-after-statement -Wunused -Wuninitialized -Wshadow -Wmissing-noreturn -Wmissing-format-attribute -Wredundant-decls -Werror=implicit -Werror=nonnull -Werror=init-self -Werror=main -Werror=missing-braces -Werror=sequence-point -Werror=return-type -Werror=trigraphs -Werror=array-bounds -Werror=write-strings -Werror=address -Werror=int-to-pointer-cast -Werror=pointer-to-int-cast'
CC='/home/nathan/secure-exec/registry/native/c/vendor/wasi-sdk/bin/clang'
CCDEPMODE='depmode=gcc3'
CFLAGS='--target=wasm32-wasip1 --sysroot=/home/nathan/secure-exec/registry/native/c/sysroot -O2 -D_WASI_EMULATED_MMAN -D_WASI_EMULATED_PROCESS_CLOCKS -D_GNU_SOURCE -mllvm -wasm-enable-sjlj -Wno-error=implicit-function-declaration -Wno-error=int-conversion -Wno-int-conversion -I/home/nathan/secure-exec/experiments/wasm-gui/toolchain/compat-include -include /home/nathan/secure-exec/experiments/wasm-gui/toolchain/wasi-compat.h'
CHANGELOG_CMD='((GIT_DIR=$(top_srcdir)/.git git log > $(top_srcdir)/.changelog.tmp) 2>/dev/null && mv $(top_srcdir)/.changelog.tmp $(top_srcdir)/ChangeLog) || (rm -f $(top_srcdir)/.changelog.tmp; test -e $(top_srcdir)/ChangeLog || ( touch $(top_srcdir)/ChangeLog; echo '\''git failed to create ChangeLog: installing empty ChangeLog.'\'' >&2))'
CPPFLAGS='--target=wasm32-wasip1 --sysroot=/home/nathan/secure-exec/registry/native/c/sysroot -I/home/nathan/secure-exec/experiments/wasm-gui/third_party/wasm-prefix/include -I/home/nathan/secure-exec/experiments/wasm-gui/toolchain/compat-include -include /home/nathan/secure-exec/experiments/wasm-gui/toolchain/wasi-compat.h'
CSCOPE='cscope'
CTAGS='ctags'
CWARNFLAGS=' -Wall -Wpointer-arith -Wmissing-declarations -Wformat=2 -Wstrict-prototypes -Wmissing-prototypes -Wnested-externs -Wbad-function-cast -Wold-style-definition -Wdeclaration-after-statement -Wunused -Wuninitialized -Wshadow -Wmissing-noreturn -Wmissing-format-attribute -Wredundant-decls -Werror=implicit -Werror=nonnull -Werror=init-self -Werror=main -Werror=missing-braces -Werror=sequence-point -Werror=return-type -Werror=trigraphs -Werror=array-bounds -Werror=write-strings -Werror=address -Werror=int-to-pointer-cast -Werror=pointer-to-int-cast -fno-strict-aliasing'
CYGPATH_W='echo'
DEFS='-DHAVE_CONFIG_H'
DEPDIR='.deps'
DLLTOOL='dlltool'
DRIVER_MAN_DIR='$(mandir)/man$(DRIVER_MAN_SUFFIX)'
DRIVER_MAN_SUFFIX='4'
DSYMUTIL=''
DUMPBIN=':'
ECHO_C=''
ECHO_N='-n'
ECHO_T=''
EGREP='/usr/bin/grep -E'
ETAGS='etags'
EXEEXT=''
FGREP='/usr/bin/grep -F'
FILECMD='file'
FILE_MAN_DIR='$(mandir)/man$(FILE_MAN_SUFFIX)'
FILE_MAN_SUFFIX='5'
FIXESEXT_CFLAGS='-I/home/nathan/secure-exec/experiments/wasm-gui/third_party/wasm-prefix/include '
FIXESEXT_LIBS='-L/home/nathan/secure-exec/experiments/wasm-gui/third_party/wasm-prefix/lib -lX11 '
FIXESEXT_VERSION='6.0'
GREP='/usr/bin/grep'
INSTALL_CMD='(cp -f /home/nathan/secure-exec/experiments/wasm-gui/third_party/wasm-prefix/share/util-macros/INSTALL $(top_srcdir)/.INSTALL.tmp && mv $(top_srcdir)/.INSTALL.tmp $(top_srcdir)/INSTALL) || (rm -f $(top_srcdir)/.INSTALL.tmp; test -e $(top_srcdir)/INSTALL || ( touch $(top_srcdir)/INSTALL; echo '\''failed to copy INSTALL from util-macros: installing empty INSTALL.'\'' >&2))'
INSTALL_DATA='${INSTALL} -m 644'
INSTALL_PROGRAM='${INSTALL}'
INSTALL_SCRIPT='${INSTALL}'
INSTALL_STRIP_PROGRAM='$(install_sh) -c -s'
LD='/home/linuxbrew/.linuxbrew/bin/ld'
LDFLAGS='--target=wasm32-wasip1 --sysroot=/home/nathan/secure-exec/registry/native/c/sysroot -L/home/nathan/secure-exec/experiments/wasm-gui/third_party/wasm-prefix/lib -L/home/nathan/secure-exec/registry/native/c/vendor/wasi-sdk/share/wasi-sysroot/lib/wasm32-wasip1 -lwasi-emulated-mman -lwasi-emulated-process-clocks'
LIBOBJS=''
LIBS=''
LIBTOOL='$(SHELL) $(top_builddir)/libtool'
LIB_MAN_DIR='$(mandir)/man$(LIB_MAN_SUFFIX)'
LIB_MAN_SUFFIX='3'
LIPO=''
LN_S='ln -s'
LTLIBOBJS=''
LT_SYS_LIBRARY_PATH=''
MAKEINFO='${SHELL} '\''/home/nathan/secure-exec/experiments/wasm-gui/third_party/libXfixes/missing'\'' makeinfo'
MANIFEST_TOOL=':'
MAN_SUBSTS='	-e '\''s|__vendorversion__|"$(PACKAGE_STRING)" "$(XORG_MAN_PAGE)"|'\'' 	-e '\''s|__xorgversion__|"$(PACKAGE_STRING)" "$(XORG_MAN_PAGE)"|'\'' 	-e '\''s|__xservername__|Xorg|g'\'' 	-e '\''s|__xconfigfile__|xorg.conf|g'\'' 	-e '\''s|__projectroot__|$(prefix)|g'\'' 	-e '\''s|__apploaddir__|$(appdefaultdir)|g'\'' 	-e '\''s|__appmansuffix__|$(APP_MAN_SUFFIX)|g'\'' 	-e '\''s|__drivermansuffix__|$(DRIVER_MAN_SUFFIX)|g'\'' 	-e '\''s|__adminmansuffix__|$(ADMIN_MAN_SUFFIX)|g'\'' 	-e '\''s|__libmansuffix__|$(LIB_MAN_SUFFIX)|g'\'' 	-e '\''s|__miscmansuffix__|$(MISC_MAN_SUFFIX)|g'\'' 	-e '\''s|__filemansuffix__|$(FILE_MAN_SUFFIX)|g'\'''
MISC_MAN_DIR='$(mandir)/man$(MISC_MAN_SUFFIX)'
MISC_MAN_SUFFIX='7'
MKDIR_P='/usr/bin/mkdir -p'
NM='nm'
NMEDIT=''
OBJDUMP='objdump'
OBJEXT='o'
OTOOL64=''
OTOOL=''
PACKAGE='libXfixes'
PACKAGE_BUGREPORT='https://gitlab.freedesktop.org/xorg/lib/libxfixes/-/issues'
PACKAGE_NAME='libXfixes'
PACKAGE_STRING='libXfixes 6.0.1'
PACKAGE_TARNAME='libXfixes'
PACKAGE_URL=''
PACKAGE_VERSION='6.0.1'
PATH_SEPARATOR=':'
PKG_CONFIG='/usr/bin/pkg-config'
PKG_CONFIG_LIBDIR='/home/nathan/secure-exec/experiments/wasm-gui/third_party/wasm-prefix/lib/pkgconfig:/home/nathan/secure-exec/experiments/wasm-gui/third_party/wasm-prefix/share/pkgconfig'
PKG_CONFIG_PATH=''
RANLIB='/home/nathan/secure-exec/registry/native/c/vendor/wasi-sdk/bin/llvm-ranlib'
SED='/usr/bin/sed'
SET_MAKE=''
SHELL='/bin/bash'
STRICT_CFLAGS=' -pedantic -Werror -Werror=attributes'
STRIP='strip'
VERSION='6.0.1'
XORG_MAN_PAGE='X Version 11'
ac_ct_AR=''
ac_ct_CC=''
ac_ct_DUMPBIN='link -dump'
am__EXEEXT_FALSE=''
am__EXEEXT_TRUE='#'
am__fastdepCC_FALSE='#'
am__fastdepCC_TRUE=''
am__include='include'
am__isrc=''
am__leading_dot='.'
am__nodep='_no'
am__quote=''
am__tar='$${TAR-tar} chof - "$$tardir"'
am__untar='$${TAR-tar} xf -'
bindir='${exec_prefix}/bin'
build='x86_64-pc-linux-gnux32'
build_alias=''
build_cpu='x86_64'
build_os='linux-gnux32'
build_vendor='pc'
datadir='${datarootdir}'
datarootdir='${prefix}/share'
docdir='${datarootdir}/doc/${PACKAGE_TARNAME}'
dvidir='${docdir}'
exec_prefix='${prefix}'
host='wasm32-unknown-wasi'
host_alias='wasm32-wasi'
host_cpu='wasm32'
host_os='wasi'
host_vendor='unknown'
htmldir='${docdir}'
includedir='${prefix}/include'
infodir='${datarootdir}/info'
install_sh='${SHELL} /home/nathan/secure-exec/experiments/wasm-gui/third_party/libXfixes/install-sh'
libdir='${exec_prefix}/lib'
libexecdir='${exec_prefix}/libexec'
localedir='${datarootdir}/locale'
localstatedir='${prefix}/var'
mandir='${datarootdir}/man'
mkdir_p='$(MKDIR_P)'
oldincludedir='/usr/include'
pdfdir='${docdir}'
prefix='/home/nathan/secure-exec/experiments/wasm-gui/third_party/wasm-prefix'
program_transform_name='s,x,x,'
psdir='${docdir}'
runstatedir='${localstatedir}/run'
sbindir='${exec_prefix}/sbin'
sharedstatedir='${prefix}/com'
sysconfdir='${prefix}/etc'
target_alias=''

## ----------- ##
## confdefs.h. ##
## ----------- ##

/* confdefs.h */
#define PACKAGE_NAME "libXfixes"
#define PACKAGE_TARNAME "libXfixes"
#define PACKAGE_VERSION "6.0.1"
#define PACKAGE_STRING "libXfixes 6.0.1"
#define PACKAGE_BUGREPORT "https://gitlab.freedesktop.org/xorg/lib/libxfixes/-/issues"
#define PACKAGE_URL ""
#define PACKAGE "libXfixes"
#define VERSION "6.0.1"
#define HAVE_STDIO_H 1
#define HAVE_STDLIB_H 1
#define HAVE_STRING_H 1
#define HAVE_INTTYPES_H 1
#define HAVE_STDINT_H 1
#define HAVE_STRINGS_H 1
#define HAVE_SYS_STAT_H 1
#define HAVE_SYS_TYPES_H 1
#define HAVE_UNISTD_H 1
#define STDC_HEADERS 1
#define HAVE_DLFCN_H 1
#define LT_OBJDIR ".libs/"
#define PACKAGE_VERSION_MAJOR 6
#define PACKAGE_VERSION_MINOR 0
#define PACKAGE_VERSION_PATCHLEVEL 1

configure: exit 0
