This file contains any messages produced by compilers while
running configure, to aid debugging if configure makes a mistake.

It was created by expat configure 2.6.4, which was
generated by GNU Autoconf 2.71.  Invocation command line was

  $ ./configure --host=wasm32-wasi --prefix=/home/nathan/secure-exec-wasmgui/experiments/wasm-gui/third_party/wasm-prefix --enable-static --disable-shared --without-xmlwf --without-docbook --without-examples --without-tests

## --------- ##
## Platform. ##
## --------- ##

hostname = nathan-dev
uname -m = x86_64
uname -r = 6.1.0-41-amd64
uname -s = Linux
uname -v = #1 SMP PREEMPT_DYNAMIC Debian 6.1.158-1 (2025-11-09)

/usr/bin/uname -p = unknown
/bin/uname -X     = unknown

/bin/arch              = x86_64
/usr/bin/arch -k       = unknown
/usr/convex/getsysinfo = unknown
/usr/bin/hostinfo      = unknown
/bin/machine           = unknown
/usr/bin/oslevel       = unknown
/bin/universe          = unknown

PATH: /home/nathan/misc/bun/bin/
PATH: /home/nathan/.bun/bin/
PATH: /home/nathan/.bun/bin/
PATH: /home/nathan/.bun/bin/
PATH: /home/nathan/.bun/bin/
PATH: /home/nathan/.wasmer/bin/
PATH: /home/nathan/.opencode/bin/
PATH: /home/nathan/.local/bin/
PATH: /home/nathan/.bun/bin/
PATH: /home/nathan/.cargo/bin/
PATH: /home/nathan/.nix-profile/bin/
PATH: /nix/var/nix/profiles/default/bin/
PATH: /home/linuxbrew/.linuxbrew/bin/
PATH: /home/linuxbrew/.linuxbrew/sbin/
PATH: /home/nathan/.local/bin/
PATH: /home/linuxbrew/.linuxbrew/opt/rustup/bin/
PATH: /home/nathan/.local/bin/
PATH: /home/nathan/.atuin/bin/
PATH: /home/nathan/misc/bun/bin/
PATH: /home/nathan/.bun/bin/
PATH: /home/nathan/.bun/bin/
PATH: /home/nathan/.bun/bin/
PATH: /home/nathan/.bun/bin/
PATH: /home/nathan/.wasmer/bin/
PATH: /home/nathan/.deno/bin/
PATH: /home/nathan/.opencode/bin/
PATH: /home/nathan/.local/bin/
PATH: /home/nathan/.bun/bin/
PATH: /home/nathan/.cargo/bin/
PATH: /home/nathan/.nix-profile/bin/
PATH: /nix/var/nix/profiles/default/bin/
PATH: /tmp/pnpm/
PATH: /home/linuxbrew/.linuxbrew/bin/
PATH: /home/linuxbrew/.linuxbrew/sbin/
PATH: /home/nathan/.nvm/versions/node/v24.13.0/bin/
PATH: /home/nathan/.nix-profile/bin/
PATH: /nix/var/nix/profiles/default/bin/
PATH: /usr/local/bin/
PATH: /usr/bin/
PATH: /bin/
PATH: /usr/local/games/
PATH: /usr/games/


## ----------- ##
## Core tests. ##
## ----------- ##

configure:3087: looking for aux files: ltmain.sh compile ar-lib missing install-sh config.guess config.sub
configure:3100:  trying ./conftools/
configure:3129:   ./conftools/ltmain.sh found
configure:3129:   ./conftools/compile found
configure:3129:   ./conftools/ar-lib found
configure:3129:   ./conftools/missing found
configure:3111:   ./conftools/install-sh found
configure:3129:   ./conftools/config.guess found
configure:3129:   ./conftools/config.sub found
configure:3252: checking build system type
configure:3267: result: x86_64-pc-linux-gnux32
configure:3287: checking host system type
configure:3301: result: wasm32-unknown-wasi
configure:3338: checking for a BSD-compatible install
configure:3411: result: /usr/bin/install -c
configure:3422: checking whether build environment is sane
configure:3477: result: yes
configure:3533: checking for wasm32-wasi-strip
configure:3568: result: no
configure:3578: checking for strip
configure:3599: found /home/linuxbrew/.linuxbrew/bin/strip
configure:3610: result: strip
configure:3636: checking for a race-free mkdir -p
configure:3680: result: /usr/bin/mkdir -p
configure:3687: checking for gawk
configure:3722: result: no
configure:3687: checking for mawk
configure:3708: found /usr/bin/mawk
configure:3719: result: mawk
configure:3730: checking whether make sets $(MAKE)
configure:3753: result: yes
configure:3783: checking whether make supports nested variables
configure:3801: result: yes
configure:3938: checking whether to enable maintainer-specific portions of Makefiles
configure:3948: result: yes
configure:3986: checking whether make supports the include directive
configure:4001: make -f confmf.GNU && cat confinc.out
this is the am__doit target
configure:4004: $? = 0
configure:4023: result: yes (GNU style)
configure:4054: checking for wasm32-wasi-gcc
configure:4086: result: /home/nathan/secure-exec/registry/native/c/vendor/wasi-sdk/bin/clang
configure:4484: checking for C compiler version
configure:4493: /home/nathan/secure-exec/registry/native/c/vendor/wasi-sdk/bin/clang --version >&5
clang version 19.1.5-wasi-sdk (https://github.com/llvm/llvm-project ab4b5a2db582958af1ee308a790cfdb42bd24720)
Target: wasm32-unknown-wasi
Thread model: posix
InstalledDir: /home/nathan/secure-exec/registry/native/c/vendor/wasi-sdk/bin
configure:4504: $? = 0
configure:4493: /home/nathan/secure-exec/registry/native/c/vendor/wasi-sdk/bin/clang -v >&5
clang version 19.1.5-wasi-sdk (https://github.com/llvm/llvm-project ab4b5a2db582958af1ee308a790cfdb42bd24720)
Target: wasm32-unknown-wasi
Thread model: posix
InstalledDir: /home/nathan/secure-exec/registry/native/c/vendor/wasi-sdk/bin
configure:4504: $? = 0
configure:4493: /home/nathan/secure-exec/registry/native/c/vendor/wasi-sdk/bin/clang -V >&5
clang: error: argument to '-V' is missing (expected 1 value)
clang: error: no input files
configure:4504: $? = 1
configure:4493: /home/nathan/secure-exec/registry/native/c/vendor/wasi-sdk/bin/clang -qversion >&5
clang: error: unknown argument '-qversion'; did you mean '--version'?
clang: error: no input files
configure:4504: $? = 1
configure:4493: /home/nathan/secure-exec/registry/native/c/vendor/wasi-sdk/bin/clang -version >&5
clang: error: unknown argument '-version'; did you mean '--version'?
clang: error: no input files
configure:4504: $? = 1
configure:4524: checking whether the C compiler works
configure:4546: /home/nathan/secure-exec/registry/native/c/vendor/wasi-sdk/bin/clang --target=wasm32-wasip1 --sysroot=/home/nathan/secure-exec/registry/native/c/sysroot -O2 -D_WASI_EMULATED_MMAN -D_WASI_EMULATED_PROCESS_CLOCKS -D_GNU_SOURCE -mllvm -wasm-enable-sjlj -Wno-error=implicit-function-declaration -Wno-error=int-conversion -Wno-int-conversion -I/home/nathan/secure-exec-wasmgui/experiments/wasm-gui/toolchain/compat-include -include /home/nathan/secure-exec-wasmgui/experiments/wasm-gui/toolchain/wasi-compat.h --target=wasm32-wasip1 --sysroot=/home/nathan/secure-exec/registry/native/c/sysroot -I/home/nathan/secure-exec-wasmgui/experiments/wasm-gui/third_party/wasm-prefix/include -I/home/nathan/secure-exec-wasmgui/experiments/wasm-gui/toolchain/compat-include -include /home/nathan/secure-exec-wasmgui/experiments/wasm-gui/toolchain/wasi-compat.h --target=wasm32-wasip1 --sysroot=/home/nathan/secure-exec/registry/native/c/sysroot -L/home/nathan/secure-exec-wasmgui/experiments/wasm-gui/third_party/wasm-prefix/lib -L/home/nathan/secure-exec/registry/native/c/vendor/wasi-sdk/share/wasi-sysroot/lib/wasm32-wasip1 -lwasi-emulated-mman -lwasi-emulated-process-clocks conftest.c  >&5
configure:4550: $? = 0
configure:4600: result: yes
configure:4603: checking for C compiler default output file name
configure:4605: result: a.out
configure:4611: checking for suffix of executables
configure:4618: /home/nathan/secure-exec/registry/native/c/vendor/wasi-sdk/bin/clang -o conftest --target=wasm32-wasip1 --sysroot=/home/nathan/secure-exec/registry/native/c/sysroot -O2 -D_WASI_EMULATED_MMAN -D_WASI_EMULATED_PROCESS_CLOCKS -D_GNU_SOURCE -mllvm -wasm-enable-sjlj -Wno-error=implicit-function-declaration -Wno-error=int-conversion -Wno-int-conversion -I/home/nathan/secure-exec-wasmgui/experiments/wasm-gui/toolchain/compat-include -include /home/nathan/secure-exec-wasmgui/experiments/wasm-gui/toolchain/wasi-compat.h --target=wasm32-wasip1 --sysroot=/home/nathan/secure-exec/registry/native/c/sysroot -I/home/nathan/secure-exec-wasmgui/experiments/wasm-gui/third_party/wasm-prefix/include -I/home/nathan/secure-exec-wasmgui/experiments/wasm-gui/toolchain/compat-include -include /home/nathan/secure-exec-wasmgui/experiments/wasm-gui/toolchain/wasi-compat.h --target=wasm32-wasip1 --sysroot=/home/nathan/secure-exec/registry/native/c/sysroot -L/home/nathan/secure-exec-wasmgui/experiments/wasm-gui/third_party/wasm-prefix/lib -L/home/nathan/secure-exec/registry/native/c/vendor/wasi-sdk/share/wasi-sysroot/lib/wasm32-wasip1 -lwasi-emulated-mman -lwasi-emulated-process-clocks conftest.c  >&5
configure:4622: $? = 0
configure:4645: result: 
configure:4667: checking whether we are cross compiling
configure:4675: /home/nathan/secure-exec/registry/native/c/vendor/wasi-sdk/bin/clang -o conftest --target=wasm32-wasip1 --sysroot=/home/nathan/secure-exec/registry/native/c/sysroot -O2 -D_WASI_EMULATED_MMAN -D_WASI_EMULATED_PROCESS_CLOCKS -D_GNU_SOURCE -mllvm -wasm-enable-sjlj -Wno-error=implicit-function-declaration -Wno-error=int-conversion -Wno-int-conversion -I/home/nathan/secure-exec-wasmgui/experiments/wasm-gui/toolchain/compat-include -include /home/nathan/secure-exec-wasmgui/experiments/wasm-gui/toolchain/wasi-compat.h --target=wasm32-wasip1 --sysroot=/home/nathan/secure-exec/registry/native/c/sysroot -I/home/nathan/secure-exec-wasmgui/experiments/wasm-gui/third_party/wasm-prefix/include -I/home/nathan/secure-exec-wasmgui/experiments/wasm-gui/toolchain/compat-include -include /home/nathan/secure-exec-wasmgui/experiments/wasm-gui/toolchain/wasi-compat.h --target=wasm32-wasip1 --sysroot=/home/nathan/secure-exec/registry/native/c/sysroot -L/home/nathan/secure-exec-wasmgui/experiments/wasm-gui/third_party/wasm-prefix/lib -L/home/nathan/secure-exec/registry/native/c/vendor/wasi-sdk/share/wasi-sysroot/lib/wasm32-wasip1 -lwasi-emulated-mman -lwasi-emulated-process-clocks conftest.c  >&5
configure:4679: $? = 0
configure:4686: ./conftest
./configure: line 4688: ./conftest: cannot execute binary file: Exec format error
configure:4690: $? = 126
configure:4705: result: yes
configure:4710: checking for suffix of object files
configure:4733: /home/nathan/secure-exec/registry/native/c/vendor/wasi-sdk/bin/clang -c --target=wasm32-wasip1 --sysroot=/home/nathan/secure-exec/registry/native/c/sysroot -O2 -D_WASI_EMULATED_MMAN -D_WASI_EMULATED_PROCESS_CLOCKS -D_GNU_SOURCE -mllvm -wasm-enable-sjlj -Wno-error=implicit-function-declaration -Wno-error=int-conversion -Wno-int-conversion -I/home/nathan/secure-exec-wasmgui/experiments/wasm-gui/toolchain/compat-include -include /home/nathan/secure-exec-wasmgui/experiments/wasm-gui/toolchain/wasi-compat.h --target=wasm32-wasip1 --sysroot=/home/nathan/secure-exec/registry/native/c/sysroot -I/home/nathan/secure-exec-wasmgui/experiments/wasm-gui/third_party/wasm-prefix/include -I/home/nathan/secure-exec-wasmgui/experiments/wasm-gui/toolchain/compat-include -include /home/nathan/secure-exec-wasmgui/experiments/wasm-gui/toolchain/wasi-compat.h conftest.c >&5
configure:4737: $? = 0
configure:4759: result: o
configure:4763: checking whether the compiler supports GNU C
configure:4783: /home/nathan/secure-exec/registry/native/c/vendor/wasi-sdk/bin/clang -c --target=wasm32-wasip1 --sysroot=/home/nathan/secure-exec/registry/native/c/sysroot -O2 -D_WASI_EMULATED_MMAN -D_WASI_EMULATED_PROCESS_CLOCKS -D_GNU_SOURCE -mllvm -wasm-enable-sjlj -Wno-error=implicit-function-declaration -Wno-error=int-conversion -Wno-int-conversion -I/home/nathan/secure-exec-wasmgui/experiments/wasm-gui/toolchain/compat-include -include /home/nathan/secure-exec-wasmgui/experiments/wasm-gui/toolchain/wasi-compat.h --target=wasm32-wasip1 --sysroot=/home/nathan/secure-exec/registry/native/c/sysroot -I/home/nathan/secure-exec-wasmgui/experiments/wasm-gui/third_party/wasm-prefix/include -I/home/nathan/secure-exec-wasmgui/experiments/wasm-gui/toolchain/compat-include -include /home/nathan/secure-exec-wasmgui/experiments/wasm-gui/toolchain/wasi-compat.h conftest.c >&5
configure:4783: $? = 0
configure:4793: result: yes
configure:4804: checking whether /home/nathan/secure-exec/registry/native/c/vendor/wasi-sdk/bin/clang accepts -g
configure:4825: /home/nathan/secure-exec/registry/native/c/vendor/wasi-sdk/bin/clang -c -g --target=wasm32-wasip1 --sysroot=/home/nathan/secure-exec/registry/native/c/sysroot -I/home/nathan/secure-exec-wasmgui/experiments/wasm-gui/third_party/wasm-prefix/include -I/home/nathan/secure-exec-wasmgui/experiments/wasm-gui/toolchain/compat-include -include /home/nathan/secure-exec-wasmgui/experiments/wasm-gui/toolchain/wasi-compat.h conftest.c >&5
configure:4825: $? = 0
configure:4869: result: yes
configure:4889: checking for /home/nathan/secure-exec/registry/native/c/vendor/wasi-sdk/bin/clang option to enable C11 features
configure:4904: /home/nathan/secure-exec/registry/native/c/vendor/wasi-sdk/bin/clang  -c --target=wasm32-wasip1 --sysroot=/home/nathan/secure-exec/registry/native/c/sysroot -O2 -D_WASI_EMULATED_MMAN -D_WASI_EMULATED_PROCESS_CLOCKS -D_GNU_SOURCE -mllvm -wasm-enable-sjlj -Wno-error=implicit-function-declaration -Wno-error=int-conversion -Wno-int-conversion -I/home/nathan/secure-exec-wasmgui/experiments/wasm-gui/toolchain/compat-include -include /home/nathan/secure-exec-wasmgui/experiments/wasm-gui/toolchain/wasi-compat.h --target=wasm32-wasip1 --sysroot=/home/nathan/secure-exec/registry/native/c/sysroot -I/home/nathan/secure-exec-wasmgui/experiments/wasm-gui/third_party/wasm-prefix/include -I/home/nathan/secure-exec-wasmgui/experiments/wasm-gui/toolchain/compat-include -include /home/nathan/secure-exec-wasmgui/experiments/wasm-gui/toolchain/wasi-compat.h conftest.c >&5
configure:4904: $? = 0
configure:4922: result: none needed
configure:5038: checking whether /home/nathan/secure-exec/registry/native/c/vendor/wasi-sdk/bin/clang understands -c and -o together
configure:5061: /home/nathan/secure-exec/registry/native/c/vendor/wasi-sdk/bin/clang -c conftest.c -o conftest2.o
configure:5064: $? = 0
configure:5061: /home/nathan/secure-exec/registry/native/c/vendor/wasi-sdk/bin/clang -c conftest.c -o conftest2.o
configure:5064: $? = 0
configure:5076: result: yes
configure:5095: checking dependency style of /home/nathan/secure-exec/registry/native/c/vendor/wasi-sdk/bin/clang
configure:5207: result: gcc3
configure:5229: checking for wasm32-wasi-ar
configure:5261: result: /home/nathan/secure-exec/registry/native/c/vendor/wasi-sdk/bin/llvm-ar
configure:5336: checking the archiver (/home/nathan/secure-exec/registry/native/c/vendor/wasi-sdk/bin/llvm-ar) interface
configure:5353: /home/nathan/secure-exec/registry/native/c/vendor/wasi-sdk/bin/clang -c --target=wasm32-wasip1 --sysroot=/home/nathan/secure-exec/registry/native/c/sysroot -O2 -D_WASI_EMULATED_MMAN -D_WASI_EMULATED_PROCESS_CLOCKS -D_GNU_SOURCE -mllvm -wasm-enable-sjlj -Wno-error=implicit-function-declaration -Wno-error=int-conversion -Wno-int-conversion -I/home/nathan/secure-exec-wasmgui/experiments/wasm-gui/toolchain/compat-include -include /home/nathan/secure-exec-wasmgui/experiments/wasm-gui/toolchain/wasi-compat.h --target=wasm32-wasip1 --sysroot=/home/nathan/secure-exec/registry/native/c/sysroot -I/home/nathan/secure-exec-wasmgui/experiments/wasm-gui/third_party/wasm-prefix/include -I/home/nathan/secure-exec-wasmgui/experiments/wasm-gui/toolchain/compat-include -include /home/nathan/secure-exec-wasmgui/experiments/wasm-gui/toolchain/wasi-compat.h conftest.c >&5
configure:5353: $? = 0
configure:5356: /home/nathan/secure-exec/registry/native/c/vendor/wasi-sdk/bin/llvm-ar cru libconftest.a conftest.o >&5
configure:5359: $? = 0
configure:5387: result: ar
configure:5408: checking whether ln -s works
configure:5412: result: yes
configure:5419: checking whether make sets $(MAKE)
configure:5442: result: yes
configure:5500: checking how to print strings
configure:5527: result: printf
configure:5548: checking for a sed that does not truncate output
configure:5618: result: /usr/bin/sed
configure:5636: checking for grep that handles long lines and -e
configure:5700: result: /usr/bin/grep
configure:5705: checking for egrep
configure:5773: result: /usr/bin/grep -E
configure:5778: checking for fgrep
configure:5846: result: /usr/bin/grep -F
configure:5882: checking for ld used by /home/nathan/secure-exec/registry/native/c/vendor/wasi-sdk/bin/clang
configure:5950: result: /home/linuxbrew/.linuxbrew/bin/ld
configure:5957: checking if the linker (/home/linuxbrew/.linuxbrew/bin/ld) is GNU ld
configure:5973: result: yes
configure:5985: checking for BSD- or MS-compatible name lister (nm)
configure:6040: result: no
configure:6054: checking for wasm32-wasi-dumpbin
configure:6089: result: no
configure:6054: checking for wasm32-wasi-link
configure:6089: result: no
configure:6103: checking for dumpbin
configure:6138: result: no
configure:6103: checking for link
configure:6124: found /usr/bin/link
configure:6135: result: link -dump
configure:6151: WARNING: using cross tools not prefixed with host triplet
configure:6180: checking the name lister (nm) interface
configure:6188: /home/nathan/secure-exec/registry/native/c/vendor/wasi-sdk/bin/clang -c --target=wasm32-wasip1 --sysroot=/home/nathan/secure-exec/registry/native/c/sysroot -O2 -D_WASI_EMULATED_MMAN -D_WASI_EMULATED_PROCESS_CLOCKS -D_GNU_SOURCE -mllvm -wasm-enable-sjlj -Wno-error=implicit-function-declaration -Wno-error=int-conversion -Wno-int-conversion -I/home/nathan/secure-exec-wasmgui/experiments/wasm-gui/toolchain/compat-include -include /home/nathan/secure-exec-wasmgui/experiments/wasm-gui/toolchain/wasi-compat.h --target=wasm32-wasip1 --sysroot=/home/nathan/secure-exec/registry/native/c/sysroot -I/home/nathan/secure-exec-wasmgui/experiments/wasm-gui/third_party/wasm-prefix/include -I/home/nathan/secure-exec-wasmgui/experiments/wasm-gui/toolchain/compat-include -include /home/nathan/secure-exec-wasmgui/experiments/wasm-gui/toolchain/wasi-compat.h conftest.c >&5
configure:6191: nm "conftest.o"
nm: conftest.o: file format not recognized
configure:6194: output
configure:6201: result: BSD nm
configure:6205: checking the maximum length of command line arguments
configure:6337: result: 1572864
configure:6385: checking how to convert x86_64-pc-linux-gnux32 file names to wasm32-unknown-wasi format
configure:6426: result: func_convert_file_noop
configure:6433: checking how to convert x86_64-pc-linux-gnux32 file names to toolchain format
configure:6454: result: func_convert_file_noop
configure:6461: checking for /home/linuxbrew/.linuxbrew/bin/ld option to reload object files
configure:6469: result: -r
configure:6502: checking for file
configure:6523: found /usr/bin/file
configure:6535: result: file
configure:6552: checking for wasm32-wasi-objdump
configure:6587: result: no
configure:6597: checking for objdump
configure:6618: found /home/linuxbrew/.linuxbrew/bin/objdump
configure:6629: result: objdump
configure:6658: checking how to recognize dependent libraries
configure:6858: result: unknown
configure:6903: checking for wasm32-wasi-dlltool
configure:6938: result: no
configure:6948: checking for dlltool
configure:6969: found /home/linuxbrew/.linuxbrew/bin/dlltool
configure:6980: result: dlltool
configure:7010: checking how to associate runtime and link libraries
configure:7038: result: printf %s\n
configure:7052: checking for wasm32-wasi-ranlib
configure:7084: result: /home/nathan/secure-exec/registry/native/c/vendor/wasi-sdk/bin/llvm-ranlib
configure:7156: checking for wasm32-wasi-ar
configure:7188: result: /home/nathan/secure-exec/registry/native/c/vendor/wasi-sdk/bin/llvm-ar
configure:7290: checking for archiver @FILE support
configure:7308: /home/nathan/secure-exec/registry/native/c/vendor/wasi-sdk/bin/clang -c --target=wasm32-wasip1 --sysroot=/home/nathan/secure-exec/registry/native/c/sysroot -O2 -D_WASI_EMULATED_MMAN -D_WASI_EMULATED_PROCESS_CLOCKS -D_GNU_SOURCE -mllvm -wasm-enable-sjlj -Wno-error=implicit-function-declaration -Wno-error=int-conversion -Wno-int-conversion -I/home/nathan/secure-exec-wasmgui/experiments/wasm-gui/toolchain/compat-include -include /home/nathan/secure-exec-wasmgui/experiments/wasm-gui/toolchain/wasi-compat.h --target=wasm32-wasip1 --sysroot=/home/nathan/secure-exec/registry/native/c/sysroot -I/home/nathan/secure-exec-wasmgui/experiments/wasm-gui/third_party/wasm-prefix/include -I/home/nathan/secure-exec-wasmgui/experiments/wasm-gui/toolchain/compat-include -include /home/nathan/secure-exec-wasmgui/experiments/wasm-gui/toolchain/wasi-compat.h conftest.c >&5
configure:7308: $? = 0
configure:7312: /home/nathan/secure-exec/registry/native/c/vendor/wasi-sdk/bin/llvm-ar cr libconftest.a @conftest.lst >&5
configure:7315: $? = 0
configure:7320: /home/nathan/secure-exec/registry/native/c/vendor/wasi-sdk/bin/llvm-ar cr libconftest.a @conftest.lst >&5
/home/nathan/secure-exec/registry/native/c/vendor/wasi-sdk/bin/llvm-ar: error: conftest.o: No such file or directory
configure:7323: $? = 1
configure:7335: result: @
configure:7353: checking for wasm32-wasi-strip
configure:7385: result: strip
configure:7533: checking command to parse nm output from /home/nathan/secure-exec/registry/native/c/vendor/wasi-sdk/bin/clang object
configure:7687: /home/nathan/secure-exec/registry/native/c/vendor/wasi-sdk/bin/clang -c --target=wasm32-wasip1 --sysroot=/home/nathan/secure-exec/registry/native/c/sysroot -O2 -D_WASI_EMULATED_MMAN -D_WASI_EMULATED_PROCESS_CLOCKS -D_GNU_SOURCE -mllvm -wasm-enable-sjlj -Wno-error=implicit-function-declaration -Wno-error=int-conversion -Wno-int-conversion -I/home/nathan/secure-exec-wasmgui/experiments/wasm-gui/toolchain/compat-include -include /home/nathan/secure-exec-wasmgui/experiments/wasm-gui/toolchain/wasi-compat.h --target=wasm32-wasip1 --sysroot=/home/nathan/secure-exec/registry/native/c/sysroot -I/home/nathan/secure-exec-wasmgui/experiments/wasm-gui/third_party/wasm-prefix/include -I/home/nathan/secure-exec-wasmgui/experiments/wasm-gui/toolchain/compat-include -include /home/nathan/secure-exec-wasmgui/experiments/wasm-gui/toolchain/wasi-compat.h conftest.c >&5
configure:7690: $? = 0
configure:7694: nm conftest.o \| /usr/bin/sed -n -e 's/^.*[ ]\([ABCDGIRSTW][ABCDGIRSTW]*\)[ ][ ]*\([_A-Za-z][_A-Za-z0-9]*\)$/\1 \2 \2/p' | /usr/bin/sed '/ __gnu_lto/d' \> conftest.nm
nm: conftest.o: file format not recognized
configure:7697: $? = 0
cannot run /usr/bin/sed -n -e 's/^.*[	 ]\([ABCDGIRSTW][ABCDGIRSTW]*\)[	 ][	 ]*\([_A-Za-z][_A-Za-z0-9]*\)$/\1 \2 \2/p' | /usr/bin/sed '/ __gnu_lto/d'
configure:7687: /home/nathan/secure-exec/registry/native/c/vendor/wasi-sdk/bin/clang -c --target=wasm32-wasip1 --sysroot=/home/nathan/secure-exec/registry/native/c/sysroot -O2 -D_WASI_EMULATED_MMAN -D_WASI_EMULATED_PROCESS_CLOCKS -D_GNU_SOURCE -mllvm -wasm-enable-sjlj -Wno-error=implicit-function-declaration -Wno-error=int-conversion -Wno-int-conversion -I/home/nathan/secure-exec-wasmgui/experiments/wasm-gui/toolchain/compat-include -include /home/nathan/secure-exec-wasmgui/experiments/wasm-gui/toolchain/wasi-compat.h --target=wasm32-wasip1 --sysroot=/home/nathan/secure-exec/registry/native/c/sysroot -I/home/nathan/secure-exec-wasmgui/experiments/wasm-gui/third_party/wasm-prefix/include -I/home/nathan/secure-exec-wasmgui/experiments/wasm-gui/toolchain/compat-include -include /home/nathan/secure-exec-wasmgui/experiments/wasm-gui/toolchain/wasi-compat.h conftest.c >&5
configure:7690: $? = 0
configure:7694: nm conftest.o \| /usr/bin/sed -n -e 's/^.*[ ]\([ABCDGIRSTW][ABCDGIRSTW]*\)[ ][ ]*_\([_A-Za-z][_A-Za-z0-9]*\)$/\1 _\2 \2/p' | /usr/bin/sed '/ __gnu_lto/d' \> conftest.nm
nm: conftest.o: file format not recognized
configure:7697: $? = 0
cannot run /usr/bin/sed -n -e 's/^.*[	 ]\([ABCDGIRSTW][ABCDGIRSTW]*\)[	 ][	 ]*_\([_A-Za-z][_A-Za-z0-9]*\)$/\1 _\2 \2/p' | /usr/bin/sed '/ __gnu_lto/d'
configure:7801: result: failed
configure:7851: checking for sysroot
configure:7884: result: no
configure:7891: checking for a working dd
configure:7935: result: /usr/bin/dd
configure:7939: checking how to truncate binary pipes
configure:7955: result: /usr/bin/dd bs=4096 count=1
configure:8247: checking for wasm32-wasi-mt
configure:8282: result: no
configure:8292: checking for mt
configure:8313: found /usr/bin/mt
configure:8324: result: mt
configure:8347: checking if mt is a manifest tool
configure:8354: mt '-?'
configure:8362: result: no
configure:9128: checking for stdio.h
configure:9128: /home/nathan/secure-exec/registry/native/c/vendor/wasi-sdk/bin/clang -c --target=wasm32-wasip1 --sysroot=/home/nathan/secure-exec/registry/native/c/sysroot -O2 -D_WASI_EMULATED_MMAN -D_WASI_EMULATED_PROCESS_CLOCKS -D_GNU_SOURCE -mllvm -wasm-enable-sjlj -Wno-error=implicit-function-declaration -Wno-error=int-conversion -Wno-int-conversion -I/home/nathan/secure-exec-wasmgui/experiments/wasm-gui/toolchain/compat-include -include /home/nathan/secure-exec-wasmgui/experiments/wasm-gui/toolchain/wasi-compat.h --target=wasm32-wasip1 --sysroot=/home/nathan/secure-exec/registry/native/c/sysroot -I/home/nathan/secure-exec-wasmgui/experiments/wasm-gui/third_party/wasm-prefix/include -I/home/nathan/secure-exec-wasmgui/experiments/wasm-gui/toolchain/compat-include -include /home/nathan/secure-exec-wasmgui/experiments/wasm-gui/toolchain/wasi-compat.h conftest.c >&5
configure:9128: $? = 0
configure:9128: result: yes
configure:9128: checking for stdlib.h
configure:9128: /home/nathan/secure-exec/registry/native/c/vendor/wasi-sdk/bin/clang -c --target=wasm32-wasip1 --sysroot=/home/nathan/secure-exec/registry/native/c/sysroot -O2 -D_WASI_EMULATED_MMAN -D_WASI_EMULATED_PROCESS_CLOCKS -D_GNU_SOURCE -mllvm -wasm-enable-sjlj -Wno-error=implicit-function-declaration -Wno-error=int-conversion -Wno-int-conversion -I/home/nathan/secure-exec-wasmgui/experiments/wasm-gui/toolchain/compat-include -include /home/nathan/secure-exec-wasmgui/experiments/wasm-gui/toolchain/wasi-compat.h --target=wasm32-wasip1 --sysroot=/home/nathan/secure-exec/registry/native/c/sysroot -I/home/nathan/secure-exec-wasmgui/experiments/wasm-gui/third_party/wasm-prefix/include -I/home/nathan/secure-exec-wasmgui/experiments/wasm-gui/toolchain/compat-include -include /home/nathan/secure-exec-wasmgui/experiments/wasm-gui/toolchain/wasi-compat.h conftest.c >&5
configure:9128: $? = 0
configure:9128: result: yes
configure:9128: checking for string.h
configure:9128: /home/nathan/secure-exec/registry/native/c/vendor/wasi-sdk/bin/clang -c --target=wasm32-wasip1 --sysroot=/home/nathan/secure-exec/registry/native/c/sysroot -O2 -D_WASI_EMULATED_MMAN -D_WASI_EMULATED_PROCESS_CLOCKS -D_GNU_SOURCE -mllvm -wasm-enable-sjlj -Wno-error=implicit-function-declaration -Wno-error=int-conversion -Wno-int-conversion -I/home/nathan/secure-exec-wasmgui/experiments/wasm-gui/toolchain/compat-include -include /home/nathan/secure-exec-wasmgui/experiments/wasm-gui/toolchain/wasi-compat.h --target=wasm32-wasip1 --sysroot=/home/nathan/secure-exec/registry/native/c/sysroot -I/home/nathan/secure-exec-wasmgui/experiments/wasm-gui/third_party/wasm-prefix/include -I/home/nathan/secure-exec-wasmgui/experiments/wasm-gui/toolchain/compat-include -include /home/nathan/secure-exec-wasmgui/experiments/wasm-gui/toolchain/wasi-compat.h conftest.c >&5
configure:9128: $? = 0
configure:9128: result: yes
configure:9128: checking for inttypes.h
configure:9128: /home/nathan/secure-exec/registry/native/c/vendor/wasi-sdk/bin/clang -c --target=wasm32-wasip1 --sysroot=/home/nathan/secure-exec/registry/native/c/sysroot -O2 -D_WASI_EMULATED_MMAN -D_WASI_EMULATED_PROCESS_CLOCKS -D_GNU_SOURCE -mllvm -wasm-enable-sjlj -Wno-error=implicit-function-declaration -Wno-error=int-conversion -Wno-int-conversion -I/home/nathan/secure-exec-wasmgui/experiments/wasm-gui/toolchain/compat-include -include /home/nathan/secure-exec-wasmgui/experiments/wasm-gui/toolchain/wasi-compat.h --target=wasm32-wasip1 --sysroot=/home/nathan/secure-exec/registry/native/c/sysroot -I/home/nathan/secure-exec-wasmgui/experiments/wasm-gui/third_party/wasm-prefix/include -I/home/nathan/secure-exec-wasmgui/experiments/wasm-gui/toolchain/compat-include -include /home/nathan/secure-exec-wasmgui/experiments/wasm-gui/toolchain/wasi-compat.h conftest.c >&5
configure:9128: $? = 0
configure:9128: result: yes
configure:9128: checking for stdint.h
configure:9128: /home/nathan/secure-exec/registry/native/c/vendor/wasi-sdk/bin/clang -c --target=wasm32-wasip1 --sysroot=/home/nathan/secure-exec/registry/native/c/sysroot -O2 -D_WASI_EMULATED_MMAN -D_WASI_EMULATED_PROCESS_CLOCKS -D_GNU_SOURCE -mllvm -wasm-enable-sjlj -Wno-error=implicit-function-declaration -Wno-error=int-conversion -Wno-int-conversion -I/home/nathan/secure-exec-wasmgui/experiments/wasm-gui/toolchain/compat-include -include /home/nathan/secure-exec-wasmgui/experiments/wasm-gui/toolchain/wasi-compat.h --target=wasm32-wasip1 --sysroot=/home/nathan/secure-exec/registry/native/c/sysroot -I/home/nathan/secure-exec-wasmgui/experiments/wasm-gui/third_party/wasm-prefix/include -I/home/nathan/secure-exec-wasmgui/experiments/wasm-gui/toolchain/compat-include -include /home/nathan/secure-exec-wasmgui/experiments/wasm-gui/toolchain/wasi-compat.h conftest.c >&5
configure:9128: $? = 0
configure:9128: result: yes
configure:9128: checking for strings.h
configure:9128: /home/nathan/secure-exec/registry/native/c/vendor/wasi-sdk/bin/clang -c --target=wasm32-wasip1 --sysroot=/home/nathan/secure-exec/registry/native/c/sysroot -O2 -D_WASI_EMULATED_MMAN -D_WASI_EMULATED_PROCESS_CLOCKS -D_GNU_SOURCE -mllvm -wasm-enable-sjlj -Wno-error=implicit-function-declaration -Wno-error=int-conversion -Wno-int-conversion -I/home/nathan/secure-exec-wasmgui/experiments/wasm-gui/toolchain/compat-include -include /home/nathan/secure-exec-wasmgui/experiments/wasm-gui/toolchain/wasi-compat.h --target=wasm32-wasip1 --sysroot=/home/nathan/secure-exec/registry/native/c/sysroot -I/home/nathan/secure-exec-wasmgui/experiments/wasm-gui/third_party/wasm-prefix/include -I/home/nathan/secure-exec-wasmgui/experiments/wasm-gui/toolchain/compat-include -include /home/nathan/secure-exec-wasmgui/experiments/wasm-gui/toolchain/wasi-compat.h conftest.c >&5
configure:9128: $? = 0
configure:9128: result: yes
configure:9128: checking for sys/stat.h
configure:9128: /home/nathan/secure-exec/registry/native/c/vendor/wasi-sdk/bin/clang -c --target=wasm32-wasip1 --sysroot=/home/nathan/secure-exec/registry/native/c/sysroot -O2 -D_WASI_EMULATED_MMAN -D_WASI_EMULATED_PROCESS_CLOCKS -D_GNU_SOURCE -mllvm -wasm-enable-sjlj -Wno-error=implicit-function-declaration -Wno-error=int-conversion -Wno-int-conversion -I/home/nathan/secure-exec-wasmgui/experiments/wasm-gui/toolchain/compat-include -include /home/nathan/secure-exec-wasmgui/experiments/wasm-gui/toolchain/wasi-compat.h --target=wasm32-wasip1 --sysroot=/home/nathan/secure-exec/registry/native/c/sysroot -I/home/nathan/secure-exec-wasmgui/experiments/wasm-gui/third_party/wasm-prefix/include -I/home/nathan/secure-exec-wasmgui/experiments/wasm-gui/toolchain/compat-include -include /home/nathan/secure-exec-wasmgui/experiments/wasm-gui/toolchain/wasi-compat.h conftest.c >&5
configure:9128: $? = 0
configure:9128: result: yes
configure:9128: checking for sys/types.h
configure:9128: /home/nathan/secure-exec/registry/native/c/vendor/wasi-sdk/bin/clang -c --target=wasm32-wasip1 --sysroot=/home/nathan/secure-exec/registry/native/c/sysroot -O2 -D_WASI_EMULATED_MMAN -D_WASI_EMULATED_PROCESS_CLOCKS -D_GNU_SOURCE -mllvm -wasm-enable-sjlj -Wno-error=implicit-function-declaration -Wno-error=int-conversion -Wno-int-conversion -I/home/nathan/secure-exec-wasmgui/experiments/wasm-gui/toolchain/compat-include -include /home/nathan/secure-exec-wasmgui/experiments/wasm-gui/toolchain/wasi-compat.h --target=wasm32-wasip1 --sysroot=/home/nathan/secure-exec/registry/native/c/sysroot -I/home/nathan/secure-exec-wasmgui/experiments/wasm-gui/third_party/wasm-prefix/include -I/home/nathan/secure-exec-wasmgui/experiments/wasm-gui/toolchain/compat-include -include /home/nathan/secure-exec-wasmgui/experiments/wasm-gui/toolchain/wasi-compat.h conftest.c >&5
configure:9128: $? = 0
configure:9128: result: yes
configure:9128: checking for unistd.h
configure:9128: /home/nathan/secure-exec/registry/native/c/vendor/wasi-sdk/bin/clang -c --target=wasm32-wasip1 --sysroot=/home/nathan/secure-exec/registry/native/c/sysroot -O2 -D_WASI_EMULATED_MMAN -D_WASI_EMULATED_PROCESS_CLOCKS -D_GNU_SOURCE -mllvm -wasm-enable-sjlj -Wno-error=implicit-function-declaration -Wno-error=int-conversion -Wno-int-conversion -I/home/nathan/secure-exec-wasmgui/experiments/wasm-gui/toolchain/compat-include -include /home/nathan/secure-exec-wasmgui/experiments/wasm-gui/toolchain/wasi-compat.h --target=wasm32-wasip1 --sysroot=/home/nathan/secure-exec/registry/native/c/sysroot -I/home/nathan/secure-exec-wasmgui/experiments/wasm-gui/third_party/wasm-prefix/include -I/home/nathan/secure-exec-wasmgui/experiments/wasm-gui/toolchain/compat-include -include /home/nathan/secure-exec-wasmgui/experiments/wasm-gui/toolchain/wasi-compat.h conftest.c >&5
configure:9128: $? = 0
configure:9128: result: yes
configure:9128: checking for sys/param.h
configure:9128: /home/nathan/secure-exec/registry/native/c/vendor/wasi-sdk/bin/clang -c --target=wasm32-wasip1 --sysroot=/home/nathan/secure-exec/registry/native/c/sysroot -O2 -D_WASI_EMULATED_MMAN -D_WASI_EMULATED_PROCESS_CLOCKS -D_GNU_SOURCE -mllvm -wasm-enable-sjlj -Wno-error=implicit-function-declaration -Wno-error=int-conversion -Wno-int-conversion -I/home/nathan/secure-exec-wasmgui/experiments/wasm-gui/toolchain/compat-include -include /home/nathan/secure-exec-wasmgui/experiments/wasm-gui/toolchain/wasi-compat.h --target=wasm32-wasip1 --sysroot=/home/nathan/secure-exec/registry/native/c/sysroot -I/home/nathan/secure-exec-wasmgui/experiments/wasm-gui/third_party/wasm-prefix/include -I/home/nathan/secure-exec-wasmgui/experiments/wasm-gui/toolchain/compat-include -include /home/nathan/secure-exec-wasmgui/experiments/wasm-gui/toolchain/wasi-compat.h conftest.c >&5
configure:9128: $? = 0
configure:9128: result: yes
configure:9153: checking for dlfcn.h
configure:9153: /home/nathan/secure-exec/registry/native/c/vendor/wasi-sdk/bin/clang -c --target=wasm32-wasip1 --sysroot=/home/nathan/secure-exec/registry/native/c/sysroot -O2 -D_WASI_EMULATED_MMAN -D_WASI_EMULATED_PROCESS_CLOCKS -D_GNU_SOURCE -mllvm -wasm-enable-sjlj -Wno-error=implicit-function-declaration -Wno-error=int-conversion -Wno-int-conversion -I/home/nathan/secure-exec-wasmgui/experiments/wasm-gui/toolchain/compat-include -include /home/nathan/secure-exec-wasmgui/experiments/wasm-gui/toolchain/wasi-compat.h --target=wasm32-wasip1 --sysroot=/home/nathan/secure-exec/registry/native/c/sysroot -I/home/nathan/secure-exec-wasmgui/experiments/wasm-gui/third_party/wasm-prefix/include -I/home/nathan/secure-exec-wasmgui/experiments/wasm-gui/toolchain/compat-include -include /home/nathan/secure-exec-wasmgui/experiments/wasm-gui/toolchain/wasi-compat.h conftest.c >&5
configure:9153: $? = 0
configure:9153: result: yes
configure:9776: checking for objdir
configure:9792: result: .libs
configure:10056: checking if /home/nathan/secure-exec/registry/native/c/vendor/wasi-sdk/bin/clang supports -fno-rtti -fno-exceptions
configure:10075: /home/nathan/secure-exec/registry/native/c/vendor/wasi-sdk/bin/clang -c --target=wasm32-wasip1 --sysroot=/home/nathan/secure-exec/registry/native/c/sysroot -O2 -D_WASI_EMULATED_MMAN -D_WASI_EMULATED_PROCESS_CLOCKS -D_GNU_SOURCE -mllvm -wasm-enable-sjlj -Wno-error=implicit-function-declaration -Wno-error=int-conversion -Wno-int-conversion -I/home/nathan/secure-exec-wasmgui/experiments/wasm-gui/toolchain/compat-include -include /home/nathan/secure-exec-wasmgui/experiments/wasm-gui/toolchain/wasi-compat.h --target=wasm32-wasip1 --sysroot=/home/nathan/secure-exec/registry/native/c/sysroot -I/home/nathan/secure-exec-wasmgui/experiments/wasm-gui/third_party/wasm-prefix/include -I/home/nathan/secure-exec-wasmgui/experiments/wasm-gui/toolchain/compat-include -include /home/nathan/secure-exec-wasmgui/experiments/wasm-gui/toolchain/wasi-compat.h -fno-rtti -fno-exceptions conftest.c >&5
configure:10079: $? = 0
configure:10092: result: yes
configure:10456: checking for /home/nathan/secure-exec/registry/native/c/vendor/wasi-sdk/bin/clang option to produce PIC
configure:10464: result: -fPIC -DPIC
configure:10472: checking if /home/nathan/secure-exec/registry/native/c/vendor/wasi-sdk/bin/clang PIC flag -fPIC -DPIC works
configure:10491: /home/nathan/secure-exec/registry/native/c/vendor/wasi-sdk/bin/clang -c --target=wasm32-wasip1 --sysroot=/home/nathan/secure-exec/registry/native/c/sysroot -O2 -D_WASI_EMULATED_MMAN -D_WASI_EMULATED_PROCESS_CLOCKS -D_GNU_SOURCE -mllvm -wasm-enable-sjlj -Wno-error=implicit-function-declaration -Wno-error=int-conversion -Wno-int-conversion -I/home/nathan/secure-exec-wasmgui/experiments/wasm-gui/toolchain/compat-include -include /home/nathan/secure-exec-wasmgui/experiments/wasm-gui/toolchain/wasi-compat.h --target=wasm32-wasip1 --sysroot=/home/nathan/secure-exec/registry/native/c/sysroot -I/home/nathan/secure-exec-wasmgui/experiments/wasm-gui/third_party/wasm-prefix/include -I/home/nathan/secure-exec-wasmgui/experiments/wasm-gui/toolchain/compat-include -include /home/nathan/secure-exec-wasmgui/experiments/wasm-gui/toolchain/wasi-compat.h -fPIC -DPIC -DPIC conftest.c >&5
configure:10495: $? = 0
configure:10508: result: yes
configure:10537: checking if /home/nathan/secure-exec/registry/native/c/vendor/wasi-sdk/bin/clang static flag -static works
configure:10566: result: yes
configure:10581: checking if /home/nathan/secure-exec/registry/native/c/vendor/wasi-sdk/bin/clang supports -c -o file.o
configure:10603: /home/nathan/secure-exec/registry/native/c/vendor/wasi-sdk/bin/clang -c --target=wasm32-wasip1 --sysroot=/home/nathan/secure-exec/registry/native/c/sysroot -O2 -D_WASI_EMULATED_MMAN -D_WASI_EMULATED_PROCESS_CLOCKS -D_GNU_SOURCE -mllvm -wasm-enable-sjlj -Wno-error=implicit-function-declaration -Wno-error=int-conversion -Wno-int-conversion -I/home/nathan/secure-exec-wasmgui/experiments/wasm-gui/toolchain/compat-include -include /home/nathan/secure-exec-wasmgui/experiments/wasm-gui/toolchain/wasi-compat.h --target=wasm32-wasip1 --sysroot=/home/nathan/secure-exec/registry/native/c/sysroot -I/home/nathan/secure-exec-wasmgui/experiments/wasm-gui/third_party/wasm-prefix/include -I/home/nathan/secure-exec-wasmgui/experiments/wasm-gui/toolchain/compat-include -include /home/nathan/secure-exec-wasmgui/experiments/wasm-gui/toolchain/wasi-compat.h -o out/conftest2.o conftest.c >&5
configure:10607: $? = 0
configure:10629: result: yes
configure:10637: checking if /home/nathan/secure-exec/registry/native/c/vendor/wasi-sdk/bin/clang supports -c -o file.o
configure:10685: result: yes
configure:10718: checking whether the /home/nathan/secure-exec/registry/native/c/vendor/wasi-sdk/bin/clang linker (/home/linuxbrew/.linuxbrew/bin/ld) supports shared libraries
configure:11986: result: yes
configure:12227: checking dynamic linker characteristics
configure:13096: result: no
configure:13218: checking how to hardcode library paths into programs
configure:13243: result: immediate
configure:13825: checking whether stripping libraries is possible
configure:13834: result: yes
configure:13876: checking if libtool supports shared libraries
configure:13878: result: no
configure:13881: checking whether to build shared libraries
configure:13906: result: no
configure:13909: checking whether to build static libraries
configure:13913: result: yes
configure:13976: checking whether C compiler accepts -Wall
configure:13989: /home/nathan/secure-exec/registry/native/c/vendor/wasi-sdk/bin/clang -c --target=wasm32-wasip1 --sysroot=/home/nathan/secure-exec/registry/native/c/sysroot -O2 -D_WASI_EMULATED_MMAN -D_WASI_EMULATED_PROCESS_CLOCKS -D_GNU_SOURCE -mllvm -wasm-enable-sjlj -Wno-error=implicit-function-declaration -Wno-error=int-conversion -Wno-int-conversion -I/home/nathan/secure-exec-wasmgui/experiments/wasm-gui/toolchain/compat-include -include /home/nathan/secure-exec-wasmgui/experiments/wasm-gui/toolchain/wasi-compat.h  -Werror -Wall --target=wasm32-wasip1 --sysroot=/home/nathan/secure-exec/registry/native/c/sysroot -I/home/nathan/secure-exec-wasmgui/experiments/wasm-gui/third_party/wasm-prefix/include -I/home/nathan/secure-exec-wasmgui/experiments/wasm-gui/toolchain/compat-include -include /home/nathan/secure-exec-wasmgui/experiments/wasm-gui/toolchain/wasi-compat.h conftest.c >&5
configure:13989: $? = 0
configure:13999: result: yes
configure:14028: : AM_CFLAGS="$AM_CFLAGS"
configure:14031: $? = 0
configure:13976: checking whether C compiler accepts -Wextra
configure:13989: /home/nathan/secure-exec/registry/native/c/vendor/wasi-sdk/bin/clang -c --target=wasm32-wasip1 --sysroot=/home/nathan/secure-exec/registry/native/c/sysroot -O2 -D_WASI_EMULATED_MMAN -D_WASI_EMULATED_PROCESS_CLOCKS -D_GNU_SOURCE -mllvm -wasm-enable-sjlj -Wno-error=implicit-function-declaration -Wno-error=int-conversion -Wno-int-conversion -I/home/nathan/secure-exec-wasmgui/experiments/wasm-gui/toolchain/compat-include -include /home/nathan/secure-exec-wasmgui/experiments/wasm-gui/toolchain/wasi-compat.h  -Werror -Wextra --target=wasm32-wasip1 --sysroot=/home/nathan/secure-exec/registry/native/c/sysroot -I/home/nathan/secure-exec-wasmgui/experiments/wasm-gui/third_party/wasm-prefix/include -I/home/nathan/secure-exec-wasmgui/experiments/wasm-gui/toolchain/compat-include -include /home/nathan/secure-exec-wasmgui/experiments/wasm-gui/toolchain/wasi-compat.h conftest.c >&5
configure:13989: $? = 0
configure:13999: result: yes
configure:14017: : AM_CFLAGS="$AM_CFLAGS"
configure:14020: $? = 0
configure:14048: checking whether C compiler accepts -fexceptions
configure:14061: /home/nathan/secure-exec/registry/native/c/vendor/wasi-sdk/bin/clang -c --target=wasm32-wasip1 --sysroot=/home/nathan/secure-exec/registry/native/c/sysroot -O2 -D_WASI_EMULATED_MMAN -D_WASI_EMULATED_PROCESS_CLOCKS -D_GNU_SOURCE -mllvm -wasm-enable-sjlj -Wno-error=implicit-function-declaration -Wno-error=int-conversion -Wno-int-conversion -I/home/nathan/secure-exec-wasmgui/experiments/wasm-gui/toolchain/compat-include -include /home/nathan/secure-exec-wasmgui/experiments/wasm-gui/toolchain/wasi-compat.h  -Werror -fexceptions --target=wasm32-wasip1 --sysroot=/home/nathan/secure-exec/registry/native/c/sysroot -I/home/nathan/secure-exec-wasmgui/experiments/wasm-gui/third_party/wasm-prefix/include -I/home/nathan/secure-exec-wasmgui/experiments/wasm-gui/toolchain/compat-include -include /home/nathan/secure-exec-wasmgui/experiments/wasm-gui/toolchain/wasi-compat.h conftest.c >&5
configure:14061: $? = 0
configure:14071: result: yes
configure:14089: : AM_CFLAGS="$AM_CFLAGS"
configure:14092: $? = 0
configure:14120: checking whether C compiler accepts -fno-strict-aliasing
configure:14133: /home/nathan/secure-exec/registry/native/c/vendor/wasi-sdk/bin/clang -c --target=wasm32-wasip1 --sysroot=/home/nathan/secure-exec/registry/native/c/sysroot -O2 -D_WASI_EMULATED_MMAN -D_WASI_EMULATED_PROCESS_CLOCKS -D_GNU_SOURCE -mllvm -wasm-enable-sjlj -Wno-error=implicit-function-declaration -Wno-error=int-conversion -Wno-int-conversion -I/home/nathan/secure-exec-wasmgui/experiments/wasm-gui/toolchain/compat-include -include /home/nathan/secure-exec-wasmgui/experiments/wasm-gui/toolchain/wasi-compat.h  -Werror -fno-strict-aliasing --target=wasm32-wasip1 --sysroot=/home/nathan/secure-exec/registry/native/c/sysroot -I/home/nathan/secure-exec-wasmgui/experiments/wasm-gui/third_party/wasm-prefix/include -I/home/nathan/secure-exec-wasmgui/experiments/wasm-gui/toolchain/compat-include -include /home/nathan/secure-exec-wasmgui/experiments/wasm-gui/toolchain/wasi-compat.h conftest.c >&5
configure:14133: $? = 0
configure:14143: result: yes
configure:14161: : AM_CFLAGS="$AM_CFLAGS"
configure:14164: $? = 0
configure:14120: checking whether C compiler accepts -Wmissing-prototypes
configure:14133: /home/nathan/secure-exec/registry/native/c/vendor/wasi-sdk/bin/clang -c --target=wasm32-wasip1 --sysroot=/home/nathan/secure-exec/registry/native/c/sysroot -O2 -D_WASI_EMULATED_MMAN -D_WASI_EMULATED_PROCESS_CLOCKS -D_GNU_SOURCE -mllvm -wasm-enable-sjlj -Wno-error=implicit-function-declaration -Wno-error=int-conversion -Wno-int-conversion -I/home/nathan/secure-exec-wasmgui/experiments/wasm-gui/toolchain/compat-include -include /home/nathan/secure-exec-wasmgui/experiments/wasm-gui/toolchain/wasi-compat.h  -Werror -Wmissing-prototypes --target=wasm32-wasip1 --sysroot=/home/nathan/secure-exec/registry/native/c/sysroot -I/home/nathan/secure-exec-wasmgui/experiments/wasm-gui/third_party/wasm-prefix/include -I/home/nathan/secure-exec-wasmgui/experiments/wasm-gui/toolchain/compat-include -include /home/nathan/secure-exec-wasmgui/experiments/wasm-gui/toolchain/wasi-compat.h conftest.c >&5
configure:14133: $? = 0
configure:14143: result: yes
configure:14161: : AM_CFLAGS="$AM_CFLAGS"
configure:14164: $? = 0
configure:14120: checking whether C compiler accepts -Wstrict-prototypes
configure:14133: /home/nathan/secure-exec/registry/native/c/vendor/wasi-sdk/bin/clang -c --target=wasm32-wasip1 --sysroot=/home/nathan/secure-exec/registry/native/c/sysroot -O2 -D_WASI_EMULATED_MMAN -D_WASI_EMULATED_PROCESS_CLOCKS -D_GNU_SOURCE -mllvm -wasm-enable-sjlj -Wno-error=implicit-function-declaration -Wno-error=int-conversion -Wno-int-conversion -I/home/nathan/secure-exec-wasmgui/experiments/wasm-gui/toolchain/compat-include -include /home/nathan/secure-exec-wasmgui/experiments/wasm-gui/toolchain/wasi-compat.h  -Werror -Wstrict-prototypes --target=wasm32-wasip1 --sysroot=/home/nathan/secure-exec/registry/native/c/sysroot -I/home/nathan/secure-exec-wasmgui/experiments/wasm-gui/third_party/wasm-prefix/include -I/home/nathan/secure-exec-wasmgui/experiments/wasm-gui/toolchain/compat-include -include /home/nathan/secure-exec-wasmgui/experiments/wasm-gui/toolchain/wasi-compat.h conftest.c >&5
configure:14133: $? = 0
configure:14143: result: yes
configure:14161: : AM_CFLAGS="$AM_CFLAGS"
configure:14164: $? = 0
configure:14192: checking whether C compiler accepts -pedantic
configure:14205: /home/nathan/secure-exec/registry/native/c/vendor/wasi-sdk/bin/clang -c --target=wasm32-wasip1 --sysroot=/home/nathan/secure-exec/registry/native/c/sysroot -O2 -D_WASI_EMULATED_MMAN -D_WASI_EMULATED_PROCESS_CLOCKS -D_GNU_SOURCE -mllvm -wasm-enable-sjlj -Wno-error=implicit-function-declaration -Wno-error=int-conversion -Wno-int-conversion -I/home/nathan/secure-exec-wasmgui/experiments/wasm-gui/toolchain/compat-include -include /home/nathan/secure-exec-wasmgui/experiments/wasm-gui/toolchain/wasi-compat.h  -Werror -pedantic --target=wasm32-wasip1 --sysroot=/home/nathan/secure-exec/registry/native/c/sysroot -I/home/nathan/secure-exec-wasmgui/experiments/wasm-gui/third_party/wasm-prefix/include -I/home/nathan/secure-exec-wasmgui/experiments/wasm-gui/toolchain/compat-include -include /home/nathan/secure-exec-wasmgui/experiments/wasm-gui/toolchain/wasi-compat.h conftest.c >&5
configure:14205: $? = 0
configure:14215: result: yes
configure:14233: : AM_CFLAGS="$AM_CFLAGS"
configure:14236: $? = 0
configure:14192: checking whether C compiler accepts -Wduplicated-cond
configure:14205: /home/nathan/secure-exec/registry/native/c/vendor/wasi-sdk/bin/clang -c --target=wasm32-wasip1 --sysroot=/home/nathan/secure-exec/registry/native/c/sysroot -O2 -D_WASI_EMULATED_MMAN -D_WASI_EMULATED_PROCESS_CLOCKS -D_GNU_SOURCE -mllvm -wasm-enable-sjlj -Wno-error=implicit-function-declaration -Wno-error=int-conversion -Wno-int-conversion -I/home/nathan/secure-exec-wasmgui/experiments/wasm-gui/toolchain/compat-include -include /home/nathan/secure-exec-wasmgui/experiments/wasm-gui/toolchain/wasi-compat.h  -Werror -Wduplicated-cond --target=wasm32-wasip1 --sysroot=/home/nathan/secure-exec/registry/native/c/sysroot -I/home/nathan/secure-exec-wasmgui/experiments/wasm-gui/third_party/wasm-prefix/include -I/home/nathan/secure-exec-wasmgui/experiments/wasm-gui/toolchain/compat-include -include /home/nathan/secure-exec-wasmgui/experiments/wasm-gui/toolchain/wasi-compat.h conftest.c >&5
error: unknown warning option '-Wduplicated-cond' [-Werror,-Wunknown-warning-option]
configure:14205: $? = 1
configure: failed program was:
| /* confdefs.h */
| #define PACKAGE_NAME "expat"
| #define PACKAGE_TARNAME "expat"
| #define PACKAGE_VERSION "2.6.4"
| #define PACKAGE_STRING "expat 2.6.4"
| #define PACKAGE_BUGREPORT "https://github.com/libexpat/libexpat/issues"
| #define PACKAGE_URL ""
| #define PACKAGE "expat"
| #define VERSION "2.6.4"
| #define HAVE_STDIO_H 1
| #define HAVE_STDLIB_H 1
| #define HAVE_STRING_H 1
| #define HAVE_INTTYPES_H 1
| #define HAVE_STDINT_H 1
| #define HAVE_STRINGS_H 1
| #define HAVE_SYS_STAT_H 1
| #define HAVE_SYS_TYPES_H 1
| #define HAVE_UNISTD_H 1
| #define HAVE_SYS_PARAM_H 1
| #define STDC_HEADERS 1
| #define HAVE_DLFCN_H 1
| #define LT_OBJDIR ".libs/"
| /* end confdefs.h.  */
| int main(void) { return 0; }
configure:14215: result: no
configure:14192: checking whether C compiler accepts -Wduplicated-branches
configure:14205: /home/nathan/secure-exec/registry/native/c/vendor/wasi-sdk/bin/clang -c --target=wasm32-wasip1 --sysroot=/home/nathan/secure-exec/registry/native/c/sysroot -O2 -D_WASI_EMULATED_MMAN -D_WASI_EMULATED_PROCESS_CLOCKS -D_GNU_SOURCE -mllvm -wasm-enable-sjlj -Wno-error=implicit-function-declaration -Wno-error=int-conversion -Wno-int-conversion -I/home/nathan/secure-exec-wasmgui/experiments/wasm-gui/toolchain/compat-include -include /home/nathan/secure-exec-wasmgui/experiments/wasm-gui/toolchain/wasi-compat.h  -Werror -Wduplicated-branches --target=wasm32-wasip1 --sysroot=/home/nathan/secure-exec/registry/native/c/sysroot -I/home/nathan/secure-exec-wasmgui/experiments/wasm-gui/third_party/wasm-prefix/include -I/home/nathan/secure-exec-wasmgui/experiments/wasm-gui/toolchain/compat-include -include /home/nathan/secure-exec-wasmgui/experiments/wasm-gui/toolchain/wasi-compat.h conftest.c >&5
error: unknown warning option '-Wduplicated-branches' [-Werror,-Wunknown-warning-option]
configure:14205: $? = 1
configure: failed program was:
| /* confdefs.h */
| #define PACKAGE_NAME "expat"
| #define PACKAGE_TARNAME "expat"
| #define PACKAGE_VERSION "2.6.4"
| #define PACKAGE_STRING "expat 2.6.4"
| #define PACKAGE_BUGREPORT "https://github.com/libexpat/libexpat/issues"
| #define PACKAGE_URL ""
| #define PACKAGE "expat"
| #define VERSION "2.6.4"
| #define HAVE_STDIO_H 1
| #define HAVE_STDLIB_H 1
| #define HAVE_STRING_H 1
| #define HAVE_INTTYPES_H 1
| #define HAVE_STDINT_H 1
| #define HAVE_STRINGS_H 1
| #define HAVE_SYS_STAT_H 1
| #define HAVE_SYS_TYPES_H 1
| #define HAVE_UNISTD_H 1
| #define HAVE_SYS_PARAM_H 1
| #define STDC_HEADERS 1
| #define HAVE_DLFCN_H 1
| #define LT_OBJDIR ".libs/"
| /* end confdefs.h.  */
| int main(void) { return 0; }
configure:14215: result: no
configure:14192: checking whether C compiler accepts -Wlogical-op
configure:14205: /home/nathan/secure-exec/registry/native/c/vendor/wasi-sdk/bin/clang -c --target=wasm32-wasip1 --sysroot=/home/nathan/secure-exec/registry/native/c/sysroot -O2 -D_WASI_EMULATED_MMAN -D_WASI_EMULATED_PROCESS_CLOCKS -D_GNU_SOURCE -mllvm -wasm-enable-sjlj -Wno-error=implicit-function-declaration -Wno-error=int-conversion -Wno-int-conversion -I/home/nathan/secure-exec-wasmgui/experiments/wasm-gui/toolchain/compat-include -include /home/nathan/secure-exec-wasmgui/experiments/wasm-gui/toolchain/wasi-compat.h  -Werror -Wlogical-op --target=wasm32-wasip1 --sysroot=/home/nathan/secure-exec/registry/native/c/sysroot -I/home/nathan/secure-exec-wasmgui/experiments/wasm-gui/third_party/wasm-prefix/include -I/home/nathan/secure-exec-wasmgui/experiments/wasm-gui/toolchain/compat-include -include /home/nathan/secure-exec-wasmgui/experiments/wasm-gui/toolchain/wasi-compat.h conftest.c >&5
error: unknown warning option '-Wlogical-op'; did you mean '-Wlong-long'? [-Werror,-Wunknown-warning-option]
configure:14205: $? = 1
configure: failed program was:
| /* confdefs.h */
| #define PACKAGE_NAME "expat"
| #define PACKAGE_TARNAME "expat"
| #define PACKAGE_VERSION "2.6.4"
| #define PACKAGE_STRING "expat 2.6.4"
| #define PACKAGE_BUGREPORT "https://github.com/libexpat/libexpat/issues"
| #define PACKAGE_URL ""
| #define PACKAGE "expat"
| #define VERSION "2.6.4"
| #define HAVE_STDIO_H 1
| #define HAVE_STDLIB_H 1
| #define HAVE_STRING_H 1
| #define HAVE_INTTYPES_H 1
| #define HAVE_STDINT_H 1
| #define HAVE_STRINGS_H 1
| #define HAVE_SYS_STAT_H 1
| #define HAVE_SYS_TYPES_H 1
| #define HAVE_UNISTD_H 1
| #define HAVE_SYS_PARAM_H 1
| #define STDC_HEADERS 1
| #define HAVE_DLFCN_H 1
| #define LT_OBJDIR ".libs/"
| /* end confdefs.h.  */
| int main(void) { return 0; }
configure:14215: result: no
configure:14264: checking whether C compiler accepts -Wrestrict
configure:14277: /home/nathan/secure-exec/registry/native/c/vendor/wasi-sdk/bin/clang -c --target=wasm32-wasip1 --sysroot=/home/nathan/secure-exec/registry/native/c/sysroot -O2 -D_WASI_EMULATED_MMAN -D_WASI_EMULATED_PROCESS_CLOCKS -D_GNU_SOURCE -mllvm -wasm-enable-sjlj -Wno-error=implicit-function-declaration -Wno-error=int-conversion -Wno-int-conversion -I/home/nathan/secure-exec-wasmgui/experiments/wasm-gui/toolchain/compat-include -include /home/nathan/secure-exec-wasmgui/experiments/wasm-gui/toolchain/wasi-compat.h  -Werror -Wrestrict --target=wasm32-wasip1 --sysroot=/home/nathan/secure-exec/registry/native/c/sysroot -I/home/nathan/secure-exec-wasmgui/experiments/wasm-gui/third_party/wasm-prefix/include -I/home/nathan/secure-exec-wasmgui/experiments/wasm-gui/toolchain/compat-include -include /home/nathan/secure-exec-wasmgui/experiments/wasm-gui/toolchain/wasi-compat.h conftest.c >&5
error: unknown warning option '-Wrestrict' [-Werror,-Wunknown-warning-option]
configure:14277: $? = 1
configure: failed program was:
| /* confdefs.h */
| #define PACKAGE_NAME "expat"
| #define PACKAGE_TARNAME "expat"
| #define PACKAGE_VERSION "2.6.4"
| #define PACKAGE_STRING "expat 2.6.4"
| #define PACKAGE_BUGREPORT "https://github.com/libexpat/libexpat/issues"
| #define PACKAGE_URL ""
| #define PACKAGE "expat"
| #define VERSION "2.6.4"
| #define HAVE_STDIO_H 1
| #define HAVE_STDLIB_H 1
| #define HAVE_STRING_H 1
| #define HAVE_INTTYPES_H 1
| #define HAVE_STDINT_H 1
| #define HAVE_STRINGS_H 1
| #define HAVE_SYS_STAT_H 1
| #define HAVE_SYS_TYPES_H 1
| #define HAVE_UNISTD_H 1
| #define HAVE_SYS_PARAM_H 1
| #define STDC_HEADERS 1
| #define HAVE_DLFCN_H 1
| #define LT_OBJDIR ".libs/"
| /* end confdefs.h.  */
| int main(void) { return 0; }
configure:14287: result: no
configure:14264: checking whether C compiler accepts -Wnull-dereference
configure:14277: /home/nathan/secure-exec/registry/native/c/vendor/wasi-sdk/bin/clang -c --target=wasm32-wasip1 --sysroot=/home/nathan/secure-exec/registry/native/c/sysroot -O2 -D_WASI_EMULATED_MMAN -D_WASI_EMULATED_PROCESS_CLOCKS -D_GNU_SOURCE -mllvm -wasm-enable-sjlj -Wno-error=implicit-function-declaration -Wno-error=int-conversion -Wno-int-conversion -I/home/nathan/secure-exec-wasmgui/experiments/wasm-gui/toolchain/compat-include -include /home/nathan/secure-exec-wasmgui/experiments/wasm-gui/toolchain/wasi-compat.h  -Werror -Wnull-dereference --target=wasm32-wasip1 --sysroot=/home/nathan/secure-exec/registry/native/c/sysroot -I/home/nathan/secure-exec-wasmgui/experiments/wasm-gui/third_party/wasm-prefix/include -I/home/nathan/secure-exec-wasmgui/experiments/wasm-gui/toolchain/compat-include -include /home/nathan/secure-exec-wasmgui/experiments/wasm-gui/toolchain/wasi-compat.h conftest.c >&5
configure:14277: $? = 0
configure:14287: result: yes
configure:14305: : AM_CFLAGS="$AM_CFLAGS"
configure:14308: $? = 0
configure:14264: checking whether C compiler accepts -Wjump-misses-init
configure:14277: /home/nathan/secure-exec/registry/native/c/vendor/wasi-sdk/bin/clang -c --target=wasm32-wasip1 --sysroot=/home/nathan/secure-exec/registry/native/c/sysroot -O2 -D_WASI_EMULATED_MMAN -D_WASI_EMULATED_PROCESS_CLOCKS -D_GNU_SOURCE -mllvm -wasm-enable-sjlj -Wno-error=implicit-function-declaration -Wno-error=int-conversion -Wno-int-conversion -I/home/nathan/secure-exec-wasmgui/experiments/wasm-gui/toolchain/compat-include -include /home/nathan/secure-exec-wasmgui/experiments/wasm-gui/toolchain/wasi-compat.h  -Werror -Wjump-misses-init --target=wasm32-wasip1 --sysroot=/home/nathan/secure-exec/registry/native/c/sysroot -I/home/nathan/secure-exec-wasmgui/experiments/wasm-gui/third_party/wasm-prefix/include -I/home/nathan/secure-exec-wasmgui/experiments/wasm-gui/toolchain/compat-include -include /home/nathan/secure-exec-wasmgui/experiments/wasm-gui/toolchain/wasi-compat.h conftest.c >&5
error: unknown warning option '-Wjump-misses-init' [-Werror,-Wunknown-warning-option]
configure:14277: $? = 1
configure: failed program was:
| /* confdefs.h */
| #define PACKAGE_NAME "expat"
| #define PACKAGE_TARNAME "expat"
| #define PACKAGE_VERSION "2.6.4"
| #define PACKAGE_STRING "expat 2.6.4"
| #define PACKAGE_BUGREPORT "https://github.com/libexpat/libexpat/issues"
| #define PACKAGE_URL ""
| #define PACKAGE "expat"
| #define VERSION "2.6.4"
| #define HAVE_STDIO_H 1
| #define HAVE_STDLIB_H 1
| #define HAVE_STRING_H 1
| #define HAVE_INTTYPES_H 1
| #define HAVE_STDINT_H 1
| #define HAVE_STRINGS_H 1
| #define HAVE_SYS_STAT_H 1
| #define HAVE_SYS_TYPES_H 1
| #define HAVE_UNISTD_H 1
| #define HAVE_SYS_PARAM_H 1
| #define STDC_HEADERS 1
| #define HAVE_DLFCN_H 1
| #define LT_OBJDIR ".libs/"
| /* end confdefs.h.  */
| int main(void) { return 0; }
configure:14287: result: no
configure:14264: checking whether C compiler accepts -Wdouble-promotion
configure:14277: /home/nathan/secure-exec/registry/native/c/vendor/wasi-sdk/bin/clang -c --target=wasm32-wasip1 --sysroot=/home/nathan/secure-exec/registry/native/c/sysroot -O2 -D_WASI_EMULATED_MMAN -D_WASI_EMULATED_PROCESS_CLOCKS -D_GNU_SOURCE -mllvm -wasm-enable-sjlj -Wno-error=implicit-function-declaration -Wno-error=int-conversion -Wno-int-conversion -I/home/nathan/secure-exec-wasmgui/experiments/wasm-gui/toolchain/compat-include -include /home/nathan/secure-exec-wasmgui/experiments/wasm-gui/toolchain/wasi-compat.h  -Werror -Wdouble-promotion --target=wasm32-wasip1 --sysroot=/home/nathan/secure-exec/registry/native/c/sysroot -I/home/nathan/secure-exec-wasmgui/experiments/wasm-gui/third_party/wasm-prefix/include -I/home/nathan/secure-exec-wasmgui/experiments/wasm-gui/toolchain/compat-include -include /home/nathan/secure-exec-wasmgui/experiments/wasm-gui/toolchain/wasi-compat.h conftest.c >&5
configure:14277: $? = 0
configure:14287: result: yes
configure:14305: : AM_CFLAGS="$AM_CFLAGS"
configure:14308: $? = 0
configure:14336: checking whether C compiler accepts -Wshadow
configure:14349: /home/nathan/secure-exec/registry/native/c/vendor/wasi-sdk/bin/clang -c --target=wasm32-wasip1 --sysroot=/home/nathan/secure-exec/registry/native/c/sysroot -O2 -D_WASI_EMULATED_MMAN -D_WASI_EMULATED_PROCESS_CLOCKS -D_GNU_SOURCE -mllvm -wasm-enable-sjlj -Wno-error=implicit-function-declaration -Wno-error=int-conversion -Wno-int-conversion -I/home/nathan/secure-exec-wasmgui/experiments/wasm-gui/toolchain/compat-include -include /home/nathan/secure-exec-wasmgui/experiments/wasm-gui/toolchain/wasi-compat.h  -Werror -Wshadow --target=wasm32-wasip1 --sysroot=/home/nathan/secure-exec/registry/native/c/sysroot -I/home/nathan/secure-exec-wasmgui/experiments/wasm-gui/third_party/wasm-prefix/include -I/home/nathan/secure-exec-wasmgui/experiments/wasm-gui/toolchain/compat-include -include /home/nathan/secure-exec-wasmgui/experiments/wasm-gui/toolchain/wasi-compat.h conftest.c >&5
configure:14349: $? = 0
configure:14359: result: yes
configure:14377: : AM_CFLAGS="$AM_CFLAGS"
configure:14380: $? = 0
configure:14336: checking whether C compiler accepts -Wformat=2
configure:14349: /home/nathan/secure-exec/registry/native/c/vendor/wasi-sdk/bin/clang -c --target=wasm32-wasip1 --sysroot=/home/nathan/secure-exec/registry/native/c/sysroot -O2 -D_WASI_EMULATED_MMAN -D_WASI_EMULATED_PROCESS_CLOCKS -D_GNU_SOURCE -mllvm -wasm-enable-sjlj -Wno-error=implicit-function-declaration -Wno-error=int-conversion -Wno-int-conversion -I/home/nathan/secure-exec-wasmgui/experiments/wasm-gui/toolchain/compat-include -include /home/nathan/secure-exec-wasmgui/experiments/wasm-gui/toolchain/wasi-compat.h  -Werror -Wformat=2 --target=wasm32-wasip1 --sysroot=/home/nathan/secure-exec/registry/native/c/sysroot -I/home/nathan/secure-exec-wasmgui/experiments/wasm-gui/third_party/wasm-prefix/include -I/home/nathan/secure-exec-wasmgui/experiments/wasm-gui/toolchain/compat-include -include /home/nathan/secure-exec-wasmgui/experiments/wasm-gui/toolchain/wasi-compat.h conftest.c >&5
configure:14349: $? = 0
configure:14359: result: yes
configure:14377: : AM_CFLAGS="$AM_CFLAGS"
configure:14380: $? = 0
configure:14336: checking whether C compiler accepts -Wno-pedantic-ms-format
configure:14349: /home/nathan/secure-exec/registry/native/c/vendor/wasi-sdk/bin/clang -c --target=wasm32-wasip1 --sysroot=/home/nathan/secure-exec/registry/native/c/sysroot -O2 -D_WASI_EMULATED_MMAN -D_WASI_EMULATED_PROCESS_CLOCKS -D_GNU_SOURCE -mllvm -wasm-enable-sjlj -Wno-error=implicit-function-declaration -Wno-error=int-conversion -Wno-int-conversion -I/home/nathan/secure-exec-wasmgui/experiments/wasm-gui/toolchain/compat-include -include /home/nathan/secure-exec-wasmgui/experiments/wasm-gui/toolchain/wasi-compat.h  -Werror -Wno-pedantic-ms-format --target=wasm32-wasip1 --sysroot=/home/nathan/secure-exec/registry/native/c/sysroot -I/home/nathan/secure-exec-wasmgui/experiments/wasm-gui/third_party/wasm-prefix/include -I/home/nathan/secure-exec-wasmgui/experiments/wasm-gui/toolchain/compat-include -include /home/nathan/secure-exec-wasmgui/experiments/wasm-gui/toolchain/wasi-compat.h conftest.c >&5
error: unknown warning option '-Wno-pedantic-ms-format'; did you mean '-Wno-pedantic-macros'? [-Werror,-Wunknown-warning-option]
configure:14349: $? = 1
configure: failed program was:
| /* confdefs.h */
| #define PACKAGE_NAME "expat"
| #define PACKAGE_TARNAME "expat"
| #define PACKAGE_VERSION "2.6.4"
| #define PACKAGE_STRING "expat 2.6.4"
| #define PACKAGE_BUGREPORT "https://github.com/libexpat/libexpat/issues"
| #define PACKAGE_URL ""
| #define PACKAGE "expat"
| #define VERSION "2.6.4"
| #define HAVE_STDIO_H 1
| #define HAVE_STDLIB_H 1
| #define HAVE_STRING_H 1
| #define HAVE_INTTYPES_H 1
| #define HAVE_STDINT_H 1
| #define HAVE_STRINGS_H 1
| #define HAVE_SYS_STAT_H 1
| #define HAVE_SYS_TYPES_H 1
| #define HAVE_UNISTD_H 1
| #define HAVE_SYS_PARAM_H 1
| #define STDC_HEADERS 1
| #define HAVE_DLFCN_H 1
| #define LT_OBJDIR ".libs/"
| /* end confdefs.h.  */
| int main(void) { return 0; }
configure:14359: result: no
configure:14336: checking whether C compiler accepts -Wmisleading-indentation
configure:14349: /home/nathan/secure-exec/registry/native/c/vendor/wasi-sdk/bin/clang -c --target=wasm32-wasip1 --sysroot=/home/nathan/secure-exec/registry/native/c/sysroot -O2 -D_WASI_EMULATED_MMAN -D_WASI_EMULATED_PROCESS_CLOCKS -D_GNU_SOURCE -mllvm -wasm-enable-sjlj -Wno-error=implicit-function-declaration -Wno-error=int-conversion -Wno-int-conversion -I/home/nathan/secure-exec-wasmgui/experiments/wasm-gui/toolchain/compat-include -include /home/nathan/secure-exec-wasmgui/experiments/wasm-gui/toolchain/wasi-compat.h  -Werror -Wmisleading-indentation --target=wasm32-wasip1 --sysroot=/home/nathan/secure-exec/registry/native/c/sysroot -I/home/nathan/secure-exec-wasmgui/experiments/wasm-gui/third_party/wasm-prefix/include -I/home/nathan/secure-exec-wasmgui/experiments/wasm-gui/toolchain/compat-include -include /home/nathan/secure-exec-wasmgui/experiments/wasm-gui/toolchain/wasi-compat.h conftest.c >&5
configure:14349: $? = 0
configure:14359: result: yes
configure:14377: : AM_CFLAGS="$AM_CFLAGS"
configure:14380: $? = 0
configure:14538: checking for C++ compiler version
configure:14547: /home/nathan/secure-exec/registry/native/c/vendor/wasi-sdk/bin/clang++ --version >&5
clang version 19.1.5-wasi-sdk (https://github.com/llvm/llvm-project ab4b5a2db582958af1ee308a790cfdb42bd24720)
Target: wasm32-unknown-wasi
Thread model: posix
InstalledDir: /home/nathan/secure-exec/registry/native/c/vendor/wasi-sdk/bin
configure:14558: $? = 0
configure:14547: /home/nathan/secure-exec/registry/native/c/vendor/wasi-sdk/bin/clang++ -v >&5
clang version 19.1.5-wasi-sdk (https://github.com/llvm/llvm-project ab4b5a2db582958af1ee308a790cfdb42bd24720)
Target: wasm32-unknown-wasi
Thread model: posix
InstalledDir: /home/nathan/secure-exec/registry/native/c/vendor/wasi-sdk/bin
configure:14558: $? = 0
configure:14547: /home/nathan/secure-exec/registry/native/c/vendor/wasi-sdk/bin/clang++ -V >&5
clang++: error: argument to '-V' is missing (expected 1 value)
clang++: error: no input files
configure:14558: $? = 1
configure:14547: /home/nathan/secure-exec/registry/native/c/vendor/wasi-sdk/bin/clang++ -qversion >&5
clang++: error: unknown argument '-qversion'; did you mean '--version'?
clang++: error: no input files
configure:14558: $? = 1
configure:14562: checking whether the compiler supports GNU C++
configure:14582: /home/nathan/secure-exec/registry/native/c/vendor/wasi-sdk/bin/clang++ -c  --target=wasm32-wasip1 --sysroot=/home/nathan/secure-exec/registry/native/c/sysroot -I/home/nathan/secure-exec-wasmgui/experiments/wasm-gui/third_party/wasm-prefix/include -I/home/nathan/secure-exec-wasmgui/experiments/wasm-gui/toolchain/compat-include -include /home/nathan/secure-exec-wasmgui/experiments/wasm-gui/toolchain/wasi-compat.h conftest.cpp >&5
configure:14582: $? = 0
configure:14592: result: yes
configure:14603: checking whether /home/nathan/secure-exec/registry/native/c/vendor/wasi-sdk/bin/clang++ accepts -g
configure:14624: /home/nathan/secure-exec/registry/native/c/vendor/wasi-sdk/bin/clang++ -c -g --target=wasm32-wasip1 --sysroot=/home/nathan/secure-exec/registry/native/c/sysroot -I/home/nathan/secure-exec-wasmgui/experiments/wasm-gui/third_party/wasm-prefix/include -I/home/nathan/secure-exec-wasmgui/experiments/wasm-gui/toolchain/compat-include -include /home/nathan/secure-exec-wasmgui/experiments/wasm-gui/toolchain/wasi-compat.h conftest.cpp >&5
configure:14624: $? = 0
configure:14668: result: yes
configure:14688: checking for /home/nathan/secure-exec/registry/native/c/vendor/wasi-sdk/bin/clang++ option to enable C++11 features
configure:14703: /home/nathan/secure-exec/registry/native/c/vendor/wasi-sdk/bin/clang++  -c -g -O2 --target=wasm32-wasip1 --sysroot=/home/nathan/secure-exec/registry/native/c/sysroot -I/home/nathan/secure-exec-wasmgui/experiments/wasm-gui/third_party/wasm-prefix/include -I/home/nathan/secure-exec-wasmgui/experiments/wasm-gui/toolchain/compat-include -include /home/nathan/secure-exec-wasmgui/experiments/wasm-gui/toolchain/wasi-compat.h conftest.cpp >&5
conftest.cpp:32:10: fatal error: 'cstdlib' file not found
   32 | #include <cstdlib>
      |          ^~~~~~~~~
1 error generated.
configure:14703: $? = 1
configure: failed program was:
| /* confdefs.h */
| #define PACKAGE_NAME "expat"
| #define PACKAGE_TARNAME "expat"
| #define PACKAGE_VERSION "2.6.4"
| #define PACKAGE_STRING "expat 2.6.4"
| #define PACKAGE_BUGREPORT "https://github.com/libexpat/libexpat/issues"
| #define PACKAGE_URL ""
| #define PACKAGE "expat"
| #define VERSION "2.6.4"
| #define HAVE_STDIO_H 1
| #define HAVE_STDLIB_H 1
| #define HAVE_STRING_H 1
| #define HAVE_INTTYPES_H 1
| #define HAVE_STDINT_H 1
| #define HAVE_STRINGS_H 1
| #define HAVE_SYS_STAT_H 1
| #define HAVE_SYS_TYPES_H 1
| #define HAVE_UNISTD_H 1
| #define HAVE_SYS_PARAM_H 1
| #define STDC_HEADERS 1
| #define HAVE_DLFCN_H 1
| #define LT_OBJDIR ".libs/"
| /* end confdefs.h.  */
| 
| // Does the compiler advertise C++98 conformance?
| #if !defined __cplusplus || __cplusplus < 199711L
| # error "Compiler does not advertise C++98 conformance"
| #endif
| 
| // These inclusions are to reject old compilers that
| // lack the unsuffixed header files.
| #include <cstdlib>
| #include <exception>
| 
| // <cassert> and <cstring> are *not* freestanding headers in C++98.
| extern void assert (int);
| namespace std {
|   extern int strcmp (const char *, const char *);
| }
| 
| // Namespaces, exceptions, and templates were all added after "C++ 2.0".
| using std::exception;
| using std::strcmp;
| 
| namespace {
| 
| void test_exception_syntax()
| {
|   try {
|     throw "test";
|   } catch (const char *s) {
|     // Extra parentheses suppress a warning when building autoconf itself,
|     // due to lint rules shared with more typical C programs.
|     assert (!(strcmp) (s, "test"));
|   }
| }
| 
| template <typename T> struct test_template
| {
|   T const val;
|   explicit test_template(T t) : val(t) {}
|   template <typename U> T add(U u) { return static_cast<T>(u) + val; }
| };
| 
| } // anonymous namespace
| 
| 
| // Does the compiler advertise C++ 2011 conformance?
| #if !defined __cplusplus || __cplusplus < 201103L
| # error "Compiler does not advertise C++11 conformance"
| #endif
| 
| namespace cxx11test
| {
|   constexpr int get_val() { return 20; }
| 
|   struct testinit
|   {
|     int i;
|     double d;
|   };
| 
|   class delegate
|   {
|   public:
|     delegate(int n) : n(n) {}
|     delegate(): delegate(2354) {}
| 
|     virtual int getval() { return this->n; };
|   protected:
|     int n;
|   };
| 
|   class overridden : public delegate
|   {
|   public:
|     overridden(int n): delegate(n) {}
|     virtual int getval() override final { return this->n * 2; }
|   };
| 
|   class nocopy
|   {
|   public:
|     nocopy(int i): i(i) {}
|     nocopy() = default;
|     nocopy(const nocopy&) = delete;
|     nocopy & operator=(const nocopy&) = delete;
|   private:
|     int i;
|   };
| 
|   // for testing lambda expressions
|   template <typename Ret, typename Fn> Ret eval(Fn f, Ret v)
|   {
|     return f(v);
|   }
| 
|   // for testing variadic templates and trailing return types
|   template <typename V> auto sum(V first) -> V
|   {
|     return first;
|   }
|   template <typename V, typename... Args> auto sum(V first, Args... rest) -> V
|   {
|     return first + sum(rest...);
|   }
| }
| 
| 
| int
| main (int argc, char **argv)
| {
|   int ok = 0;
|   
|   assert (argc);
|   assert (! argv[0]);
| {
|   test_exception_syntax ();
|   test_template<double> tt (2.0);
|   assert (tt.add (4) == 6.0);
|   assert (true && !false);
| }
| 
|   
| {
|   // Test auto and decltype
|   auto a1 = 6538;
|   auto a2 = 48573953.4;
|   auto a3 = "String literal";
| 
|   int total = 0;
|   for (auto i = a3; *i; ++i) { total += *i; }
| 
|   decltype(a2) a4 = 34895.034;
| }
| {
|   // Test constexpr
|   short sa[cxx11test::get_val()] = { 0 };
| }
| {
|   // Test initializer lists
|   cxx11test::testinit il = { 4323, 435234.23544 };
| }
| {
|   // Test range-based for
|   int array[] = {9, 7, 13, 15, 4, 18, 12, 10, 5, 3,
|                  14, 19, 17, 8, 6, 20, 16, 2, 11, 1};
|   for (auto &x : array) { x += 23; }
| }
| {
|   // Test lambda expressions
|   using cxx11test::eval;
|   assert (eval ([](int x) { return x*2; }, 21) == 42);
|   double d = 2.0;
|   assert (eval ([&](double x) { return d += x; }, 3.0) == 5.0);
|   assert (d == 5.0);
|   assert (eval ([=](double x) mutable { return d += x; }, 4.0) == 9.0);
|   assert (d == 5.0);
| }
| {
|   // Test use of variadic templates
|   using cxx11test::sum;
|   auto a = sum(1);
|   auto b = sum(1, 2);
|   auto c = sum(1.0, 2.0, 3.0);
| }
| {
|   // Test constructor delegation
|   cxx11test::delegate d1;
|   cxx11test::delegate d2();
|   cxx11test::delegate d3(45);
| }
| {
|   // Test override and final
|   cxx11test::overridden o1(55464);
| }
| {
|   // Test nullptr
|   char *c = nullptr;
| }
| {
|   // Test template brackets
|   test_template<::test_template<int>> v(test_template<int>(12));
| }
| {
|   // Unicode literals
|   char const *utf8 = u8"UTF-8 string \u2500";
|   char16_t const *utf16 = u"UTF-8 string \u2500";
|   char32_t const *utf32 = U"UTF-32 string \u2500";
| }
| 
|   return ok;
| }
| 
configure:14703: /home/nathan/secure-exec/registry/native/c/vendor/wasi-sdk/bin/clang++ -std=gnu++11 -c -g -O2 --target=wasm32-wasip1 --sysroot=/home/nathan/secure-exec/registry/native/c/sysroot -I/home/nathan/secure-exec-wasmgui/experiments/wasm-gui/third_party/wasm-prefix/include -I/home/nathan/secure-exec-wasmgui/experiments/wasm-gui/toolchain/compat-include -include /home/nathan/secure-exec-wasmgui/experiments/wasm-gui/toolchain/wasi-compat.h conftest.cpp >&5
conftest.cpp:32:10: fatal error: 'cstdlib' file not found
   32 | #include <cstdlib>
      |          ^~~~~~~~~
1 error generated.
configure:14703: $? = 1
configure: failed program was:
| /* confdefs.h */
| #define PACKAGE_NAME "expat"
| #define PACKAGE_TARNAME "expat"
| #define PACKAGE_VERSION "2.6.4"
| #define PACKAGE_STRING "expat 2.6.4"
| #define PACKAGE_BUGREPORT "https://github.com/libexpat/libexpat/issues"
| #define PACKAGE_URL ""
| #define PACKAGE "expat"
| #define VERSION "2.6.4"
| #define HAVE_STDIO_H 1
| #define HAVE_STDLIB_H 1
| #define HAVE_STRING_H 1
| #define HAVE_INTTYPES_H 1
| #define HAVE_STDINT_H 1
| #define HAVE_STRINGS_H 1
| #define HAVE_SYS_STAT_H 1
| #define HAVE_SYS_TYPES_H 1
| #define HAVE_UNISTD_H 1
| #define HAVE_SYS_PARAM_H 1
| #define STDC_HEADERS 1
| #define HAVE_DLFCN_H 1
| #define LT_OBJDIR ".libs/"
| /* end confdefs.h.  */
| 
| // Does the compiler advertise C++98 conformance?
| #if !defined __cplusplus || __cplusplus < 199711L
| # error "Compiler does not advertise C++98 conformance"
| #endif
| 
| // These inclusions are to reject old compilers that
| // lack the unsuffixed header files.
| #include <cstdlib>
| #include <exception>
| 
| // <cassert> and <cstring> are *not* freestanding headers in C++98.
| extern void assert (int);
| namespace std {
|   extern int strcmp (const char *, const char *);
| }
| 
| // Namespaces, exceptions, and templates were all added after "C++ 2.0".
| using std::exception;
| using std::strcmp;
| 
| namespace {
| 
| void test_exception_syntax()
| {
|   try {
|     throw "test";
|   } catch (const char *s) {
|     // Extra parentheses suppress a warning when building autoconf itself,
|     // due to lint rules shared with more typical C programs.
|     assert (!(strcmp) (s, "test"));
|   }
| }
| 
| template <typename T> struct test_template
| {
|   T const val;
|   explicit test_template(T t) : val(t) {}
|   template <typename U> T add(U u) { return static_cast<T>(u) + val; }
| };
| 
| } // anonymous namespace
| 
| 
| // Does the compiler advertise C++ 2011 conformance?
| #if !defined __cplusplus || __cplusplus < 201103L
| # error "Compiler does not advertise C++11 conformance"
| #endif
| 
| namespace cxx11test
| {
|   constexpr int get_val() { return 20; }
| 
|   struct testinit
|   {
|     int i;
|     double d;
|   };
| 
|   class delegate
|   {
|   public:
|     delegate(int n) : n(n) {}
|     delegate(): delegate(2354) {}
| 
|     virtual int getval() { return this->n; };
|   protected:
|     int n;
|   };
| 
|   class overridden : public delegate
|   {
|   public:
|     overridden(int n): delegate(n) {}
|     virtual int getval() override final { return this->n * 2; }
|   };
| 
|   class nocopy
|   {
|   public:
|     nocopy(int i): i(i) {}
|     nocopy() = default;
|     nocopy(const nocopy&) = delete;
|     nocopy & operator=(const nocopy&) = delete;
|   private:
|     int i;
|   };
| 
|   // for testing lambda expressions
|   template <typename Ret, typename Fn> Ret eval(Fn f, Ret v)
|   {
|     return f(v);
|   }
| 
|   // for testing variadic templates and trailing return types
|   template <typename V> auto sum(V first) -> V
|   {
|     return first;
|   }
|   template <typename V, typename... Args> auto sum(V first, Args... rest) -> V
|   {
|     return first + sum(rest...);
|   }
| }
| 
| 
| int
| main (int argc, char **argv)
| {
|   int ok = 0;
|   
|   assert (argc);
|   assert (! argv[0]);
| {
|   test_exception_syntax ();
|   test_template<double> tt (2.0);
|   assert (tt.add (4) == 6.0);
|   assert (true && !false);
| }
| 
|   
| {
|   // Test auto and decltype
|   auto a1 = 6538;
|   auto a2 = 48573953.4;
|   auto a3 = "String literal";
| 
|   int total = 0;
|   for (auto i = a3; *i; ++i) { total += *i; }
| 
|   decltype(a2) a4 = 34895.034;
| }
| {
|   // Test constexpr
|   short sa[cxx11test::get_val()] = { 0 };
| }
| {
|   // Test initializer lists
|   cxx11test::testinit il = { 4323, 435234.23544 };
| }
| {
|   // Test range-based for
|   int array[] = {9, 7, 13, 15, 4, 18, 12, 10, 5, 3,
|                  14, 19, 17, 8, 6, 20, 16, 2, 11, 1};
|   for (auto &x : array) { x += 23; }
| }
| {
|   // Test lambda expressions
|   using cxx11test::eval;
|   assert (eval ([](int x) { return x*2; }, 21) == 42);
|   double d = 2.0;
|   assert (eval ([&](double x) { return d += x; }, 3.0) == 5.0);
|   assert (d == 5.0);
|   assert (eval ([=](double x) mutable { return d += x; }, 4.0) == 9.0);
|   assert (d == 5.0);
| }
| {
|   // Test use of variadic templates
|   using cxx11test::sum;
|   auto a = sum(1);
|   auto b = sum(1, 2);
|   auto c = sum(1.0, 2.0, 3.0);
| }
| {
|   // Test constructor delegation
|   cxx11test::delegate d1;
|   cxx11test::delegate d2();
|   cxx11test::delegate d3(45);
| }
| {
|   // Test override and final
|   cxx11test::overridden o1(55464);
| }
| {
|   // Test nullptr
|   char *c = nullptr;
| }
| {
|   // Test template brackets
|   test_template<::test_template<int>> v(test_template<int>(12));
| }
| {
|   // Unicode literals
|   char const *utf8 = u8"UTF-8 string \u2500";
|   char16_t const *utf16 = u"UTF-8 string \u2500";
|   char32_t const *utf32 = U"UTF-32 string \u2500";
| }
| 
|   return ok;
| }
| 
configure:14703: /home/nathan/secure-exec/registry/native/c/vendor/wasi-sdk/bin/clang++ -std=gnu++0x -c -g -O2 --target=wasm32-wasip1 --sysroot=/home/nathan/secure-exec/registry/native/c/sysroot -I/home/nathan/secure-exec-wasmgui/experiments/wasm-gui/third_party/wasm-prefix/include -I/home/nathan/secure-exec-wasmgui/experiments/wasm-gui/toolchain/compat-include -include /home/nathan/secure-exec-wasmgui/experiments/wasm-gui/toolchain/wasi-compat.h conftest.cpp >&5
conftest.cpp:32:10: fatal error: 'cstdlib' file not found
   32 | #include <cstdlib>
      |          ^~~~~~~~~
1 error generated.
configure:14703: $? = 1
configure: failed program was:
| /* confdefs.h */
| #define PACKAGE_NAME "expat"
| #define PACKAGE_TARNAME "expat"
| #define PACKAGE_VERSION "2.6.4"
| #define PACKAGE_STRING "expat 2.6.4"
| #define PACKAGE_BUGREPORT "https://github.com/libexpat/libexpat/issues"
| #define PACKAGE_URL ""
| #define PACKAGE "expat"
| #define VERSION "2.6.4"
| #define HAVE_STDIO_H 1
| #define HAVE_STDLIB_H 1
| #define HAVE_STRING_H 1
| #define HAVE_INTTYPES_H 1
| #define HAVE_STDINT_H 1
| #define HAVE_STRINGS_H 1
| #define HAVE_SYS_STAT_H 1
| #define HAVE_SYS_TYPES_H 1
| #define HAVE_UNISTD_H 1
| #define HAVE_SYS_PARAM_H 1
| #define STDC_HEADERS 1
| #define HAVE_DLFCN_H 1
| #define LT_OBJDIR ".libs/"
| /* end confdefs.h.  */
| 
| // Does the compiler advertise C++98 conformance?
| #if !defined __cplusplus || __cplusplus < 199711L
| # error "Compiler does not advertise C++98 conformance"
| #endif
| 
| // These inclusions are to reject old compilers that
| // lack the unsuffixed header files.
| #include <cstdlib>
| #include <exception>
| 
| // <cassert> and <cstring> are *not* freestanding headers in C++98.
| extern void assert (int);
| namespace std {
|   extern int strcmp (const char *, const char *);
| }
| 
| // Namespaces, exceptions, and templates were all added after "C++ 2.0".
| using std::exception;
| using std::strcmp;
| 
| namespace {
| 
| void test_exception_syntax()
| {
|   try {
|     throw "test";
|   } catch (const char *s) {
|     // Extra parentheses suppress a warning when building autoconf itself,
|     // due to lint rules shared with more typical C programs.
|     assert (!(strcmp) (s, "test"));
|   }
| }
| 
| template <typename T> struct test_template
| {
|   T const val;
|   explicit test_template(T t) : val(t) {}
|   template <typename U> T add(U u) { return static_cast<T>(u) + val; }
| };
| 
| } // anonymous namespace
| 
| 
| // Does the compiler advertise C++ 2011 conformance?
| #if !defined __cplusplus || __cplusplus < 201103L
| # error "Compiler does not advertise C++11 conformance"
| #endif
| 
| namespace cxx11test
| {
|   constexpr int get_val() { return 20; }
| 
|   struct testinit
|   {
|     int i;
|     double d;
|   };
| 
|   class delegate
|   {
|   public:
|     delegate(int n) : n(n) {}
|     delegate(): delegate(2354) {}
| 
|     virtual int getval() { return this->n; };
|   protected:
|     int n;
|   };
| 
|   class overridden : public delegate
|   {
|   public:
|     overridden(int n): delegate(n) {}
|     virtual int getval() override final { return this->n * 2; }
|   };
| 
|   class nocopy
|   {
|   public:
|     nocopy(int i): i(i) {}
|     nocopy() = default;
|     nocopy(const nocopy&) = delete;
|     nocopy & operator=(const nocopy&) = delete;
|   private:
|     int i;
|   };
| 
|   // for testing lambda expressions
|   template <typename Ret, typename Fn> Ret eval(Fn f, Ret v)
|   {
|     return f(v);
|   }
| 
|   // for testing variadic templates and trailing return types
|   template <typename V> auto sum(V first) -> V
|   {
|     return first;
|   }
|   template <typename V, typename... Args> auto sum(V first, Args... rest) -> V
|   {
|     return first + sum(rest...);
|   }
| }
| 
| 
| int
| main (int argc, char **argv)
| {
|   int ok = 0;
|   
|   assert (argc);
|   assert (! argv[0]);
| {
|   test_exception_syntax ();
|   test_template<double> tt (2.0);
|   assert (tt.add (4) == 6.0);
|   assert (true && !false);
| }
| 
|   
| {
|   // Test auto and decltype
|   auto a1 = 6538;
|   auto a2 = 48573953.4;
|   auto a3 = "String literal";
| 
|   int total = 0;
|   for (auto i = a3; *i; ++i) { total += *i; }
| 
|   decltype(a2) a4 = 34895.034;
| }
| {
|   // Test constexpr
|   short sa[cxx11test::get_val()] = { 0 };
| }
| {
|   // Test initializer lists
|   cxx11test::testinit il = { 4323, 435234.23544 };
| }
| {
|   // Test range-based for
|   int array[] = {9, 7, 13, 15, 4, 18, 12, 10, 5, 3,
|                  14, 19, 17, 8, 6, 20, 16, 2, 11, 1};
|   for (auto &x : array) { x += 23; }
| }
| {
|   // Test lambda expressions
|   using cxx11test::eval;
|   assert (eval ([](int x) { return x*2; }, 21) == 42);
|   double d = 2.0;
|   assert (eval ([&](double x) { return d += x; }, 3.0) == 5.0);
|   assert (d == 5.0);
|   assert (eval ([=](double x) mutable { return d += x; }, 4.0) == 9.0);
|   assert (d == 5.0);
| }
| {
|   // Test use of variadic templates
|   using cxx11test::sum;
|   auto a = sum(1);
|   auto b = sum(1, 2);
|   auto c = sum(1.0, 2.0, 3.0);
| }
| {
|   // Test constructor delegation
|   cxx11test::delegate d1;
|   cxx11test::delegate d2();
|   cxx11test::delegate d3(45);
| }
| {
|   // Test override and final
|   cxx11test::overridden o1(55464);
| }
| {
|   // Test nullptr
|   char *c = nullptr;
| }
| {
|   // Test template brackets
|   test_template<::test_template<int>> v(test_template<int>(12));
| }
| {
|   // Unicode literals
|   char const *utf8 = u8"UTF-8 string \u2500";
|   char16_t const *utf16 = u"UTF-8 string \u2500";
|   char32_t const *utf32 = U"UTF-32 string \u2500";
| }
| 
|   return ok;
| }
| 
configure:14703: /home/nathan/secure-exec/registry/native/c/vendor/wasi-sdk/bin/clang++ -std=c++11 -c -g -O2 --target=wasm32-wasip1 --sysroot=/home/nathan/secure-exec/registry/native/c/sysroot -I/home/nathan/secure-exec-wasmgui/experiments/wasm-gui/third_party/wasm-prefix/include -I/home/nathan/secure-exec-wasmgui/experiments/wasm-gui/toolchain/compat-include -include /home/nathan/secure-exec-wasmgui/experiments/wasm-gui/toolchain/wasi-compat.h conftest.cpp >&5
conftest.cpp:32:10: fatal error: 'cstdlib' file not found
   32 | #include <cstdlib>
      |          ^~~~~~~~~
1 error generated.
configure:14703: $? = 1
configure: failed program was:
| /* confdefs.h */
| #define PACKAGE_NAME "expat"
| #define PACKAGE_TARNAME "expat"
| #define PACKAGE_VERSION "2.6.4"
| #define PACKAGE_STRING "expat 2.6.4"
| #define PACKAGE_BUGREPORT "https://github.com/libexpat/libexpat/issues"
| #define PACKAGE_URL ""
| #define PACKAGE "expat"
| #define VERSION "2.6.4"
| #define HAVE_STDIO_H 1
| #define HAVE_STDLIB_H 1
| #define HAVE_STRING_H 1
| #define HAVE_INTTYPES_H 1
| #define HAVE_STDINT_H 1
| #define HAVE_STRINGS_H 1
| #define HAVE_SYS_STAT_H 1
| #define HAVE_SYS_TYPES_H 1
| #define HAVE_UNISTD_H 1
| #define HAVE_SYS_PARAM_H 1
| #define STDC_HEADERS 1
| #define HAVE_DLFCN_H 1
| #define LT_OBJDIR ".libs/"
| /* end confdefs.h.  */
| 
| // Does the compiler advertise C++98 conformance?
| #if !defined __cplusplus || __cplusplus < 199711L
| # error "Compiler does not advertise C++98 conformance"
| #endif
| 
| // These inclusions are to reject old compilers that
| // lack the unsuffixed header files.
| #include <cstdlib>
| #include <exception>
| 
| // <cassert> and <cstring> are *not* freestanding headers in C++98.
| extern void assert (int);
| namespace std {
|   extern int strcmp (const char *, const char *);
| }
| 
| // Namespaces, exceptions, and templates were all added after "C++ 2.0".
| using std::exception;
| using std::strcmp;
| 
| namespace {
| 
| void test_exception_syntax()
| {
|   try {
|     throw "test";
|   } catch (const char *s) {
|     // Extra parentheses suppress a warning when building autoconf itself,
|     // due to lint rules shared with more typical C programs.
|     assert (!(strcmp) (s, "test"));
|   }
| }
| 
| template <typename T> struct test_template
| {
|   T const val;
|   explicit test_template(T t) : val(t) {}
|   template <typename U> T add(U u) { return static_cast<T>(u) + val; }
| };
| 
| } // anonymous namespace
| 
| 
| // Does the compiler advertise C++ 2011 conformance?
| #if !defined __cplusplus || __cplusplus < 201103L
| # error "Compiler does not advertise C++11 conformance"
| #endif
| 
| namespace cxx11test
| {
|   constexpr int get_val() { return 20; }
| 
|   struct testinit
|   {
|     int i;
|     double d;
|   };
| 
|   class delegate
|   {
|   public:
|     delegate(int n) : n(n) {}
|     delegate(): delegate(2354) {}
| 
|     virtual int getval() { return this->n; };
|   protected:
|     int n;
|   };
| 
|   class overridden : public delegate
|   {
|   public:
|     overridden(int n): delegate(n) {}
|     virtual int getval() override final { return this->n * 2; }
|   };
| 
|   class nocopy
|   {
|   public:
|     nocopy(int i): i(i) {}
|     nocopy() = default;
|     nocopy(const nocopy&) = delete;
|     nocopy & operator=(const nocopy&) = delete;
|   private:
|     int i;
|   };
| 
|   // for testing lambda expressions
|   template <typename Ret, typename Fn> Ret eval(Fn f, Ret v)
|   {
|     return f(v);
|   }
| 
|   // for testing variadic templates and trailing return types
|   template <typename V> auto sum(V first) -> V
|   {
|     return first;
|   }
|   template <typename V, typename... Args> auto sum(V first, Args... rest) -> V
|   {
|     return first + sum(rest...);
|   }
| }
| 
| 
| int
| main (int argc, char **argv)
| {
|   int ok = 0;
|   
|   assert (argc);
|   assert (! argv[0]);
| {
|   test_exception_syntax ();
|   test_template<double> tt (2.0);
|   assert (tt.add (4) == 6.0);
|   assert (true && !false);
| }
| 
|   
| {
|   // Test auto and decltype
|   auto a1 = 6538;
|   auto a2 = 48573953.4;
|   auto a3 = "String literal";
| 
|   int total = 0;
|   for (auto i = a3; *i; ++i) { total += *i; }
| 
|   decltype(a2) a4 = 34895.034;
| }
| {
|   // Test constexpr
|   short sa[cxx11test::get_val()] = { 0 };
| }
| {
|   // Test initializer lists
|   cxx11test::testinit il = { 4323, 435234.23544 };
| }
| {
|   // Test range-based for
|   int array[] = {9, 7, 13, 15, 4, 18, 12, 10, 5, 3,
|                  14, 19, 17, 8, 6, 20, 16, 2, 11, 1};
|   for (auto &x : array) { x += 23; }
| }
| {
|   // Test lambda expressions
|   using cxx11test::eval;
|   assert (eval ([](int x) { return x*2; }, 21) == 42);
|   double d = 2.0;
|   assert (eval ([&](double x) { return d += x; }, 3.0) == 5.0);
|   assert (d == 5.0);
|   assert (eval ([=](double x) mutable { return d += x; }, 4.0) == 9.0);
|   assert (d == 5.0);
| }
| {
|   // Test use of variadic templates
|   using cxx11test::sum;
|   auto a = sum(1);
|   auto b = sum(1, 2);
|   auto c = sum(1.0, 2.0, 3.0);
| }
| {
|   // Test constructor delegation
|   cxx11test::delegate d1;
|   cxx11test::delegate d2();
|   cxx11test::delegate d3(45);
| }
| {
|   // Test override and final
|   cxx11test::overridden o1(55464);
| }
| {
|   // Test nullptr
|   char *c = nullptr;
| }
| {
|   // Test template brackets
|   test_template<::test_template<int>> v(test_template<int>(12));
| }
| {
|   // Unicode literals
|   char const *utf8 = u8"UTF-8 string \u2500";
|   char16_t const *utf16 = u"UTF-8 string \u2500";
|   char32_t const *utf32 = U"UTF-32 string \u2500";
| }
| 
|   return ok;
| }
| 
configure:14703: /home/nathan/secure-exec/registry/native/c/vendor/wasi-sdk/bin/clang++ -std=c++0x -c -g -O2 --target=wasm32-wasip1 --sysroot=/home/nathan/secure-exec/registry/native/c/sysroot -I/home/nathan/secure-exec-wasmgui/experiments/wasm-gui/third_party/wasm-prefix/include -I/home/nathan/secure-exec-wasmgui/experiments/wasm-gui/toolchain/compat-include -include /home/nathan/secure-exec-wasmgui/experiments/wasm-gui/toolchain/wasi-compat.h conftest.cpp >&5
conftest.cpp:32:10: fatal error: 'cstdlib' file not found
   32 | #include <cstdlib>
      |          ^~~~~~~~~
1 error generated.
configure:14703: $? = 1
configure: failed program was:
| /* confdefs.h */
| #define PACKAGE_NAME "expat"
| #define PACKAGE_TARNAME "expat"
| #define PACKAGE_VERSION "2.6.4"
| #define PACKAGE_STRING "expat 2.6.4"
| #define PACKAGE_BUGREPORT "https://github.com/libexpat/libexpat/issues"
| #define PACKAGE_URL ""
| #define PACKAGE "expat"
| #define VERSION "2.6.4"
| #define HAVE_STDIO_H 1
| #define HAVE_STDLIB_H 1
| #define HAVE_STRING_H 1
| #define HAVE_INTTYPES_H 1
| #define HAVE_STDINT_H 1
| #define HAVE_STRINGS_H 1
| #define HAVE_SYS_STAT_H 1
| #define HAVE_SYS_TYPES_H 1
| #define HAVE_UNISTD_H 1
| #define HAVE_SYS_PARAM_H 1
| #define STDC_HEADERS 1
| #define HAVE_DLFCN_H 1
| #define LT_OBJDIR ".libs/"
| /* end confdefs.h.  */
| 
| // Does the compiler advertise C++98 conformance?
| #if !defined __cplusplus || __cplusplus < 199711L
| # error "Compiler does not advertise C++98 conformance"
| #endif
| 
| // These inclusions are to reject old compilers that
| // lack the unsuffixed header files.
| #include <cstdlib>
| #include <exception>
| 
| // <cassert> and <cstring> are *not* freestanding headers in C++98.
| extern void assert (int);
| namespace std {
|   extern int strcmp (const char *, const char *);
| }
| 
| // Namespaces, exceptions, and templates were all added after "C++ 2.0".
| using std::exception;
| using std::strcmp;
| 
| namespace {
| 
| void test_exception_syntax()
| {
|   try {
|     throw "test";
|   } catch (const char *s) {
|     // Extra parentheses suppress a warning when building autoconf itself,
|     // due to lint rules shared with more typical C programs.
|     assert (!(strcmp) (s, "test"));
|   }
| }
| 
| template <typename T> struct test_template
| {
|   T const val;
|   explicit test_template(T t) : val(t) {}
|   template <typename U> T add(U u) { return static_cast<T>(u) + val; }
| };
| 
| } // anonymous namespace
| 
| 
| // Does the compiler advertise C++ 2011 conformance?
| #if !defined __cplusplus || __cplusplus < 201103L
| # error "Compiler does not advertise C++11 conformance"
| #endif
| 
| namespace cxx11test
| {
|   constexpr int get_val() { return 20; }
| 
|   struct testinit
|   {
|     int i;
|     double d;
|   };
| 
|   class delegate
|   {
|   public:
|     delegate(int n) : n(n) {}
|     delegate(): delegate(2354) {}
| 
|     virtual int getval() { return this->n; };
|   protected:
|     int n;
|   };
| 
|   class overridden : public delegate
|   {
|   public:
|     overridden(int n): delegate(n) {}
|     virtual int getval() override final { return this->n * 2; }
|   };
| 
|   class nocopy
|   {
|   public:
|     nocopy(int i): i(i) {}
|     nocopy() = default;
|     nocopy(const nocopy&) = delete;
|     nocopy & operator=(const nocopy&) = delete;
|   private:
|     int i;
|   };
| 
|   // for testing lambda expressions
|   template <typename Ret, typename Fn> Ret eval(Fn f, Ret v)
|   {
|     return f(v);
|   }
| 
|   // for testing variadic templates and trailing return types
|   template <typename V> auto sum(V first) -> V
|   {
|     return first;
|   }
|   template <typename V, typename... Args> auto sum(V first, Args... rest) -> V
|   {
|     return first + sum(rest...);
|   }
| }
| 
| 
| int
| main (int argc, char **argv)
| {
|   int ok = 0;
|   
|   assert (argc);
|   assert (! argv[0]);
| {
|   test_exception_syntax ();
|   test_template<double> tt (2.0);
|   assert (tt.add (4) == 6.0);
|   assert (true && !false);
| }
| 
|   
| {
|   // Test auto and decltype
|   auto a1 = 6538;
|   auto a2 = 48573953.4;
|   auto a3 = "String literal";
| 
|   int total = 0;
|   for (auto i = a3; *i; ++i) { total += *i; }
| 
|   decltype(a2) a4 = 34895.034;
| }
| {
|   // Test constexpr
|   short sa[cxx11test::get_val()] = { 0 };
| }
| {
|   // Test initializer lists
|   cxx11test::testinit il = { 4323, 435234.23544 };
| }
| {
|   // Test range-based for
|   int array[] = {9, 7, 13, 15, 4, 18, 12, 10, 5, 3,
|                  14, 19, 17, 8, 6, 20, 16, 2, 11, 1};
|   for (auto &x : array) { x += 23; }
| }
| {
|   // Test lambda expressions
|   using cxx11test::eval;
|   assert (eval ([](int x) { return x*2; }, 21) == 42);
|   double d = 2.0;
|   assert (eval ([&](double x) { return d += x; }, 3.0) == 5.0);
|   assert (d == 5.0);
|   assert (eval ([=](double x) mutable { return d += x; }, 4.0) == 9.0);
|   assert (d == 5.0);
| }
| {
|   // Test use of variadic templates
|   using cxx11test::sum;
|   auto a = sum(1);
|   auto b = sum(1, 2);
|   auto c = sum(1.0, 2.0, 3.0);
| }
| {
|   // Test constructor delegation
|   cxx11test::delegate d1;
|   cxx11test::delegate d2();
|   cxx11test::delegate d3(45);
| }
| {
|   // Test override and final
|   cxx11test::overridden o1(55464);
| }
| {
|   // Test nullptr
|   char *c = nullptr;
| }
| {
|   // Test template brackets
|   test_template<::test_template<int>> v(test_template<int>(12));
| }
| {
|   // Unicode literals
|   char const *utf8 = u8"UTF-8 string \u2500";
|   char16_t const *utf16 = u"UTF-8 string \u2500";
|   char32_t const *utf32 = U"UTF-32 string \u2500";
| }
| 
|   return ok;
| }
| 
configure:14703: /home/nathan/secure-exec/registry/native/c/vendor/wasi-sdk/bin/clang++ -qlanglvl=extended0x -c -g -O2 --target=wasm32-wasip1 --sysroot=/home/nathan/secure-exec/registry/native/c/sysroot -I/home/nathan/secure-exec-wasmgui/experiments/wasm-gui/third_party/wasm-prefix/include -I/home/nathan/secure-exec-wasmgui/experiments/wasm-gui/toolchain/compat-include -include /home/nathan/secure-exec-wasmgui/experiments/wasm-gui/toolchain/wasi-compat.h conftest.cpp >&5
clang++: error: unknown argument: '-qlanglvl=extended0x'
configure:14703: $? = 1
configure: failed program was:
| /* confdefs.h */
| #define PACKAGE_NAME "expat"
| #define PACKAGE_TARNAME "expat"
| #define PACKAGE_VERSION "2.6.4"
| #define PACKAGE_STRING "expat 2.6.4"
| #define PACKAGE_BUGREPORT "https://github.com/libexpat/libexpat/issues"
| #define PACKAGE_URL ""
| #define PACKAGE "expat"
| #define VERSION "2.6.4"
| #define HAVE_STDIO_H 1
| #define HAVE_STDLIB_H 1
| #define HAVE_STRING_H 1
| #define HAVE_INTTYPES_H 1
| #define HAVE_STDINT_H 1
| #define HAVE_STRINGS_H 1
| #define HAVE_SYS_STAT_H 1
| #define HAVE_SYS_TYPES_H 1
| #define HAVE_UNISTD_H 1
| #define HAVE_SYS_PARAM_H 1
| #define STDC_HEADERS 1
| #define HAVE_DLFCN_H 1
| #define LT_OBJDIR ".libs/"
| /* end confdefs.h.  */
| 
| // Does the compiler advertise C++98 conformance?
| #if !defined __cplusplus || __cplusplus < 199711L
| # error "Compiler does not advertise C++98 conformance"
| #endif
| 
| // These inclusions are to reject old compilers that
| // lack the unsuffixed header files.
| #include <cstdlib>
| #include <exception>
| 
| // <cassert> and <cstring> are *not* freestanding headers in C++98.
| extern void assert (int);
| namespace std {
|   extern int strcmp (const char *, const char *);
| }
| 
| // Namespaces, exceptions, and templates were all added after "C++ 2.0".
| using std::exception;
| using std::strcmp;
| 
| namespace {
| 
| void test_exception_syntax()
| {
|   try {
|     throw "test";
|   } catch (const char *s) {
|     // Extra parentheses suppress a warning when building autoconf itself,
|     // due to lint rules shared with more typical C programs.
|     assert (!(strcmp) (s, "test"));
|   }
| }
| 
| template <typename T> struct test_template
| {
|   T const val;
|   explicit test_template(T t) : val(t) {}
|   template <typename U> T add(U u) { return static_cast<T>(u) + val; }
| };
| 
| } // anonymous namespace
| 
| 
| // Does the compiler advertise C++ 2011 conformance?
| #if !defined __cplusplus || __cplusplus < 201103L
| # error "Compiler does not advertise C++11 conformance"
| #endif
| 
| namespace cxx11test
| {
|   constexpr int get_val() { return 20; }
| 
|   struct testinit
|   {
|     int i;
|     double d;
|   };
| 
|   class delegate
|   {
|   public:
|     delegate(int n) : n(n) {}
|     delegate(): delegate(2354) {}
| 
|     virtual int getval() { return this->n; };
|   protected:
|     int n;
|   };
| 
|   class overridden : public delegate
|   {
|   public:
|     overridden(int n): delegate(n) {}
|     virtual int getval() override final { return this->n * 2; }
|   };
| 
|   class nocopy
|   {
|   public:
|     nocopy(int i): i(i) {}
|     nocopy() = default;
|     nocopy(const nocopy&) = delete;
|     nocopy & operator=(const nocopy&) = delete;
|   private:
|     int i;
|   };
| 
|   // for testing lambda expressions
|   template <typename Ret, typename Fn> Ret eval(Fn f, Ret v)
|   {
|     return f(v);
|   }
| 
|   // for testing variadic templates and trailing return types
|   template <typename V> auto sum(V first) -> V
|   {
|     return first;
|   }
|   template <typename V, typename... Args> auto sum(V first, Args... rest) -> V
|   {
|     return first + sum(rest...);
|   }
| }
| 
| 
| int
| main (int argc, char **argv)
| {
|   int ok = 0;
|   
|   assert (argc);
|   assert (! argv[0]);
| {
|   test_exception_syntax ();
|   test_template<double> tt (2.0);
|   assert (tt.add (4) == 6.0);
|   assert (true && !false);
| }
| 
|   
| {
|   // Test auto and decltype
|   auto a1 = 6538;
|   auto a2 = 48573953.4;
|   auto a3 = "String literal";
| 
|   int total = 0;
|   for (auto i = a3; *i; ++i) { total += *i; }
| 
|   decltype(a2) a4 = 34895.034;
| }
| {
|   // Test constexpr
|   short sa[cxx11test::get_val()] = { 0 };
| }
| {
|   // Test initializer lists
|   cxx11test::testinit il = { 4323, 435234.23544 };
| }
| {
|   // Test range-based for
|   int array[] = {9, 7, 13, 15, 4, 18, 12, 10, 5, 3,
|                  14, 19, 17, 8, 6, 20, 16, 2, 11, 1};
|   for (auto &x : array) { x += 23; }
| }
| {
|   // Test lambda expressions
|   using cxx11test::eval;
|   assert (eval ([](int x) { return x*2; }, 21) == 42);
|   double d = 2.0;
|   assert (eval ([&](double x) { return d += x; }, 3.0) == 5.0);
|   assert (d == 5.0);
|   assert (eval ([=](double x) mutable { return d += x; }, 4.0) == 9.0);
|   assert (d == 5.0);
| }
| {
|   // Test use of variadic templates
|   using cxx11test::sum;
|   auto a = sum(1);
|   auto b = sum(1, 2);
|   auto c = sum(1.0, 2.0, 3.0);
| }
| {
|   // Test constructor delegation
|   cxx11test::delegate d1;
|   cxx11test::delegate d2();
|   cxx11test::delegate d3(45);
| }
| {
|   // Test override and final
|   cxx11test::overridden o1(55464);
| }
| {
|   // Test nullptr
|   char *c = nullptr;
| }
| {
|   // Test template brackets
|   test_template<::test_template<int>> v(test_template<int>(12));
| }
| {
|   // Unicode literals
|   char const *utf8 = u8"UTF-8 string \u2500";
|   char16_t const *utf16 = u"UTF-8 string \u2500";
|   char32_t const *utf32 = U"UTF-32 string \u2500";
| }
| 
|   return ok;
| }
| 
configure:14703: /home/nathan/secure-exec/registry/native/c/vendor/wasi-sdk/bin/clang++ -AA -c -g -O2 --target=wasm32-wasip1 --sysroot=/home/nathan/secure-exec/registry/native/c/sysroot -I/home/nathan/secure-exec-wasmgui/experiments/wasm-gui/third_party/wasm-prefix/include -I/home/nathan/secure-exec-wasmgui/experiments/wasm-gui/toolchain/compat-include -include /home/nathan/secure-exec-wasmgui/experiments/wasm-gui/toolchain/wasi-compat.h conftest.cpp >&5
clang++: warning: argument unused during compilation: '-AA' [-Wunused-command-line-argument]
conftest.cpp:32:10: fatal error: 'cstdlib' file not found
   32 | #include <cstdlib>
      |          ^~~~~~~~~
1 error generated.
configure:14703: $? = 1
configure: failed program was:
| /* confdefs.h */
| #define PACKAGE_NAME "expat"
| #define PACKAGE_TARNAME "expat"
| #define PACKAGE_VERSION "2.6.4"
| #define PACKAGE_STRING "expat 2.6.4"
| #define PACKAGE_BUGREPORT "https://github.com/libexpat/libexpat/issues"
| #define PACKAGE_URL ""
| #define PACKAGE "expat"
| #define VERSION "2.6.4"
| #define HAVE_STDIO_H 1
| #define HAVE_STDLIB_H 1
| #define HAVE_STRING_H 1
| #define HAVE_INTTYPES_H 1
| #define HAVE_STDINT_H 1
| #define HAVE_STRINGS_H 1
| #define HAVE_SYS_STAT_H 1
| #define HAVE_SYS_TYPES_H 1
| #define HAVE_UNISTD_H 1
| #define HAVE_SYS_PARAM_H 1
| #define STDC_HEADERS 1
| #define HAVE_DLFCN_H 1
| #define LT_OBJDIR ".libs/"
| /* end confdefs.h.  */
| 
| // Does the compiler advertise C++98 conformance?
| #if !defined __cplusplus || __cplusplus < 199711L
| # error "Compiler does not advertise C++98 conformance"
| #endif
| 
| // These inclusions are to reject old compilers that
| // lack the unsuffixed header files.
| #include <cstdlib>
| #include <exception>
| 
| // <cassert> and <cstring> are *not* freestanding headers in C++98.
| extern void assert (int);
| namespace std {
|   extern int strcmp (const char *, const char *);
| }
| 
| // Namespaces, exceptions, and templates were all added after "C++ 2.0".
| using std::exception;
| using std::strcmp;
| 
| namespace {
| 
| void test_exception_syntax()
| {
|   try {
|     throw "test";
|   } catch (const char *s) {
|     // Extra parentheses suppress a warning when building autoconf itself,
|     // due to lint rules shared with more typical C programs.
|     assert (!(strcmp) (s, "test"));
|   }
| }
| 
| template <typename T> struct test_template
| {
|   T const val;
|   explicit test_template(T t) : val(t) {}
|   template <typename U> T add(U u) { return static_cast<T>(u) + val; }
| };
| 
| } // anonymous namespace
| 
| 
| // Does the compiler advertise C++ 2011 conformance?
| #if !defined __cplusplus || __cplusplus < 201103L
| # error "Compiler does not advertise C++11 conformance"
| #endif
| 
| namespace cxx11test
| {
|   constexpr int get_val() { return 20; }
| 
|   struct testinit
|   {
|     int i;
|     double d;
|   };
| 
|   class delegate
|   {
|   public:
|     delegate(int n) : n(n) {}
|     delegate(): delegate(2354) {}
| 
|     virtual int getval() { return this->n; };
|   protected:
|     int n;
|   };
| 
|   class overridden : public delegate
|   {
|   public:
|     overridden(int n): delegate(n) {}
|     virtual int getval() override final { return this->n * 2; }
|   };
| 
|   class nocopy
|   {
|   public:
|     nocopy(int i): i(i) {}
|     nocopy() = default;
|     nocopy(const nocopy&) = delete;
|     nocopy & operator=(const nocopy&) = delete;
|   private:
|     int i;
|   };
| 
|   // for testing lambda expressions
|   template <typename Ret, typename Fn> Ret eval(Fn f, Ret v)
|   {
|     return f(v);
|   }
| 
|   // for testing variadic templates and trailing return types
|   template <typename V> auto sum(V first) -> V
|   {
|     return first;
|   }
|   template <typename V, typename... Args> auto sum(V first, Args... rest) -> V
|   {
|     return first + sum(rest...);
|   }
| }
| 
| 
| int
| main (int argc, char **argv)
| {
|   int ok = 0;
|   
|   assert (argc);
|   assert (! argv[0]);
| {
|   test_exception_syntax ();
|   test_template<double> tt (2.0);
|   assert (tt.add (4) == 6.0);
|   assert (true && !false);
| }
| 
|   
| {
|   // Test auto and decltype
|   auto a1 = 6538;
|   auto a2 = 48573953.4;
|   auto a3 = "String literal";
| 
|   int total = 0;
|   for (auto i = a3; *i; ++i) { total += *i; }
| 
|   decltype(a2) a4 = 34895.034;
| }
| {
|   // Test constexpr
|   short sa[cxx11test::get_val()] = { 0 };
| }
| {
|   // Test initializer lists
|   cxx11test::testinit il = { 4323, 435234.23544 };
| }
| {
|   // Test range-based for
|   int array[] = {9, 7, 13, 15, 4, 18, 12, 10, 5, 3,
|                  14, 19, 17, 8, 6, 20, 16, 2, 11, 1};
|   for (auto &x : array) { x += 23; }
| }
| {
|   // Test lambda expressions
|   using cxx11test::eval;
|   assert (eval ([](int x) { return x*2; }, 21) == 42);
|   double d = 2.0;
|   assert (eval ([&](double x) { return d += x; }, 3.0) == 5.0);
|   assert (d == 5.0);
|   assert (eval ([=](double x) mutable { return d += x; }, 4.0) == 9.0);
|   assert (d == 5.0);
| }
| {
|   // Test use of variadic templates
|   using cxx11test::sum;
|   auto a = sum(1);
|   auto b = sum(1, 2);
|   auto c = sum(1.0, 2.0, 3.0);
| }
| {
|   // Test constructor delegation
|   cxx11test::delegate d1;
|   cxx11test::delegate d2();
|   cxx11test::delegate d3(45);
| }
| {
|   // Test override and final
|   cxx11test::overridden o1(55464);
| }
| {
|   // Test nullptr
|   char *c = nullptr;
| }
| {
|   // Test template brackets
|   test_template<::test_template<int>> v(test_template<int>(12));
| }
| {
|   // Unicode literals
|   char const *utf8 = u8"UTF-8 string \u2500";
|   char16_t const *utf16 = u"UTF-8 string \u2500";
|   char32_t const *utf32 = U"UTF-32 string \u2500";
| }
| 
|   return ok;
| }
| 
configure:14716: result: unsupported
configure:14734: checking for /home/nathan/secure-exec/registry/native/c/vendor/wasi-sdk/bin/clang++ option to enable C++98 features
configure:14749: /home/nathan/secure-exec/registry/native/c/vendor/wasi-sdk/bin/clang++  -c -g -O2 --target=wasm32-wasip1 --sysroot=/home/nathan/secure-exec/registry/native/c/sysroot -I/home/nathan/secure-exec-wasmgui/experiments/wasm-gui/third_party/wasm-prefix/include -I/home/nathan/secure-exec-wasmgui/experiments/wasm-gui/toolchain/compat-include -include /home/nathan/secure-exec-wasmgui/experiments/wasm-gui/toolchain/wasi-compat.h conftest.cpp >&5
conftest.cpp:32:10: fatal error: 'cstdlib' file not found
   32 | #include <cstdlib>
      |          ^~~~~~~~~
1 error generated.
configure:14749: $? = 1
configure: failed program was:
| /* confdefs.h */
| #define PACKAGE_NAME "expat"
| #define PACKAGE_TARNAME "expat"
| #define PACKAGE_VERSION "2.6.4"
| #define PACKAGE_STRING "expat 2.6.4"
| #define PACKAGE_BUGREPORT "https://github.com/libexpat/libexpat/issues"
| #define PACKAGE_URL ""
| #define PACKAGE "expat"
| #define VERSION "2.6.4"
| #define HAVE_STDIO_H 1
| #define HAVE_STDLIB_H 1
| #define HAVE_STRING_H 1
| #define HAVE_INTTYPES_H 1
| #define HAVE_STDINT_H 1
| #define HAVE_STRINGS_H 1
| #define HAVE_SYS_STAT_H 1
| #define HAVE_SYS_TYPES_H 1
| #define HAVE_UNISTD_H 1
| #define HAVE_SYS_PARAM_H 1
| #define STDC_HEADERS 1
| #define HAVE_DLFCN_H 1
| #define LT_OBJDIR ".libs/"
| /* end confdefs.h.  */
| 
| // Does the compiler advertise C++98 conformance?
| #if !defined __cplusplus || __cplusplus < 199711L
| # error "Compiler does not advertise C++98 conformance"
| #endif
| 
| // These inclusions are to reject old compilers that
| // lack the unsuffixed header files.
| #include <cstdlib>
| #include <exception>
| 
| // <cassert> and <cstring> are *not* freestanding headers in C++98.
| extern void assert (int);
| namespace std {
|   extern int strcmp (const char *, const char *);
| }
| 
| // Namespaces, exceptions, and templates were all added after "C++ 2.0".
| using std::exception;
| using std::strcmp;
| 
| namespace {
| 
| void test_exception_syntax()
| {
|   try {
|     throw "test";
|   } catch (const char *s) {
|     // Extra parentheses suppress a warning when building autoconf itself,
|     // due to lint rules shared with more typical C programs.
|     assert (!(strcmp) (s, "test"));
|   }
| }
| 
| template <typename T> struct test_template
| {
|   T const val;
|   explicit test_template(T t) : val(t) {}
|   template <typename U> T add(U u) { return static_cast<T>(u) + val; }
| };
| 
| } // anonymous namespace
| 
| int
| main (int argc, char **argv)
| {
|   int ok = 0;
|   
|   assert (argc);
|   assert (! argv[0]);
| {
|   test_exception_syntax ();
|   test_template<double> tt (2.0);
|   assert (tt.add (4) == 6.0);
|   assert (true && !false);
| }
| 
|   return ok;
| }
| 
configure:14749: /home/nathan/secure-exec/registry/native/c/vendor/wasi-sdk/bin/clang++ -std=gnu++98 -c -g -O2 --target=wasm32-wasip1 --sysroot=/home/nathan/secure-exec/registry/native/c/sysroot -I/home/nathan/secure-exec-wasmgui/experiments/wasm-gui/third_party/wasm-prefix/include -I/home/nathan/secure-exec-wasmgui/experiments/wasm-gui/toolchain/compat-include -include /home/nathan/secure-exec-wasmgui/experiments/wasm-gui/toolchain/wasi-compat.h conftest.cpp >&5
conftest.cpp:32:10: fatal error: 'cstdlib' file not found
   32 | #include <cstdlib>
      |          ^~~~~~~~~
1 error generated.
configure:14749: $? = 1
configure: failed program was:
| /* confdefs.h */
| #define PACKAGE_NAME "expat"
| #define PACKAGE_TARNAME "expat"
| #define PACKAGE_VERSION "2.6.4"
| #define PACKAGE_STRING "expat 2.6.4"
| #define PACKAGE_BUGREPORT "https://github.com/libexpat/libexpat/issues"
| #define PACKAGE_URL ""
| #define PACKAGE "expat"
| #define VERSION "2.6.4"
| #define HAVE_STDIO_H 1
| #define HAVE_STDLIB_H 1
| #define HAVE_STRING_H 1
| #define HAVE_INTTYPES_H 1
| #define HAVE_STDINT_H 1
| #define HAVE_STRINGS_H 1
| #define HAVE_SYS_STAT_H 1
| #define HAVE_SYS_TYPES_H 1
| #define HAVE_UNISTD_H 1
| #define HAVE_SYS_PARAM_H 1
| #define STDC_HEADERS 1
| #define HAVE_DLFCN_H 1
| #define LT_OBJDIR ".libs/"
| /* end confdefs.h.  */
| 
| // Does the compiler advertise C++98 conformance?
| #if !defined __cplusplus || __cplusplus < 199711L
| # error "Compiler does not advertise C++98 conformance"
| #endif
| 
| // These inclusions are to reject old compilers that
| // lack the unsuffixed header files.
| #include <cstdlib>
| #include <exception>
| 
| // <cassert> and <cstring> are *not* freestanding headers in C++98.
| extern void assert (int);
| namespace std {
|   extern int strcmp (const char *, const char *);
| }
| 
| // Namespaces, exceptions, and templates were all added after "C++ 2.0".
| using std::exception;
| using std::strcmp;
| 
| namespace {
| 
| void test_exception_syntax()
| {
|   try {
|     throw "test";
|   } catch (const char *s) {
|     // Extra parentheses suppress a warning when building autoconf itself,
|     // due to lint rules shared with more typical C programs.
|     assert (!(strcmp) (s, "test"));
|   }
| }
| 
| template <typename T> struct test_template
| {
|   T const val;
|   explicit test_template(T t) : val(t) {}
|   template <typename U> T add(U u) { return static_cast<T>(u) + val; }
| };
| 
| } // anonymous namespace
| 
| int
| main (int argc, char **argv)
| {
|   int ok = 0;
|   
|   assert (argc);
|   assert (! argv[0]);
| {
|   test_exception_syntax ();
|   test_template<double> tt (2.0);
|   assert (tt.add (4) == 6.0);
|   assert (true && !false);
| }
| 
|   return ok;
| }
| 
configure:14749: /home/nathan/secure-exec/registry/native/c/vendor/wasi-sdk/bin/clang++ -std=c++98 -c -g -O2 --target=wasm32-wasip1 --sysroot=/home/nathan/secure-exec/registry/native/c/sysroot -I/home/nathan/secure-exec-wasmgui/experiments/wasm-gui/third_party/wasm-prefix/include -I/home/nathan/secure-exec-wasmgui/experiments/wasm-gui/toolchain/compat-include -include /home/nathan/secure-exec-wasmgui/experiments/wasm-gui/toolchain/wasi-compat.h conftest.cpp >&5
conftest.cpp:32:10: fatal error: 'cstdlib' file not found
   32 | #include <cstdlib>
      |          ^~~~~~~~~
1 error generated.
configure:14749: $? = 1
configure: failed program was:
| /* confdefs.h */
| #define PACKAGE_NAME "expat"
| #define PACKAGE_TARNAME "expat"
| #define PACKAGE_VERSION "2.6.4"
| #define PACKAGE_STRING "expat 2.6.4"
| #define PACKAGE_BUGREPORT "https://github.com/libexpat/libexpat/issues"
| #define PACKAGE_URL ""
| #define PACKAGE "expat"
| #define VERSION "2.6.4"
| #define HAVE_STDIO_H 1
| #define HAVE_STDLIB_H 1
| #define HAVE_STRING_H 1
| #define HAVE_INTTYPES_H 1
| #define HAVE_STDINT_H 1
| #define HAVE_STRINGS_H 1
| #define HAVE_SYS_STAT_H 1
| #define HAVE_SYS_TYPES_H 1
| #define HAVE_UNISTD_H 1
| #define HAVE_SYS_PARAM_H 1
| #define STDC_HEADERS 1
| #define HAVE_DLFCN_H 1
| #define LT_OBJDIR ".libs/"
| /* end confdefs.h.  */
| 
| // Does the compiler advertise C++98 conformance?
| #if !defined __cplusplus || __cplusplus < 199711L
| # error "Compiler does not advertise C++98 conformance"
| #endif
| 
| // These inclusions are to reject old compilers that
| // lack the unsuffixed header files.
| #include <cstdlib>
| #include <exception>
| 
| // <cassert> and <cstring> are *not* freestanding headers in C++98.
| extern void assert (int);
| namespace std {
|   extern int strcmp (const char *, const char *);
| }
| 
| // Namespaces, exceptions, and templates were all added after "C++ 2.0".
| using std::exception;
| using std::strcmp;
| 
| namespace {
| 
| void test_exception_syntax()
| {
|   try {
|     throw "test";
|   } catch (const char *s) {
|     // Extra parentheses suppress a warning when building autoconf itself,
|     // due to lint rules shared with more typical C programs.
|     assert (!(strcmp) (s, "test"));
|   }
| }
| 
| template <typename T> struct test_template
| {
|   T const val;
|   explicit test_template(T t) : val(t) {}
|   template <typename U> T add(U u) { return static_cast<T>(u) + val; }
| };
| 
| } // anonymous namespace
| 
| int
| main (int argc, char **argv)
| {
|   int ok = 0;
|   
|   assert (argc);
|   assert (! argv[0]);
| {
|   test_exception_syntax ();
|   test_template<double> tt (2.0);
|   assert (tt.add (4) == 6.0);
|   assert (true && !false);
| }
| 
|   return ok;
| }
| 
configure:14749: /home/nathan/secure-exec/registry/native/c/vendor/wasi-sdk/bin/clang++ -qlanglvl=extended -c -g -O2 --target=wasm32-wasip1 --sysroot=/home/nathan/secure-exec/registry/native/c/sysroot -I/home/nathan/secure-exec-wasmgui/experiments/wasm-gui/third_party/wasm-prefix/include -I/home/nathan/secure-exec-wasmgui/experiments/wasm-gui/toolchain/compat-include -include /home/nathan/secure-exec-wasmgui/experiments/wasm-gui/toolchain/wasi-compat.h conftest.cpp >&5
clang++: error: unknown argument: '-qlanglvl=extended'
configure:14749: $? = 1
configure: failed program was:
| /* confdefs.h */
| #define PACKAGE_NAME "expat"
| #define PACKAGE_TARNAME "expat"
| #define PACKAGE_VERSION "2.6.4"
| #define PACKAGE_STRING "expat 2.6.4"
| #define PACKAGE_BUGREPORT "https://github.com/libexpat/libexpat/issues"
| #define PACKAGE_URL ""
| #define PACKAGE "expat"
| #define VERSION "2.6.4"
| #define HAVE_STDIO_H 1
| #define HAVE_STDLIB_H 1
| #define HAVE_STRING_H 1
| #define HAVE_INTTYPES_H 1
| #define HAVE_STDINT_H 1
| #define HAVE_STRINGS_H 1
| #define HAVE_SYS_STAT_H 1
| #define HAVE_SYS_TYPES_H 1
| #define HAVE_UNISTD_H 1
| #define HAVE_SYS_PARAM_H 1
| #define STDC_HEADERS 1
| #define HAVE_DLFCN_H 1
| #define LT_OBJDIR ".libs/"
| /* end confdefs.h.  */
| 
| // Does the compiler advertise C++98 conformance?
| #if !defined __cplusplus || __cplusplus < 199711L
| # error "Compiler does not advertise C++98 conformance"
| #endif
| 
| // These inclusions are to reject old compilers that
| // lack the unsuffixed header files.
| #include <cstdlib>
| #include <exception>
| 
| // <cassert> and <cstring> are *not* freestanding headers in C++98.
| extern void assert (int);
| namespace std {
|   extern int strcmp (const char *, const char *);
| }
| 
| // Namespaces, exceptions, and templates were all added after "C++ 2.0".
| using std::exception;
| using std::strcmp;
| 
| namespace {
| 
| void test_exception_syntax()
| {
|   try {
|     throw "test";
|   } catch (const char *s) {
|     // Extra parentheses suppress a warning when building autoconf itself,
|     // due to lint rules shared with more typical C programs.
|     assert (!(strcmp) (s, "test"));
|   }
| }
| 
| template <typename T> struct test_template
| {
|   T const val;
|   explicit test_template(T t) : val(t) {}
|   template <typename U> T add(U u) { return static_cast<T>(u) + val; }
| };
| 
| } // anonymous namespace
| 
| int
| main (int argc, char **argv)
| {
|   int ok = 0;
|   
|   assert (argc);
|   assert (! argv[0]);
| {
|   test_exception_syntax ();
|   test_template<double> tt (2.0);
|   assert (tt.add (4) == 6.0);
|   assert (true && !false);
| }
| 
|   return ok;
| }
| 
configure:14749: /home/nathan/secure-exec/registry/native/c/vendor/wasi-sdk/bin/clang++ -AA -c -g -O2 --target=wasm32-wasip1 --sysroot=/home/nathan/secure-exec/registry/native/c/sysroot -I/home/nathan/secure-exec-wasmgui/experiments/wasm-gui/third_party/wasm-prefix/include -I/home/nathan/secure-exec-wasmgui/experiments/wasm-gui/toolchain/compat-include -include /home/nathan/secure-exec-wasmgui/experiments/wasm-gui/toolchain/wasi-compat.h conftest.cpp >&5
clang++: warning: argument unused during compilation: '-AA' [-Wunused-command-line-argument]
conftest.cpp:32:10: fatal error: 'cstdlib' file not found
   32 | #include <cstdlib>
      |          ^~~~~~~~~
1 error generated.
configure:14749: $? = 1
configure: failed program was:
| /* confdefs.h */
| #define PACKAGE_NAME "expat"
| #define PACKAGE_TARNAME "expat"
| #define PACKAGE_VERSION "2.6.4"
| #define PACKAGE_STRING "expat 2.6.4"
| #define PACKAGE_BUGREPORT "https://github.com/libexpat/libexpat/issues"
| #define PACKAGE_URL ""
| #define PACKAGE "expat"
| #define VERSION "2.6.4"
| #define HAVE_STDIO_H 1
| #define HAVE_STDLIB_H 1
| #define HAVE_STRING_H 1
| #define HAVE_INTTYPES_H 1
| #define HAVE_STDINT_H 1
| #define HAVE_STRINGS_H 1
| #define HAVE_SYS_STAT_H 1
| #define HAVE_SYS_TYPES_H 1
| #define HAVE_UNISTD_H 1
| #define HAVE_SYS_PARAM_H 1
| #define STDC_HEADERS 1
| #define HAVE_DLFCN_H 1
| #define LT_OBJDIR ".libs/"
| /* end confdefs.h.  */
| 
| // Does the compiler advertise C++98 conformance?
| #if !defined __cplusplus || __cplusplus < 199711L
| # error "Compiler does not advertise C++98 conformance"
| #endif
| 
| // These inclusions are to reject old compilers that
| // lack the unsuffixed header files.
| #include <cstdlib>
| #include <exception>
| 
| // <cassert> and <cstring> are *not* freestanding headers in C++98.
| extern void assert (int);
| namespace std {
|   extern int strcmp (const char *, const char *);
| }
| 
| // Namespaces, exceptions, and templates were all added after "C++ 2.0".
| using std::exception;
| using std::strcmp;
| 
| namespace {
| 
| void test_exception_syntax()
| {
|   try {
|     throw "test";
|   } catch (const char *s) {
|     // Extra parentheses suppress a warning when building autoconf itself,
|     // due to lint rules shared with more typical C programs.
|     assert (!(strcmp) (s, "test"));
|   }
| }
| 
| template <typename T> struct test_template
| {
|   T const val;
|   explicit test_template(T t) : val(t) {}
|   template <typename U> T add(U u) { return static_cast<T>(u) + val; }
| };
| 
| } // anonymous namespace
| 
| int
| main (int argc, char **argv)
| {
|   int ok = 0;
|   
|   assert (argc);
|   assert (! argv[0]);
| {
|   test_exception_syntax ();
|   test_template<double> tt (2.0);
|   assert (tt.add (4) == 6.0);
|   assert (true && !false);
| }
| 
|   return ok;
| }
| 
configure:14762: result: unsupported
configure:14787: checking dependency style of /home/nathan/secure-exec/registry/native/c/vendor/wasi-sdk/bin/clang++
configure:14899: result: gcc3
configure:14932: checking how to run the C++ preprocessor
configure:14954: /home/nathan/secure-exec/registry/native/c/vendor/wasi-sdk/bin/clang++ -E --target=wasm32-wasip1 --sysroot=/home/nathan/secure-exec/registry/native/c/sysroot -I/home/nathan/secure-exec-wasmgui/experiments/wasm-gui/third_party/wasm-prefix/include -I/home/nathan/secure-exec-wasmgui/experiments/wasm-gui/toolchain/compat-include -include /home/nathan/secure-exec-wasmgui/experiments/wasm-gui/toolchain/wasi-compat.h conftest.cpp
configure:14954: $? = 0
configure:14969: /home/nathan/secure-exec/registry/native/c/vendor/wasi-sdk/bin/clang++ -E --target=wasm32-wasip1 --sysroot=/home/nathan/secure-exec/registry/native/c/sysroot -I/home/nathan/secure-exec-wasmgui/experiments/wasm-gui/third_party/wasm-prefix/include -I/home/nathan/secure-exec-wasmgui/experiments/wasm-gui/toolchain/compat-include -include /home/nathan/secure-exec-wasmgui/experiments/wasm-gui/toolchain/wasi-compat.h conftest.cpp
conftest.cpp:24:10: fatal error: 'ac_nonexistent.h' file not found
   24 | #include <ac_nonexistent.h>
      |          ^~~~~~~~~~~~~~~~~~
1 error generated.
configure:14969: $? = 1
configure: failed program was:
| /* confdefs.h */
| #define PACKAGE_NAME "expat"
| #define PACKAGE_TARNAME "expat"
| #define PACKAGE_VERSION "2.6.4"
| #define PACKAGE_STRING "expat 2.6.4"
| #define PACKAGE_BUGREPORT "https://github.com/libexpat/libexpat/issues"
| #define PACKAGE_URL ""
| #define PACKAGE "expat"
| #define VERSION "2.6.4"
| #define HAVE_STDIO_H 1
| #define HAVE_STDLIB_H 1
| #define HAVE_STRING_H 1
| #define HAVE_INTTYPES_H 1
| #define HAVE_STDINT_H 1
| #define HAVE_STRINGS_H 1
| #define HAVE_SYS_STAT_H 1
| #define HAVE_SYS_TYPES_H 1
| #define HAVE_UNISTD_H 1
| #define HAVE_SYS_PARAM_H 1
| #define STDC_HEADERS 1
| #define HAVE_DLFCN_H 1
| #define LT_OBJDIR ".libs/"
| /* end confdefs.h.  */
| #include <ac_nonexistent.h>
configure:14996: result: /home/nathan/secure-exec/registry/native/c/vendor/wasi-sdk/bin/clang++ -E
configure:15010: /home/nathan/secure-exec/registry/native/c/vendor/wasi-sdk/bin/clang++ -E --target=wasm32-wasip1 --sysroot=/home/nathan/secure-exec/registry/native/c/sysroot -I/home/nathan/secure-exec-wasmgui/experiments/wasm-gui/third_party/wasm-prefix/include -I/home/nathan/secure-exec-wasmgui/experiments/wasm-gui/toolchain/compat-include -include /home/nathan/secure-exec-wasmgui/experiments/wasm-gui/toolchain/wasi-compat.h conftest.cpp
configure:15010: $? = 0
configure:15025: /home/nathan/secure-exec/registry/native/c/vendor/wasi-sdk/bin/clang++ -E --target=wasm32-wasip1 --sysroot=/home/nathan/secure-exec/registry/native/c/sysroot -I/home/nathan/secure-exec-wasmgui/experiments/wasm-gui/third_party/wasm-prefix/include -I/home/nathan/secure-exec-wasmgui/experiments/wasm-gui/toolchain/compat-include -include /home/nathan/secure-exec-wasmgui/experiments/wasm-gui/toolchain/wasi-compat.h conftest.cpp
conftest.cpp:24:10: fatal error: 'ac_nonexistent.h' file not found
   24 | #include <ac_nonexistent.h>
      |          ^~~~~~~~~~~~~~~~~~
1 error generated.
configure:15025: $? = 1
configure: failed program was:
| /* confdefs.h */
| #define PACKAGE_NAME "expat"
| #define PACKAGE_TARNAME "expat"
| #define PACKAGE_VERSION "2.6.4"
| #define PACKAGE_STRING "expat 2.6.4"
| #define PACKAGE_BUGREPORT "https://github.com/libexpat/libexpat/issues"
| #define PACKAGE_URL ""
| #define PACKAGE "expat"
| #define VERSION "2.6.4"
| #define HAVE_STDIO_H 1
| #define HAVE_STDLIB_H 1
| #define HAVE_STRING_H 1
| #define HAVE_INTTYPES_H 1
| #define HAVE_STDINT_H 1
| #define HAVE_STRINGS_H 1
| #define HAVE_SYS_STAT_H 1
| #define HAVE_SYS_TYPES_H 1
| #define HAVE_UNISTD_H 1
| #define HAVE_SYS_PARAM_H 1
| #define STDC_HEADERS 1
| #define HAVE_DLFCN_H 1
| #define LT_OBJDIR ".libs/"
| /* end confdefs.h.  */
| #include <ac_nonexistent.h>
configure:15190: checking for ld used by /home/nathan/secure-exec/registry/native/c/vendor/wasi-sdk/bin/clang++
configure:15258: result: /home/linuxbrew/.linuxbrew/bin/ld
configure:15265: checking if the linker (/home/linuxbrew/.linuxbrew/bin/ld) is GNU ld
configure:15281: result: yes
configure:15335: checking whether the /home/nathan/secure-exec/registry/native/c/vendor/wasi-sdk/bin/clang++ linker (/home/linuxbrew/.linuxbrew/bin/ld) supports shared libraries
configure:16413: result: no
configure:16449: /home/nathan/secure-exec/registry/native/c/vendor/wasi-sdk/bin/clang++ -c -g -O2 --target=wasm32-wasip1 --sysroot=/home/nathan/secure-exec/registry/native/c/sysroot -I/home/nathan/secure-exec-wasmgui/experiments/wasm-gui/third_party/wasm-prefix/include -I/home/nathan/secure-exec-wasmgui/experiments/wasm-gui/toolchain/compat-include -include /home/nathan/secure-exec-wasmgui/experiments/wasm-gui/toolchain/wasi-compat.h conftest.cpp >&5
configure:16452: $? = 0
configure:16934: checking for /home/nathan/secure-exec/registry/native/c/vendor/wasi-sdk/bin/clang++ option to produce PIC
configure:16942: result: -fPIC -DPIC
configure:16950: checking if /home/nathan/secure-exec/registry/native/c/vendor/wasi-sdk/bin/clang++ PIC flag -fPIC -DPIC works
configure:16969: /home/nathan/secure-exec/registry/native/c/vendor/wasi-sdk/bin/clang++ -c -g -O2 --target=wasm32-wasip1 --sysroot=/home/nathan/secure-exec/registry/native/c/sysroot -I/home/nathan/secure-exec-wasmgui/experiments/wasm-gui/third_party/wasm-prefix/include -I/home/nathan/secure-exec-wasmgui/experiments/wasm-gui/toolchain/compat-include -include /home/nathan/secure-exec-wasmgui/experiments/wasm-gui/toolchain/wasi-compat.h -fPIC -DPIC -DPIC conftest.cpp >&5
configure:16973: $? = 0
configure:16986: result: yes
configure:17009: checking if /home/nathan/secure-exec/registry/native/c/vendor/wasi-sdk/bin/clang++ static flag -static works
configure:17038: result: yes
configure:17050: checking if /home/nathan/secure-exec/registry/native/c/vendor/wasi-sdk/bin/clang++ supports -c -o file.o
configure:17072: /home/nathan/secure-exec/registry/native/c/vendor/wasi-sdk/bin/clang++ -c -g -O2 --target=wasm32-wasip1 --sysroot=/home/nathan/secure-exec/registry/native/c/sysroot -I/home/nathan/secure-exec-wasmgui/experiments/wasm-gui/third_party/wasm-prefix/include -I/home/nathan/secure-exec-wasmgui/experiments/wasm-gui/toolchain/compat-include -include /home/nathan/secure-exec-wasmgui/experiments/wasm-gui/toolchain/wasi-compat.h -o out/conftest2.o conftest.cpp >&5
configure:17076: $? = 0
configure:17098: result: yes
configure:17103: checking if /home/nathan/secure-exec/registry/native/c/vendor/wasi-sdk/bin/clang++ supports -c -o file.o
configure:17151: result: yes
configure:17181: checking whether the /home/nathan/secure-exec/registry/native/c/vendor/wasi-sdk/bin/clang++ linker (/home/linuxbrew/.linuxbrew/bin/ld) supports shared libraries
configure:17221: result: no
configure:17363: checking dynamic linker characteristics
configure:18159: result: no
configure:18224: checking how to hardcode library paths into programs
configure:18249: result: immediate
configure:18298: checking whether C++ compiler accepts -Wall
configure:18311: /home/nathan/secure-exec/registry/native/c/vendor/wasi-sdk/bin/clang++ -c -g -O2  -Werror -Wall --target=wasm32-wasip1 --sysroot=/home/nathan/secure-exec/registry/native/c/sysroot -I/home/nathan/secure-exec-wasmgui/experiments/wasm-gui/third_party/wasm-prefix/include -I/home/nathan/secure-exec-wasmgui/experiments/wasm-gui/toolchain/compat-include -include /home/nathan/secure-exec-wasmgui/experiments/wasm-gui/toolchain/wasi-compat.h conftest.cpp >&5
configure:18311: $? = 0
configure:18321: result: yes
configure:18350: : AM_CXXFLAGS="$AM_CXXFLAGS"
configure:18353: $? = 0
configure:18298: checking whether C++ compiler accepts -Wextra
configure:18311: /home/nathan/secure-exec/registry/native/c/vendor/wasi-sdk/bin/clang++ -c -g -O2  -Werror -Wextra --target=wasm32-wasip1 --sysroot=/home/nathan/secure-exec/registry/native/c/sysroot -I/home/nathan/secure-exec-wasmgui/experiments/wasm-gui/third_party/wasm-prefix/include -I/home/nathan/secure-exec-wasmgui/experiments/wasm-gui/toolchain/compat-include -include /home/nathan/secure-exec-wasmgui/experiments/wasm-gui/toolchain/wasi-compat.h conftest.cpp >&5
configure:18311: $? = 0
configure:18321: result: yes
configure:18339: : AM_CXXFLAGS="$AM_CXXFLAGS"
configure:18342: $? = 0
configure:18370: checking whether C++ compiler accepts -fexceptions
configure:18383: /home/nathan/secure-exec/registry/native/c/vendor/wasi-sdk/bin/clang++ -c -g -O2  -Werror -fexceptions --target=wasm32-wasip1 --sysroot=/home/nathan/secure-exec/registry/native/c/sysroot -I/home/nathan/secure-exec-wasmgui/experiments/wasm-gui/third_party/wasm-prefix/include -I/home/nathan/secure-exec-wasmgui/experiments/wasm-gui/toolchain/compat-include -include /home/nathan/secure-exec-wasmgui/experiments/wasm-gui/toolchain/wasi-compat.h conftest.cpp >&5
configure:18383: $? = 0
configure:18393: result: yes
configure:18411: : AM_CXXFLAGS="$AM_CXXFLAGS"
configure:18414: $? = 0
configure:18442: checking whether C++ compiler accepts -fno-strict-aliasing
configure:18455: /home/nathan/secure-exec/registry/native/c/vendor/wasi-sdk/bin/clang++ -c -g -O2  -Werror -fno-strict-aliasing --target=wasm32-wasip1 --sysroot=/home/nathan/secure-exec/registry/native/c/sysroot -I/home/nathan/secure-exec-wasmgui/experiments/wasm-gui/third_party/wasm-prefix/include -I/home/nathan/secure-exec-wasmgui/experiments/wasm-gui/toolchain/compat-include -include /home/nathan/secure-exec-wasmgui/experiments/wasm-gui/toolchain/wasi-compat.h conftest.cpp >&5
configure:18455: $? = 0
configure:18465: result: yes
configure:18483: : AM_CXXFLAGS="$AM_CXXFLAGS"
configure:18486: $? = 0
configure:18524: checking whether the linker accepts -fno-strict-aliasing
configure:18544: /home/nathan/secure-exec/registry/native/c/vendor/wasi-sdk/bin/clang -o conftest --target=wasm32-wasip1 --sysroot=/home/nathan/secure-exec/registry/native/c/sysroot -O2 -D_WASI_EMULATED_MMAN -D_WASI_EMULATED_PROCESS_CLOCKS -D_GNU_SOURCE -mllvm -wasm-enable-sjlj -Wno-error=implicit-function-declaration -Wno-error=int-conversion -Wno-int-conversion -I/home/nathan/secure-exec-wasmgui/experiments/wasm-gui/toolchain/compat-include -include /home/nathan/secure-exec-wasmgui/experiments/wasm-gui/toolchain/wasi-compat.h --target=wasm32-wasip1 --sysroot=/home/nathan/secure-exec/registry/native/c/sysroot -I/home/nathan/secure-exec-wasmgui/experiments/wasm-gui/third_party/wasm-prefix/include -I/home/nathan/secure-exec-wasmgui/experiments/wasm-gui/toolchain/compat-include -include /home/nathan/secure-exec-wasmgui/experiments/wasm-gui/toolchain/wasi-compat.h --target=wasm32-wasip1 --sysroot=/home/nathan/secure-exec/registry/native/c/sysroot -L/home/nathan/secure-exec-wasmgui/experiments/wasm-gui/third_party/wasm-prefix/lib -L/home/nathan/secure-exec/registry/native/c/vendor/wasi-sdk/share/wasi-sysroot/lib/wasm32-wasip1 -lwasi-emulated-mman -lwasi-emulated-process-clocks  -fno-strict-aliasing conftest.c  >&5
configure:18544: $? = 0
configure:18555: result: yes
configure:18584: : AM_LDFLAGS="$AM_LDFLAGS"
configure:18587: $? = 0
configure:18612: checking whether compiler supports visibility
configure:18628: /home/nathan/secure-exec/registry/native/c/vendor/wasi-sdk/bin/clang -c --target=wasm32-wasip1 --sysroot=/home/nathan/secure-exec/registry/native/c/sysroot -O2 -D_WASI_EMULATED_MMAN -D_WASI_EMULATED_PROCESS_CLOCKS -D_GNU_SOURCE -mllvm -wasm-enable-sjlj -Wno-error=implicit-function-declaration -Wno-error=int-conversion -Wno-int-conversion -I/home/nathan/secure-exec-wasmgui/experiments/wasm-gui/toolchain/compat-include -include /home/nathan/secure-exec-wasmgui/experiments/wasm-gui/toolchain/wasi-compat.h -fvisibility=hidden -Wall -Werror -Wno-unknown-warning-option --target=wasm32-wasip1 --sysroot=/home/nathan/secure-exec/registry/native/c/sysroot -I/home/nathan/secure-exec-wasmgui/experiments/wasm-gui/third_party/wasm-prefix/include -I/home/nathan/secure-exec-wasmgui/experiments/wasm-gui/toolchain/compat-include -include /home/nathan/secure-exec-wasmgui/experiments/wasm-gui/toolchain/wasi-compat.h conftest.c >&5
configure:18628: $? = 0
configure:18635: result: yes
configure:18654: : AM_CFLAGS="$AM_CFLAGS"
configure:18657: $? = 0
configure:18712: checking whether byte ordering is bigendian
configure:18728: /home/nathan/secure-exec/registry/native/c/vendor/wasi-sdk/bin/clang -c --target=wasm32-wasip1 --sysroot=/home/nathan/secure-exec/registry/native/c/sysroot -O2 -D_WASI_EMULATED_MMAN -D_WASI_EMULATED_PROCESS_CLOCKS -D_GNU_SOURCE -mllvm -wasm-enable-sjlj -Wno-error=implicit-function-declaration -Wno-error=int-conversion -Wno-int-conversion -I/home/nathan/secure-exec-wasmgui/experiments/wasm-gui/toolchain/compat-include -include /home/nathan/secure-exec-wasmgui/experiments/wasm-gui/toolchain/wasi-compat.h --target=wasm32-wasip1 --sysroot=/home/nathan/secure-exec/registry/native/c/sysroot -I/home/nathan/secure-exec-wasmgui/experiments/wasm-gui/third_party/wasm-prefix/include -I/home/nathan/secure-exec-wasmgui/experiments/wasm-gui/toolchain/compat-include -include /home/nathan/secure-exec-wasmgui/experiments/wasm-gui/toolchain/wasi-compat.h conftest.c >&5
conftest.c:25:9: error: unknown type name 'not'
   25 |                not a universal capable compiler
      |                ^
conftest.c:25:14: error: expected ';' after top level declarator
   25 |                not a universal capable compiler
      |                     ^
      |                     ;
2 errors generated.
configure:18728: $? = 1
configure: failed program was:
| /* confdefs.h */
| #define PACKAGE_NAME "expat"
| #define PACKAGE_TARNAME "expat"
| #define PACKAGE_VERSION "2.6.4"
| #define PACKAGE_STRING "expat 2.6.4"
| #define PACKAGE_BUGREPORT "https://github.com/libexpat/libexpat/issues"
| #define PACKAGE_URL ""
| #define PACKAGE "expat"
| #define VERSION "2.6.4"
| #define HAVE_STDIO_H 1
| #define HAVE_STDLIB_H 1
| #define HAVE_STRING_H 1
| #define HAVE_INTTYPES_H 1
| #define HAVE_STDINT_H 1
| #define HAVE_STRINGS_H 1
| #define HAVE_SYS_STAT_H 1
| #define HAVE_SYS_TYPES_H 1
| #define HAVE_UNISTD_H 1
| #define HAVE_SYS_PARAM_H 1
| #define STDC_HEADERS 1
| #define HAVE_DLFCN_H 1
| #define LT_OBJDIR ".libs/"
| /* end confdefs.h.  */
| #ifndef __APPLE_CC__
| 	       not a universal capable compiler
| 	     #endif
| 	     typedef int dummy;
| 
configure:18774: /home/nathan/secure-exec/registry/native/c/vendor/wasi-sdk/bin/clang -c --target=wasm32-wasip1 --sysroot=/home/nathan/secure-exec/registry/native/c/sysroot -O2 -D_WASI_EMULATED_MMAN -D_WASI_EMULATED_PROCESS_CLOCKS -D_GNU_SOURCE -mllvm -wasm-enable-sjlj -Wno-error=implicit-function-declaration -Wno-error=int-conversion -Wno-int-conversion -I/home/nathan/secure-exec-wasmgui/experiments/wasm-gui/toolchain/compat-include -include /home/nathan/secure-exec-wasmgui/experiments/wasm-gui/toolchain/wasi-compat.h --target=wasm32-wasip1 --sysroot=/home/nathan/secure-exec/registry/native/c/sysroot -I/home/nathan/secure-exec-wasmgui/experiments/wasm-gui/third_party/wasm-prefix/include -I/home/nathan/secure-exec-wasmgui/experiments/wasm-gui/toolchain/compat-include -include /home/nathan/secure-exec-wasmgui/experiments/wasm-gui/toolchain/wasi-compat.h conftest.c >&5
configure:18774: $? = 0
configure:18793: /home/nathan/secure-exec/registry/native/c/vendor/wasi-sdk/bin/clang -c --target=wasm32-wasip1 --sysroot=/home/nathan/secure-exec/registry/native/c/sysroot -O2 -D_WASI_EMULATED_MMAN -D_WASI_EMULATED_PROCESS_CLOCKS -D_GNU_SOURCE -mllvm -wasm-enable-sjlj -Wno-error=implicit-function-declaration -Wno-error=int-conversion -Wno-int-conversion -I/home/nathan/secure-exec-wasmgui/experiments/wasm-gui/toolchain/compat-include -include /home/nathan/secure-exec-wasmgui/experiments/wasm-gui/toolchain/wasi-compat.h --target=wasm32-wasip1 --sysroot=/home/nathan/secure-exec/registry/native/c/sysroot -I/home/nathan/secure-exec-wasmgui/experiments/wasm-gui/third_party/wasm-prefix/include -I/home/nathan/secure-exec-wasmgui/experiments/wasm-gui/toolchain/compat-include -include /home/nathan/secure-exec-wasmgui/experiments/wasm-gui/toolchain/wasi-compat.h conftest.c >&5
conftest.c:31:4: error: use of undeclared identifier 'not'
   31 |                  not big endian
      |                  ^
1 error generated.
configure:18793: $? = 1
configure: failed program was:
| /* confdefs.h */
| #define PACKAGE_NAME "expat"
| #define PACKAGE_TARNAME "expat"
| #define PACKAGE_VERSION "2.6.4"
| #define PACKAGE_STRING "expat 2.6.4"
| #define PACKAGE_BUGREPORT "https://github.com/libexpat/libexpat/issues"
| #define PACKAGE_URL ""
| #define PACKAGE "expat"
| #define VERSION "2.6.4"
| #define HAVE_STDIO_H 1
| #define HAVE_STDLIB_H 1
| #define HAVE_STRING_H 1
| #define HAVE_INTTYPES_H 1
| #define HAVE_STDINT_H 1
| #define HAVE_STRINGS_H 1
| #define HAVE_SYS_STAT_H 1
| #define HAVE_SYS_TYPES_H 1
| #define HAVE_UNISTD_H 1
| #define HAVE_SYS_PARAM_H 1
| #define STDC_HEADERS 1
| #define HAVE_DLFCN_H 1
| #define LT_OBJDIR ".libs/"
| /* end confdefs.h.  */
| #include <sys/types.h>
| 		#include <sys/param.h>
| 
| int
| main (void)
| {
| #if BYTE_ORDER != BIG_ENDIAN
| 		 not big endian
| 		#endif
| 
|   ;
|   return 0;
| }
configure:18929: result: no
configure:18952: checking for an ANSI C-conforming const
configure:19019: /home/nathan/secure-exec/registry/native/c/vendor/wasi-sdk/bin/clang -c --target=wasm32-wasip1 --sysroot=/home/nathan/secure-exec/registry/native/c/sysroot -O2 -D_WASI_EMULATED_MMAN -D_WASI_EMULATED_PROCESS_CLOCKS -D_GNU_SOURCE -mllvm -wasm-enable-sjlj -Wno-error=implicit-function-declaration -Wno-error=int-conversion -Wno-int-conversion -I/home/nathan/secure-exec-wasmgui/experiments/wasm-gui/toolchain/compat-include -include /home/nathan/secure-exec-wasmgui/experiments/wasm-gui/toolchain/wasi-compat.h --target=wasm32-wasip1 --sysroot=/home/nathan/secure-exec/registry/native/c/sysroot -I/home/nathan/secure-exec-wasmgui/experiments/wasm-gui/third_party/wasm-prefix/include -I/home/nathan/secure-exec-wasmgui/experiments/wasm-gui/toolchain/compat-include -include /home/nathan/secure-exec-wasmgui/experiments/wasm-gui/toolchain/wasi-compat.h conftest.c >&5
configure:19019: $? = 0
configure:19027: result: yes
configure:19618: checking for cos in -lm
configure:19647: /home/nathan/secure-exec/registry/native/c/vendor/wasi-sdk/bin/clang -o conftest --target=wasm32-wasip1 --sysroot=/home/nathan/secure-exec/registry/native/c/sysroot -O2 -D_WASI_EMULATED_MMAN -D_WASI_EMULATED_PROCESS_CLOCKS -D_GNU_SOURCE -mllvm -wasm-enable-sjlj -Wno-error=implicit-function-declaration -Wno-error=int-conversion -Wno-int-conversion -I/home/nathan/secure-exec-wasmgui/experiments/wasm-gui/toolchain/compat-include -include /home/nathan/secure-exec-wasmgui/experiments/wasm-gui/toolchain/wasi-compat.h --target=wasm32-wasip1 --sysroot=/home/nathan/secure-exec/registry/native/c/sysroot -I/home/nathan/secure-exec-wasmgui/experiments/wasm-gui/third_party/wasm-prefix/include -I/home/nathan/secure-exec-wasmgui/experiments/wasm-gui/toolchain/compat-include -include /home/nathan/secure-exec-wasmgui/experiments/wasm-gui/toolchain/wasi-compat.h --target=wasm32-wasip1 --sysroot=/home/nathan/secure-exec/registry/native/c/sysroot -L/home/nathan/secure-exec-wasmgui/experiments/wasm-gui/third_party/wasm-prefix/lib -L/home/nathan/secure-exec/registry/native/c/vendor/wasi-sdk/share/wasi-sysroot/lib/wasm32-wasip1 -lwasi-emulated-mman -lwasi-emulated-process-clocks conftest.c -lm   >&5
conftest.c:35:6: warning: incompatible redeclaration of library function 'cos' [-Wincompatible-library-redeclaration]
   35 | char cos (void);
      |      ^
conftest.c:35:6: note: 'cos' is a builtin with type 'double (double)'
1 warning generated.
wasm-ld: warning: function signature mismatch: cos
>>> defined as () -> i32 in /tmp/conftest-d582ec.o
>>> defined as (f64) -> f64 in /home/nathan/secure-exec/registry/native/c/vendor/wasi-sdk/share/wasi-sysroot/lib/wasm32-wasip1/libc.a(cos.o)
configure:19647: $? = 0
configure:19657: result: yes
configure:19735: checking for arc4random_buf (BSD, libbsd or glibc 2.36+)
configure:19752: /home/nathan/secure-exec/registry/native/c/vendor/wasi-sdk/bin/clang -o conftest --target=wasm32-wasip1 --sysroot=/home/nathan/secure-exec/registry/native/c/sysroot -O2 -D_WASI_EMULATED_MMAN -D_WASI_EMULATED_PROCESS_CLOCKS -D_GNU_SOURCE -mllvm -wasm-enable-sjlj -Wno-error=implicit-function-declaration -Wno-error=int-conversion -Wno-int-conversion -I/home/nathan/secure-exec-wasmgui/experiments/wasm-gui/toolchain/compat-include -include /home/nathan/secure-exec-wasmgui/experiments/wasm-gui/toolchain/wasi-compat.h --target=wasm32-wasip1 --sysroot=/home/nathan/secure-exec/registry/native/c/sysroot -I/home/nathan/secure-exec-wasmgui/experiments/wasm-gui/third_party/wasm-prefix/include -I/home/nathan/secure-exec-wasmgui/experiments/wasm-gui/toolchain/compat-include -include /home/nathan/secure-exec-wasmgui/experiments/wasm-gui/toolchain/wasi-compat.h --target=wasm32-wasip1 --sysroot=/home/nathan/secure-exec/registry/native/c/sysroot -L/home/nathan/secure-exec-wasmgui/experiments/wasm-gui/third_party/wasm-prefix/lib -L/home/nathan/secure-exec/registry/native/c/vendor/wasi-sdk/share/wasi-sysroot/lib/wasm32-wasip1 -lwasi-emulated-mman -lwasi-emulated-process-clocks conftest.c  >&5
configure:19752: $? = 0
configure:19757: result: yes
configure:19808: checking for getrandom (Linux 3.17+, glibc 2.25+)
configure:19820: /home/nathan/secure-exec/registry/native/c/vendor/wasi-sdk/bin/clang -o conftest --target=wasm32-wasip1 --sysroot=/home/nathan/secure-exec/registry/native/c/sysroot -O2 -D_WASI_EMULATED_MMAN -D_WASI_EMULATED_PROCESS_CLOCKS -D_GNU_SOURCE -mllvm -wasm-enable-sjlj -Wno-error=implicit-function-declaration -Wno-error=int-conversion -Wno-int-conversion -I/home/nathan/secure-exec-wasmgui/experiments/wasm-gui/toolchain/compat-include -include /home/nathan/secure-exec-wasmgui/experiments/wasm-gui/toolchain/wasi-compat.h --target=wasm32-wasip1 --sysroot=/home/nathan/secure-exec/registry/native/c/sysroot -I/home/nathan/secure-exec-wasmgui/experiments/wasm-gui/third_party/wasm-prefix/include -I/home/nathan/secure-exec-wasmgui/experiments/wasm-gui/toolchain/compat-include -include /home/nathan/secure-exec-wasmgui/experiments/wasm-gui/toolchain/wasi-compat.h --target=wasm32-wasip1 --sysroot=/home/nathan/secure-exec/registry/native/c/sysroot -L/home/nathan/secure-exec-wasmgui/experiments/wasm-gui/third_party/wasm-prefix/lib -L/home/nathan/secure-exec/registry/native/c/vendor/wasi-sdk/share/wasi-sysroot/lib/wasm32-wasip1 -lwasi-emulated-mman -lwasi-emulated-process-clocks conftest.c  >&5
conftest.c:30:17: warning: call to undeclared function 'getrandom'; ISO C99 and later do not support implicit function declarations [-Wimplicit-function-declaration]
   30 |          return getrandom(NULL, 0U, 0U);
      |                 ^
1 warning generated.
wasm-ld: error: /tmp/conftest-caf31f.o: undefined symbol: getrandom
clang: error: linker command failed with exit code 1 (use -v to see invocation)
configure:19820: $? = 1
configure: failed program was:
| /* confdefs.h */
| #define PACKAGE_NAME "expat"
| #define PACKAGE_TARNAME "expat"
| #define PACKAGE_VERSION "2.6.4"
| #define PACKAGE_STRING "expat 2.6.4"
| #define PACKAGE_BUGREPORT "https://github.com/libexpat/libexpat/issues"
| #define PACKAGE_URL ""
| #define PACKAGE "expat"
| #define VERSION "2.6.4"
| #define HAVE_STDIO_H 1
| #define HAVE_STDLIB_H 1
| #define HAVE_STRING_H 1
| #define HAVE_INTTYPES_H 1
| #define HAVE_STDINT_H 1
| #define HAVE_STRINGS_H 1
| #define HAVE_SYS_STAT_H 1
| #define HAVE_SYS_TYPES_H 1
| #define HAVE_UNISTD_H 1
| #define HAVE_SYS_PARAM_H 1
| #define STDC_HEADERS 1
| #define HAVE_DLFCN_H 1
| #define LT_OBJDIR ".libs/"
| #define BYTEORDER 1234
| #define HAVE_ARC4RANDOM_BUF 1
| /* end confdefs.h.  */
| 
|        #include <stdlib.h>  /* for NULL */
|        #include <sys/random.h>
|        int main(void) {
|          return getrandom(NULL, 0U, 0U);
|        }
| 
configure:19828: result: no
configure:19851: checking for syscall SYS_getrandom (Linux 3.17+)
configure:19866: /home/nathan/secure-exec/registry/native/c/vendor/wasi-sdk/bin/clang -o conftest --target=wasm32-wasip1 --sysroot=/home/nathan/secure-exec/registry/native/c/sysroot -O2 -D_WASI_EMULATED_MMAN -D_WASI_EMULATED_PROCESS_CLOCKS -D_GNU_SOURCE -mllvm -wasm-enable-sjlj -Wno-error=implicit-function-declaration -Wno-error=int-conversion -Wno-int-conversion -I/home/nathan/secure-exec-wasmgui/experiments/wasm-gui/toolchain/compat-include -include /home/nathan/secure-exec-wasmgui/experiments/wasm-gui/toolchain/wasi-compat.h --target=wasm32-wasip1 --sysroot=/home/nathan/secure-exec/registry/native/c/sysroot -I/home/nathan/secure-exec-wasmgui/experiments/wasm-gui/third_party/wasm-prefix/include -I/home/nathan/secure-exec-wasmgui/experiments/wasm-gui/toolchain/compat-include -include /home/nathan/secure-exec-wasmgui/experiments/wasm-gui/toolchain/wasi-compat.h --target=wasm32-wasip1 --sysroot=/home/nathan/secure-exec/registry/native/c/sysroot -L/home/nathan/secure-exec-wasmgui/experiments/wasm-gui/third_party/wasm-prefix/lib -L/home/nathan/secure-exec/registry/native/c/vendor/wasi-sdk/share/wasi-sysroot/lib/wasm32-wasip1 -lwasi-emulated-mman -lwasi-emulated-process-clocks conftest.c  >&5
conftest.c:27:16: warning: '_GNU_SOURCE' macro redefined [-Wmacro-redefined]
   27 |        #define _GNU_SOURCE
      |                ^
<command line>:3:9: note: previous definition is here
    3 | #define _GNU_SOURCE 1
      |         ^
conftest.c:32:10: warning: call to undeclared function 'syscall'; ISO C99 and later do not support implicit function declarations [-Wimplicit-function-declaration]
   32 |          syscall(SYS_getrandom, NULL, 0, 0);
      |          ^
conftest.c:32:18: error: use of undeclared identifier 'SYS_getrandom'
   32 |          syscall(SYS_getrandom, NULL, 0, 0);
      |                  ^
2 warnings and 1 error generated.
configure:19866: $? = 1
configure: failed program was:
| /* confdefs.h */
| #define PACKAGE_NAME "expat"
| #define PACKAGE_TARNAME "expat"
| #define PACKAGE_VERSION "2.6.4"
| #define PACKAGE_STRING "expat 2.6.4"
| #define PACKAGE_BUGREPORT "https://github.com/libexpat/libexpat/issues"
| #define PACKAGE_URL ""
| #define PACKAGE "expat"
| #define VERSION "2.6.4"
| #define HAVE_STDIO_H 1
| #define HAVE_STDLIB_H 1
| #define HAVE_STRING_H 1
| #define HAVE_INTTYPES_H 1
| #define HAVE_STDINT_H 1
| #define HAVE_STRINGS_H 1
| #define HAVE_SYS_STAT_H 1
| #define HAVE_SYS_TYPES_H 1
| #define HAVE_UNISTD_H 1
| #define HAVE_SYS_PARAM_H 1
| #define STDC_HEADERS 1
| #define HAVE_DLFCN_H 1
| #define LT_OBJDIR ".libs/"
| #define BYTEORDER 1234
| #define HAVE_ARC4RANDOM_BUF 1
| /* end confdefs.h.  */
| 
|        #define _GNU_SOURCE
|        #include <stdlib.h>  /* for NULL */
|        #include <unistd.h>  /* for syscall */
|        #include <sys/syscall.h>  /* for SYS_getrandom */
|        int main(void) {
|          syscall(SYS_getrandom, NULL, 0, 0);
|          return 0;
|      }
| 
configure:19874: result: no
configure:19885: checking for fcntl.h
configure:19885: /home/nathan/secure-exec/registry/native/c/vendor/wasi-sdk/bin/clang -c --target=wasm32-wasip1 --sysroot=/home/nathan/secure-exec/registry/native/c/sysroot -O2 -D_WASI_EMULATED_MMAN -D_WASI_EMULATED_PROCESS_CLOCKS -D_GNU_SOURCE -mllvm -wasm-enable-sjlj -Wno-error=implicit-function-declaration -Wno-error=int-conversion -Wno-int-conversion -I/home/nathan/secure-exec-wasmgui/experiments/wasm-gui/toolchain/compat-include -include /home/nathan/secure-exec-wasmgui/experiments/wasm-gui/toolchain/wasi-compat.h --target=wasm32-wasip1 --sysroot=/home/nathan/secure-exec/registry/native/c/sysroot -I/home/nathan/secure-exec-wasmgui/experiments/wasm-gui/third_party/wasm-prefix/include -I/home/nathan/secure-exec-wasmgui/experiments/wasm-gui/toolchain/compat-include -include /home/nathan/secure-exec-wasmgui/experiments/wasm-gui/toolchain/wasi-compat.h conftest.c >&5
configure:19885: $? = 0
configure:19885: result: yes
configure:19891: checking for unistd.h
configure:19891: result: yes
configure:19898: checking for off_t
configure:19898: /home/nathan/secure-exec/registry/native/c/vendor/wasi-sdk/bin/clang -c --target=wasm32-wasip1 --sysroot=/home/nathan/secure-exec/registry/native/c/sysroot -O2 -D_WASI_EMULATED_MMAN -D_WASI_EMULATED_PROCESS_CLOCKS -D_GNU_SOURCE -mllvm -wasm-enable-sjlj -Wno-error=implicit-function-declaration -Wno-error=int-conversion -Wno-int-conversion -I/home/nathan/secure-exec-wasmgui/experiments/wasm-gui/toolchain/compat-include -include /home/nathan/secure-exec-wasmgui/experiments/wasm-gui/toolchain/wasi-compat.h --target=wasm32-wasip1 --sysroot=/home/nathan/secure-exec/registry/native/c/sysroot -I/home/nathan/secure-exec-wasmgui/experiments/wasm-gui/third_party/wasm-prefix/include -I/home/nathan/secure-exec-wasmgui/experiments/wasm-gui/toolchain/compat-include -include /home/nathan/secure-exec-wasmgui/experiments/wasm-gui/toolchain/wasi-compat.h conftest.c >&5
configure:19898: $? = 0
configure:19898: /home/nathan/secure-exec/registry/native/c/vendor/wasi-sdk/bin/clang -c --target=wasm32-wasip1 --sysroot=/home/nathan/secure-exec/registry/native/c/sysroot -O2 -D_WASI_EMULATED_MMAN -D_WASI_EMULATED_PROCESS_CLOCKS -D_GNU_SOURCE -mllvm -wasm-enable-sjlj -Wno-error=implicit-function-declaration -Wno-error=int-conversion -Wno-int-conversion -I/home/nathan/secure-exec-wasmgui/experiments/wasm-gui/toolchain/compat-include -include /home/nathan/secure-exec-wasmgui/experiments/wasm-gui/toolchain/wasi-compat.h --target=wasm32-wasip1 --sysroot=/home/nathan/secure-exec/registry/native/c/sysroot -I/home/nathan/secure-exec-wasmgui/experiments/wasm-gui/third_party/wasm-prefix/include -I/home/nathan/secure-exec-wasmgui/experiments/wasm-gui/toolchain/compat-include -include /home/nathan/secure-exec-wasmgui/experiments/wasm-gui/toolchain/wasi-compat.h conftest.c >&5
conftest.c:59:20: error: expected expression
   59 | if (sizeof ((off_t)))
      |                    ^
1 error generated.
configure:19898: $? = 1
configure: failed program was:
| /* confdefs.h */
| #define PACKAGE_NAME "expat"
| #define PACKAGE_TARNAME "expat"
| #define PACKAGE_VERSION "2.6.4"
| #define PACKAGE_STRING "expat 2.6.4"
| #define PACKAGE_BUGREPORT "https://github.com/libexpat/libexpat/issues"
| #define PACKAGE_URL ""
| #define PACKAGE "expat"
| #define VERSION "2.6.4"
| #define HAVE_STDIO_H 1
| #define HAVE_STDLIB_H 1
| #define HAVE_STRING_H 1
| #define HAVE_INTTYPES_H 1
| #define HAVE_STDINT_H 1
| #define HAVE_STRINGS_H 1
| #define HAVE_SYS_STAT_H 1
| #define HAVE_SYS_TYPES_H 1
| #define HAVE_UNISTD_H 1
| #define HAVE_SYS_PARAM_H 1
| #define STDC_HEADERS 1
| #define HAVE_DLFCN_H 1
| #define LT_OBJDIR ".libs/"
| #define BYTEORDER 1234
| #define HAVE_ARC4RANDOM_BUF 1
| #define HAVE_FCNTL_H 1
| #define HAVE_UNISTD_H 1
| /* end confdefs.h.  */
| #include <stddef.h>
| #ifdef HAVE_STDIO_H
| # include <stdio.h>
| #endif
| #ifdef HAVE_STDLIB_H
| # include <stdlib.h>
| #endif
| #ifdef HAVE_STRING_H
| # include <string.h>
| #endif
| #ifdef HAVE_INTTYPES_H
| # include <inttypes.h>
| #endif
| #ifdef HAVE_STDINT_H
| # include <stdint.h>
| #endif
| #ifdef HAVE_STRINGS_H
| # include <strings.h>
| #endif
| #ifdef HAVE_SYS_TYPES_H
| # include <sys/types.h>
| #endif
| #ifdef HAVE_SYS_STAT_H
| # include <sys/stat.h>
| #endif
| #ifdef HAVE_UNISTD_H
| # include <unistd.h>
| #endif
| int
| main (void)
| {
| if (sizeof ((off_t)))
| 	    return 0;
|   ;
|   return 0;
| }
configure:19898: result: yes
configure:19913: checking for getpagesize
configure:19913: /home/nathan/secure-exec/registry/native/c/vendor/wasi-sdk/bin/clang -o conftest --target=wasm32-wasip1 --sysroot=/home/nathan/secure-exec/registry/native/c/sysroot -O2 -D_WASI_EMULATED_MMAN -D_WASI_EMULATED_PROCESS_CLOCKS -D_GNU_SOURCE -mllvm -wasm-enable-sjlj -Wno-error=implicit-function-declaration -Wno-error=int-conversion -Wno-int-conversion -I/home/nathan/secure-exec-wasmgui/experiments/wasm-gui/toolchain/compat-include -include /home/nathan/secure-exec-wasmgui/experiments/wasm-gui/toolchain/wasi-compat.h --target=wasm32-wasip1 --sysroot=/home/nathan/secure-exec/registry/native/c/sysroot -I/home/nathan/secure-exec-wasmgui/experiments/wasm-gui/third_party/wasm-prefix/include -I/home/nathan/secure-exec-wasmgui/experiments/wasm-gui/toolchain/compat-include -include /home/nathan/secure-exec-wasmgui/experiments/wasm-gui/toolchain/wasi-compat.h --target=wasm32-wasip1 --sysroot=/home/nathan/secure-exec/registry/native/c/sysroot -L/home/nathan/secure-exec-wasmgui/experiments/wasm-gui/third_party/wasm-prefix/lib -L/home/nathan/secure-exec/registry/native/c/vendor/wasi-sdk/share/wasi-sysroot/lib/wasm32-wasip1 -lwasi-emulated-mman -lwasi-emulated-process-clocks conftest.c  >&5
configure:19913: $? = 0
configure:19913: result: yes
configure:19924: checking for working mmap
configure:20087: result: no
configure:20381: /home/nathan/secure-exec/registry/native/c/vendor/wasi-sdk/bin/clang -c --target=wasm32-wasip1 --sysroot=/home/nathan/secure-exec/registry/native/c/sysroot -O2 -D_WASI_EMULATED_MMAN -D_WASI_EMULATED_PROCESS_CLOCKS -D_GNU_SOURCE -mllvm -wasm-enable-sjlj -Wno-error=implicit-function-declaration -Wno-error=int-conversion -Wno-int-conversion -I/home/nathan/secure-exec-wasmgui/experiments/wasm-gui/toolchain/compat-include -include /home/nathan/secure-exec-wasmgui/experiments/wasm-gui/toolchain/wasi-compat.h --target=wasm32-wasip1 --sysroot=/home/nathan/secure-exec/registry/native/c/sysroot -I/home/nathan/secure-exec-wasmgui/experiments/wasm-gui/third_party/wasm-prefix/include -I/home/nathan/secure-exec-wasmgui/experiments/wasm-gui/toolchain/compat-include -include /home/nathan/secure-exec-wasmgui/experiments/wasm-gui/toolchain/wasi-compat.h conftest.c >&5
configure:20381: $? = 0
configure:20381: /home/nathan/secure-exec/registry/native/c/vendor/wasi-sdk/bin/clang -c --target=wasm32-wasip1 --sysroot=/home/nathan/secure-exec/registry/native/c/sysroot -O2 -D_WASI_EMULATED_MMAN -D_WASI_EMULATED_PROCESS_CLOCKS -D_GNU_SOURCE -mllvm -wasm-enable-sjlj -Wno-error=implicit-function-declaration -Wno-error=int-conversion -Wno-int-conversion -I/home/nathan/secure-exec-wasmgui/experiments/wasm-gui/toolchain/compat-include -include /home/nathan/secure-exec-wasmgui/experiments/wasm-gui/toolchain/wasi-compat.h --target=wasm32-wasip1 --sysroot=/home/nathan/secure-exec/registry/native/c/sysroot -I/home/nathan/secure-exec-wasmgui/experiments/wasm-gui/third_party/wasm-prefix/include -I/home/nathan/secure-exec-wasmgui/experiments/wasm-gui/toolchain/compat-include -include /home/nathan/secure-exec-wasmgui/experiments/wasm-gui/toolchain/wasi-compat.h conftest.c >&5
conftest.c:38:24: error: 'test_array' declared as an array with a negative size
   38 | static int test_array [1 - 2 * !((sizeof(void *)) <= 0)];
      |                        ^~~~~~~~~~~~~~~~~~~~~~~~~~~~~~~~
1 error generated.
configure:20381: $? = 1
configure: failed program was:
| /* confdefs.h */
| #define PACKAGE_NAME "expat"
| #define PACKAGE_TARNAME "expat"
| #define PACKAGE_VERSION "2.6.4"
| #define PACKAGE_STRING "expat 2.6.4"
| #define PACKAGE_BUGREPORT "https://github.com/libexpat/libexpat/issues"
| #define PACKAGE_URL ""
| #define PACKAGE "expat"
| #define VERSION "2.6.4"
| #define HAVE_STDIO_H 1
| #define HAVE_STDLIB_H 1
| #define HAVE_STRING_H 1
| #define HAVE_INTTYPES_H 1
| #define HAVE_STDINT_H 1
| #define HAVE_STRINGS_H 1
| #define HAVE_SYS_STAT_H 1
| #define HAVE_SYS_TYPES_H 1
| #define HAVE_UNISTD_H 1
| #define HAVE_SYS_PARAM_H 1
| #define STDC_HEADERS 1
| #define HAVE_DLFCN_H 1
| #define LT_OBJDIR ".libs/"
| #define BYTEORDER 1234
| #define HAVE_ARC4RANDOM_BUF 1
| #define HAVE_FCNTL_H 1
| #define HAVE_UNISTD_H 1
| #define HAVE_GETPAGESIZE 1
| #define XML_NS 1
| #define XML_GE 1
| #define XML_DTD 1
| #define XML_DEV_URANDOM 1
| #define XML_CONTEXT_BYTES 1024
| /* end confdefs.h.  */
| 
| int
| main (void)
| {
| static int test_array [1 - 2 * !((sizeof(void *)) <= 0)];
| test_array [0] = 0;
| return test_array [0];
| 
|   ;
|   return 0;
| }
configure:20381: /home/nathan/secure-exec/registry/native/c/vendor/wasi-sdk/bin/clang -c --target=wasm32-wasip1 --sysroot=/home/nathan/secure-exec/registry/native/c/sysroot -O2 -D_WASI_EMULATED_MMAN -D_WASI_EMULATED_PROCESS_CLOCKS -D_GNU_SOURCE -mllvm -wasm-enable-sjlj -Wno-error=implicit-function-declaration -Wno-error=int-conversion -Wno-int-conversion -I/home/nathan/secure-exec-wasmgui/experiments/wasm-gui/toolchain/compat-include -include /home/nathan/secure-exec-wasmgui/experiments/wasm-gui/toolchain/wasi-compat.h --target=wasm32-wasip1 --sysroot=/home/nathan/secure-exec/registry/native/c/sysroot -I/home/nathan/secure-exec-wasmgui/experiments/wasm-gui/third_party/wasm-prefix/include -I/home/nathan/secure-exec-wasmgui/experiments/wasm-gui/toolchain/compat-include -include /home/nathan/secure-exec-wasmgui/experiments/wasm-gui/toolchain/wasi-compat.h conftest.c >&5
conftest.c:38:24: error: 'test_array' declared as an array with a negative size
   38 | static int test_array [1 - 2 * !((sizeof(void *)) <= 1)];
      |                        ^~~~~~~~~~~~~~~~~~~~~~~~~~~~~~~~
1 error generated.
configure:20381: $? = 1
configure: failed program was:
| /* confdefs.h */
| #define PACKAGE_NAME "expat"
| #define PACKAGE_TARNAME "expat"
| #define PACKAGE_VERSION "2.6.4"
| #define PACKAGE_STRING "expat 2.6.4"
| #define PACKAGE_BUGREPORT "https://github.com/libexpat/libexpat/issues"
| #define PACKAGE_URL ""
| #define PACKAGE "expat"
| #define VERSION "2.6.4"
| #define HAVE_STDIO_H 1
| #define HAVE_STDLIB_H 1
| #define HAVE_STRING_H 1
| #define HAVE_INTTYPES_H 1
| #define HAVE_STDINT_H 1
| #define HAVE_STRINGS_H 1
| #define HAVE_SYS_STAT_H 1
| #define HAVE_SYS_TYPES_H 1
| #define HAVE_UNISTD_H 1
| #define HAVE_SYS_PARAM_H 1
| #define STDC_HEADERS 1
| #define HAVE_DLFCN_H 1
| #define LT_OBJDIR ".libs/"
| #define BYTEORDER 1234
| #define HAVE_ARC4RANDOM_BUF 1
| #define HAVE_FCNTL_H 1
| #define HAVE_UNISTD_H 1
| #define HAVE_GETPAGESIZE 1
| #define XML_NS 1
| #define XML_GE 1
| #define XML_DTD 1
| #define XML_DEV_URANDOM 1
| #define XML_CONTEXT_BYTES 1024
| /* end confdefs.h.  */
| 
| int
| main (void)
| {
| static int test_array [1 - 2 * !((sizeof(void *)) <= 1)];
| test_array [0] = 0;
| return test_array [0];
| 
|   ;
|   return 0;
| }
configure:20381: /home/nathan/secure-exec/registry/native/c/vendor/wasi-sdk/bin/clang -c --target=wasm32-wasip1 --sysroot=/home/nathan/secure-exec/registry/native/c/sysroot -O2 -D_WASI_EMULATED_MMAN -D_WASI_EMULATED_PROCESS_CLOCKS -D_GNU_SOURCE -mllvm -wasm-enable-sjlj -Wno-error=implicit-function-declaration -Wno-error=int-conversion -Wno-int-conversion -I/home/nathan/secure-exec-wasmgui/experiments/wasm-gui/toolchain/compat-include -include /home/nathan/secure-exec-wasmgui/experiments/wasm-gui/toolchain/wasi-compat.h --target=wasm32-wasip1 --sysroot=/home/nathan/secure-exec/registry/native/c/sysroot -I/home/nathan/secure-exec-wasmgui/experiments/wasm-gui/third_party/wasm-prefix/include -I/home/nathan/secure-exec-wasmgui/experiments/wasm-gui/toolchain/compat-include -include /home/nathan/secure-exec-wasmgui/experiments/wasm-gui/toolchain/wasi-compat.h conftest.c >&5
conftest.c:38:24: error: 'test_array' declared as an array with a negative size
   38 | static int test_array [1 - 2 * !((sizeof(void *)) <= 3)];
      |                        ^~~~~~~~~~~~~~~~~~~~~~~~~~~~~~~~
1 error generated.
configure:20381: $? = 1
configure: failed program was:
| /* confdefs.h */
| #define PACKAGE_NAME "expat"
| #define PACKAGE_TARNAME "expat"
| #define PACKAGE_VERSION "2.6.4"
| #define PACKAGE_STRING "expat 2.6.4"
| #define PACKAGE_BUGREPORT "https://github.com/libexpat/libexpat/issues"
| #define PACKAGE_URL ""
| #define PACKAGE "expat"
| #define VERSION "2.6.4"
| #define HAVE_STDIO_H 1
| #define HAVE_STDLIB_H 1
| #define HAVE_STRING_H 1
| #define HAVE_INTTYPES_H 1
| #define HAVE_STDINT_H 1
| #define HAVE_STRINGS_H 1
| #define HAVE_SYS_STAT_H 1
| #define HAVE_SYS_TYPES_H 1
| #define HAVE_UNISTD_H 1
| #define HAVE_SYS_PARAM_H 1
| #define STDC_HEADERS 1
| #define HAVE_DLFCN_H 1
| #define LT_OBJDIR ".libs/"
| #define BYTEORDER 1234
| #define HAVE_ARC4RANDOM_BUF 1
| #define HAVE_FCNTL_H 1
| #define HAVE_UNISTD_H 1
| #define HAVE_GETPAGESIZE 1
| #define XML_NS 1
| #define XML_GE 1
| #define XML_DTD 1
| #define XML_DEV_URANDOM 1
| #define XML_CONTEXT_BYTES 1024
| /* end confdefs.h.  */
| 
| int
| main (void)
| {
| static int test_array [1 - 2 * !((sizeof(void *)) <= 3)];
| test_array [0] = 0;
| return test_array [0];
| 
|   ;
|   return 0;
| }
configure:20381: /home/nathan/secure-exec/registry/native/c/vendor/wasi-sdk/bin/clang -c --target=wasm32-wasip1 --sysroot=/home/nathan/secure-exec/registry/native/c/sysroot -O2 -D_WASI_EMULATED_MMAN -D_WASI_EMULATED_PROCESS_CLOCKS -D_GNU_SOURCE -mllvm -wasm-enable-sjlj -Wno-error=implicit-function-declaration -Wno-error=int-conversion -Wno-int-conversion -I/home/nathan/secure-exec-wasmgui/experiments/wasm-gui/toolchain/compat-include -include /home/nathan/secure-exec-wasmgui/experiments/wasm-gui/toolchain/wasi-compat.h --target=wasm32-wasip1 --sysroot=/home/nathan/secure-exec/registry/native/c/sysroot -I/home/nathan/secure-exec-wasmgui/experiments/wasm-gui/third_party/wasm-prefix/include -I/home/nathan/secure-exec-wasmgui/experiments/wasm-gui/toolchain/compat-include -include /home/nathan/secure-exec-wasmgui/experiments/wasm-gui/toolchain/wasi-compat.h conftest.c >&5
configure:20381: $? = 0
configure:20381: /home/nathan/secure-exec/registry/native/c/vendor/wasi-sdk/bin/clang -c --target=wasm32-wasip1 --sysroot=/home/nathan/secure-exec/registry/native/c/sysroot -O2 -D_WASI_EMULATED_MMAN -D_WASI_EMULATED_PROCESS_CLOCKS -D_GNU_SOURCE -mllvm -wasm-enable-sjlj -Wno-error=implicit-function-declaration -Wno-error=int-conversion -Wno-int-conversion -I/home/nathan/secure-exec-wasmgui/experiments/wasm-gui/toolchain/compat-include -include /home/nathan/secure-exec-wasmgui/experiments/wasm-gui/toolchain/wasi-compat.h --target=wasm32-wasip1 --sysroot=/home/nathan/secure-exec/registry/native/c/sysroot -I/home/nathan/secure-exec-wasmgui/experiments/wasm-gui/third_party/wasm-prefix/include -I/home/nathan/secure-exec-wasmgui/experiments/wasm-gui/toolchain/compat-include -include /home/nathan/secure-exec-wasmgui/experiments/wasm-gui/toolchain/wasi-compat.h conftest.c >&5
configure:20381: $? = 0
configure:20381: /home/nathan/secure-exec/registry/native/c/vendor/wasi-sdk/bin/clang -c --target=wasm32-wasip1 --sysroot=/home/nathan/secure-exec/registry/native/c/sysroot -O2 -D_WASI_EMULATED_MMAN -D_WASI_EMULATED_PROCESS_CLOCKS -D_GNU_SOURCE -mllvm -wasm-enable-sjlj -Wno-error=implicit-function-declaration -Wno-error=int-conversion -Wno-int-conversion -I/home/nathan/secure-exec-wasmgui/experiments/wasm-gui/toolchain/compat-include -include /home/nathan/secure-exec-wasmgui/experiments/wasm-gui/toolchain/wasi-compat.h --target=wasm32-wasip1 --sysroot=/home/nathan/secure-exec/registry/native/c/sysroot -I/home/nathan/secure-exec-wasmgui/experiments/wasm-gui/third_party/wasm-prefix/include -I/home/nathan/secure-exec-wasmgui/experiments/wasm-gui/toolchain/compat-include -include /home/nathan/secure-exec-wasmgui/experiments/wasm-gui/toolchain/wasi-compat.h conftest.c >&5
configure:20381: $? = 0
configure:20393: checking for shared library name prefix
configure:20401: result: lib
configure:20518: checking that generated files are newer than configure
configure:20524: result: done
configure:20628: creating ./config.status

## ---------------------- ##
## Running config.status. ##
## ---------------------- ##

This file was extended by expat config.status 2.6.4, which was
generated by GNU Autoconf 2.71.  Invocation command line was

  CONFIG_FILES    = 
  CONFIG_HEADERS  = 
  CONFIG_LINKS    = 
  CONFIG_COMMANDS = 
  $ ./config.status 

on nathan-dev

config.status:1248: creating Makefile
config.status:1248: creating expat.pc
config.status:1248: creating cmake/expat-config.cmake
config.status:1248: creating cmake/autotools/expat-config-version.cmake
config.status:1248: creating cmake/autotools/expat-noconfig.cmake
config.status:1248: creating doc/Makefile
config.status:1248: creating examples/Makefile
config.status:1248: creating lib/Makefile
config.status:1248: creating tests/Makefile
config.status:1248: creating tests/benchmark/Makefile
config.status:1248: creating xmlwf/Makefile
config.status:1248: creating run.sh
config.status:1248: creating expat_config.h
config.status:1482: executing depfiles commands
config.status:1559: cd examples       && sed -e '/# am--include-marker/d' Makefile         | make -f - am--depfiles
config.status:1564: $? = 0
config.status:1559: cd lib       && sed -e '/# am--include-marker/d' Makefile         | make -f - am--depfiles
config.status:1564: $? = 0
config.status:1559: cd tests       && sed -e '/# am--include-marker/d' Makefile         | make -f - am--depfiles
config.status:1564: $? = 0
config.status:1559: cd tests/benchmark       && sed -e '/# am--include-marker/d' Makefile         | make -f - am--depfiles
config.status:1564: $? = 0
config.status:1559: cd xmlwf       && sed -e '/# am--include-marker/d' Makefile         | make -f - am--depfiles
config.status:1564: $? = 0
config.status:1482: executing libtool commands
configure:23100:

Automake flags (can be overridden by user flags):
  AM_CPPFLAGS: 
    AM_CFLAGS: -Wall -Wextra -fexceptions -fno-strict-aliasing -Wmissing-prototypes -Wstrict-prototypes -pedantic -Wnull-dereference -Wdouble-promotion -Wshadow -Wformat=2 -Wmisleading-indentation -fvisibility=hidden
  AM_CXXFLAGS: -Wall -Wextra -fexceptions -fno-strict-aliasing
   AM_LDFLAGS: -fno-strict-aliasing

User flags (override Automake flags on conflict):
     CPPFLAGS: --target=wasm32-wasip1 --sysroot=/home/nathan/secure-exec/registry/native/c/sysroot -I/home/nathan/secure-exec-wasmgui/experiments/wasm-gui/third_party/wasm-prefix/include -I/home/nathan/secure-exec-wasmgui/experiments/wasm-gui/toolchain/compat-include -include /home/nathan/secure-exec-wasmgui/experiments/wasm-gui/toolchain/wasi-compat.h
       CFLAGS: --target=wasm32-wasip1 --sysroot=/home/nathan/secure-exec/registry/native/c/sysroot -O2 -D_WASI_EMULATED_MMAN -D_WASI_EMULATED_PROCESS_CLOCKS -D_GNU_SOURCE -mllvm -wasm-enable-sjlj -Wno-error=implicit-function-declaration -Wno-error=int-conversion -Wno-int-conversion -I/home/nathan/secure-exec-wasmgui/experiments/wasm-gui/toolchain/compat-include -include /home/nathan/secure-exec-wasmgui/experiments/wasm-gui/toolchain/wasi-compat.h
     CXXFLAGS: -g -O2
      LDFLAGS: --target=wasm32-wasip1 --sysroot=/home/nathan/secure-exec/registry/native/c/sysroot -L/home/nathan/secure-exec-wasmgui/experiments/wasm-gui/third_party/wasm-prefix/lib -L/home/nathan/secure-exec/registry/native/c/vendor/wasi-sdk/share/wasi-sysroot/lib/wasm32-wasip1 -lwasi-emulated-mman -lwasi-emulated-process-clocks

## ---------------- ##
## Cache variables. ##
## ---------------- ##

ac_cv_build=x86_64-pc-linux-gnux32
ac_cv_c_bigendian=no
ac_cv_c_compiler_gnu=yes
ac_cv_c_const=yes
ac_cv_cxx_compiler_gnu=yes
ac_cv_env_CCC_set=
ac_cv_env_CCC_value=
ac_cv_env_CC_set=set
ac_cv_env_CC_value=/home/nathan/secure-exec/registry/native/c/vendor/wasi-sdk/bin/clang
ac_cv_env_CFLAGS_set=set
ac_cv_env_CFLAGS_value='--target=wasm32-wasip1 --sysroot=/home/nathan/secure-exec/registry/native/c/sysroot -O2 -D_WASI_EMULATED_MMAN -D_WASI_EMULATED_PROCESS_CLOCKS -D_GNU_SOURCE -mllvm -wasm-enable-sjlj -Wno-error=implicit-function-declaration -Wno-error=int-conversion -Wno-int-conversion -I/home/nathan/secure-exec-wasmgui/experiments/wasm-gui/toolchain/compat-include -include /home/nathan/secure-exec-wasmgui/experiments/wasm-gui/toolchain/wasi-compat.h'
ac_cv_env_CPPFLAGS_set=set
ac_cv_env_CPPFLAGS_value='--target=wasm32-wasip1 --sysroot=/home/nathan/secure-exec/registry/native/c/sysroot -I/home/nathan/secure-exec-wasmgui/experiments/wasm-gui/third_party/wasm-prefix/include -I/home/nathan/secure-exec-wasmgui/experiments/wasm-gui/toolchain/compat-include -include /home/nathan/secure-exec-wasmgui/experiments/wasm-gui/toolchain/wasi-compat.h'
ac_cv_env_CXXCPP_set=
ac_cv_env_CXXCPP_value=
ac_cv_env_CXXFLAGS_set=
ac_cv_env_CXXFLAGS_value=
ac_cv_env_CXX_set=set
ac_cv_env_CXX_value=/home/nathan/secure-exec/registry/native/c/vendor/wasi-sdk/bin/clang++
ac_cv_env_DOCBOOK_TO_MAN_set=
ac_cv_env_DOCBOOK_TO_MAN_value=
ac_cv_env_LDFLAGS_set=set
ac_cv_env_LDFLAGS_value='--target=wasm32-wasip1 --sysroot=/home/nathan/secure-exec/registry/native/c/sysroot -L/home/nathan/secure-exec-wasmgui/experiments/wasm-gui/third_party/wasm-prefix/lib -L/home/nathan/secure-exec/registry/native/c/vendor/wasi-sdk/share/wasi-sysroot/lib/wasm32-wasip1 -lwasi-emulated-mman -lwasi-emulated-process-clocks'
ac_cv_env_LIBS_set=
ac_cv_env_LIBS_value=
ac_cv_env_LT_SYS_LIBRARY_PATH_set=
ac_cv_env_LT_SYS_LIBRARY_PATH_value=
ac_cv_env_build_alias_set=
ac_cv_env_build_alias_value=
ac_cv_env_host_alias_set=set
ac_cv_env_host_alias_value=wasm32-wasi
ac_cv_env_target_alias_set=
ac_cv_env_target_alias_value=
ac_cv_func_getpagesize=yes
ac_cv_func_mmap_fixed_mapped=no
ac_cv_header_dlfcn_h=yes
ac_cv_header_fcntl_h=yes
ac_cv_header_inttypes_h=yes
ac_cv_header_stdint_h=yes
ac_cv_header_stdio_h=yes
ac_cv_header_stdlib_h=yes
ac_cv_header_string_h=yes
ac_cv_header_strings_h=yes
ac_cv_header_sys_param_h=yes
ac_cv_header_sys_stat_h=yes
ac_cv_header_sys_types_h=yes
ac_cv_header_unistd_h=yes
ac_cv_host=wasm32-unknown-wasi
ac_cv_lib_m_cos=yes
ac_cv_objext=o
ac_cv_path_EGREP='/usr/bin/grep -E'
ac_cv_path_FGREP='/usr/bin/grep -F'
ac_cv_path_GREP=/usr/bin/grep
ac_cv_path_SED=/usr/bin/sed
ac_cv_path_install='/usr/bin/install -c'
ac_cv_path_lt_DD=/usr/bin/dd
ac_cv_path_mkdir=/usr/bin/mkdir
ac_cv_prog_AR=/home/nathan/secure-exec/registry/native/c/vendor/wasi-sdk/bin/llvm-ar
ac_cv_prog_AWK=mawk
ac_cv_prog_CC=/home/nathan/secure-exec/registry/native/c/vendor/wasi-sdk/bin/clang
ac_cv_prog_CXXCPP='/home/nathan/secure-exec/registry/native/c/vendor/wasi-sdk/bin/clang++ -E'
ac_cv_prog_FILECMD=file
ac_cv_prog_RANLIB=/home/nathan/secure-exec/registry/native/c/vendor/wasi-sdk/bin/llvm-ranlib
ac_cv_prog_STRIP=strip
ac_cv_prog_ac_ct_DLLTOOL=dlltool
ac_cv_prog_ac_ct_DUMPBIN='link -dump'
ac_cv_prog_ac_ct_MANIFEST_TOOL=mt
ac_cv_prog_ac_ct_OBJDUMP=objdump
ac_cv_prog_ac_ct_STRIP=strip
ac_cv_prog_cc_c11=
ac_cv_prog_cc_g=yes
ac_cv_prog_cc_stdc=
ac_cv_prog_cxx_cxx11=no
ac_cv_prog_cxx_cxx98=no
ac_cv_prog_cxx_g=yes
ac_cv_prog_make_make_set=yes
ac_cv_type_off_t=yes
am_cv_CC_dependencies_compiler_type=gcc3
am_cv_CXX_dependencies_compiler_type=gcc3
am_cv_ar_interface=ar
am_cv_make_support_nested_variables=yes
am_cv_prog_cc_c_o=yes
ax_cv_check_cflags___Wall=yes
ax_cv_check_cflags___Wdouble_promotion=yes
ax_cv_check_cflags___Wduplicated_branches=no
ax_cv_check_cflags___Wduplicated_cond=no
ax_cv_check_cflags___Wextra=yes
ax_cv_check_cflags___Wformat_2=yes
ax_cv_check_cflags___Wjump_misses_init=no
ax_cv_check_cflags___Wlogical_op=no
ax_cv_check_cflags___Wmisleading_indentation=yes
ax_cv_check_cflags___Wmissing_prototypes=yes
ax_cv_check_cflags___Wno_pedantic_ms_format=no
ax_cv_check_cflags___Wnull_dereference=yes
ax_cv_check_cflags___Wrestrict=no
ax_cv_check_cflags___Wshadow=yes
ax_cv_check_cflags___Wstrict_prototypes=yes
ax_cv_check_cflags___fexceptions=yes
ax_cv_check_cflags___fno_strict_aliasing=yes
ax_cv_check_cflags___pedantic=yes
ax_cv_check_cxxflags___Wall=yes
ax_cv_check_cxxflags___Wextra=yes
ax_cv_check_cxxflags___fexceptions=yes
ax_cv_check_cxxflags___fno_strict_aliasing=yes
ax_cv_check_ldflags___fno_strict_aliasing=yes
expatcfg_cv_compiler_supports_visibility=yes
lt_cv_ar_at_file=@
lt_cv_deplibs_check_method=unknown
lt_cv_file_magic_cmd='$MAGIC_CMD'
lt_cv_file_magic_test_file=
lt_cv_ld_reload_flag=-r
lt_cv_nm_interface='BSD nm'
lt_cv_objdir=.libs
lt_cv_path_LD=/home/linuxbrew/.linuxbrew/bin/ld
lt_cv_path_LDCXX=/home/linuxbrew/.linuxbrew/bin/ld
lt_cv_path_NM=no
lt_cv_path_manifest_tool=no
lt_cv_prog_compiler_c_o=yes
lt_cv_prog_compiler_c_o_CXX=yes
lt_cv_prog_compiler_pic='-fPIC -DPIC'
lt_cv_prog_compiler_pic_CXX='-fPIC -DPIC'
lt_cv_prog_compiler_pic_works=yes
lt_cv_prog_compiler_pic_works_CXX=yes
lt_cv_prog_compiler_rtti_exceptions=yes
lt_cv_prog_compiler_static_works=yes
lt_cv_prog_compiler_static_works_CXX=yes
lt_cv_prog_gnu_ld=yes
lt_cv_prog_gnu_ldcxx=yes
lt_cv_sharedlib_from_linklib_cmd='printf %s\n'
lt_cv_sys_global_symbol_pipe=
lt_cv_sys_global_symbol_to_c_name_address='/usr/bin/sed -n -e '\''s/^: \(.*\) .*$/  {"\1", (void *) 0},/p'\'' -e '\''s/^[ABCDGIRSTW][ABCDGIRSTW]* .* \(.*\)$/  {"\1", (void *) \&\1},/p'\'''
lt_cv_sys_global_symbol_to_c_name_address_lib_prefix='/usr/bin/sed -n -e '\''s/^: \(.*\) .*$/  {"\1", (void *) 0},/p'\'' -e '\''s/^[ABCDGIRSTW][ABCDGIRSTW]* .* \(lib.*\)$/  {"\1", (void *) \&\1},/p'\'' -e '\''s/^[ABCDGIRSTW][ABCDGIRSTW]* .* \(.*\)$/  {"lib\1", (void *) \&\1},/p'\'''
lt_cv_sys_global_symbol_to_cdecl=
lt_cv_sys_global_symbol_to_import=
lt_cv_sys_max_cmd_len=1572864
lt_cv_to_host_file_cmd=func_convert_file_noop
lt_cv_to_tool_file_cmd=func_convert_file_noop
lt_cv_truncate_bin='/usr/bin/dd bs=4096 count=1'

## ----------------- ##
## Output variables. ##
## ----------------- ##

ACLOCAL='${SHELL} '\''/home/nathan/secure-exec-wasmgui/experiments/wasm-gui/third_party/expat/conftools/missing'\'' aclocal-1.16'
AMDEPBACKSLASH='\'
AMDEP_FALSE='#'
AMDEP_TRUE=''
AMTAR='$${TAR-tar}'
AM_BACKSLASH='\'
AM_CFLAGS='-Wall -Wextra -fexceptions -fno-strict-aliasing -Wmissing-prototypes -Wstrict-prototypes -pedantic -Wnull-dereference -Wdouble-promotion -Wshadow -Wformat=2 -Wmisleading-indentation -fvisibility=hidden'
AM_CPPFLAGS=''
AM_CXXFLAGS='-Wall -Wextra -fexceptions -fno-strict-aliasing'
AM_DEFAULT_V='$(AM_DEFAULT_VERBOSITY)'
AM_DEFAULT_VERBOSITY='1'
AM_LDFLAGS='-fno-strict-aliasing'
AM_V='$(V)'
AR='/home/nathan/secure-exec/registry/native/c/vendor/wasi-sdk/bin/llvm-ar'
AS='as'
AUTOCONF='${SHELL} '\''/home/nathan/secure-exec-wasmgui/experiments/wasm-gui/third_party/expat/conftools/missing'\'' autoconf'
AUTOHEADER='${SHELL} '\''/home/nathan/secure-exec-wasmgui/experiments/wasm-gui/third_party/expat/conftools/missing'\'' autoheader'
AUTOMAKE='${SHELL} '\''/home/nathan/secure-exec-wasmgui/experiments/wasm-gui/third_party/expat/conftools/missing'\'' automake-1.16'
AWK='mawk'
CC='/home/nathan/secure-exec/registry/native/c/vendor/wasi-sdk/bin/clang'
CCDEPMODE='depmode=gcc3'
CFLAGS='--target=wasm32-wasip1 --sysroot=/home/nathan/secure-exec/registry/native/c/sysroot -O2 -D_WASI_EMULATED_MMAN -D_WASI_EMULATED_PROCESS_CLOCKS -D_GNU_SOURCE -mllvm -wasm-enable-sjlj -Wno-error=implicit-function-declaration -Wno-error=int-conversion -Wno-int-conversion -I/home/nathan/secure-exec-wasmgui/experiments/wasm-gui/toolchain/compat-include -include /home/nathan/secure-exec-wasmgui/experiments/wasm-gui/toolchain/wasi-compat.h'
CMAKE_SHARED_LIBRARY_PREFIX='lib'
CPPFLAGS='--target=wasm32-wasip1 --sysroot=/home/nathan/secure-exec/registry/native/c/sysroot -I/home/nathan/secure-exec-wasmgui/experiments/wasm-gui/third_party/wasm-prefix/include -I/home/nathan/secure-exec-wasmgui/experiments/wasm-gui/toolchain/compat-include -include /home/nathan/secure-exec-wasmgui/experiments/wasm-gui/toolchain/wasi-compat.h'
CSCOPE='cscope'
CTAGS='ctags'
CXX='/home/nathan/secure-exec/registry/native/c/vendor/wasi-sdk/bin/clang++'
CXXCPP='/home/nathan/secure-exec/registry/native/c/vendor/wasi-sdk/bin/clang++ -E'
CXXDEPMODE='depmode=gcc3'
CXXFLAGS='-g -O2'
CYGPATH_W='echo'
DEFS='-DHAVE_CONFIG_H'
DEPDIR='.deps'
DLLTOOL='dlltool'
DOCBOOK_TO_MAN=''
DSYMUTIL=''
DUMPBIN=':'
ECHO_C=''
ECHO_N='-n'
ECHO_T=''
EGREP='/usr/bin/grep -E'
ETAGS='etags'
EXEEXT=''
EXPAT_ATTR_INFO='OFF'
EXPAT_CHAR_TYPE='char'
EXPAT_CONTEXT_BYTES='1024'
EXPAT_DTD='ON'
EXPAT_LARGE_SIZE='OFF'
EXPAT_MIN_SIZE='OFF'
EXPAT_NS='ON'
FGREP='/usr/bin/grep -F'
FILECMD='file'
FILEMAP='readfilemap'
GREP='/usr/bin/grep'
HAVE_CXX11=''
INSTALL_DATA='${INSTALL} -m 644'
INSTALL_PROGRAM='${INSTALL}'
INSTALL_SCRIPT='${INSTALL}'
INSTALL_STRIP_PROGRAM='$(install_sh) -c -s'
LD='/home/linuxbrew/.linuxbrew/bin/ld'
LDFLAGS='--target=wasm32-wasip1 --sysroot=/home/nathan/secure-exec/registry/native/c/sysroot -L/home/nathan/secure-exec-wasmgui/experiments/wasm-gui/third_party/wasm-prefix/lib -L/home/nathan/secure-exec/registry/native/c/vendor/wasi-sdk/share/wasi-sysroot/lib/wasm32-wasip1 -lwasi-emulated-mman -lwasi-emulated-process-clocks'
LIBAGE='10'
LIBCURRENT='11'
LIBDIR_BASENAME='lib'
LIBM='-lm'
LIBOBJS=''
LIBREVISION='0'
LIBS=''
LIBTOOL='$(SHELL) $(top_builddir)/libtool'
LIPO=''
LN_S='ln -s'
LTLIBOBJS=''
LT_SYS_LIBRARY_PATH=''
MAINT=''
MAINTAINER_MODE_FALSE='#'
MAINTAINER_MODE_TRUE=''
MAKEINFO='${SHELL} '\''/home/nathan/secure-exec-wasmgui/experiments/wasm-gui/third_party/expat/conftools/missing'\'' makeinfo'
MANIFEST_TOOL=':'
MINGW_FALSE=''
MINGW_TRUE='#'
MKDIR_P='/usr/bin/mkdir -p'
NM='nm'
NMEDIT=''
OBJDUMP='objdump'
OBJEXT='o'
OTOOL64=''
OTOOL=''
PACKAGE='expat'
PACKAGE_BUGREPORT='https://github.com/libexpat/libexpat/issues'
PACKAGE_NAME='expat'
PACKAGE_STRING='expat 2.6.4'
PACKAGE_TARNAME='expat'
PACKAGE_URL=''
PACKAGE_VERSION='2.6.4'
PATH_SEPARATOR=':'
RANLIB='/home/nathan/secure-exec/registry/native/c/vendor/wasi-sdk/bin/llvm-ranlib'
SED='/usr/bin/sed'
SET_MAKE=''
SHELL='/bin/bash'
SIZEOF_VOID_P='4'
SO_MAJOR='1'
SO_MINOR='10'
SO_PATCH='0'
STRIP='strip'
UNICODE_FALSE=''
UNICODE_TRUE='#'
VERSION='2.6.4'
WITH_DISTRIBUTABLE_MANPAGE_FALSE=''
WITH_DISTRIBUTABLE_MANPAGE_TRUE='#'
WITH_EXAMPLES_FALSE=''
WITH_EXAMPLES_TRUE='#'
WITH_MANPAGE_FALSE='#'
WITH_MANPAGE_TRUE=''
WITH_PREBUILT_MANPAGE_FALSE='#'
WITH_PREBUILT_MANPAGE_TRUE=''
WITH_TESTS_FALSE=''
WITH_TESTS_TRUE='#'
WITH_XMLWF_FALSE=''
WITH_XMLWF_TRUE='#'
_INTERNAL_LARGE_SIZE_FALSE=''
_INTERNAL_LARGE_SIZE_TRUE='#'
_INTERNAL_MIN_SIZE_FALSE=''
_INTERNAL_MIN_SIZE_TRUE='#'
_INTERNAL_UNICODE_WCHAR_T_FALSE=''
_INTERNAL_UNICODE_WCHAR_T_TRUE='#'
ac_ct_AR=''
ac_ct_CC=''
ac_ct_CXX=''
ac_ct_DUMPBIN='link -dump'
am__EXEEXT_FALSE=''
am__EXEEXT_TRUE='#'
am__fastdepCC_FALSE='#'
am__fastdepCC_TRUE=''
am__fastdepCXX_FALSE='#'
am__fastdepCXX_TRUE=''
am__include='include'
am__isrc=''
am__leading_dot='.'
am__nodep='_no'
am__quote=''
am__tar='$${TAR-tar} chof - "$$tardir"'
am__untar='$${TAR-tar} xf -'
bindir='${exec_prefix}/bin'
build='x86_64-pc-linux-gnux32'
build_alias=''
build_cpu='x86_64'
build_os='linux-gnux32'
build_vendor='pc'
datadir='${datarootdir}'
datarootdir='${prefix}/share'
docdir='${datarootdir}/doc/${PACKAGE_TARNAME}'
dvidir='${docdir}'
exec_prefix='${prefix}'
host='wasm32-unknown-wasi'
host_alias='wasm32-wasi'
host_cpu='wasm32'
host_os='wasi'
host_vendor='unknown'
htmldir='${docdir}'
includedir='${prefix}/include'
infodir='${datarootdir}/info'
install_sh='${SHELL} /home/nathan/secure-exec-wasmgui/experiments/wasm-gui/third_party/expat/conftools/install-sh'
libdir='${exec_prefix}/lib'
libexecdir='${exec_prefix}/libexec'
localedir='${datarootdir}/locale'
localstatedir='${prefix}/var'
mandir='${datarootdir}/man'
mkdir_p='$(MKDIR_P)'
oldincludedir='/usr/include'
pdfdir='${docdir}'
prefix='/home/nathan/secure-exec-wasmgui/experiments/wasm-gui/third_party/wasm-prefix'
program_transform_name='s,x,x,'
psdir='${docdir}'
runstatedir='${localstatedir}/run'
sbindir='${exec_prefix}/sbin'
sharedstatedir='${prefix}/com'
sysconfdir='${prefix}/etc'
target_alias=''

## ------------------- ##
## File substitutions. ##
## ------------------- ##

PACKAGE_INIT='./cmake/autotools/expat-package-init.cmake'

## ----------- ##
## confdefs.h. ##
## ----------- ##

/* confdefs.h */
#define PACKAGE_NAME "expat"
#define PACKAGE_TARNAME "expat"
#define PACKAGE_VERSION "2.6.4"
#define PACKAGE_STRING "expat 2.6.4"
#define PACKAGE_BUGREPORT "https://github.com/libexpat/libexpat/issues"
#define PACKAGE_URL ""
#define PACKAGE "expat"
#define VERSION "2.6.4"
#define HAVE_STDIO_H 1
#define HAVE_STDLIB_H 1
#define HAVE_STRING_H 1
#define HAVE_INTTYPES_H 1
#define HAVE_STDINT_H 1
#define HAVE_STRINGS_H 1
#define HAVE_SYS_STAT_H 1
#define HAVE_SYS_TYPES_H 1
#define HAVE_UNISTD_H 1
#define HAVE_SYS_PARAM_H 1
#define STDC_HEADERS 1
#define HAVE_DLFCN_H 1
#define LT_OBJDIR ".libs/"
#define BYTEORDER 1234
#define HAVE_ARC4RANDOM_BUF 1
#define HAVE_FCNTL_H 1
#define HAVE_UNISTD_H 1
#define HAVE_GETPAGESIZE 1
#define XML_NS 1
#define XML_GE 1
#define XML_DTD 1
#define XML_DEV_URANDOM 1
#define XML_CONTEXT_BYTES 1024

configure: exit 0
