This file contains any messages produced by compilers while
running configure, to aid debugging if configure makes a mistake.

It was created by libXft configure 2.3.8, which was
generated by GNU Autoconf 2.71.  Invocation command line was

  $ ./configure --host=wasm32-wasi --prefix=/home/nathan/secure-exec-wasmgui/experiments/wasm-gui/third_party/wasm-prefix --enable-static --disable-shared

## --------- ##
## Platform. ##
## --------- ##

hostname = nathan-dev
uname -m = x86_64
uname -r = 6.1.0-41-amd64
uname -s = Linux
uname -v = #1 SMP PREEMPT_DYNAMIC Debian 6.1.158-1 (2025-11-09)

/usr/bin/uname -p = unknown
/bin/uname -X     = unknown

/bin/arch              = x86_64
/usr/bin/arch -k       = unknown
/usr/convex/getsysinfo = unknown
/usr/bin/hostinfo      = unknown
/bin/machine           = unknown
/usr/bin/oslevel       = unknown
/bin/universe          = unknown

PATH: /home/linuxbrew/.linuxbrew/bin/
PATH: /home/nathan/misc/bun/bin/
PATH: /home/nathan/.bun/bin/
PATH: /home/nathan/.bun/bin/
PATH: /home/nathan/.bun/bin/
PATH: /home/nathan/.bun/bin/
PATH: /home/nathan/.wasmer/bin/
PATH: /home/nathan/.opencode/bin/
PATH: /home/nathan/.local/bin/
PATH: /home/nathan/.bun/bin/
PATH: /home/nathan/.cargo/bin/
PATH: /home/nathan/.nix-profile/bin/
PATH: /nix/var/nix/profiles/default/bin/
PATH: /home/linuxbrew/.linuxbrew/bin/
PATH: /home/linuxbrew/.linuxbrew/sbin/
PATH: /home/nathan/.local/bin/
PATH: /home/linuxbrew/.linuxbrew/opt/rustup/bin/
PATH: /home/nathan/.local/bin/
PATH: /home/nathan/.atuin/bin/
PATH: /home/nathan/misc/bun/bin/
PATH: /home/nathan/.bun/bin/
PATH: /home/nathan/.bun/bin/
PATH: /home/nathan/.bun/bin/
PATH: /home/nathan/.bun/bin/
PATH: /home/nathan/.wasmer/bin/
PATH: /home/nathan/.deno/bin/
PATH: /home/nathan/.opencode/bin/
PATH: /home/nathan/.local/bin/
PATH: /home/nathan/.bun/bin/
PATH: /home/nathan/.cargo/bin/
PATH: /home/nathan/.nix-profile/bin/
PATH: /nix/var/nix/profiles/default/bin/
PATH: /tmp/pnpm/
PATH: /home/linuxbrew/.linuxbrew/bin/
PATH: /home/linuxbrew/.linuxbrew/sbin/
PATH: /home/nathan/.nvm/versions/node/v24.13.0/bin/
PATH: /home/nathan/.nix-profile/bin/
PATH: /nix/var/nix/profiles/default/bin/
PATH: /usr/local/bin/
PATH: /usr/bin/
PATH: /bin/
PATH: /usr/local/games/
PATH: /usr/games/


## ----------- ##
## Core tests. ##
## ----------- ##

configure:2470: looking for aux files: compile config.guess config.sub ltmain.sh missing install-sh
configure:2483:  trying ./
configure:2512:   ./compile found
configure:2512:   ./config.guess found
configure:2512:   ./config.sub found
configure:2512:   ./ltmain.sh found
configure:2512:   ./missing found
configure:2494:   ./install-sh found
configure:2647: checking for a BSD-compatible install
configure:2720: result: /usr/bin/install -c
configure:2731: checking whether build environment is sane
configure:2786: result: yes
configure:2842: checking for wasm32-wasi-strip
configure:2877: result: no
configure:2887: checking for strip
configure:2908: found /home/linuxbrew/.linuxbrew/bin/strip
configure:2919: result: strip
configure:2945: checking for a race-free mkdir -p
configure:2989: result: /usr/bin/mkdir -p
configure:2996: checking for gawk
configure:3031: result: no
configure:2996: checking for mawk
configure:3017: found /usr/bin/mawk
configure:3028: result: mawk
configure:3039: checking whether make sets $(MAKE)
configure:3062: result: yes
configure:3092: checking whether make supports nested variables
configure:3110: result: yes
configure:3280: checking build system type
configure:3295: result: x86_64-pc-linux-gnux32
configure:3315: checking host system type
configure:3329: result: wasm32-unknown-wasi
configure:3370: checking how to print strings
configure:3397: result: printf
configure:3431: checking whether make supports the include directive
configure:3446: make -f confmf.GNU && cat confinc.out
this is the am__doit target
configure:3449: $? = 0
configure:3468: result: yes (GNU style)
configure:3499: checking for wasm32-wasi-gcc
configure:3531: result: /home/nathan/secure-exec/registry/native/c/vendor/wasi-sdk/bin/clang
configure:3929: checking for C compiler version
configure:3938: /home/nathan/secure-exec/registry/native/c/vendor/wasi-sdk/bin/clang --version >&5
clang version 19.1.5-wasi-sdk (https://github.com/llvm/llvm-project ab4b5a2db582958af1ee308a790cfdb42bd24720)
Target: wasm32-unknown-wasi
Thread model: posix
InstalledDir: /home/nathan/secure-exec/registry/native/c/vendor/wasi-sdk/bin
configure:3949: $? = 0
configure:3938: /home/nathan/secure-exec/registry/native/c/vendor/wasi-sdk/bin/clang -v >&5
clang version 19.1.5-wasi-sdk (https://github.com/llvm/llvm-project ab4b5a2db582958af1ee308a790cfdb42bd24720)
Target: wasm32-unknown-wasi
Thread model: posix
InstalledDir: /home/nathan/secure-exec/registry/native/c/vendor/wasi-sdk/bin
configure:3949: $? = 0
configure:3938: /home/nathan/secure-exec/registry/native/c/vendor/wasi-sdk/bin/clang -V >&5
clang: error: argument to '-V' is missing (expected 1 value)
clang: error: no input files
configure:3949: $? = 1
configure:3938: /home/nathan/secure-exec/registry/native/c/vendor/wasi-sdk/bin/clang -qversion >&5
clang: error: unknown argument '-qversion'; did you mean '--version'?
clang: error: no input files
configure:3949: $? = 1
configure:3938: /home/nathan/secure-exec/registry/native/c/vendor/wasi-sdk/bin/clang -version >&5
clang: error: unknown argument '-version'; did you mean '--version'?
clang: error: no input files
configure:3949: $? = 1
configure:3969: checking whether the C compiler works
configure:3991: /home/nathan/secure-exec/registry/native/c/vendor/wasi-sdk/bin/clang --target=wasm32-wasip1 --sysroot=/home/nathan/secure-exec/registry/native/c/sysroot -O2 -D_WASI_EMULATED_MMAN -D_WASI_EMULATED_PROCESS_CLOCKS -D_GNU_SOURCE -mllvm -wasm-enable-sjlj -Wno-error=implicit-function-declaration -Wno-error=int-conversion -Wno-int-conversion -I/home/nathan/secure-exec-wasmgui/experiments/wasm-gui/toolchain/compat-include -include /home/nathan/secure-exec-wasmgui/experiments/wasm-gui/toolchain/wasi-compat.h --target=wasm32-wasip1 --sysroot=/home/nathan/secure-exec/registry/native/c/sysroot -I/home/nathan/secure-exec-wasmgui/experiments/wasm-gui/third_party/wasm-prefix/include -I/home/nathan/secure-exec-wasmgui/experiments/wasm-gui/toolchain/compat-include -include /home/nathan/secure-exec-wasmgui/experiments/wasm-gui/toolchain/wasi-compat.h --target=wasm32-wasip1 --sysroot=/home/nathan/secure-exec/registry/native/c/sysroot -L/home/nathan/secure-exec-wasmgui/experiments/wasm-gui/third_party/wasm-prefix/lib -L/home/nathan/secure-exec/registry/native/c/vendor/wasi-sdk/share/wasi-sysroot/lib/wasm32-wasip1 -lwasi-emulated-mman -lwasi-emulated-process-clocks conftest.c  >&5
configure:3995: $? = 0
configure:4045: result: yes
configure:4048: checking for C compiler default output file name
configure:4050: result: a.out
configure:4056: checking for suffix of executables
configure:4063: /home/nathan/secure-exec/registry/native/c/vendor/wasi-sdk/bin/clang -o conftest --target=wasm32-wasip1 --sysroot=/home/nathan/secure-exec/registry/native/c/sysroot -O2 -D_WASI_EMULATED_MMAN -D_WASI_EMULATED_PROCESS_CLOCKS -D_GNU_SOURCE -mllvm -wasm-enable-sjlj -Wno-error=implicit-function-declaration -Wno-error=int-conversion -Wno-int-conversion -I/home/nathan/secure-exec-wasmgui/experiments/wasm-gui/toolchain/compat-include -include /home/nathan/secure-exec-wasmgui/experiments/wasm-gui/toolchain/wasi-compat.h --target=wasm32-wasip1 --sysroot=/home/nathan/secure-exec/registry/native/c/sysroot -I/home/nathan/secure-exec-wasmgui/experiments/wasm-gui/third_party/wasm-prefix/include -I/home/nathan/secure-exec-wasmgui/experiments/wasm-gui/toolchain/compat-include -include /home/nathan/secure-exec-wasmgui/experiments/wasm-gui/toolchain/wasi-compat.h --target=wasm32-wasip1 --sysroot=/home/nathan/secure-exec/registry/native/c/sysroot -L/home/nathan/secure-exec-wasmgui/experiments/wasm-gui/third_party/wasm-prefix/lib -L/home/nathan/secure-exec/registry/native/c/vendor/wasi-sdk/share/wasi-sysroot/lib/wasm32-wasip1 -lwasi-emulated-mman -lwasi-emulated-process-clocks conftest.c  >&5
configure:4067: $? = 0
configure:4090: result: 
configure:4112: checking whether we are cross compiling
configure:4120: /home/nathan/secure-exec/registry/native/c/vendor/wasi-sdk/bin/clang -o conftest --target=wasm32-wasip1 --sysroot=/home/nathan/secure-exec/registry/native/c/sysroot -O2 -D_WASI_EMULATED_MMAN -D_WASI_EMULATED_PROCESS_CLOCKS -D_GNU_SOURCE -mllvm -wasm-enable-sjlj -Wno-error=implicit-function-declaration -Wno-error=int-conversion -Wno-int-conversion -I/home/nathan/secure-exec-wasmgui/experiments/wasm-gui/toolchain/compat-include -include /home/nathan/secure-exec-wasmgui/experiments/wasm-gui/toolchain/wasi-compat.h --target=wasm32-wasip1 --sysroot=/home/nathan/secure-exec/registry/native/c/sysroot -I/home/nathan/secure-exec-wasmgui/experiments/wasm-gui/third_party/wasm-prefix/include -I/home/nathan/secure-exec-wasmgui/experiments/wasm-gui/toolchain/compat-include -include /home/nathan/secure-exec-wasmgui/experiments/wasm-gui/toolchain/wasi-compat.h --target=wasm32-wasip1 --sysroot=/home/nathan/secure-exec/registry/native/c/sysroot -L/home/nathan/secure-exec-wasmgui/experiments/wasm-gui/third_party/wasm-prefix/lib -L/home/nathan/secure-exec/registry/native/c/vendor/wasi-sdk/share/wasi-sysroot/lib/wasm32-wasip1 -lwasi-emulated-mman -lwasi-emulated-process-clocks conftest.c  >&5
configure:4124: $? = 0
configure:4131: ./conftest
./configure: line 4133: ./conftest: cannot execute binary file: Exec format error
configure:4135: $? = 126
configure:4150: result: yes
configure:4155: checking for suffix of object files
configure:4178: /home/nathan/secure-exec/registry/native/c/vendor/wasi-sdk/bin/clang -c --target=wasm32-wasip1 --sysroot=/home/nathan/secure-exec/registry/native/c/sysroot -O2 -D_WASI_EMULATED_MMAN -D_WASI_EMULATED_PROCESS_CLOCKS -D_GNU_SOURCE -mllvm -wasm-enable-sjlj -Wno-error=implicit-function-declaration -Wno-error=int-conversion -Wno-int-conversion -I/home/nathan/secure-exec-wasmgui/experiments/wasm-gui/toolchain/compat-include -include /home/nathan/secure-exec-wasmgui/experiments/wasm-gui/toolchain/wasi-compat.h --target=wasm32-wasip1 --sysroot=/home/nathan/secure-exec/registry/native/c/sysroot -I/home/nathan/secure-exec-wasmgui/experiments/wasm-gui/third_party/wasm-prefix/include -I/home/nathan/secure-exec-wasmgui/experiments/wasm-gui/toolchain/compat-include -include /home/nathan/secure-exec-wasmgui/experiments/wasm-gui/toolchain/wasi-compat.h conftest.c >&5
configure:4182: $? = 0
configure:4204: result: o
configure:4208: checking whether the compiler supports GNU C
configure:4228: /home/nathan/secure-exec/registry/native/c/vendor/wasi-sdk/bin/clang -c --target=wasm32-wasip1 --sysroot=/home/nathan/secure-exec/registry/native/c/sysroot -O2 -D_WASI_EMULATED_MMAN -D_WASI_EMULATED_PROCESS_CLOCKS -D_GNU_SOURCE -mllvm -wasm-enable-sjlj -Wno-error=implicit-function-declaration -Wno-error=int-conversion -Wno-int-conversion -I/home/nathan/secure-exec-wasmgui/experiments/wasm-gui/toolchain/compat-include -include /home/nathan/secure-exec-wasmgui/experiments/wasm-gui/toolchain/wasi-compat.h --target=wasm32-wasip1 --sysroot=/home/nathan/secure-exec/registry/native/c/sysroot -I/home/nathan/secure-exec-wasmgui/experiments/wasm-gui/third_party/wasm-prefix/include -I/home/nathan/secure-exec-wasmgui/experiments/wasm-gui/toolchain/compat-include -include /home/nathan/secure-exec-wasmgui/experiments/wasm-gui/toolchain/wasi-compat.h conftest.c >&5
configure:4228: $? = 0
configure:4238: result: yes
configure:4249: checking whether /home/nathan/secure-exec/registry/native/c/vendor/wasi-sdk/bin/clang accepts -g
configure:4270: /home/nathan/secure-exec/registry/native/c/vendor/wasi-sdk/bin/clang -c -g --target=wasm32-wasip1 --sysroot=/home/nathan/secure-exec/registry/native/c/sysroot -I/home/nathan/secure-exec-wasmgui/experiments/wasm-gui/third_party/wasm-prefix/include -I/home/nathan/secure-exec-wasmgui/experiments/wasm-gui/toolchain/compat-include -include /home/nathan/secure-exec-wasmgui/experiments/wasm-gui/toolchain/wasi-compat.h conftest.c >&5
configure:4270: $? = 0
configure:4314: result: yes
configure:4334: checking for /home/nathan/secure-exec/registry/native/c/vendor/wasi-sdk/bin/clang option to enable C11 features
configure:4349: /home/nathan/secure-exec/registry/native/c/vendor/wasi-sdk/bin/clang  -c --target=wasm32-wasip1 --sysroot=/home/nathan/secure-exec/registry/native/c/sysroot -O2 -D_WASI_EMULATED_MMAN -D_WASI_EMULATED_PROCESS_CLOCKS -D_GNU_SOURCE -mllvm -wasm-enable-sjlj -Wno-error=implicit-function-declaration -Wno-error=int-conversion -Wno-int-conversion -I/home/nathan/secure-exec-wasmgui/experiments/wasm-gui/toolchain/compat-include -include /home/nathan/secure-exec-wasmgui/experiments/wasm-gui/toolchain/wasi-compat.h --target=wasm32-wasip1 --sysroot=/home/nathan/secure-exec/registry/native/c/sysroot -I/home/nathan/secure-exec-wasmgui/experiments/wasm-gui/third_party/wasm-prefix/include -I/home/nathan/secure-exec-wasmgui/experiments/wasm-gui/toolchain/compat-include -include /home/nathan/secure-exec-wasmgui/experiments/wasm-gui/toolchain/wasi-compat.h conftest.c >&5
configure:4349: $? = 0
configure:4367: result: none needed
configure:4483: checking whether /home/nathan/secure-exec/registry/native/c/vendor/wasi-sdk/bin/clang understands -c and -o together
configure:4506: /home/nathan/secure-exec/registry/native/c/vendor/wasi-sdk/bin/clang -c conftest.c -o conftest2.o
configure:4509: $? = 0
configure:4506: /home/nathan/secure-exec/registry/native/c/vendor/wasi-sdk/bin/clang -c conftest.c -o conftest2.o
configure:4509: $? = 0
configure:4521: result: yes
configure:4540: checking dependency style of /home/nathan/secure-exec/registry/native/c/vendor/wasi-sdk/bin/clang
configure:4652: result: gcc3
configure:4667: checking for a sed that does not truncate output
configure:4737: result: /usr/bin/sed
configure:4755: checking for grep that handles long lines and -e
configure:4819: result: /usr/bin/grep
configure:4824: checking for egrep
configure:4892: result: /usr/bin/grep -E
configure:4897: checking for fgrep
configure:4965: result: /usr/bin/grep -F
configure:5001: checking for ld used by /home/nathan/secure-exec/registry/native/c/vendor/wasi-sdk/bin/clang
configure:5069: result: /home/linuxbrew/.linuxbrew/bin/ld
configure:5076: checking if the linker (/home/linuxbrew/.linuxbrew/bin/ld) is GNU ld
configure:5092: result: yes
configure:5104: checking for BSD- or MS-compatible name lister (nm)
configure:5159: result: no
configure:5173: checking for wasm32-wasi-dumpbin
configure:5208: result: no
configure:5173: checking for wasm32-wasi-link
configure:5208: result: no
configure:5222: checking for dumpbin
configure:5257: result: no
configure:5222: checking for link
configure:5243: found /usr/bin/link
configure:5254: result: link -dump
configure:5270: WARNING: using cross tools not prefixed with host triplet
configure:5299: checking the name lister (nm) interface
configure:5307: /home/nathan/secure-exec/registry/native/c/vendor/wasi-sdk/bin/clang -c --target=wasm32-wasip1 --sysroot=/home/nathan/secure-exec/registry/native/c/sysroot -O2 -D_WASI_EMULATED_MMAN -D_WASI_EMULATED_PROCESS_CLOCKS -D_GNU_SOURCE -mllvm -wasm-enable-sjlj -Wno-error=implicit-function-declaration -Wno-error=int-conversion -Wno-int-conversion -I/home/nathan/secure-exec-wasmgui/experiments/wasm-gui/toolchain/compat-include -include /home/nathan/secure-exec-wasmgui/experiments/wasm-gui/toolchain/wasi-compat.h --target=wasm32-wasip1 --sysroot=/home/nathan/secure-exec/registry/native/c/sysroot -I/home/nathan/secure-exec-wasmgui/experiments/wasm-gui/third_party/wasm-prefix/include -I/home/nathan/secure-exec-wasmgui/experiments/wasm-gui/toolchain/compat-include -include /home/nathan/secure-exec-wasmgui/experiments/wasm-gui/toolchain/wasi-compat.h conftest.c >&5
configure:5310: nm "conftest.o"
nm: conftest.o: file format not recognized
configure:5313: output
configure:5320: result: BSD nm
configure:5323: checking whether ln -s works
configure:5327: result: yes
configure:5335: checking the maximum length of command line arguments
configure:5472: result: 1572864
configure:5520: checking how to convert x86_64-pc-linux-gnux32 file names to wasm32-unknown-wasi format
configure:5561: result: func_convert_file_noop
configure:5568: checking how to convert x86_64-pc-linux-gnux32 file names to toolchain format
configure:5589: result: func_convert_file_noop
configure:5596: checking for /home/linuxbrew/.linuxbrew/bin/ld option to reload object files
configure:5604: result: -r
configure:5638: checking for wasm32-wasi-file
configure:5673: result: no
configure:5683: checking for file
configure:5704: found /usr/bin/file
configure:5715: result: file
configure:5746: checking for wasm32-wasi-objdump
configure:5781: result: no
configure:5791: checking for objdump
configure:5812: found /home/linuxbrew/.linuxbrew/bin/objdump
configure:5823: result: objdump
configure:5855: checking how to recognize dependent libraries
configure:6056: result: unknown
configure:6101: checking for wasm32-wasi-dlltool
configure:6136: result: no
configure:6146: checking for dlltool
configure:6167: found /home/linuxbrew/.linuxbrew/bin/dlltool
configure:6178: result: dlltool
configure:6211: checking how to associate runtime and link libraries
configure:6239: result: printf %s\n
configure:6256: checking for wasm32-wasi-ar
configure:6288: result: /home/nathan/secure-exec/registry/native/c/vendor/wasi-sdk/bin/llvm-ar
configure:6390: checking for archiver @FILE support
configure:6408: /home/nathan/secure-exec/registry/native/c/vendor/wasi-sdk/bin/clang -c --target=wasm32-wasip1 --sysroot=/home/nathan/secure-exec/registry/native/c/sysroot -O2 -D_WASI_EMULATED_MMAN -D_WASI_EMULATED_PROCESS_CLOCKS -D_GNU_SOURCE -mllvm -wasm-enable-sjlj -Wno-error=implicit-function-declaration -Wno-error=int-conversion -Wno-int-conversion -I/home/nathan/secure-exec-wasmgui/experiments/wasm-gui/toolchain/compat-include -include /home/nathan/secure-exec-wasmgui/experiments/wasm-gui/toolchain/wasi-compat.h --target=wasm32-wasip1 --sysroot=/home/nathan/secure-exec/registry/native/c/sysroot -I/home/nathan/secure-exec-wasmgui/experiments/wasm-gui/third_party/wasm-prefix/include -I/home/nathan/secure-exec-wasmgui/experiments/wasm-gui/toolchain/compat-include -include /home/nathan/secure-exec-wasmgui/experiments/wasm-gui/toolchain/wasi-compat.h conftest.c >&5
configure:6408: $? = 0
configure:6412: /home/nathan/secure-exec/registry/native/c/vendor/wasi-sdk/bin/llvm-ar cr libconftest.a @conftest.lst >&5
configure:6415: $? = 0
configure:6420: /home/nathan/secure-exec/registry/native/c/vendor/wasi-sdk/bin/llvm-ar cr libconftest.a @conftest.lst >&5
/home/nathan/secure-exec/registry/native/c/vendor/wasi-sdk/bin/llvm-ar: error: conftest.o: No such file or directory
configure:6423: $? = 1
configure:6435: result: @
configure:6453: checking for wasm32-wasi-strip
configure:6485: result: strip
configure:6562: checking for wasm32-wasi-ranlib
configure:6594: result: /home/nathan/secure-exec/registry/native/c/vendor/wasi-sdk/bin/llvm-ranlib
configure:6741: checking command to parse nm output from /home/nathan/secure-exec/registry/native/c/vendor/wasi-sdk/bin/clang object
configure:6895: /home/nathan/secure-exec/registry/native/c/vendor/wasi-sdk/bin/clang -c --target=wasm32-wasip1 --sysroot=/home/nathan/secure-exec/registry/native/c/sysroot -O2 -D_WASI_EMULATED_MMAN -D_WASI_EMULATED_PROCESS_CLOCKS -D_GNU_SOURCE -mllvm -wasm-enable-sjlj -Wno-error=implicit-function-declaration -Wno-error=int-conversion -Wno-int-conversion -I/home/nathan/secure-exec-wasmgui/experiments/wasm-gui/toolchain/compat-include -include /home/nathan/secure-exec-wasmgui/experiments/wasm-gui/toolchain/wasi-compat.h --target=wasm32-wasip1 --sysroot=/home/nathan/secure-exec/registry/native/c/sysroot -I/home/nathan/secure-exec-wasmgui/experiments/wasm-gui/third_party/wasm-prefix/include -I/home/nathan/secure-exec-wasmgui/experiments/wasm-gui/toolchain/compat-include -include /home/nathan/secure-exec-wasmgui/experiments/wasm-gui/toolchain/wasi-compat.h conftest.c >&5
configure:6898: $? = 0
configure:6902: nm conftest.o \| /usr/bin/sed -n -e 's/^.*[ ]\([ABCDGIRSTW][ABCDGIRSTW]*\)[ ][ ]*\([_A-Za-z][_A-Za-z0-9]*\)$/\1 \2 \2/p' | /usr/bin/sed '/ __gnu_lto/d' \> conftest.nm
nm: conftest.o: file format not recognized
configure:6905: $? = 0
cannot run /usr/bin/sed -n -e 's/^.*[	 ]\([ABCDGIRSTW][ABCDGIRSTW]*\)[	 ][	 ]*\([_A-Za-z][_A-Za-z0-9]*\)$/\1 \2 \2/p' | /usr/bin/sed '/ __gnu_lto/d'
configure:6895: /home/nathan/secure-exec/registry/native/c/vendor/wasi-sdk/bin/clang -c --target=wasm32-wasip1 --sysroot=/home/nathan/secure-exec/registry/native/c/sysroot -O2 -D_WASI_EMULATED_MMAN -D_WASI_EMULATED_PROCESS_CLOCKS -D_GNU_SOURCE -mllvm -wasm-enable-sjlj -Wno-error=implicit-function-declaration -Wno-error=int-conversion -Wno-int-conversion -I/home/nathan/secure-exec-wasmgui/experiments/wasm-gui/toolchain/compat-include -include /home/nathan/secure-exec-wasmgui/experiments/wasm-gui/toolchain/wasi-compat.h --target=wasm32-wasip1 --sysroot=/home/nathan/secure-exec/registry/native/c/sysroot -I/home/nathan/secure-exec-wasmgui/experiments/wasm-gui/third_party/wasm-prefix/include -I/home/nathan/secure-exec-wasmgui/experiments/wasm-gui/toolchain/compat-include -include /home/nathan/secure-exec-wasmgui/experiments/wasm-gui/toolchain/wasi-compat.h conftest.c >&5
configure:6898: $? = 0
configure:6902: nm conftest.o \| /usr/bin/sed -n -e 's/^.*[ ]\([ABCDGIRSTW][ABCDGIRSTW]*\)[ ][ ]*_\([_A-Za-z][_A-Za-z0-9]*\)$/\1 _\2 \2/p' | /usr/bin/sed '/ __gnu_lto/d' \> conftest.nm
nm: conftest.o: file format not recognized
configure:6905: $? = 0
cannot run /usr/bin/sed -n -e 's/^.*[	 ]\([ABCDGIRSTW][ABCDGIRSTW]*\)[	 ][	 ]*_\([_A-Za-z][_A-Za-z0-9]*\)$/\1 _\2 \2/p' | /usr/bin/sed '/ __gnu_lto/d'
configure:7009: result: failed
configure:7059: checking for sysroot
configure:7090: result: no
configure:7097: checking for a working dd
configure:7141: result: /usr/bin/dd
configure:7145: checking how to truncate binary pipes
configure:7161: result: /usr/bin/dd bs=4096 count=1
configure:7453: checking for wasm32-wasi-mt
configure:7488: result: no
configure:7498: checking for mt
configure:7519: found /usr/bin/mt
configure:7530: result: mt
configure:7553: checking if mt is a manifest tool
configure:7560: mt '-?'
configure:7568: result: no
configure:8293: checking for stdio.h
configure:8293: /home/nathan/secure-exec/registry/native/c/vendor/wasi-sdk/bin/clang -c --target=wasm32-wasip1 --sysroot=/home/nathan/secure-exec/registry/native/c/sysroot -O2 -D_WASI_EMULATED_MMAN -D_WASI_EMULATED_PROCESS_CLOCKS -D_GNU_SOURCE -mllvm -wasm-enable-sjlj -Wno-error=implicit-function-declaration -Wno-error=int-conversion -Wno-int-conversion -I/home/nathan/secure-exec-wasmgui/experiments/wasm-gui/toolchain/compat-include -include /home/nathan/secure-exec-wasmgui/experiments/wasm-gui/toolchain/wasi-compat.h --target=wasm32-wasip1 --sysroot=/home/nathan/secure-exec/registry/native/c/sysroot -I/home/nathan/secure-exec-wasmgui/experiments/wasm-gui/third_party/wasm-prefix/include -I/home/nathan/secure-exec-wasmgui/experiments/wasm-gui/toolchain/compat-include -include /home/nathan/secure-exec-wasmgui/experiments/wasm-gui/toolchain/wasi-compat.h conftest.c >&5
configure:8293: $? = 0
configure:8293: result: yes
configure:8293: checking for stdlib.h
configure:8293: /home/nathan/secure-exec/registry/native/c/vendor/wasi-sdk/bin/clang -c --target=wasm32-wasip1 --sysroot=/home/nathan/secure-exec/registry/native/c/sysroot -O2 -D_WASI_EMULATED_MMAN -D_WASI_EMULATED_PROCESS_CLOCKS -D_GNU_SOURCE -mllvm -wasm-enable-sjlj -Wno-error=implicit-function-declaration -Wno-error=int-conversion -Wno-int-conversion -I/home/nathan/secure-exec-wasmgui/experiments/wasm-gui/toolchain/compat-include -include /home/nathan/secure-exec-wasmgui/experiments/wasm-gui/toolchain/wasi-compat.h --target=wasm32-wasip1 --sysroot=/home/nathan/secure-exec/registry/native/c/sysroot -I/home/nathan/secure-exec-wasmgui/experiments/wasm-gui/third_party/wasm-prefix/include -I/home/nathan/secure-exec-wasmgui/experiments/wasm-gui/toolchain/compat-include -include /home/nathan/secure-exec-wasmgui/experiments/wasm-gui/toolchain/wasi-compat.h conftest.c >&5
configure:8293: $? = 0
configure:8293: result: yes
configure:8293: checking for string.h
configure:8293: /home/nathan/secure-exec/registry/native/c/vendor/wasi-sdk/bin/clang -c --target=wasm32-wasip1 --sysroot=/home/nathan/secure-exec/registry/native/c/sysroot -O2 -D_WASI_EMULATED_MMAN -D_WASI_EMULATED_PROCESS_CLOCKS -D_GNU_SOURCE -mllvm -wasm-enable-sjlj -Wno-error=implicit-function-declaration -Wno-error=int-conversion -Wno-int-conversion -I/home/nathan/secure-exec-wasmgui/experiments/wasm-gui/toolchain/compat-include -include /home/nathan/secure-exec-wasmgui/experiments/wasm-gui/toolchain/wasi-compat.h --target=wasm32-wasip1 --sysroot=/home/nathan/secure-exec/registry/native/c/sysroot -I/home/nathan/secure-exec-wasmgui/experiments/wasm-gui/third_party/wasm-prefix/include -I/home/nathan/secure-exec-wasmgui/experiments/wasm-gui/toolchain/compat-include -include /home/nathan/secure-exec-wasmgui/experiments/wasm-gui/toolchain/wasi-compat.h conftest.c >&5
configure:8293: $? = 0
configure:8293: result: yes
configure:8293: checking for inttypes.h
configure:8293: /home/nathan/secure-exec/registry/native/c/vendor/wasi-sdk/bin/clang -c --target=wasm32-wasip1 --sysroot=/home/nathan/secure-exec/registry/native/c/sysroot -O2 -D_WASI_EMULATED_MMAN -D_WASI_EMULATED_PROCESS_CLOCKS -D_GNU_SOURCE -mllvm -wasm-enable-sjlj -Wno-error=implicit-function-declaration -Wno-error=int-conversion -Wno-int-conversion -I/home/nathan/secure-exec-wasmgui/experiments/wasm-gui/toolchain/compat-include -include /home/nathan/secure-exec-wasmgui/experiments/wasm-gui/toolchain/wasi-compat.h --target=wasm32-wasip1 --sysroot=/home/nathan/secure-exec/registry/native/c/sysroot -I/home/nathan/secure-exec-wasmgui/experiments/wasm-gui/third_party/wasm-prefix/include -I/home/nathan/secure-exec-wasmgui/experiments/wasm-gui/toolchain/compat-include -include /home/nathan/secure-exec-wasmgui/experiments/wasm-gui/toolchain/wasi-compat.h conftest.c >&5
configure:8293: $? = 0
configure:8293: result: yes
configure:8293: checking for stdint.h
configure:8293: /home/nathan/secure-exec/registry/native/c/vendor/wasi-sdk/bin/clang -c --target=wasm32-wasip1 --sysroot=/home/nathan/secure-exec/registry/native/c/sysroot -O2 -D_WASI_EMULATED_MMAN -D_WASI_EMULATED_PROCESS_CLOCKS -D_GNU_SOURCE -mllvm -wasm-enable-sjlj -Wno-error=implicit-function-declaration -Wno-error=int-conversion -Wno-int-conversion -I/home/nathan/secure-exec-wasmgui/experiments/wasm-gui/toolchain/compat-include -include /home/nathan/secure-exec-wasmgui/experiments/wasm-gui/toolchain/wasi-compat.h --target=wasm32-wasip1 --sysroot=/home/nathan/secure-exec/registry/native/c/sysroot -I/home/nathan/secure-exec-wasmgui/experiments/wasm-gui/third_party/wasm-prefix/include -I/home/nathan/secure-exec-wasmgui/experiments/wasm-gui/toolchain/compat-include -include /home/nathan/secure-exec-wasmgui/experiments/wasm-gui/toolchain/wasi-compat.h conftest.c >&5
configure:8293: $? = 0
configure:8293: result: yes
configure:8293: checking for strings.h
configure:8293: /home/nathan/secure-exec/registry/native/c/vendor/wasi-sdk/bin/clang -c --target=wasm32-wasip1 --sysroot=/home/nathan/secure-exec/registry/native/c/sysroot -O2 -D_WASI_EMULATED_MMAN -D_WASI_EMULATED_PROCESS_CLOCKS -D_GNU_SOURCE -mllvm -wasm-enable-sjlj -Wno-error=implicit-function-declaration -Wno-error=int-conversion -Wno-int-conversion -I/home/nathan/secure-exec-wasmgui/experiments/wasm-gui/toolchain/compat-include -include /home/nathan/secure-exec-wasmgui/experiments/wasm-gui/toolchain/wasi-compat.h --target=wasm32-wasip1 --sysroot=/home/nathan/secure-exec/registry/native/c/sysroot -I/home/nathan/secure-exec-wasmgui/experiments/wasm-gui/third_party/wasm-prefix/include -I/home/nathan/secure-exec-wasmgui/experiments/wasm-gui/toolchain/compat-include -include /home/nathan/secure-exec-wasmgui/experiments/wasm-gui/toolchain/wasi-compat.h conftest.c >&5
configure:8293: $? = 0
configure:8293: result: yes
configure:8293: checking for sys/stat.h
configure:8293: /home/nathan/secure-exec/registry/native/c/vendor/wasi-sdk/bin/clang -c --target=wasm32-wasip1 --sysroot=/home/nathan/secure-exec/registry/native/c/sysroot -O2 -D_WASI_EMULATED_MMAN -D_WASI_EMULATED_PROCESS_CLOCKS -D_GNU_SOURCE -mllvm -wasm-enable-sjlj -Wno-error=implicit-function-declaration -Wno-error=int-conversion -Wno-int-conversion -I/home/nathan/secure-exec-wasmgui/experiments/wasm-gui/toolchain/compat-include -include /home/nathan/secure-exec-wasmgui/experiments/wasm-gui/toolchain/wasi-compat.h --target=wasm32-wasip1 --sysroot=/home/nathan/secure-exec/registry/native/c/sysroot -I/home/nathan/secure-exec-wasmgui/experiments/wasm-gui/third_party/wasm-prefix/include -I/home/nathan/secure-exec-wasmgui/experiments/wasm-gui/toolchain/compat-include -include /home/nathan/secure-exec-wasmgui/experiments/wasm-gui/toolchain/wasi-compat.h conftest.c >&5
configure:8293: $? = 0
configure:8293: result: yes
configure:8293: checking for sys/types.h
configure:8293: /home/nathan/secure-exec/registry/native/c/vendor/wasi-sdk/bin/clang -c --target=wasm32-wasip1 --sysroot=/home/nathan/secure-exec/registry/native/c/sysroot -O2 -D_WASI_EMULATED_MMAN -D_WASI_EMULATED_PROCESS_CLOCKS -D_GNU_SOURCE -mllvm -wasm-enable-sjlj -Wno-error=implicit-function-declaration -Wno-error=int-conversion -Wno-int-conversion -I/home/nathan/secure-exec-wasmgui/experiments/wasm-gui/toolchain/compat-include -include /home/nathan/secure-exec-wasmgui/experiments/wasm-gui/toolchain/wasi-compat.h --target=wasm32-wasip1 --sysroot=/home/nathan/secure-exec/registry/native/c/sysroot -I/home/nathan/secure-exec-wasmgui/experiments/wasm-gui/third_party/wasm-prefix/include -I/home/nathan/secure-exec-wasmgui/experiments/wasm-gui/toolchain/compat-include -include /home/nathan/secure-exec-wasmgui/experiments/wasm-gui/toolchain/wasi-compat.h conftest.c >&5
configure:8293: $? = 0
configure:8293: result: yes
configure:8293: checking for unistd.h
configure:8293: /home/nathan/secure-exec/registry/native/c/vendor/wasi-sdk/bin/clang -c --target=wasm32-wasip1 --sysroot=/home/nathan/secure-exec/registry/native/c/sysroot -O2 -D_WASI_EMULATED_MMAN -D_WASI_EMULATED_PROCESS_CLOCKS -D_GNU_SOURCE -mllvm -wasm-enable-sjlj -Wno-error=implicit-function-declaration -Wno-error=int-conversion -Wno-int-conversion -I/home/nathan/secure-exec-wasmgui/experiments/wasm-gui/toolchain/compat-include -include /home/nathan/secure-exec-wasmgui/experiments/wasm-gui/toolchain/wasi-compat.h --target=wasm32-wasip1 --sysroot=/home/nathan/secure-exec/registry/native/c/sysroot -I/home/nathan/secure-exec-wasmgui/experiments/wasm-gui/third_party/wasm-prefix/include -I/home/nathan/secure-exec-wasmgui/experiments/wasm-gui/toolchain/compat-include -include /home/nathan/secure-exec-wasmgui/experiments/wasm-gui/toolchain/wasi-compat.h conftest.c >&5
configure:8293: $? = 0
configure:8293: result: yes
configure:8318: checking for dlfcn.h
configure:8318: /home/nathan/secure-exec/registry/native/c/vendor/wasi-sdk/bin/clang -c --target=wasm32-wasip1 --sysroot=/home/nathan/secure-exec/registry/native/c/sysroot -O2 -D_WASI_EMULATED_MMAN -D_WASI_EMULATED_PROCESS_CLOCKS -D_GNU_SOURCE -mllvm -wasm-enable-sjlj -Wno-error=implicit-function-declaration -Wno-error=int-conversion -Wno-int-conversion -I/home/nathan/secure-exec-wasmgui/experiments/wasm-gui/toolchain/compat-include -include /home/nathan/secure-exec-wasmgui/experiments/wasm-gui/toolchain/wasi-compat.h --target=wasm32-wasip1 --sysroot=/home/nathan/secure-exec/registry/native/c/sysroot -I/home/nathan/secure-exec-wasmgui/experiments/wasm-gui/third_party/wasm-prefix/include -I/home/nathan/secure-exec-wasmgui/experiments/wasm-gui/toolchain/compat-include -include /home/nathan/secure-exec-wasmgui/experiments/wasm-gui/toolchain/wasi-compat.h conftest.c >&5
configure:8318: $? = 0
configure:8318: result: yes
configure:8577: checking for objdir
configure:8593: result: .libs
configure:8857: checking if /home/nathan/secure-exec/registry/native/c/vendor/wasi-sdk/bin/clang supports -fno-rtti -fno-exceptions
configure:8876: /home/nathan/secure-exec/registry/native/c/vendor/wasi-sdk/bin/clang -c --target=wasm32-wasip1 --sysroot=/home/nathan/secure-exec/registry/native/c/sysroot -O2 -D_WASI_EMULATED_MMAN -D_WASI_EMULATED_PROCESS_CLOCKS -D_GNU_SOURCE -mllvm -wasm-enable-sjlj -Wno-error=implicit-function-declaration -Wno-error=int-conversion -Wno-int-conversion -I/home/nathan/secure-exec-wasmgui/experiments/wasm-gui/toolchain/compat-include -include /home/nathan/secure-exec-wasmgui/experiments/wasm-gui/toolchain/wasi-compat.h --target=wasm32-wasip1 --sysroot=/home/nathan/secure-exec/registry/native/c/sysroot -I/home/nathan/secure-exec-wasmgui/experiments/wasm-gui/third_party/wasm-prefix/include -I/home/nathan/secure-exec-wasmgui/experiments/wasm-gui/toolchain/compat-include -include /home/nathan/secure-exec-wasmgui/experiments/wasm-gui/toolchain/wasi-compat.h -fno-rtti -fno-exceptions conftest.c >&5
configure:8880: $? = 0
configure:8893: result: yes
configure:9251: checking for /home/nathan/secure-exec/registry/native/c/vendor/wasi-sdk/bin/clang option to produce PIC
configure:9259: result: -fPIC -DPIC
configure:9267: checking if /home/nathan/secure-exec/registry/native/c/vendor/wasi-sdk/bin/clang PIC flag -fPIC -DPIC works
configure:9286: /home/nathan/secure-exec/registry/native/c/vendor/wasi-sdk/bin/clang -c --target=wasm32-wasip1 --sysroot=/home/nathan/secure-exec/registry/native/c/sysroot -O2 -D_WASI_EMULATED_MMAN -D_WASI_EMULATED_PROCESS_CLOCKS -D_GNU_SOURCE -mllvm -wasm-enable-sjlj -Wno-error=implicit-function-declaration -Wno-error=int-conversion -Wno-int-conversion -I/home/nathan/secure-exec-wasmgui/experiments/wasm-gui/toolchain/compat-include -include /home/nathan/secure-exec-wasmgui/experiments/wasm-gui/toolchain/wasi-compat.h --target=wasm32-wasip1 --sysroot=/home/nathan/secure-exec/registry/native/c/sysroot -I/home/nathan/secure-exec-wasmgui/experiments/wasm-gui/third_party/wasm-prefix/include -I/home/nathan/secure-exec-wasmgui/experiments/wasm-gui/toolchain/compat-include -include /home/nathan/secure-exec-wasmgui/experiments/wasm-gui/toolchain/wasi-compat.h -fPIC -DPIC -DPIC conftest.c >&5
configure:9290: $? = 0
configure:9303: result: yes
configure:9332: checking if /home/nathan/secure-exec/registry/native/c/vendor/wasi-sdk/bin/clang static flag -static works
configure:9361: result: yes
configure:9376: checking if /home/nathan/secure-exec/registry/native/c/vendor/wasi-sdk/bin/clang supports -c -o file.o
configure:9398: /home/nathan/secure-exec/registry/native/c/vendor/wasi-sdk/bin/clang -c --target=wasm32-wasip1 --sysroot=/home/nathan/secure-exec/registry/native/c/sysroot -O2 -D_WASI_EMULATED_MMAN -D_WASI_EMULATED_PROCESS_CLOCKS -D_GNU_SOURCE -mllvm -wasm-enable-sjlj -Wno-error=implicit-function-declaration -Wno-error=int-conversion -Wno-int-conversion -I/home/nathan/secure-exec-wasmgui/experiments/wasm-gui/toolchain/compat-include -include /home/nathan/secure-exec-wasmgui/experiments/wasm-gui/toolchain/wasi-compat.h --target=wasm32-wasip1 --sysroot=/home/nathan/secure-exec/registry/native/c/sysroot -I/home/nathan/secure-exec-wasmgui/experiments/wasm-gui/third_party/wasm-prefix/include -I/home/nathan/secure-exec-wasmgui/experiments/wasm-gui/toolchain/compat-include -include /home/nathan/secure-exec-wasmgui/experiments/wasm-gui/toolchain/wasi-compat.h -o out/conftest2.o conftest.c >&5
configure:9402: $? = 0
configure:9424: result: yes
configure:9432: checking if /home/nathan/secure-exec/registry/native/c/vendor/wasi-sdk/bin/clang supports -c -o file.o
configure:9480: result: yes
configure:9513: checking whether the /home/nathan/secure-exec/registry/native/c/vendor/wasi-sdk/bin/clang linker (/home/linuxbrew/.linuxbrew/bin/ld) supports shared libraries
configure:10781: result: yes
configure:11022: checking dynamic linker characteristics
configure:11856: result: no
configure:11978: checking how to hardcode library paths into programs
configure:12003: result: immediate
configure:12585: checking whether stripping libraries is possible
configure:12594: result: yes
configure:12636: checking if libtool supports shared libraries
configure:12638: result: no
configure:12641: checking whether to build shared libraries
configure:12666: result: no
configure:12669: checking whether to build static libraries
configure:12673: result: yes
configure:12723: checking for /home/nathan/secure-exec/registry/native/c/vendor/wasi-sdk/bin/clang options needed to detect all undeclared functions
configure:12745: /home/nathan/secure-exec/registry/native/c/vendor/wasi-sdk/bin/clang -c --target=wasm32-wasip1 --sysroot=/home/nathan/secure-exec/registry/native/c/sysroot -O2 -D_WASI_EMULATED_MMAN -D_WASI_EMULATED_PROCESS_CLOCKS -D_GNU_SOURCE -mllvm -wasm-enable-sjlj -Wno-error=implicit-function-declaration -Wno-error=int-conversion -Wno-int-conversion -I/home/nathan/secure-exec-wasmgui/experiments/wasm-gui/toolchain/compat-include -include /home/nathan/secure-exec-wasmgui/experiments/wasm-gui/toolchain/wasi-compat.h  --target=wasm32-wasip1 --sysroot=/home/nathan/secure-exec/registry/native/c/sysroot -I/home/nathan/secure-exec-wasmgui/experiments/wasm-gui/third_party/wasm-prefix/include -I/home/nathan/secure-exec-wasmgui/experiments/wasm-gui/toolchain/compat-include -include /home/nathan/secure-exec-wasmgui/experiments/wasm-gui/toolchain/wasi-compat.h conftest.c >&5
conftest.c:27:8: warning: call to undeclared library function 'strchr' with type 'char *(const char *, int)'; ISO C99 and later do not support implicit function declarations [-Wimplicit-function-declaration]
   27 | (void) strchr;
      |        ^
conftest.c:27:8: note: include the header <string.h> or explicitly provide a declaration for 'strchr'
1 warning generated.
configure:12745: $? = 0
configure:12745: /home/nathan/secure-exec/registry/native/c/vendor/wasi-sdk/bin/clang -c --target=wasm32-wasip1 --sysroot=/home/nathan/secure-exec/registry/native/c/sysroot -O2 -D_WASI_EMULATED_MMAN -D_WASI_EMULATED_PROCESS_CLOCKS -D_GNU_SOURCE -mllvm -wasm-enable-sjlj -Wno-error=implicit-function-declaration -Wno-error=int-conversion -Wno-int-conversion -I/home/nathan/secure-exec-wasmgui/experiments/wasm-gui/toolchain/compat-include -include /home/nathan/secure-exec-wasmgui/experiments/wasm-gui/toolchain/wasi-compat.h -fno-builtin --target=wasm32-wasip1 --sysroot=/home/nathan/secure-exec/registry/native/c/sysroot -I/home/nathan/secure-exec-wasmgui/experiments/wasm-gui/third_party/wasm-prefix/include -I/home/nathan/secure-exec-wasmgui/experiments/wasm-gui/toolchain/compat-include -include /home/nathan/secure-exec-wasmgui/experiments/wasm-gui/toolchain/wasi-compat.h conftest.c >&5
conftest.c:27:8: error: use of undeclared identifier 'strchr'
   27 | (void) strchr;
      |        ^
1 error generated.
configure:12745: $? = 1
configure: failed program was:
| /* confdefs.h */
| #define PACKAGE_NAME "libXft"
| #define PACKAGE_TARNAME "libXft"
| #define PACKAGE_VERSION "2.3.8"
| #define PACKAGE_STRING "libXft 2.3.8"
| #define PACKAGE_BUGREPORT "https://gitlab.freedesktop.org/xorg/lib/libXft/issues"
| #define PACKAGE_URL ""
| #define PACKAGE "libXft"
| #define VERSION "2.3.8"
| #define HAVE_STDIO_H 1
| #define HAVE_STDLIB_H 1
| #define HAVE_STRING_H 1
| #define HAVE_INTTYPES_H 1
| #define HAVE_STDINT_H 1
| #define HAVE_STRINGS_H 1
| #define HAVE_SYS_STAT_H 1
| #define HAVE_SYS_TYPES_H 1
| #define HAVE_UNISTD_H 1
| #define STDC_HEADERS 1
| #define HAVE_DLFCN_H 1
| #define LT_OBJDIR ".libs/"
| /* end confdefs.h.  */
| 
| int
| main (void)
| {
| (void) strchr;
|   ;
|   return 0;
| }
configure:12772: /home/nathan/secure-exec/registry/native/c/vendor/wasi-sdk/bin/clang -c --target=wasm32-wasip1 --sysroot=/home/nathan/secure-exec/registry/native/c/sysroot -O2 -D_WASI_EMULATED_MMAN -D_WASI_EMULATED_PROCESS_CLOCKS -D_GNU_SOURCE -mllvm -wasm-enable-sjlj -Wno-error=implicit-function-declaration -Wno-error=int-conversion -Wno-int-conversion -I/home/nathan/secure-exec-wasmgui/experiments/wasm-gui/toolchain/compat-include -include /home/nathan/secure-exec-wasmgui/experiments/wasm-gui/toolchain/wasi-compat.h -fno-builtin --target=wasm32-wasip1 --sysroot=/home/nathan/secure-exec/registry/native/c/sysroot -I/home/nathan/secure-exec-wasmgui/experiments/wasm-gui/third_party/wasm-prefix/include -I/home/nathan/secure-exec-wasmgui/experiments/wasm-gui/toolchain/compat-include -include /home/nathan/secure-exec-wasmgui/experiments/wasm-gui/toolchain/wasi-compat.h conftest.c >&5
configure:12772: $? = 0
configure:12789: result: -fno-builtin
configure:12807: checking whether __clang__ is declared
configure:12807: /home/nathan/secure-exec/registry/native/c/vendor/wasi-sdk/bin/clang -c --target=wasm32-wasip1 --sysroot=/home/nathan/secure-exec/registry/native/c/sysroot -O2 -D_WASI_EMULATED_MMAN -D_WASI_EMULATED_PROCESS_CLOCKS -D_GNU_SOURCE -mllvm -wasm-enable-sjlj -Wno-error=implicit-function-declaration -Wno-error=int-conversion -Wno-int-conversion -I/home/nathan/secure-exec-wasmgui/experiments/wasm-gui/toolchain/compat-include -include /home/nathan/secure-exec-wasmgui/experiments/wasm-gui/toolchain/wasi-compat.h -fno-builtin --target=wasm32-wasip1 --sysroot=/home/nathan/secure-exec/registry/native/c/sysroot -I/home/nathan/secure-exec-wasmgui/experiments/wasm-gui/third_party/wasm-prefix/include -I/home/nathan/secure-exec-wasmgui/experiments/wasm-gui/toolchain/compat-include -include /home/nathan/secure-exec-wasmgui/experiments/wasm-gui/toolchain/wasi-compat.h conftest.c >&5
configure:12807: $? = 0
configure:12807: result: yes
configure:12814: checking whether __INTEL_COMPILER is declared
configure:12814: /home/nathan/secure-exec/registry/native/c/vendor/wasi-sdk/bin/clang -c --target=wasm32-wasip1 --sysroot=/home/nathan/secure-exec/registry/native/c/sysroot -O2 -D_WASI_EMULATED_MMAN -D_WASI_EMULATED_PROCESS_CLOCKS -D_GNU_SOURCE -mllvm -wasm-enable-sjlj -Wno-error=implicit-function-declaration -Wno-error=int-conversion -Wno-int-conversion -I/home/nathan/secure-exec-wasmgui/experiments/wasm-gui/toolchain/compat-include -include /home/nathan/secure-exec-wasmgui/experiments/wasm-gui/toolchain/wasi-compat.h -fno-builtin --target=wasm32-wasip1 --sysroot=/home/nathan/secure-exec/registry/native/c/sysroot -I/home/nathan/secure-exec-wasmgui/experiments/wasm-gui/third_party/wasm-prefix/include -I/home/nathan/secure-exec-wasmgui/experiments/wasm-gui/toolchain/compat-include -include /home/nathan/secure-exec-wasmgui/experiments/wasm-gui/toolchain/wasi-compat.h conftest.c >&5
conftest.c:58:10: error: use of undeclared identifier '__INTEL_COMPILER'
   58 |   (void) __INTEL_COMPILER;
      |          ^
1 error generated.
configure:12814: $? = 1
configure: failed program was:
| /* confdefs.h */
| #define PACKAGE_NAME "libXft"
| #define PACKAGE_TARNAME "libXft"
| #define PACKAGE_VERSION "2.3.8"
| #define PACKAGE_STRING "libXft 2.3.8"
| #define PACKAGE_BUGREPORT "https://gitlab.freedesktop.org/xorg/lib/libXft/issues"
| #define PACKAGE_URL ""
| #define PACKAGE "libXft"
| #define VERSION "2.3.8"
| #define HAVE_STDIO_H 1
| #define HAVE_STDLIB_H 1
| #define HAVE_STRING_H 1
| #define HAVE_INTTYPES_H 1
| #define HAVE_STDINT_H 1
| #define HAVE_STRINGS_H 1
| #define HAVE_SYS_STAT_H 1
| #define HAVE_SYS_TYPES_H 1
| #define HAVE_UNISTD_H 1
| #define STDC_HEADERS 1
| #define HAVE_DLFCN_H 1
| #define LT_OBJDIR ".libs/"
| /* end confdefs.h.  */
| #include <stddef.h>
| #ifdef HAVE_STDIO_H
| # include <stdio.h>
| #endif
| #ifdef HAVE_STDLIB_H
| # include <stdlib.h>
| #endif
| #ifdef HAVE_STRING_H
| # include <string.h>
| #endif
| #ifdef HAVE_INTTYPES_H
| # include <inttypes.h>
| #endif
| #ifdef HAVE_STDINT_H
| # include <stdint.h>
| #endif
| #ifdef HAVE_STRINGS_H
| # include <strings.h>
| #endif
| #ifdef HAVE_SYS_TYPES_H
| # include <sys/types.h>
| #endif
| #ifdef HAVE_SYS_STAT_H
| # include <sys/stat.h>
| #endif
| #ifdef HAVE_UNISTD_H
| # include <unistd.h>
| #endif
| int
| main (void)
| {
| #ifndef __INTEL_COMPILER
| #ifdef __cplusplus
|   (void) __INTEL_COMPILER;
| #else
|   (void) __INTEL_COMPILER;
| #endif
| #endif
| 
|   ;
|   return 0;
| }
configure:12814: result: no
configure:12821: checking whether __SUNPRO_C is declared
configure:12821: /home/nathan/secure-exec/registry/native/c/vendor/wasi-sdk/bin/clang -c --target=wasm32-wasip1 --sysroot=/home/nathan/secure-exec/registry/native/c/sysroot -O2 -D_WASI_EMULATED_MMAN -D_WASI_EMULATED_PROCESS_CLOCKS -D_GNU_SOURCE -mllvm -wasm-enable-sjlj -Wno-error=implicit-function-declaration -Wno-error=int-conversion -Wno-int-conversion -I/home/nathan/secure-exec-wasmgui/experiments/wasm-gui/toolchain/compat-include -include /home/nathan/secure-exec-wasmgui/experiments/wasm-gui/toolchain/wasi-compat.h -fno-builtin --target=wasm32-wasip1 --sysroot=/home/nathan/secure-exec/registry/native/c/sysroot -I/home/nathan/secure-exec-wasmgui/experiments/wasm-gui/third_party/wasm-prefix/include -I/home/nathan/secure-exec-wasmgui/experiments/wasm-gui/toolchain/compat-include -include /home/nathan/secure-exec-wasmgui/experiments/wasm-gui/toolchain/wasi-compat.h conftest.c >&5
conftest.c:58:10: error: use of undeclared identifier '__SUNPRO_C'
   58 |   (void) __SUNPRO_C;
      |          ^
1 error generated.
configure:12821: $? = 1
configure: failed program was:
| /* confdefs.h */
| #define PACKAGE_NAME "libXft"
| #define PACKAGE_TARNAME "libXft"
| #define PACKAGE_VERSION "2.3.8"
| #define PACKAGE_STRING "libXft 2.3.8"
| #define PACKAGE_BUGREPORT "https://gitlab.freedesktop.org/xorg/lib/libXft/issues"
| #define PACKAGE_URL ""
| #define PACKAGE "libXft"
| #define VERSION "2.3.8"
| #define HAVE_STDIO_H 1
| #define HAVE_STDLIB_H 1
| #define HAVE_STRING_H 1
| #define HAVE_INTTYPES_H 1
| #define HAVE_STDINT_H 1
| #define HAVE_STRINGS_H 1
| #define HAVE_SYS_STAT_H 1
| #define HAVE_SYS_TYPES_H 1
| #define HAVE_UNISTD_H 1
| #define STDC_HEADERS 1
| #define HAVE_DLFCN_H 1
| #define LT_OBJDIR ".libs/"
| /* end confdefs.h.  */
| #include <stddef.h>
| #ifdef HAVE_STDIO_H
| # include <stdio.h>
| #endif
| #ifdef HAVE_STDLIB_H
| # include <stdlib.h>
| #endif
| #ifdef HAVE_STRING_H
| # include <string.h>
| #endif
| #ifdef HAVE_INTTYPES_H
| # include <inttypes.h>
| #endif
| #ifdef HAVE_STDINT_H
| # include <stdint.h>
| #endif
| #ifdef HAVE_STRINGS_H
| # include <strings.h>
| #endif
| #ifdef HAVE_SYS_TYPES_H
| # include <sys/types.h>
| #endif
| #ifdef HAVE_SYS_STAT_H
| # include <sys/stat.h>
| #endif
| #ifdef HAVE_UNISTD_H
| # include <unistd.h>
| #endif
| int
| main (void)
| {
| #ifndef __SUNPRO_C
| #ifdef __cplusplus
|   (void) __SUNPRO_C;
| #else
|   (void) __SUNPRO_C;
| #endif
| #endif
| 
|   ;
|   return 0;
| }
configure:12821: result: no
configure:12840: checking for wasm32-wasi-pkg-config
configure:12878: result: no
configure:12888: checking for pkg-config
configure:12911: found /usr/bin/pkg-config
configure:12923: result: /usr/bin/pkg-config
configure:12948: checking pkg-config is at least version 0.9.0
configure:12951: result: yes
configure:13001: checking if /home/nathan/secure-exec/registry/native/c/vendor/wasi-sdk/bin/clang supports -Werror=unknown-warning-option
configure:13011: /home/nathan/secure-exec/registry/native/c/vendor/wasi-sdk/bin/clang -c --target=wasm32-wasip1 --sysroot=/home/nathan/secure-exec/registry/native/c/sysroot -O2 -D_WASI_EMULATED_MMAN -D_WASI_EMULATED_PROCESS_CLOCKS -D_GNU_SOURCE -mllvm -wasm-enable-sjlj -Wno-error=implicit-function-declaration -Wno-error=int-conversion -Wno-int-conversion -I/home/nathan/secure-exec-wasmgui/experiments/wasm-gui/toolchain/compat-include -include /home/nathan/secure-exec-wasmgui/experiments/wasm-gui/toolchain/wasi-compat.h -Werror=unknown-warning-option --target=wasm32-wasip1 --sysroot=/home/nathan/secure-exec/registry/native/c/sysroot -I/home/nathan/secure-exec-wasmgui/experiments/wasm-gui/third_party/wasm-prefix/include -I/home/nathan/secure-exec-wasmgui/experiments/wasm-gui/toolchain/compat-include -include /home/nathan/secure-exec-wasmgui/experiments/wasm-gui/toolchain/wasi-compat.h conftest.c >&5
configure:13011: $? = 0
configure:13019: result: yes
configure:13030: checking if /home/nathan/secure-exec/registry/native/c/vendor/wasi-sdk/bin/clang supports -Werror=unused-command-line-argument
configure:13040: /home/nathan/secure-exec/registry/native/c/vendor/wasi-sdk/bin/clang -c --target=wasm32-wasip1 --sysroot=/home/nathan/secure-exec/registry/native/c/sysroot -O2 -D_WASI_EMULATED_MMAN -D_WASI_EMULATED_PROCESS_CLOCKS -D_GNU_SOURCE -mllvm -wasm-enable-sjlj -Wno-error=implicit-function-declaration -Wno-error=int-conversion -Wno-int-conversion -I/home/nathan/secure-exec-wasmgui/experiments/wasm-gui/toolchain/compat-include -include /home/nathan/secure-exec-wasmgui/experiments/wasm-gui/toolchain/wasi-compat.h -Werror=unknown-warning-option -Werror=unused-command-line-argument --target=wasm32-wasip1 --sysroot=/home/nathan/secure-exec/registry/native/c/sysroot -I/home/nathan/secure-exec-wasmgui/experiments/wasm-gui/third_party/wasm-prefix/include -I/home/nathan/secure-exec-wasmgui/experiments/wasm-gui/toolchain/compat-include -include /home/nathan/secure-exec-wasmgui/experiments/wasm-gui/toolchain/wasi-compat.h conftest.c >&5
configure:13040: $? = 0
configure:13048: result: yes
configure:13067: checking if /home/nathan/secure-exec/registry/native/c/vendor/wasi-sdk/bin/clang supports -Wall
configure:13085: /home/nathan/secure-exec/registry/native/c/vendor/wasi-sdk/bin/clang -o conftest --target=wasm32-wasip1 --sysroot=/home/nathan/secure-exec/registry/native/c/sysroot -O2 -D_WASI_EMULATED_MMAN -D_WASI_EMULATED_PROCESS_CLOCKS -D_GNU_SOURCE -mllvm -wasm-enable-sjlj -Wno-error=implicit-function-declaration -Wno-error=int-conversion -Wno-int-conversion -I/home/nathan/secure-exec-wasmgui/experiments/wasm-gui/toolchain/compat-include -include /home/nathan/secure-exec-wasmgui/experiments/wasm-gui/toolchain/wasi-compat.h -Werror=unknown-warning-option -Werror=unused-command-line-argument -Wall --target=wasm32-wasip1 --sysroot=/home/nathan/secure-exec/registry/native/c/sysroot -I/home/nathan/secure-exec-wasmgui/experiments/wasm-gui/third_party/wasm-prefix/include -I/home/nathan/secure-exec-wasmgui/experiments/wasm-gui/toolchain/compat-include -include /home/nathan/secure-exec-wasmgui/experiments/wasm-gui/toolchain/wasi-compat.h --target=wasm32-wasip1 --sysroot=/home/nathan/secure-exec/registry/native/c/sysroot -L/home/nathan/secure-exec-wasmgui/experiments/wasm-gui/third_party/wasm-prefix/lib -L/home/nathan/secure-exec/registry/native/c/vendor/wasi-sdk/share/wasi-sysroot/lib/wasm32-wasip1 -lwasi-emulated-mman -lwasi-emulated-process-clocks conftest.c  >&5
configure:13085: $? = 0
configure:13099: result: yes
configure:13191: checking if /home/nathan/secure-exec/registry/native/c/vendor/wasi-sdk/bin/clang supports -Wpointer-arith
configure:13209: /home/nathan/secure-exec/registry/native/c/vendor/wasi-sdk/bin/clang -o conftest --target=wasm32-wasip1 --sysroot=/home/nathan/secure-exec/registry/native/c/sysroot -O2 -D_WASI_EMULATED_MMAN -D_WASI_EMULATED_PROCESS_CLOCKS -D_GNU_SOURCE -mllvm -wasm-enable-sjlj -Wno-error=implicit-function-declaration -Wno-error=int-conversion -Wno-int-conversion -I/home/nathan/secure-exec-wasmgui/experiments/wasm-gui/toolchain/compat-include -include /home/nathan/secure-exec-wasmgui/experiments/wasm-gui/toolchain/wasi-compat.h -Werror=unknown-warning-option -Werror=unused-command-line-argument -Wpointer-arith --target=wasm32-wasip1 --sysroot=/home/nathan/secure-exec/registry/native/c/sysroot -I/home/nathan/secure-exec-wasmgui/experiments/wasm-gui/third_party/wasm-prefix/include -I/home/nathan/secure-exec-wasmgui/experiments/wasm-gui/toolchain/compat-include -include /home/nathan/secure-exec-wasmgui/experiments/wasm-gui/toolchain/wasi-compat.h --target=wasm32-wasip1 --sysroot=/home/nathan/secure-exec/registry/native/c/sysroot -L/home/nathan/secure-exec-wasmgui/experiments/wasm-gui/third_party/wasm-prefix/lib -L/home/nathan/secure-exec/registry/native/c/vendor/wasi-sdk/share/wasi-sysroot/lib/wasm32-wasip1 -lwasi-emulated-mman -lwasi-emulated-process-clocks conftest.c  >&5
configure:13209: $? = 0
configure:13223: result: yes
configure:13315: checking if /home/nathan/secure-exec/registry/native/c/vendor/wasi-sdk/bin/clang supports -Wmissing-declarations
configure:13333: /home/nathan/secure-exec/registry/native/c/vendor/wasi-sdk/bin/clang -o conftest --target=wasm32-wasip1 --sysroot=/home/nathan/secure-exec/registry/native/c/sysroot -O2 -D_WASI_EMULATED_MMAN -D_WASI_EMULATED_PROCESS_CLOCKS -D_GNU_SOURCE -mllvm -wasm-enable-sjlj -Wno-error=implicit-function-declaration -Wno-error=int-conversion -Wno-int-conversion -I/home/nathan/secure-exec-wasmgui/experiments/wasm-gui/toolchain/compat-include -include /home/nathan/secure-exec-wasmgui/experiments/wasm-gui/toolchain/wasi-compat.h -Werror=unknown-warning-option -Werror=unused-command-line-argument -Wmissing-declarations --target=wasm32-wasip1 --sysroot=/home/nathan/secure-exec/registry/native/c/sysroot -I/home/nathan/secure-exec-wasmgui/experiments/wasm-gui/third_party/wasm-prefix/include -I/home/nathan/secure-exec-wasmgui/experiments/wasm-gui/toolchain/compat-include -include /home/nathan/secure-exec-wasmgui/experiments/wasm-gui/toolchain/wasi-compat.h --target=wasm32-wasip1 --sysroot=/home/nathan/secure-exec/registry/native/c/sysroot -L/home/nathan/secure-exec-wasmgui/experiments/wasm-gui/third_party/wasm-prefix/lib -L/home/nathan/secure-exec/registry/native/c/vendor/wasi-sdk/share/wasi-sysroot/lib/wasm32-wasip1 -lwasi-emulated-mman -lwasi-emulated-process-clocks conftest.c  >&5
configure:13333: $? = 0
configure:13347: result: yes
configure:13439: checking if /home/nathan/secure-exec/registry/native/c/vendor/wasi-sdk/bin/clang supports -Wformat=2
configure:13457: /home/nathan/secure-exec/registry/native/c/vendor/wasi-sdk/bin/clang -o conftest --target=wasm32-wasip1 --sysroot=/home/nathan/secure-exec/registry/native/c/sysroot -O2 -D_WASI_EMULATED_MMAN -D_WASI_EMULATED_PROCESS_CLOCKS -D_GNU_SOURCE -mllvm -wasm-enable-sjlj -Wno-error=implicit-function-declaration -Wno-error=int-conversion -Wno-int-conversion -I/home/nathan/secure-exec-wasmgui/experiments/wasm-gui/toolchain/compat-include -include /home/nathan/secure-exec-wasmgui/experiments/wasm-gui/toolchain/wasi-compat.h -Werror=unknown-warning-option -Werror=unused-command-line-argument -Wformat=2 --target=wasm32-wasip1 --sysroot=/home/nathan/secure-exec/registry/native/c/sysroot -I/home/nathan/secure-exec-wasmgui/experiments/wasm-gui/third_party/wasm-prefix/include -I/home/nathan/secure-exec-wasmgui/experiments/wasm-gui/toolchain/compat-include -include /home/nathan/secure-exec-wasmgui/experiments/wasm-gui/toolchain/wasi-compat.h --target=wasm32-wasip1 --sysroot=/home/nathan/secure-exec/registry/native/c/sysroot -L/home/nathan/secure-exec-wasmgui/experiments/wasm-gui/third_party/wasm-prefix/lib -L/home/nathan/secure-exec/registry/native/c/vendor/wasi-sdk/share/wasi-sysroot/lib/wasm32-wasip1 -lwasi-emulated-mman -lwasi-emulated-process-clocks conftest.c  >&5
configure:13457: $? = 0
configure:13471: result: yes
configure:13616: checking if /home/nathan/secure-exec/registry/native/c/vendor/wasi-sdk/bin/clang supports -Wstrict-prototypes
configure:13634: /home/nathan/secure-exec/registry/native/c/vendor/wasi-sdk/bin/clang -o conftest --target=wasm32-wasip1 --sysroot=/home/nathan/secure-exec/registry/native/c/sysroot -O2 -D_WASI_EMULATED_MMAN -D_WASI_EMULATED_PROCESS_CLOCKS -D_GNU_SOURCE -mllvm -wasm-enable-sjlj -Wno-error=implicit-function-declaration -Wno-error=int-conversion -Wno-int-conversion -I/home/nathan/secure-exec-wasmgui/experiments/wasm-gui/toolchain/compat-include -include /home/nathan/secure-exec-wasmgui/experiments/wasm-gui/toolchain/wasi-compat.h -Werror=unknown-warning-option -Werror=unused-command-line-argument -Wstrict-prototypes --target=wasm32-wasip1 --sysroot=/home/nathan/secure-exec/registry/native/c/sysroot -I/home/nathan/secure-exec-wasmgui/experiments/wasm-gui/third_party/wasm-prefix/include -I/home/nathan/secure-exec-wasmgui/experiments/wasm-gui/toolchain/compat-include -include /home/nathan/secure-exec-wasmgui/experiments/wasm-gui/toolchain/wasi-compat.h --target=wasm32-wasip1 --sysroot=/home/nathan/secure-exec/registry/native/c/sysroot -L/home/nathan/secure-exec-wasmgui/experiments/wasm-gui/third_party/wasm-prefix/lib -L/home/nathan/secure-exec/registry/native/c/vendor/wasi-sdk/share/wasi-sysroot/lib/wasm32-wasip1 -lwasi-emulated-mman -lwasi-emulated-process-clocks conftest.c  >&5
configure:13634: $? = 0
configure:13648: result: yes
configure:13740: checking if /home/nathan/secure-exec/registry/native/c/vendor/wasi-sdk/bin/clang supports -Wmissing-prototypes
configure:13758: /home/nathan/secure-exec/registry/native/c/vendor/wasi-sdk/bin/clang -o conftest --target=wasm32-wasip1 --sysroot=/home/nathan/secure-exec/registry/native/c/sysroot -O2 -D_WASI_EMULATED_MMAN -D_WASI_EMULATED_PROCESS_CLOCKS -D_GNU_SOURCE -mllvm -wasm-enable-sjlj -Wno-error=implicit-function-declaration -Wno-error=int-conversion -Wno-int-conversion -I/home/nathan/secure-exec-wasmgui/experiments/wasm-gui/toolchain/compat-include -include /home/nathan/secure-exec-wasmgui/experiments/wasm-gui/toolchain/wasi-compat.h -Werror=unknown-warning-option -Werror=unused-command-line-argument -Wmissing-prototypes --target=wasm32-wasip1 --sysroot=/home/nathan/secure-exec/registry/native/c/sysroot -I/home/nathan/secure-exec-wasmgui/experiments/wasm-gui/third_party/wasm-prefix/include -I/home/nathan/secure-exec-wasmgui/experiments/wasm-gui/toolchain/compat-include -include /home/nathan/secure-exec-wasmgui/experiments/wasm-gui/toolchain/wasi-compat.h --target=wasm32-wasip1 --sysroot=/home/nathan/secure-exec/registry/native/c/sysroot -L/home/nathan/secure-exec-wasmgui/experiments/wasm-gui/third_party/wasm-prefix/lib -L/home/nathan/secure-exec/registry/native/c/vendor/wasi-sdk/share/wasi-sysroot/lib/wasm32-wasip1 -lwasi-emulated-mman -lwasi-emulated-process-clocks conftest.c  >&5
configure:13758: $? = 0
configure:13772: result: yes
configure:13864: checking if /home/nathan/secure-exec/registry/native/c/vendor/wasi-sdk/bin/clang supports -Wnested-externs
configure:13882: /home/nathan/secure-exec/registry/native/c/vendor/wasi-sdk/bin/clang -o conftest --target=wasm32-wasip1 --sysroot=/home/nathan/secure-exec/registry/native/c/sysroot -O2 -D_WASI_EMULATED_MMAN -D_WASI_EMULATED_PROCESS_CLOCKS -D_GNU_SOURCE -mllvm -wasm-enable-sjlj -Wno-error=implicit-function-declaration -Wno-error=int-conversion -Wno-int-conversion -I/home/nathan/secure-exec-wasmgui/experiments/wasm-gui/toolchain/compat-include -include /home/nathan/secure-exec-wasmgui/experiments/wasm-gui/toolchain/wasi-compat.h -Werror=unknown-warning-option -Werror=unused-command-line-argument -Wnested-externs --target=wasm32-wasip1 --sysroot=/home/nathan/secure-exec/registry/native/c/sysroot -I/home/nathan/secure-exec-wasmgui/experiments/wasm-gui/third_party/wasm-prefix/include -I/home/nathan/secure-exec-wasmgui/experiments/wasm-gui/toolchain/compat-include -include /home/nathan/secure-exec-wasmgui/experiments/wasm-gui/toolchain/wasi-compat.h --target=wasm32-wasip1 --sysroot=/home/nathan/secure-exec/registry/native/c/sysroot -L/home/nathan/secure-exec-wasmgui/experiments/wasm-gui/third_party/wasm-prefix/lib -L/home/nathan/secure-exec/registry/native/c/vendor/wasi-sdk/share/wasi-sysroot/lib/wasm32-wasip1 -lwasi-emulated-mman -lwasi-emulated-process-clocks conftest.c  >&5
configure:13882: $? = 0
configure:13896: result: yes
configure:13988: checking if /home/nathan/secure-exec/registry/native/c/vendor/wasi-sdk/bin/clang supports -Wbad-function-cast
configure:14006: /home/nathan/secure-exec/registry/native/c/vendor/wasi-sdk/bin/clang -o conftest --target=wasm32-wasip1 --sysroot=/home/nathan/secure-exec/registry/native/c/sysroot -O2 -D_WASI_EMULATED_MMAN -D_WASI_EMULATED_PROCESS_CLOCKS -D_GNU_SOURCE -mllvm -wasm-enable-sjlj -Wno-error=implicit-function-declaration -Wno-error=int-conversion -Wno-int-conversion -I/home/nathan/secure-exec-wasmgui/experiments/wasm-gui/toolchain/compat-include -include /home/nathan/secure-exec-wasmgui/experiments/wasm-gui/toolchain/wasi-compat.h -Werror=unknown-warning-option -Werror=unused-command-line-argument -Wbad-function-cast --target=wasm32-wasip1 --sysroot=/home/nathan/secure-exec/registry/native/c/sysroot -I/home/nathan/secure-exec-wasmgui/experiments/wasm-gui/third_party/wasm-prefix/include -I/home/nathan/secure-exec-wasmgui/experiments/wasm-gui/toolchain/compat-include -include /home/nathan/secure-exec-wasmgui/experiments/wasm-gui/toolchain/wasi-compat.h --target=wasm32-wasip1 --sysroot=/home/nathan/secure-exec/registry/native/c/sysroot -L/home/nathan/secure-exec-wasmgui/experiments/wasm-gui/third_party/wasm-prefix/lib -L/home/nathan/secure-exec/registry/native/c/vendor/wasi-sdk/share/wasi-sysroot/lib/wasm32-wasip1 -lwasi-emulated-mman -lwasi-emulated-process-clocks conftest.c  >&5
configure:14006: $? = 0
configure:14020: result: yes
configure:14112: checking if /home/nathan/secure-exec/registry/native/c/vendor/wasi-sdk/bin/clang supports -Wold-style-definition
configure:14130: /home/nathan/secure-exec/registry/native/c/vendor/wasi-sdk/bin/clang -o conftest --target=wasm32-wasip1 --sysroot=/home/nathan/secure-exec/registry/native/c/sysroot -O2 -D_WASI_EMULATED_MMAN -D_WASI_EMULATED_PROCESS_CLOCKS -D_GNU_SOURCE -mllvm -wasm-enable-sjlj -Wno-error=implicit-function-declaration -Wno-error=int-conversion -Wno-int-conversion -I/home/nathan/secure-exec-wasmgui/experiments/wasm-gui/toolchain/compat-include -include /home/nathan/secure-exec-wasmgui/experiments/wasm-gui/toolchain/wasi-compat.h -Werror=unknown-warning-option -Werror=unused-command-line-argument -Wold-style-definition --target=wasm32-wasip1 --sysroot=/home/nathan/secure-exec/registry/native/c/sysroot -I/home/nathan/secure-exec-wasmgui/experiments/wasm-gui/third_party/wasm-prefix/include -I/home/nathan/secure-exec-wasmgui/experiments/wasm-gui/toolchain/compat-include -include /home/nathan/secure-exec-wasmgui/experiments/wasm-gui/toolchain/wasi-compat.h --target=wasm32-wasip1 --sysroot=/home/nathan/secure-exec/registry/native/c/sysroot -L/home/nathan/secure-exec-wasmgui/experiments/wasm-gui/third_party/wasm-prefix/lib -L/home/nathan/secure-exec/registry/native/c/vendor/wasi-sdk/share/wasi-sysroot/lib/wasm32-wasip1 -lwasi-emulated-mman -lwasi-emulated-process-clocks conftest.c  >&5
configure:14130: $? = 0
configure:14144: result: yes
configure:14287: checking if /home/nathan/secure-exec/registry/native/c/vendor/wasi-sdk/bin/clang supports -Wdeclaration-after-statement
configure:14305: /home/nathan/secure-exec/registry/native/c/vendor/wasi-sdk/bin/clang -o conftest --target=wasm32-wasip1 --sysroot=/home/nathan/secure-exec/registry/native/c/sysroot -O2 -D_WASI_EMULATED_MMAN -D_WASI_EMULATED_PROCESS_CLOCKS -D_GNU_SOURCE -mllvm -wasm-enable-sjlj -Wno-error=implicit-function-declaration -Wno-error=int-conversion -Wno-int-conversion -I/home/nathan/secure-exec-wasmgui/experiments/wasm-gui/toolchain/compat-include -include /home/nathan/secure-exec-wasmgui/experiments/wasm-gui/toolchain/wasi-compat.h -Werror=unknown-warning-option -Werror=unused-command-line-argument -Wdeclaration-after-statement --target=wasm32-wasip1 --sysroot=/home/nathan/secure-exec/registry/native/c/sysroot -I/home/nathan/secure-exec-wasmgui/experiments/wasm-gui/third_party/wasm-prefix/include -I/home/nathan/secure-exec-wasmgui/experiments/wasm-gui/toolchain/compat-include -include /home/nathan/secure-exec-wasmgui/experiments/wasm-gui/toolchain/wasi-compat.h --target=wasm32-wasip1 --sysroot=/home/nathan/secure-exec/registry/native/c/sysroot -L/home/nathan/secure-exec-wasmgui/experiments/wasm-gui/third_party/wasm-prefix/lib -L/home/nathan/secure-exec/registry/native/c/vendor/wasi-sdk/share/wasi-sysroot/lib/wasm32-wasip1 -lwasi-emulated-mman -lwasi-emulated-process-clocks conftest.c  >&5
configure:14305: $? = 0
configure:14319: result: yes
configure:14415: checking if /home/nathan/secure-exec/registry/native/c/vendor/wasi-sdk/bin/clang supports -Wunused
configure:14433: /home/nathan/secure-exec/registry/native/c/vendor/wasi-sdk/bin/clang -o conftest --target=wasm32-wasip1 --sysroot=/home/nathan/secure-exec/registry/native/c/sysroot -O2 -D_WASI_EMULATED_MMAN -D_WASI_EMULATED_PROCESS_CLOCKS -D_GNU_SOURCE -mllvm -wasm-enable-sjlj -Wno-error=implicit-function-declaration -Wno-error=int-conversion -Wno-int-conversion -I/home/nathan/secure-exec-wasmgui/experiments/wasm-gui/toolchain/compat-include -include /home/nathan/secure-exec-wasmgui/experiments/wasm-gui/toolchain/wasi-compat.h -Werror=unknown-warning-option -Werror=unused-command-line-argument -Wunused --target=wasm32-wasip1 --sysroot=/home/nathan/secure-exec/registry/native/c/sysroot -I/home/nathan/secure-exec-wasmgui/experiments/wasm-gui/third_party/wasm-prefix/include -I/home/nathan/secure-exec-wasmgui/experiments/wasm-gui/toolchain/compat-include -include /home/nathan/secure-exec-wasmgui/experiments/wasm-gui/toolchain/wasi-compat.h --target=wasm32-wasip1 --sysroot=/home/nathan/secure-exec/registry/native/c/sysroot -L/home/nathan/secure-exec-wasmgui/experiments/wasm-gui/third_party/wasm-prefix/lib -L/home/nathan/secure-exec/registry/native/c/vendor/wasi-sdk/share/wasi-sysroot/lib/wasm32-wasip1 -lwasi-emulated-mman -lwasi-emulated-process-clocks conftest.c  >&5
configure:14433: $? = 0
configure:14447: result: yes
configure:14539: checking if /home/nathan/secure-exec/registry/native/c/vendor/wasi-sdk/bin/clang supports -Wuninitialized
configure:14557: /home/nathan/secure-exec/registry/native/c/vendor/wasi-sdk/bin/clang -o conftest --target=wasm32-wasip1 --sysroot=/home/nathan/secure-exec/registry/native/c/sysroot -O2 -D_WASI_EMULATED_MMAN -D_WASI_EMULATED_PROCESS_CLOCKS -D_GNU_SOURCE -mllvm -wasm-enable-sjlj -Wno-error=implicit-function-declaration -Wno-error=int-conversion -Wno-int-conversion -I/home/nathan/secure-exec-wasmgui/experiments/wasm-gui/toolchain/compat-include -include /home/nathan/secure-exec-wasmgui/experiments/wasm-gui/toolchain/wasi-compat.h -Werror=unknown-warning-option -Werror=unused-command-line-argument -Wuninitialized --target=wasm32-wasip1 --sysroot=/home/nathan/secure-exec/registry/native/c/sysroot -I/home/nathan/secure-exec-wasmgui/experiments/wasm-gui/third_party/wasm-prefix/include -I/home/nathan/secure-exec-wasmgui/experiments/wasm-gui/toolchain/compat-include -include /home/nathan/secure-exec-wasmgui/experiments/wasm-gui/toolchain/wasi-compat.h --target=wasm32-wasip1 --sysroot=/home/nathan/secure-exec/registry/native/c/sysroot -L/home/nathan/secure-exec-wasmgui/experiments/wasm-gui/third_party/wasm-prefix/lib -L/home/nathan/secure-exec/registry/native/c/vendor/wasi-sdk/share/wasi-sysroot/lib/wasm32-wasip1 -lwasi-emulated-mman -lwasi-emulated-process-clocks conftest.c  >&5
configure:14557: $? = 0
configure:14571: result: yes
configure:14663: checking if /home/nathan/secure-exec/registry/native/c/vendor/wasi-sdk/bin/clang supports -Wshadow
configure:14681: /home/nathan/secure-exec/registry/native/c/vendor/wasi-sdk/bin/clang -o conftest --target=wasm32-wasip1 --sysroot=/home/nathan/secure-exec/registry/native/c/sysroot -O2 -D_WASI_EMULATED_MMAN -D_WASI_EMULATED_PROCESS_CLOCKS -D_GNU_SOURCE -mllvm -wasm-enable-sjlj -Wno-error=implicit-function-declaration -Wno-error=int-conversion -Wno-int-conversion -I/home/nathan/secure-exec-wasmgui/experiments/wasm-gui/toolchain/compat-include -include /home/nathan/secure-exec-wasmgui/experiments/wasm-gui/toolchain/wasi-compat.h -Werror=unknown-warning-option -Werror=unused-command-line-argument -Wshadow --target=wasm32-wasip1 --sysroot=/home/nathan/secure-exec/registry/native/c/sysroot -I/home/nathan/secure-exec-wasmgui/experiments/wasm-gui/third_party/wasm-prefix/include -I/home/nathan/secure-exec-wasmgui/experiments/wasm-gui/toolchain/compat-include -include /home/nathan/secure-exec-wasmgui/experiments/wasm-gui/toolchain/wasi-compat.h --target=wasm32-wasip1 --sysroot=/home/nathan/secure-exec/registry/native/c/sysroot -L/home/nathan/secure-exec-wasmgui/experiments/wasm-gui/third_party/wasm-prefix/lib -L/home/nathan/secure-exec/registry/native/c/vendor/wasi-sdk/share/wasi-sysroot/lib/wasm32-wasip1 -lwasi-emulated-mman -lwasi-emulated-process-clocks conftest.c  >&5
configure:14681: $? = 0
configure:14695: result: yes
configure:14787: checking if /home/nathan/secure-exec/registry/native/c/vendor/wasi-sdk/bin/clang supports -Wmissing-noreturn
configure:14805: /home/nathan/secure-exec/registry/native/c/vendor/wasi-sdk/bin/clang -o conftest --target=wasm32-wasip1 --sysroot=/home/nathan/secure-exec/registry/native/c/sysroot -O2 -D_WASI_EMULATED_MMAN -D_WASI_EMULATED_PROCESS_CLOCKS -D_GNU_SOURCE -mllvm -wasm-enable-sjlj -Wno-error=implicit-function-declaration -Wno-error=int-conversion -Wno-int-conversion -I/home/nathan/secure-exec-wasmgui/experiments/wasm-gui/toolchain/compat-include -include /home/nathan/secure-exec-wasmgui/experiments/wasm-gui/toolchain/wasi-compat.h -Werror=unknown-warning-option -Werror=unused-command-line-argument -Wmissing-noreturn --target=wasm32-wasip1 --sysroot=/home/nathan/secure-exec/registry/native/c/sysroot -I/home/nathan/secure-exec-wasmgui/experiments/wasm-gui/third_party/wasm-prefix/include -I/home/nathan/secure-exec-wasmgui/experiments/wasm-gui/toolchain/compat-include -include /home/nathan/secure-exec-wasmgui/experiments/wasm-gui/toolchain/wasi-compat.h --target=wasm32-wasip1 --sysroot=/home/nathan/secure-exec/registry/native/c/sysroot -L/home/nathan/secure-exec-wasmgui/experiments/wasm-gui/third_party/wasm-prefix/lib -L/home/nathan/secure-exec/registry/native/c/vendor/wasi-sdk/share/wasi-sysroot/lib/wasm32-wasip1 -lwasi-emulated-mman -lwasi-emulated-process-clocks conftest.c  >&5
configure:14805: $? = 0
configure:14819: result: yes
configure:14911: checking if /home/nathan/secure-exec/registry/native/c/vendor/wasi-sdk/bin/clang supports -Wmissing-format-attribute
configure:14929: /home/nathan/secure-exec/registry/native/c/vendor/wasi-sdk/bin/clang -o conftest --target=wasm32-wasip1 --sysroot=/home/nathan/secure-exec/registry/native/c/sysroot -O2 -D_WASI_EMULATED_MMAN -D_WASI_EMULATED_PROCESS_CLOCKS -D_GNU_SOURCE -mllvm -wasm-enable-sjlj -Wno-error=implicit-function-declaration -Wno-error=int-conversion -Wno-int-conversion -I/home/nathan/secure-exec-wasmgui/experiments/wasm-gui/toolchain/compat-include -include /home/nathan/secure-exec-wasmgui/experiments/wasm-gui/toolchain/wasi-compat.h -Werror=unknown-warning-option -Werror=unused-command-line-argument -Wmissing-format-attribute --target=wasm32-wasip1 --sysroot=/home/nathan/secure-exec/registry/native/c/sysroot -I/home/nathan/secure-exec-wasmgui/experiments/wasm-gui/third_party/wasm-prefix/include -I/home/nathan/secure-exec-wasmgui/experiments/wasm-gui/toolchain/compat-include -include /home/nathan/secure-exec-wasmgui/experiments/wasm-gui/toolchain/wasi-compat.h --target=wasm32-wasip1 --sysroot=/home/nathan/secure-exec/registry/native/c/sysroot -L/home/nathan/secure-exec-wasmgui/experiments/wasm-gui/third_party/wasm-prefix/lib -L/home/nathan/secure-exec/registry/native/c/vendor/wasi-sdk/share/wasi-sysroot/lib/wasm32-wasip1 -lwasi-emulated-mman -lwasi-emulated-process-clocks conftest.c  >&5
configure:14929: $? = 0
configure:14943: result: yes
configure:15035: checking if /home/nathan/secure-exec/registry/native/c/vendor/wasi-sdk/bin/clang supports -Wredundant-decls
configure:15053: /home/nathan/secure-exec/registry/native/c/vendor/wasi-sdk/bin/clang -o conftest --target=wasm32-wasip1 --sysroot=/home/nathan/secure-exec/registry/native/c/sysroot -O2 -D_WASI_EMULATED_MMAN -D_WASI_EMULATED_PROCESS_CLOCKS -D_GNU_SOURCE -mllvm -wasm-enable-sjlj -Wno-error=implicit-function-declaration -Wno-error=int-conversion -Wno-int-conversion -I/home/nathan/secure-exec-wasmgui/experiments/wasm-gui/toolchain/compat-include -include /home/nathan/secure-exec-wasmgui/experiments/wasm-gui/toolchain/wasi-compat.h -Werror=unknown-warning-option -Werror=unused-command-line-argument -Wredundant-decls --target=wasm32-wasip1 --sysroot=/home/nathan/secure-exec/registry/native/c/sysroot -I/home/nathan/secure-exec-wasmgui/experiments/wasm-gui/third_party/wasm-prefix/include -I/home/nathan/secure-exec-wasmgui/experiments/wasm-gui/toolchain/compat-include -include /home/nathan/secure-exec-wasmgui/experiments/wasm-gui/toolchain/wasi-compat.h --target=wasm32-wasip1 --sysroot=/home/nathan/secure-exec/registry/native/c/sysroot -L/home/nathan/secure-exec-wasmgui/experiments/wasm-gui/third_party/wasm-prefix/lib -L/home/nathan/secure-exec/registry/native/c/vendor/wasi-sdk/share/wasi-sysroot/lib/wasm32-wasip1 -lwasi-emulated-mman -lwasi-emulated-process-clocks conftest.c  >&5
configure:15053: $? = 0
configure:15067: result: yes
configure:15159: checking if /home/nathan/secure-exec/registry/native/c/vendor/wasi-sdk/bin/clang supports -Wlogical-op
configure:15177: /home/nathan/secure-exec/registry/native/c/vendor/wasi-sdk/bin/clang -o conftest --target=wasm32-wasip1 --sysroot=/home/nathan/secure-exec/registry/native/c/sysroot -O2 -D_WASI_EMULATED_MMAN -D_WASI_EMULATED_PROCESS_CLOCKS -D_GNU_SOURCE -mllvm -wasm-enable-sjlj -Wno-error=implicit-function-declaration -Wno-error=int-conversion -Wno-int-conversion -I/home/nathan/secure-exec-wasmgui/experiments/wasm-gui/toolchain/compat-include -include /home/nathan/secure-exec-wasmgui/experiments/wasm-gui/toolchain/wasi-compat.h -Werror=unknown-warning-option -Werror=unused-command-line-argument -Wlogical-op --target=wasm32-wasip1 --sysroot=/home/nathan/secure-exec/registry/native/c/sysroot -I/home/nathan/secure-exec-wasmgui/experiments/wasm-gui/third_party/wasm-prefix/include -I/home/nathan/secure-exec-wasmgui/experiments/wasm-gui/toolchain/compat-include -include /home/nathan/secure-exec-wasmgui/experiments/wasm-gui/toolchain/wasi-compat.h --target=wasm32-wasip1 --sysroot=/home/nathan/secure-exec/registry/native/c/sysroot -L/home/nathan/secure-exec-wasmgui/experiments/wasm-gui/third_party/wasm-prefix/lib -L/home/nathan/secure-exec/registry/native/c/vendor/wasi-sdk/share/wasi-sysroot/lib/wasm32-wasip1 -lwasi-emulated-mman -lwasi-emulated-process-clocks conftest.c  >&5
error: unknown warning option '-Wlogical-op'; did you mean '-Wlong-long'? [-Werror,-Wunknown-warning-option]
configure:15177: $? = 1
configure: failed program was:
| /* confdefs.h */
| #define PACKAGE_NAME "libXft"
| #define PACKAGE_TARNAME "libXft"
| #define PACKAGE_VERSION "2.3.8"
| #define PACKAGE_STRING "libXft 2.3.8"
| #define PACKAGE_BUGREPORT "https://gitlab.freedesktop.org/xorg/lib/libXft/issues"
| #define PACKAGE_URL ""
| #define PACKAGE "libXft"
| #define VERSION "2.3.8"
| #define HAVE_STDIO_H 1
| #define HAVE_STDLIB_H 1
| #define HAVE_STRING_H 1
| #define HAVE_INTTYPES_H 1
| #define HAVE_STDINT_H 1
| #define HAVE_STRINGS_H 1
| #define HAVE_SYS_STAT_H 1
| #define HAVE_SYS_TYPES_H 1
| #define HAVE_UNISTD_H 1
| #define STDC_HEADERS 1
| #define HAVE_DLFCN_H 1
| #define LT_OBJDIR ".libs/"
| /* end confdefs.h.  */
| int i;
| int
| main (void)
| {
| 
|   ;
|   return 0;
| }
configure:15191: result: no
configure:15295: checking if /home/nathan/secure-exec/registry/native/c/vendor/wasi-sdk/bin/clang supports -Werror=implicit
configure:15313: /home/nathan/secure-exec/registry/native/c/vendor/wasi-sdk/bin/clang -o conftest --target=wasm32-wasip1 --sysroot=/home/nathan/secure-exec/registry/native/c/sysroot -O2 -D_WASI_EMULATED_MMAN -D_WASI_EMULATED_PROCESS_CLOCKS -D_GNU_SOURCE -mllvm -wasm-enable-sjlj -Wno-error=implicit-function-declaration -Wno-error=int-conversion -Wno-int-conversion -I/home/nathan/secure-exec-wasmgui/experiments/wasm-gui/toolchain/compat-include -include /home/nathan/secure-exec-wasmgui/experiments/wasm-gui/toolchain/wasi-compat.h -Werror=unknown-warning-option -Werror=unused-command-line-argument -Werror=implicit --target=wasm32-wasip1 --sysroot=/home/nathan/secure-exec/registry/native/c/sysroot -I/home/nathan/secure-exec-wasmgui/experiments/wasm-gui/third_party/wasm-prefix/include -I/home/nathan/secure-exec-wasmgui/experiments/wasm-gui/toolchain/compat-include -include /home/nathan/secure-exec-wasmgui/experiments/wasm-gui/toolchain/wasi-compat.h --target=wasm32-wasip1 --sysroot=/home/nathan/secure-exec/registry/native/c/sysroot -L/home/nathan/secure-exec-wasmgui/experiments/wasm-gui/third_party/wasm-prefix/lib -L/home/nathan/secure-exec/registry/native/c/vendor/wasi-sdk/share/wasi-sysroot/lib/wasm32-wasip1 -lwasi-emulated-mman -lwasi-emulated-process-clocks conftest.c  >&5
configure:15313: $? = 0
configure:15327: result: yes
configure:15470: checking if /home/nathan/secure-exec/registry/native/c/vendor/wasi-sdk/bin/clang supports -Werror=nonnull
configure:15488: /home/nathan/secure-exec/registry/native/c/vendor/wasi-sdk/bin/clang -o conftest --target=wasm32-wasip1 --sysroot=/home/nathan/secure-exec/registry/native/c/sysroot -O2 -D_WASI_EMULATED_MMAN -D_WASI_EMULATED_PROCESS_CLOCKS -D_GNU_SOURCE -mllvm -wasm-enable-sjlj -Wno-error=implicit-function-declaration -Wno-error=int-conversion -Wno-int-conversion -I/home/nathan/secure-exec-wasmgui/experiments/wasm-gui/toolchain/compat-include -include /home/nathan/secure-exec-wasmgui/experiments/wasm-gui/toolchain/wasi-compat.h -Werror=unknown-warning-option -Werror=unused-command-line-argument -Werror=nonnull --target=wasm32-wasip1 --sysroot=/home/nathan/secure-exec/registry/native/c/sysroot -I/home/nathan/secure-exec-wasmgui/experiments/wasm-gui/third_party/wasm-prefix/include -I/home/nathan/secure-exec-wasmgui/experiments/wasm-gui/toolchain/compat-include -include /home/nathan/secure-exec-wasmgui/experiments/wasm-gui/toolchain/wasi-compat.h --target=wasm32-wasip1 --sysroot=/home/nathan/secure-exec/registry/native/c/sysroot -L/home/nathan/secure-exec-wasmgui/experiments/wasm-gui/third_party/wasm-prefix/lib -L/home/nathan/secure-exec/registry/native/c/vendor/wasi-sdk/share/wasi-sysroot/lib/wasm32-wasip1 -lwasi-emulated-mman -lwasi-emulated-process-clocks conftest.c  >&5
configure:15488: $? = 0
configure:15502: result: yes
configure:15594: checking if /home/nathan/secure-exec/registry/native/c/vendor/wasi-sdk/bin/clang supports -Werror=init-self
configure:15612: /home/nathan/secure-exec/registry/native/c/vendor/wasi-sdk/bin/clang -o conftest --target=wasm32-wasip1 --sysroot=/home/nathan/secure-exec/registry/native/c/sysroot -O2 -D_WASI_EMULATED_MMAN -D_WASI_EMULATED_PROCESS_CLOCKS -D_GNU_SOURCE -mllvm -wasm-enable-sjlj -Wno-error=implicit-function-declaration -Wno-error=int-conversion -Wno-int-conversion -I/home/nathan/secure-exec-wasmgui/experiments/wasm-gui/toolchain/compat-include -include /home/nathan/secure-exec-wasmgui/experiments/wasm-gui/toolchain/wasi-compat.h -Werror=unknown-warning-option -Werror=unused-command-line-argument -Werror=init-self --target=wasm32-wasip1 --sysroot=/home/nathan/secure-exec/registry/native/c/sysroot -I/home/nathan/secure-exec-wasmgui/experiments/wasm-gui/third_party/wasm-prefix/include -I/home/nathan/secure-exec-wasmgui/experiments/wasm-gui/toolchain/compat-include -include /home/nathan/secure-exec-wasmgui/experiments/wasm-gui/toolchain/wasi-compat.h --target=wasm32-wasip1 --sysroot=/home/nathan/secure-exec/registry/native/c/sysroot -L/home/nathan/secure-exec-wasmgui/experiments/wasm-gui/third_party/wasm-prefix/lib -L/home/nathan/secure-exec/registry/native/c/vendor/wasi-sdk/share/wasi-sysroot/lib/wasm32-wasip1 -lwasi-emulated-mman -lwasi-emulated-process-clocks conftest.c  >&5
configure:15612: $? = 0
configure:15626: result: yes
configure:15718: checking if /home/nathan/secure-exec/registry/native/c/vendor/wasi-sdk/bin/clang supports -Werror=main
configure:15736: /home/nathan/secure-exec/registry/native/c/vendor/wasi-sdk/bin/clang -o conftest --target=wasm32-wasip1 --sysroot=/home/nathan/secure-exec/registry/native/c/sysroot -O2 -D_WASI_EMULATED_MMAN -D_WASI_EMULATED_PROCESS_CLOCKS -D_GNU_SOURCE -mllvm -wasm-enable-sjlj -Wno-error=implicit-function-declaration -Wno-error=int-conversion -Wno-int-conversion -I/home/nathan/secure-exec-wasmgui/experiments/wasm-gui/toolchain/compat-include -include /home/nathan/secure-exec-wasmgui/experiments/wasm-gui/toolchain/wasi-compat.h -Werror=unknown-warning-option -Werror=unused-command-line-argument -Werror=main --target=wasm32-wasip1 --sysroot=/home/nathan/secure-exec/registry/native/c/sysroot -I/home/nathan/secure-exec-wasmgui/experiments/wasm-gui/third_party/wasm-prefix/include -I/home/nathan/secure-exec-wasmgui/experiments/wasm-gui/toolchain/compat-include -include /home/nathan/secure-exec-wasmgui/experiments/wasm-gui/toolchain/wasi-compat.h --target=wasm32-wasip1 --sysroot=/home/nathan/secure-exec/registry/native/c/sysroot -L/home/nathan/secure-exec-wasmgui/experiments/wasm-gui/third_party/wasm-prefix/lib -L/home/nathan/secure-exec/registry/native/c/vendor/wasi-sdk/share/wasi-sysroot/lib/wasm32-wasip1 -lwasi-emulated-mman -lwasi-emulated-process-clocks conftest.c  >&5
configure:15736: $? = 0
configure:15750: result: yes
configure:15842: checking if /home/nathan/secure-exec/registry/native/c/vendor/wasi-sdk/bin/clang supports -Werror=missing-braces
configure:15860: /home/nathan/secure-exec/registry/native/c/vendor/wasi-sdk/bin/clang -o conftest --target=wasm32-wasip1 --sysroot=/home/nathan/secure-exec/registry/native/c/sysroot -O2 -D_WASI_EMULATED_MMAN -D_WASI_EMULATED_PROCESS_CLOCKS -D_GNU_SOURCE -mllvm -wasm-enable-sjlj -Wno-error=implicit-function-declaration -Wno-error=int-conversion -Wno-int-conversion -I/home/nathan/secure-exec-wasmgui/experiments/wasm-gui/toolchain/compat-include -include /home/nathan/secure-exec-wasmgui/experiments/wasm-gui/toolchain/wasi-compat.h -Werror=unknown-warning-option -Werror=unused-command-line-argument -Werror=missing-braces --target=wasm32-wasip1 --sysroot=/home/nathan/secure-exec/registry/native/c/sysroot -I/home/nathan/secure-exec-wasmgui/experiments/wasm-gui/third_party/wasm-prefix/include -I/home/nathan/secure-exec-wasmgui/experiments/wasm-gui/toolchain/compat-include -include /home/nathan/secure-exec-wasmgui/experiments/wasm-gui/toolchain/wasi-compat.h --target=wasm32-wasip1 --sysroot=/home/nathan/secure-exec/registry/native/c/sysroot -L/home/nathan/secure-exec-wasmgui/experiments/wasm-gui/third_party/wasm-prefix/lib -L/home/nathan/secure-exec/registry/native/c/vendor/wasi-sdk/share/wasi-sysroot/lib/wasm32-wasip1 -lwasi-emulated-mman -lwasi-emulated-process-clocks conftest.c  >&5
configure:15860: $? = 0
configure:15874: result: yes
configure:15966: checking if /home/nathan/secure-exec/registry/native/c/vendor/wasi-sdk/bin/clang supports -Werror=sequence-point
configure:15984: /home/nathan/secure-exec/registry/native/c/vendor/wasi-sdk/bin/clang -o conftest --target=wasm32-wasip1 --sysroot=/home/nathan/secure-exec/registry/native/c/sysroot -O2 -D_WASI_EMULATED_MMAN -D_WASI_EMULATED_PROCESS_CLOCKS -D_GNU_SOURCE -mllvm -wasm-enable-sjlj -Wno-error=implicit-function-declaration -Wno-error=int-conversion -Wno-int-conversion -I/home/nathan/secure-exec-wasmgui/experiments/wasm-gui/toolchain/compat-include -include /home/nathan/secure-exec-wasmgui/experiments/wasm-gui/toolchain/wasi-compat.h -Werror=unknown-warning-option -Werror=unused-command-line-argument -Werror=sequence-point --target=wasm32-wasip1 --sysroot=/home/nathan/secure-exec/registry/native/c/sysroot -I/home/nathan/secure-exec-wasmgui/experiments/wasm-gui/third_party/wasm-prefix/include -I/home/nathan/secure-exec-wasmgui/experiments/wasm-gui/toolchain/compat-include -include /home/nathan/secure-exec-wasmgui/experiments/wasm-gui/toolchain/wasi-compat.h --target=wasm32-wasip1 --sysroot=/home/nathan/secure-exec/registry/native/c/sysroot -L/home/nathan/secure-exec-wasmgui/experiments/wasm-gui/third_party/wasm-prefix/lib -L/home/nathan/secure-exec/registry/native/c/vendor/wasi-sdk/share/wasi-sysroot/lib/wasm32-wasip1 -lwasi-emulated-mman -lwasi-emulated-process-clocks conftest.c  >&5
configure:15984: $? = 0
configure:15998: result: yes
configure:16090: checking if /home/nathan/secure-exec/registry/native/c/vendor/wasi-sdk/bin/clang supports -Werror=return-type
configure:16108: /home/nathan/secure-exec/registry/native/c/vendor/wasi-sdk/bin/clang -o conftest --target=wasm32-wasip1 --sysroot=/home/nathan/secure-exec/registry/native/c/sysroot -O2 -D_WASI_EMULATED_MMAN -D_WASI_EMULATED_PROCESS_CLOCKS -D_GNU_SOURCE -mllvm -wasm-enable-sjlj -Wno-error=implicit-function-declaration -Wno-error=int-conversion -Wno-int-conversion -I/home/nathan/secure-exec-wasmgui/experiments/wasm-gui/toolchain/compat-include -include /home/nathan/secure-exec-wasmgui/experiments/wasm-gui/toolchain/wasi-compat.h -Werror=unknown-warning-option -Werror=unused-command-line-argument -Werror=return-type --target=wasm32-wasip1 --sysroot=/home/nathan/secure-exec/registry/native/c/sysroot -I/home/nathan/secure-exec-wasmgui/experiments/wasm-gui/third_party/wasm-prefix/include -I/home/nathan/secure-exec-wasmgui/experiments/wasm-gui/toolchain/compat-include -include /home/nathan/secure-exec-wasmgui/experiments/wasm-gui/toolchain/wasi-compat.h --target=wasm32-wasip1 --sysroot=/home/nathan/secure-exec/registry/native/c/sysroot -L/home/nathan/secure-exec-wasmgui/experiments/wasm-gui/third_party/wasm-prefix/lib -L/home/nathan/secure-exec/registry/native/c/vendor/wasi-sdk/share/wasi-sysroot/lib/wasm32-wasip1 -lwasi-emulated-mman -lwasi-emulated-process-clocks conftest.c  >&5
configure:16108: $? = 0
configure:16122: result: yes
configure:16265: checking if /home/nathan/secure-exec/registry/native/c/vendor/wasi-sdk/bin/clang supports -Werror=trigraphs
configure:16283: /home/nathan/secure-exec/registry/native/c/vendor/wasi-sdk/bin/clang -o conftest --target=wasm32-wasip1 --sysroot=/home/nathan/secure-exec/registry/native/c/sysroot -O2 -D_WASI_EMULATED_MMAN -D_WASI_EMULATED_PROCESS_CLOCKS -D_GNU_SOURCE -mllvm -wasm-enable-sjlj -Wno-error=implicit-function-declaration -Wno-error=int-conversion -Wno-int-conversion -I/home/nathan/secure-exec-wasmgui/experiments/wasm-gui/toolchain/compat-include -include /home/nathan/secure-exec-wasmgui/experiments/wasm-gui/toolchain/wasi-compat.h -Werror=unknown-warning-option -Werror=unused-command-line-argument -Werror=trigraphs --target=wasm32-wasip1 --sysroot=/home/nathan/secure-exec/registry/native/c/sysroot -I/home/nathan/secure-exec-wasmgui/experiments/wasm-gui/third_party/wasm-prefix/include -I/home/nathan/secure-exec-wasmgui/experiments/wasm-gui/toolchain/compat-include -include /home/nathan/secure-exec-wasmgui/experiments/wasm-gui/toolchain/wasi-compat.h --target=wasm32-wasip1 --sysroot=/home/nathan/secure-exec/registry/native/c/sysroot -L/home/nathan/secure-exec-wasmgui/experiments/wasm-gui/third_party/wasm-prefix/lib -L/home/nathan/secure-exec/registry/native/c/vendor/wasi-sdk/share/wasi-sysroot/lib/wasm32-wasip1 -lwasi-emulated-mman -lwasi-emulated-process-clocks conftest.c  >&5
configure:16283: $? = 0
configure:16297: result: yes
configure:16389: checking if /home/nathan/secure-exec/registry/native/c/vendor/wasi-sdk/bin/clang supports -Werror=array-bounds
configure:16407: /home/nathan/secure-exec/registry/native/c/vendor/wasi-sdk/bin/clang -o conftest --target=wasm32-wasip1 --sysroot=/home/nathan/secure-exec/registry/native/c/sysroot -O2 -D_WASI_EMULATED_MMAN -D_WASI_EMULATED_PROCESS_CLOCKS -D_GNU_SOURCE -mllvm -wasm-enable-sjlj -Wno-error=implicit-function-declaration -Wno-error=int-conversion -Wno-int-conversion -I/home/nathan/secure-exec-wasmgui/experiments/wasm-gui/toolchain/compat-include -include /home/nathan/secure-exec-wasmgui/experiments/wasm-gui/toolchain/wasi-compat.h -Werror=unknown-warning-option -Werror=unused-command-line-argument -Werror=array-bounds --target=wasm32-wasip1 --sysroot=/home/nathan/secure-exec/registry/native/c/sysroot -I/home/nathan/secure-exec-wasmgui/experiments/wasm-gui/third_party/wasm-prefix/include -I/home/nathan/secure-exec-wasmgui/experiments/wasm-gui/toolchain/compat-include -include /home/nathan/secure-exec-wasmgui/experiments/wasm-gui/toolchain/wasi-compat.h --target=wasm32-wasip1 --sysroot=/home/nathan/secure-exec/registry/native/c/sysroot -L/home/nathan/secure-exec-wasmgui/experiments/wasm-gui/third_party/wasm-prefix/lib -L/home/nathan/secure-exec/registry/native/c/vendor/wasi-sdk/share/wasi-sysroot/lib/wasm32-wasip1 -lwasi-emulated-mman -lwasi-emulated-process-clocks conftest.c  >&5
configure:16407: $? = 0
configure:16421: result: yes
configure:16513: checking if /home/nathan/secure-exec/registry/native/c/vendor/wasi-sdk/bin/clang supports -Werror=write-strings
configure:16531: /home/nathan/secure-exec/registry/native/c/vendor/wasi-sdk/bin/clang -o conftest --target=wasm32-wasip1 --sysroot=/home/nathan/secure-exec/registry/native/c/sysroot -O2 -D_WASI_EMULATED_MMAN -D_WASI_EMULATED_PROCESS_CLOCKS -D_GNU_SOURCE -mllvm -wasm-enable-sjlj -Wno-error=implicit-function-declaration -Wno-error=int-conversion -Wno-int-conversion -I/home/nathan/secure-exec-wasmgui/experiments/wasm-gui/toolchain/compat-include -include /home/nathan/secure-exec-wasmgui/experiments/wasm-gui/toolchain/wasi-compat.h -Werror=unknown-warning-option -Werror=unused-command-line-argument -Werror=write-strings --target=wasm32-wasip1 --sysroot=/home/nathan/secure-exec/registry/native/c/sysroot -I/home/nathan/secure-exec-wasmgui/experiments/wasm-gui/third_party/wasm-prefix/include -I/home/nathan/secure-exec-wasmgui/experiments/wasm-gui/toolchain/compat-include -include /home/nathan/secure-exec-wasmgui/experiments/wasm-gui/toolchain/wasi-compat.h --target=wasm32-wasip1 --sysroot=/home/nathan/secure-exec/registry/native/c/sysroot -L/home/nathan/secure-exec-wasmgui/experiments/wasm-gui/third_party/wasm-prefix/lib -L/home/nathan/secure-exec/registry/native/c/vendor/wasi-sdk/share/wasi-sysroot/lib/wasm32-wasip1 -lwasi-emulated-mman -lwasi-emulated-process-clocks conftest.c  >&5
configure:16531: $? = 0
configure:16545: result: yes
configure:16637: checking if /home/nathan/secure-exec/registry/native/c/vendor/wasi-sdk/bin/clang supports -Werror=address
configure:16655: /home/nathan/secure-exec/registry/native/c/vendor/wasi-sdk/bin/clang -o conftest --target=wasm32-wasip1 --sysroot=/home/nathan/secure-exec/registry/native/c/sysroot -O2 -D_WASI_EMULATED_MMAN -D_WASI_EMULATED_PROCESS_CLOCKS -D_GNU_SOURCE -mllvm -wasm-enable-sjlj -Wno-error=implicit-function-declaration -Wno-error=int-conversion -Wno-int-conversion -I/home/nathan/secure-exec-wasmgui/experiments/wasm-gui/toolchain/compat-include -include /home/nathan/secure-exec-wasmgui/experiments/wasm-gui/toolchain/wasi-compat.h -Werror=unknown-warning-option -Werror=unused-command-line-argument -Werror=address --target=wasm32-wasip1 --sysroot=/home/nathan/secure-exec/registry/native/c/sysroot -I/home/nathan/secure-exec-wasmgui/experiments/wasm-gui/third_party/wasm-prefix/include -I/home/nathan/secure-exec-wasmgui/experiments/wasm-gui/toolchain/compat-include -include /home/nathan/secure-exec-wasmgui/experiments/wasm-gui/toolchain/wasi-compat.h --target=wasm32-wasip1 --sysroot=/home/nathan/secure-exec/registry/native/c/sysroot -L/home/nathan/secure-exec-wasmgui/experiments/wasm-gui/third_party/wasm-prefix/lib -L/home/nathan/secure-exec/registry/native/c/vendor/wasi-sdk/share/wasi-sysroot/lib/wasm32-wasip1 -lwasi-emulated-mman -lwasi-emulated-process-clocks conftest.c  >&5
configure:16655: $? = 0
configure:16669: result: yes
configure:16761: checking if /home/nathan/secure-exec/registry/native/c/vendor/wasi-sdk/bin/clang supports -Werror=int-to-pointer-cast
configure:16779: /home/nathan/secure-exec/registry/native/c/vendor/wasi-sdk/bin/clang -o conftest --target=wasm32-wasip1 --sysroot=/home/nathan/secure-exec/registry/native/c/sysroot -O2 -D_WASI_EMULATED_MMAN -D_WASI_EMULATED_PROCESS_CLOCKS -D_GNU_SOURCE -mllvm -wasm-enable-sjlj -Wno-error=implicit-function-declaration -Wno-error=int-conversion -Wno-int-conversion -I/home/nathan/secure-exec-wasmgui/experiments/wasm-gui/toolchain/compat-include -include /home/nathan/secure-exec-wasmgui/experiments/wasm-gui/toolchain/wasi-compat.h -Werror=unknown-warning-option -Werror=unused-command-line-argument -Werror=int-to-pointer-cast --target=wasm32-wasip1 --sysroot=/home/nathan/secure-exec/registry/native/c/sysroot -I/home/nathan/secure-exec-wasmgui/experiments/wasm-gui/third_party/wasm-prefix/include -I/home/nathan/secure-exec-wasmgui/experiments/wasm-gui/toolchain/compat-include -include /home/nathan/secure-exec-wasmgui/experiments/wasm-gui/toolchain/wasi-compat.h --target=wasm32-wasip1 --sysroot=/home/nathan/secure-exec/registry/native/c/sysroot -L/home/nathan/secure-exec-wasmgui/experiments/wasm-gui/third_party/wasm-prefix/lib -L/home/nathan/secure-exec/registry/native/c/vendor/wasi-sdk/share/wasi-sysroot/lib/wasm32-wasip1 -lwasi-emulated-mman -lwasi-emulated-process-clocks conftest.c  >&5
configure:16779: $? = 0
configure:16793: result: yes
configure:16936: checking if /home/nathan/secure-exec/registry/native/c/vendor/wasi-sdk/bin/clang supports -Werror=pointer-to-int-cast
configure:16954: /home/nathan/secure-exec/registry/native/c/vendor/wasi-sdk/bin/clang -o conftest --target=wasm32-wasip1 --sysroot=/home/nathan/secure-exec/registry/native/c/sysroot -O2 -D_WASI_EMULATED_MMAN -D_WASI_EMULATED_PROCESS_CLOCKS -D_GNU_SOURCE -mllvm -wasm-enable-sjlj -Wno-error=implicit-function-declaration -Wno-error=int-conversion -Wno-int-conversion -I/home/nathan/secure-exec-wasmgui/experiments/wasm-gui/toolchain/compat-include -include /home/nathan/secure-exec-wasmgui/experiments/wasm-gui/toolchain/wasi-compat.h -Werror=unknown-warning-option -Werror=unused-command-line-argument -Werror=pointer-to-int-cast --target=wasm32-wasip1 --sysroot=/home/nathan/secure-exec/registry/native/c/sysroot -I/home/nathan/secure-exec-wasmgui/experiments/wasm-gui/third_party/wasm-prefix/include -I/home/nathan/secure-exec-wasmgui/experiments/wasm-gui/toolchain/compat-include -include /home/nathan/secure-exec-wasmgui/experiments/wasm-gui/toolchain/wasi-compat.h --target=wasm32-wasip1 --sysroot=/home/nathan/secure-exec/registry/native/c/sysroot -L/home/nathan/secure-exec-wasmgui/experiments/wasm-gui/third_party/wasm-prefix/lib -L/home/nathan/secure-exec/registry/native/c/vendor/wasi-sdk/share/wasi-sysroot/lib/wasm32-wasip1 -lwasi-emulated-mman -lwasi-emulated-process-clocks conftest.c  >&5
configure:16954: $? = 0
configure:16968: result: yes
configure:18709: checking if /home/nathan/secure-exec/registry/native/c/vendor/wasi-sdk/bin/clang supports -pedantic
configure:18727: /home/nathan/secure-exec/registry/native/c/vendor/wasi-sdk/bin/clang -o conftest --target=wasm32-wasip1 --sysroot=/home/nathan/secure-exec/registry/native/c/sysroot -O2 -D_WASI_EMULATED_MMAN -D_WASI_EMULATED_PROCESS_CLOCKS -D_GNU_SOURCE -mllvm -wasm-enable-sjlj -Wno-error=implicit-function-declaration -Wno-error=int-conversion -Wno-int-conversion -I/home/nathan/secure-exec-wasmgui/experiments/wasm-gui/toolchain/compat-include -include /home/nathan/secure-exec-wasmgui/experiments/wasm-gui/toolchain/wasi-compat.h -Werror=unknown-warning-option -Werror=unused-command-line-argument -pedantic --target=wasm32-wasip1 --sysroot=/home/nathan/secure-exec/registry/native/c/sysroot -I/home/nathan/secure-exec-wasmgui/experiments/wasm-gui/third_party/wasm-prefix/include -I/home/nathan/secure-exec-wasmgui/experiments/wasm-gui/toolchain/compat-include -include /home/nathan/secure-exec-wasmgui/experiments/wasm-gui/toolchain/wasi-compat.h --target=wasm32-wasip1 --sysroot=/home/nathan/secure-exec/registry/native/c/sysroot -L/home/nathan/secure-exec-wasmgui/experiments/wasm-gui/third_party/wasm-prefix/lib -L/home/nathan/secure-exec/registry/native/c/vendor/wasi-sdk/share/wasi-sysroot/lib/wasm32-wasip1 -lwasi-emulated-mman -lwasi-emulated-process-clocks conftest.c  >&5
configure:18727: $? = 0
configure:18741: result: yes
configure:18833: checking if /home/nathan/secure-exec/registry/native/c/vendor/wasi-sdk/bin/clang supports -Werror
configure:18851: /home/nathan/secure-exec/registry/native/c/vendor/wasi-sdk/bin/clang -o conftest --target=wasm32-wasip1 --sysroot=/home/nathan/secure-exec/registry/native/c/sysroot -O2 -D_WASI_EMULATED_MMAN -D_WASI_EMULATED_PROCESS_CLOCKS -D_GNU_SOURCE -mllvm -wasm-enable-sjlj -Wno-error=implicit-function-declaration -Wno-error=int-conversion -Wno-int-conversion -I/home/nathan/secure-exec-wasmgui/experiments/wasm-gui/toolchain/compat-include -include /home/nathan/secure-exec-wasmgui/experiments/wasm-gui/toolchain/wasi-compat.h -Werror=unknown-warning-option -Werror=unused-command-line-argument -Werror --target=wasm32-wasip1 --sysroot=/home/nathan/secure-exec/registry/native/c/sysroot -I/home/nathan/secure-exec-wasmgui/experiments/wasm-gui/third_party/wasm-prefix/include -I/home/nathan/secure-exec-wasmgui/experiments/wasm-gui/toolchain/compat-include -include /home/nathan/secure-exec-wasmgui/experiments/wasm-gui/toolchain/wasi-compat.h --target=wasm32-wasip1 --sysroot=/home/nathan/secure-exec/registry/native/c/sysroot -L/home/nathan/secure-exec-wasmgui/experiments/wasm-gui/third_party/wasm-prefix/lib -L/home/nathan/secure-exec/registry/native/c/vendor/wasi-sdk/share/wasi-sysroot/lib/wasm32-wasip1 -lwasi-emulated-mman -lwasi-emulated-process-clocks conftest.c  >&5
configure:18851: $? = 0
configure:18865: result: yes
configure:19011: checking if /home/nathan/secure-exec/registry/native/c/vendor/wasi-sdk/bin/clang supports -Werror=attributes
configure:19029: /home/nathan/secure-exec/registry/native/c/vendor/wasi-sdk/bin/clang -o conftest --target=wasm32-wasip1 --sysroot=/home/nathan/secure-exec/registry/native/c/sysroot -O2 -D_WASI_EMULATED_MMAN -D_WASI_EMULATED_PROCESS_CLOCKS -D_GNU_SOURCE -mllvm -wasm-enable-sjlj -Wno-error=implicit-function-declaration -Wno-error=int-conversion -Wno-int-conversion -I/home/nathan/secure-exec-wasmgui/experiments/wasm-gui/toolchain/compat-include -include /home/nathan/secure-exec-wasmgui/experiments/wasm-gui/toolchain/wasi-compat.h -Werror=unknown-warning-option -Werror=unused-command-line-argument -Werror=attributes --target=wasm32-wasip1 --sysroot=/home/nathan/secure-exec/registry/native/c/sysroot -I/home/nathan/secure-exec-wasmgui/experiments/wasm-gui/third_party/wasm-prefix/include -I/home/nathan/secure-exec-wasmgui/experiments/wasm-gui/toolchain/compat-include -include /home/nathan/secure-exec-wasmgui/experiments/wasm-gui/toolchain/wasi-compat.h --target=wasm32-wasip1 --sysroot=/home/nathan/secure-exec/registry/native/c/sysroot -L/home/nathan/secure-exec-wasmgui/experiments/wasm-gui/third_party/wasm-prefix/lib -L/home/nathan/secure-exec/registry/native/c/vendor/wasi-sdk/share/wasi-sysroot/lib/wasm32-wasip1 -lwasi-emulated-mman -lwasi-emulated-process-clocks conftest.c  >&5
configure:19029: $? = 0
configure:19043: result: yes
configure:19236: checking whether make supports nested variables
configure:19254: result: yes
configure:19296: checking for XRENDER
configure:19303: $PKG_CONFIG --exists --print-errors "xrender >= 0.8.2 x11"
configure:19306: $? = 0
configure:19320: $PKG_CONFIG --exists --print-errors "xrender >= 0.8.2 x11"
configure:19323: $? = 0
configure:19381: result: yes
configure:19389: checking for FREETYPE
configure:19396: $PKG_CONFIG --exists --print-errors "freetype2 >= 2.1.6"
configure:19399: $? = 0
configure:19413: $PKG_CONFIG --exists --print-errors "freetype2 >= 2.1.6"
configure:19416: $? = 0
configure:19474: result: yes
configure:19482: checking for FONTCONFIG
configure:19489: $PKG_CONFIG --exists --print-errors "fontconfig >= 2.5.92"
configure:19492: $? = 0
configure:19506: $PKG_CONFIG --exists --print-errors "fontconfig >= 2.5.92"
configure:19509: $? = 0
configure:19567: result: yes
configure:19686: checking that generated files are newer than configure
configure:19692: result: done
configure:19715: creating ./config.status

## ---------------------- ##
## Running config.status. ##
## ---------------------- ##

This file was extended by libXft config.status 2.3.8, which was
generated by GNU Autoconf 2.71.  Invocation command line was

  CONFIG_FILES    = 
  CONFIG_HEADERS  = 
  CONFIG_LINKS    = 
  CONFIG_COMMANDS = 
  $ ./config.status 

on nathan-dev

config.status:1140: creating Makefile
config.status:1140: creating xft.pc
config.status:1140: creating src/Makefile
config.status:1140: creating man/Makefile
config.status:1140: creating config.h
config.status:1140: creating include/X11/Xft/Xft.h
config.status:1321: include/X11/Xft/Xft.h is unchanged
config.status:1369: executing depfiles commands
config.status:1446: cd src       && sed -e '/# am--include-marker/d' Makefile         | make -f - am--depfiles
config.status:1451: $? = 0
config.status:1369: executing libtool commands

## ---------------- ##
## Cache variables. ##
## ---------------- ##

ac_cv_build=x86_64-pc-linux-gnux32
ac_cv_c_compiler_gnu=yes
ac_cv_c_undeclared_builtin_options=-fno-builtin
ac_cv_env_CC_set=set
ac_cv_env_CC_value=/home/nathan/secure-exec/registry/native/c/vendor/wasi-sdk/bin/clang
ac_cv_env_CFLAGS_set=set
ac_cv_env_CFLAGS_value='--target=wasm32-wasip1 --sysroot=/home/nathan/secure-exec/registry/native/c/sysroot -O2 -D_WASI_EMULATED_MMAN -D_WASI_EMULATED_PROCESS_CLOCKS -D_GNU_SOURCE -mllvm -wasm-enable-sjlj -Wno-error=implicit-function-declaration -Wno-error=int-conversion -Wno-int-conversion -I/home/nathan/secure-exec-wasmgui/experiments/wasm-gui/toolchain/compat-include -include /home/nathan/secure-exec-wasmgui/experiments/wasm-gui/toolchain/wasi-compat.h'
ac_cv_env_CPPFLAGS_set=set
ac_cv_env_CPPFLAGS_value='--target=wasm32-wasip1 --sysroot=/home/nathan/secure-exec/registry/native/c/sysroot -I/home/nathan/secure-exec-wasmgui/experiments/wasm-gui/third_party/wasm-prefix/include -I/home/nathan/secure-exec-wasmgui/experiments/wasm-gui/toolchain/compat-include -include /home/nathan/secure-exec-wasmgui/experiments/wasm-gui/toolchain/wasi-compat.h'
ac_cv_env_FONTCONFIG_CFLAGS_set=
ac_cv_env_FONTCONFIG_CFLAGS_value=
ac_cv_env_FONTCONFIG_LIBS_set=
ac_cv_env_FONTCONFIG_LIBS_value=
ac_cv_env_FREETYPE_CFLAGS_set=
ac_cv_env_FREETYPE_CFLAGS_value=
ac_cv_env_FREETYPE_LIBS_set=
ac_cv_env_FREETYPE_LIBS_value=
ac_cv_env_LDFLAGS_set=set
ac_cv_env_LDFLAGS_value='--target=wasm32-wasip1 --sysroot=/home/nathan/secure-exec/registry/native/c/sysroot -L/home/nathan/secure-exec-wasmgui/experiments/wasm-gui/third_party/wasm-prefix/lib -L/home/nathan/secure-exec/registry/native/c/vendor/wasi-sdk/share/wasi-sysroot/lib/wasm32-wasip1 -lwasi-emulated-mman -lwasi-emulated-process-clocks'
ac_cv_env_LIBS_set=
ac_cv_env_LIBS_value=
ac_cv_env_LT_SYS_LIBRARY_PATH_set=
ac_cv_env_LT_SYS_LIBRARY_PATH_value=
ac_cv_env_PKG_CONFIG_LIBDIR_set=set
ac_cv_env_PKG_CONFIG_LIBDIR_value=/home/nathan/secure-exec-wasmgui/experiments/wasm-gui/third_party/wasm-prefix/lib/pkgconfig:/home/nathan/secure-exec-wasmgui/experiments/wasm-gui/third_party/wasm-prefix/share/pkgconfig
ac_cv_env_PKG_CONFIG_PATH_set=set
ac_cv_env_PKG_CONFIG_PATH_value=
ac_cv_env_PKG_CONFIG_set=
ac_cv_env_PKG_CONFIG_value=
ac_cv_env_XRENDER_CFLAGS_set=
ac_cv_env_XRENDER_CFLAGS_value=
ac_cv_env_XRENDER_LIBS_set=
ac_cv_env_XRENDER_LIBS_value=
ac_cv_env_build_alias_set=
ac_cv_env_build_alias_value=
ac_cv_env_host_alias_set=set
ac_cv_env_host_alias_value=wasm32-wasi
ac_cv_env_target_alias_set=
ac_cv_env_target_alias_value=
ac_cv_have_decl___INTEL_COMPILER=no
ac_cv_have_decl___SUNPRO_C=no
ac_cv_have_decl___clang__=yes
ac_cv_header_dlfcn_h=yes
ac_cv_header_inttypes_h=yes
ac_cv_header_stdint_h=yes
ac_cv_header_stdio_h=yes
ac_cv_header_stdlib_h=yes
ac_cv_header_string_h=yes
ac_cv_header_strings_h=yes
ac_cv_header_sys_stat_h=yes
ac_cv_header_sys_types_h=yes
ac_cv_header_unistd_h=yes
ac_cv_host=wasm32-unknown-wasi
ac_cv_objext=o
ac_cv_path_EGREP='/usr/bin/grep -E'
ac_cv_path_FGREP='/usr/bin/grep -F'
ac_cv_path_GREP=/usr/bin/grep
ac_cv_path_SED=/usr/bin/sed
ac_cv_path_ac_pt_PKG_CONFIG=/usr/bin/pkg-config
ac_cv_path_install='/usr/bin/install -c'
ac_cv_path_lt_DD=/usr/bin/dd
ac_cv_path_mkdir=/usr/bin/mkdir
ac_cv_prog_AR=/home/nathan/secure-exec/registry/native/c/vendor/wasi-sdk/bin/llvm-ar
ac_cv_prog_AWK=mawk
ac_cv_prog_CC=/home/nathan/secure-exec/registry/native/c/vendor/wasi-sdk/bin/clang
ac_cv_prog_RANLIB=/home/nathan/secure-exec/registry/native/c/vendor/wasi-sdk/bin/llvm-ranlib
ac_cv_prog_STRIP=strip
ac_cv_prog_ac_ct_DLLTOOL=dlltool
ac_cv_prog_ac_ct_DUMPBIN='link -dump'
ac_cv_prog_ac_ct_FILECMD=file
ac_cv_prog_ac_ct_MANIFEST_TOOL=mt
ac_cv_prog_ac_ct_OBJDUMP=objdump
ac_cv_prog_ac_ct_STRIP=strip
ac_cv_prog_cc_c11=
ac_cv_prog_cc_g=yes
ac_cv_prog_cc_stdc=
ac_cv_prog_make_make_set=yes
am_cv_CC_dependencies_compiler_type=gcc3
am_cv_make_support_nested_variables=yes
am_cv_prog_cc_c_o=yes
lt_cv_ar_at_file=@
lt_cv_deplibs_check_method=unknown
lt_cv_file_magic_cmd='$MAGIC_CMD'
lt_cv_file_magic_test_file=
lt_cv_ld_reload_flag=-r
lt_cv_nm_interface='BSD nm'
lt_cv_objdir=.libs
lt_cv_path_LD=/home/linuxbrew/.linuxbrew/bin/ld
lt_cv_path_NM=no
lt_cv_path_mainfest_tool=no
lt_cv_prog_compiler_c_o=yes
lt_cv_prog_compiler_pic='-fPIC -DPIC'
lt_cv_prog_compiler_pic_works=yes
lt_cv_prog_compiler_rtti_exceptions=yes
lt_cv_prog_compiler_static_works=yes
lt_cv_prog_gnu_ld=yes
lt_cv_sharedlib_from_linklib_cmd='printf %s\n'
lt_cv_sys_global_symbol_pipe=
lt_cv_sys_global_symbol_to_c_name_address='/usr/bin/sed -n -e '\''s/^: \(.*\) .*$/  {"\1", (void *) 0},/p'\'' -e '\''s/^[ABCDGIRSTW][ABCDGIRSTW]* .* \(.*\)$/  {"\1", (void *) \&\1},/p'\'''
lt_cv_sys_global_symbol_to_c_name_address_lib_prefix='/usr/bin/sed -n -e '\''s/^: \(.*\) .*$/  {"\1", (void *) 0},/p'\'' -e '\''s/^[ABCDGIRSTW][ABCDGIRSTW]* .* \(lib.*\)$/  {"\1", (void *) \&\1},/p'\'' -e '\''s/^[ABCDGIRSTW][ABCDGIRSTW]* .* \(.*\)$/  {"lib\1", (void *) \&\1},/p'\'''
lt_cv_sys_global_symbol_to_cdecl=
lt_cv_sys_global_symbol_to_import=
lt_cv_sys_max_cmd_len=1572864
lt_cv_to_host_file_cmd=func_convert_file_noop
lt_cv_to_tool_file_cmd=func_convert_file_noop
lt_cv_truncate_bin='/usr/bin/dd bs=4096 count=1'
pkg_cv_FONTCONFIG_CFLAGS='-I/home/nathan/secure-exec-wasmgui/experiments/wasm-gui/third_party/wasm-prefix/include -I/home/nathan/secure-exec-wasmgui/experiments/wasm-gui/third_party/wasm-prefix/include/freetype2 '
pkg_cv_FONTCONFIG_LIBS='-L/home/nathan/secure-exec-wasmgui/experiments/wasm-gui/third_party/wasm-prefix/lib -lfontconfig -lfreetype -lz '
pkg_cv_FREETYPE_CFLAGS='-I/home/nathan/secure-exec-wasmgui/experiments/wasm-gui/third_party/wasm-prefix/include/freetype2 -I/home/nathan/secure-exec-wasmgui/experiments/wasm-gui/third_party/wasm-prefix/include '
pkg_cv_FREETYPE_LIBS='-L/home/nathan/secure-exec-wasmgui/experiments/wasm-gui/third_party/wasm-prefix/lib -lfreetype -lz '
pkg_cv_XRENDER_CFLAGS='-I/home/nathan/secure-exec-wasmgui/experiments/wasm-gui/third_party/wasm-prefix/include '
pkg_cv_XRENDER_LIBS='-L/home/nathan/secure-exec-wasmgui/experiments/wasm-gui/third_party/wasm-prefix/lib -lXrender -lX11 '
xorg_cv_cc_flag__Wall=yes
xorg_cv_cc_flag__Wbad_function_cast=yes
xorg_cv_cc_flag__Wdeclaration_after_statement=yes
xorg_cv_cc_flag__Werror=yes
xorg_cv_cc_flag__Werror_address=yes
xorg_cv_cc_flag__Werror_array_bounds=yes
xorg_cv_cc_flag__Werror_attributes=yes
xorg_cv_cc_flag__Werror_implicit=yes
xorg_cv_cc_flag__Werror_init_self=yes
xorg_cv_cc_flag__Werror_int_to_pointer_cast=yes
xorg_cv_cc_flag__Werror_main=yes
xorg_cv_cc_flag__Werror_missing_braces=yes
xorg_cv_cc_flag__Werror_nonnull=yes
xorg_cv_cc_flag__Werror_pointer_to_int_cast=yes
xorg_cv_cc_flag__Werror_return_type=yes
xorg_cv_cc_flag__Werror_sequence_point=yes
xorg_cv_cc_flag__Werror_trigraphs=yes
xorg_cv_cc_flag__Werror_write_strings=yes
xorg_cv_cc_flag__Wformat_2=yes
xorg_cv_cc_flag__Wlogical_op=no
xorg_cv_cc_flag__Wmissing_declarations=yes
xorg_cv_cc_flag__Wmissing_format_attribute=yes
xorg_cv_cc_flag__Wmissing_noreturn=yes
xorg_cv_cc_flag__Wmissing_prototypes=yes
xorg_cv_cc_flag__Wnested_externs=yes
xorg_cv_cc_flag__Wold_style_definition=yes
xorg_cv_cc_flag__Wpointer_arith=yes
xorg_cv_cc_flag__Wredundant_decls=yes
xorg_cv_cc_flag__Wshadow=yes
xorg_cv_cc_flag__Wstrict_prototypes=yes
xorg_cv_cc_flag__Wuninitialized=yes
xorg_cv_cc_flag__Wunused=yes
xorg_cv_cc_flag__pedantic=yes
xorg_cv_cc_flag_unknown_warning_option=yes
xorg_cv_cc_flag_unused_command_line_argument=yes

## ----------------- ##
## Output variables. ##
## ----------------- ##

ACLOCAL='${SHELL} '\''/home/nathan/secure-exec-wasmgui/experiments/wasm-gui/third_party/libXft/missing'\'' aclocal-1.16'
ADMIN_MAN_DIR='$(mandir)/man$(ADMIN_MAN_SUFFIX)'
ADMIN_MAN_SUFFIX='8'
AMDEPBACKSLASH='\'
AMDEP_FALSE='#'
AMDEP_TRUE=''
AMTAR='$${TAR-tar}'
AM_BACKSLASH='\'
AM_DEFAULT_V='$(AM_DEFAULT_VERBOSITY)'
AM_DEFAULT_VERBOSITY='0'
AM_V='$(V)'
APP_MAN_DIR='$(mandir)/man$(APP_MAN_SUFFIX)'
APP_MAN_SUFFIX='1'
AR='/home/nathan/secure-exec/registry/native/c/vendor/wasi-sdk/bin/llvm-ar'
AUTOCONF='${SHELL} '\''/home/nathan/secure-exec-wasmgui/experiments/wasm-gui/third_party/libXft/missing'\'' autoconf'
AUTOHEADER='${SHELL} '\''/home/nathan/secure-exec-wasmgui/experiments/wasm-gui/third_party/libXft/missing'\'' autoheader'
AUTOMAKE='${SHELL} '\''/home/nathan/secure-exec-wasmgui/experiments/wasm-gui/third_party/libXft/missing'\'' automake-1.16'
AWK='mawk'
BASE_CFLAGS=' -Wall -Wpointer-arith -Wmissing-declarations -Wformat=2 -Wstrict-prototypes -Wmissing-prototypes -Wnested-externs -Wbad-function-cast -Wold-style-definition -Wdeclaration-after-statement -Wunused -Wuninitialized -Wshadow -Wmissing-noreturn -Wmissing-format-attribute -Wredundant-decls -Werror=implicit -Werror=nonnull -Werror=init-self -Werror=main -Werror=missing-braces -Werror=sequence-point -Werror=return-type -Werror=trigraphs -Werror=array-bounds -Werror=write-strings -Werror=address -Werror=int-to-pointer-cast -Werror=pointer-to-int-cast'
CC='/home/nathan/secure-exec/registry/native/c/vendor/wasi-sdk/bin/clang'
CCDEPMODE='depmode=gcc3'
CFLAGS='--target=wasm32-wasip1 --sysroot=/home/nathan/secure-exec/registry/native/c/sysroot -O2 -D_WASI_EMULATED_MMAN -D_WASI_EMULATED_PROCESS_CLOCKS -D_GNU_SOURCE -mllvm -wasm-enable-sjlj -Wno-error=implicit-function-declaration -Wno-error=int-conversion -Wno-int-conversion -I/home/nathan/secure-exec-wasmgui/experiments/wasm-gui/toolchain/compat-include -include /home/nathan/secure-exec-wasmgui/experiments/wasm-gui/toolchain/wasi-compat.h'
CHANGELOG_CMD='((GIT_DIR=$(top_srcdir)/.git git log > $(top_srcdir)/.changelog.tmp) 2>/dev/null && mv $(top_srcdir)/.changelog.tmp $(top_srcdir)/ChangeLog) || (rm -f $(top_srcdir)/.changelog.tmp; test -e $(top_srcdir)/ChangeLog || ( touch $(top_srcdir)/ChangeLog; echo '\''git failed to create ChangeLog: installing empty ChangeLog.'\'' >&2))'
CPPFLAGS='--target=wasm32-wasip1 --sysroot=/home/nathan/secure-exec/registry/native/c/sysroot -I/home/nathan/secure-exec-wasmgui/experiments/wasm-gui/third_party/wasm-prefix/include -I/home/nathan/secure-exec-wasmgui/experiments/wasm-gui/toolchain/compat-include -include /home/nathan/secure-exec-wasmgui/experiments/wasm-gui/toolchain/wasi-compat.h'
CSCOPE='cscope'
CTAGS='ctags'
CWARNFLAGS=' -Wall -Wpointer-arith -Wmissing-declarations -Wformat=2 -Wstrict-prototypes -Wmissing-prototypes -Wnested-externs -Wbad-function-cast -Wold-style-definition -Wdeclaration-after-statement -Wunused -Wuninitialized -Wshadow -Wmissing-noreturn -Wmissing-format-attribute -Wredundant-decls -Werror=implicit -Werror=nonnull -Werror=init-self -Werror=main -Werror=missing-braces -Werror=sequence-point -Werror=return-type -Werror=trigraphs -Werror=array-bounds -Werror=write-strings -Werror=address -Werror=int-to-pointer-cast -Werror=pointer-to-int-cast -fno-strict-aliasing'
CYGPATH_W='echo'
DEFS='-DHAVE_CONFIG_H'
DEPDIR='.deps'
DLLTOOL='dlltool'
DRIVER_MAN_DIR='$(mandir)/man$(DRIVER_MAN_SUFFIX)'
DRIVER_MAN_SUFFIX='4'
DSYMUTIL=''
DUMPBIN=':'
ECHO_C=''
ECHO_N='-n'
ECHO_T=''
EGREP='/usr/bin/grep -E'
ETAGS='etags'
EXEEXT=''
FGREP='/usr/bin/grep -F'
FILECMD='file'
FILE_MAN_DIR='$(mandir)/man$(FILE_MAN_SUFFIX)'
FILE_MAN_SUFFIX='5'
FONTCONFIG_CFLAGS='-I/home/nathan/secure-exec-wasmgui/experiments/wasm-gui/third_party/wasm-prefix/include -I/home/nathan/secure-exec-wasmgui/experiments/wasm-gui/third_party/wasm-prefix/include/freetype2 '
FONTCONFIG_LIBS='-L/home/nathan/secure-exec-wasmgui/experiments/wasm-gui/third_party/wasm-prefix/lib -lfontconfig -lfreetype -lz '
FREETYPE_CFLAGS='-I/home/nathan/secure-exec-wasmgui/experiments/wasm-gui/third_party/wasm-prefix/include/freetype2 -I/home/nathan/secure-exec-wasmgui/experiments/wasm-gui/third_party/wasm-prefix/include '
FREETYPE_LIBS='-L/home/nathan/secure-exec-wasmgui/experiments/wasm-gui/third_party/wasm-prefix/lib -lfreetype -lz '
GREP='/usr/bin/grep'
INSTALL_CMD='(cp -f /home/nathan/secure-exec-wasmgui/experiments/wasm-gui/third_party/wasm-prefix/share/util-macros/INSTALL $(top_srcdir)/.INSTALL.tmp && mv $(top_srcdir)/.INSTALL.tmp $(top_srcdir)/INSTALL) || (rm -f $(top_srcdir)/.INSTALL.tmp; test -e $(top_srcdir)/INSTALL || ( touch $(top_srcdir)/INSTALL; echo '\''failed to copy INSTALL from util-macros: installing empty INSTALL.'\'' >&2))'
INSTALL_DATA='${INSTALL} -m 644'
INSTALL_PROGRAM='${INSTALL}'
INSTALL_SCRIPT='${INSTALL}'
INSTALL_STRIP_PROGRAM='$(install_sh) -c -s'
LD='/home/linuxbrew/.linuxbrew/bin/ld'
LDFLAGS='--target=wasm32-wasip1 --sysroot=/home/nathan/secure-exec/registry/native/c/sysroot -L/home/nathan/secure-exec-wasmgui/experiments/wasm-gui/third_party/wasm-prefix/lib -L/home/nathan/secure-exec/registry/native/c/vendor/wasi-sdk/share/wasi-sysroot/lib/wasm32-wasip1 -lwasi-emulated-mman -lwasi-emulated-process-clocks'
LIBOBJS=''
LIBS=''
LIBTOOL='$(SHELL) $(top_builddir)/libtool'
LIB_MAN_DIR='$(mandir)/man$(LIB_MAN_SUFFIX)'
LIB_MAN_SUFFIX='3'
LIPO=''
LN_S='ln -s'
LTLIBOBJS=''
LT_SYS_LIBRARY_PATH=''
MAKEINFO='${SHELL} '\''/home/nathan/secure-exec-wasmgui/experiments/wasm-gui/third_party/libXft/missing'\'' makeinfo'
MANIFEST_TOOL=':'
MAN_SUBSTS='	-e '\''s|__vendorversion__|"$(PACKAGE_STRING)" "$(XORG_MAN_PAGE)"|'\'' 	-e '\''s|__xorgversion__|"$(PACKAGE_STRING)" "$(XORG_MAN_PAGE)"|'\'' 	-e '\''s|__xservername__|Xorg|g'\'' 	-e '\''s|__xconfigfile__|xorg.conf|g'\'' 	-e '\''s|__projectroot__|$(prefix)|g'\'' 	-e '\''s|__apploaddir__|$(appdefaultdir)|g'\'' 	-e '\''s|__appmansuffix__|$(APP_MAN_SUFFIX)|g'\'' 	-e '\''s|__drivermansuffix__|$(DRIVER_MAN_SUFFIX)|g'\'' 	-e '\''s|__adminmansuffix__|$(ADMIN_MAN_SUFFIX)|g'\'' 	-e '\''s|__libmansuffix__|$(LIB_MAN_SUFFIX)|g'\'' 	-e '\''s|__miscmansuffix__|$(MISC_MAN_SUFFIX)|g'\'' 	-e '\''s|__filemansuffix__|$(FILE_MAN_SUFFIX)|g'\'''
MISC_MAN_DIR='$(mandir)/man$(MISC_MAN_SUFFIX)'
MISC_MAN_SUFFIX='7'
MKDIR_P='/usr/bin/mkdir -p'
NM='nm'
NMEDIT=''
OBJDUMP='objdump'
OBJEXT='o'
OTOOL64=''
OTOOL=''
PACKAGE='libXft'
PACKAGE_BUGREPORT='https://gitlab.freedesktop.org/xorg/lib/libXft/issues'
PACKAGE_NAME='libXft'
PACKAGE_STRING='libXft 2.3.8'
PACKAGE_TARNAME='libXft'
PACKAGE_URL=''
PACKAGE_VERSION='2.3.8'
PATH_SEPARATOR=':'
PKG_CONFIG='/usr/bin/pkg-config'
PKG_CONFIG_LIBDIR='/home/nathan/secure-exec-wasmgui/experiments/wasm-gui/third_party/wasm-prefix/lib/pkgconfig:/home/nathan/secure-exec-wasmgui/experiments/wasm-gui/third_party/wasm-prefix/share/pkgconfig'
PKG_CONFIG_PATH=''
RANLIB='/home/nathan/secure-exec/registry/native/c/vendor/wasi-sdk/bin/llvm-ranlib'
SED='/usr/bin/sed'
SET_MAKE=''
SHELL='/bin/bash'
STRICT_CFLAGS=' -pedantic -Werror -Werror=attributes'
STRIP='strip'
VERSION='2.3.8'
XFT_LT_VERSION='2:3:8'
XORG_MAN_PAGE='X Version 11'
XRENDER_CFLAGS='-I/home/nathan/secure-exec-wasmgui/experiments/wasm-gui/third_party/wasm-prefix/include '
XRENDER_LIBS='-L/home/nathan/secure-exec-wasmgui/experiments/wasm-gui/third_party/wasm-prefix/lib -lXrender -lX11 '
ac_ct_AR=''
ac_ct_CC=''
ac_ct_DUMPBIN='link -dump'
am__EXEEXT_FALSE=''
am__EXEEXT_TRUE='#'
am__fastdepCC_FALSE='#'
am__fastdepCC_TRUE=''
am__include='include'
am__isrc=''
am__leading_dot='.'
am__nodep='_no'
am__quote=''
am__tar='$${TAR-tar} chof - "$$tardir"'
am__untar='$${TAR-tar} xf -'
bindir='${exec_prefix}/bin'
build='x86_64-pc-linux-gnux32'
build_alias=''
build_cpu='x86_64'
build_os='linux-gnux32'
build_vendor='pc'
datadir='${datarootdir}'
datarootdir='${prefix}/share'
docdir='${datarootdir}/doc/${PACKAGE_TARNAME}'
dvidir='${docdir}'
exec_prefix='${prefix}'
host='wasm32-unknown-wasi'
host_alias='wasm32-wasi'
host_cpu='wasm32'
host_os='wasi'
host_vendor='unknown'
htmldir='${docdir}'
includedir='${prefix}/include'
infodir='${datarootdir}/info'
install_sh='${SHELL} /home/nathan/secure-exec-wasmgui/experiments/wasm-gui/third_party/libXft/install-sh'
libdir='${exec_prefix}/lib'
libexecdir='${exec_prefix}/libexec'
localedir='${datarootdir}/locale'
localstatedir='${prefix}/var'
mandir='${datarootdir}/man'
mkdir_p='$(MKDIR_P)'
oldincludedir='/usr/include'
pdfdir='${docdir}'
prefix='/home/nathan/secure-exec-wasmgui/experiments/wasm-gui/third_party/wasm-prefix'
program_transform_name='s,x,x,'
psdir='${docdir}'
runstatedir='${localstatedir}/run'
sbindir='${exec_prefix}/sbin'
sharedstatedir='${prefix}/com'
sysconfdir='${prefix}/etc'
target_alias=''

## ----------- ##
## confdefs.h. ##
## ----------- ##

/* confdefs.h */
#define PACKAGE_NAME "libXft"
#define PACKAGE_TARNAME "libXft"
#define PACKAGE_VERSION "2.3.8"
#define PACKAGE_STRING "libXft 2.3.8"
#define PACKAGE_BUGREPORT "https://gitlab.freedesktop.org/xorg/lib/libXft/issues"
#define PACKAGE_URL ""
#define PACKAGE "libXft"
#define VERSION "2.3.8"
#define HAVE_STDIO_H 1
#define HAVE_STDLIB_H 1
#define HAVE_STRING_H 1
#define HAVE_INTTYPES_H 1
#define HAVE_STDINT_H 1
#define HAVE_STRINGS_H 1
#define HAVE_SYS_STAT_H 1
#define HAVE_SYS_TYPES_H 1
#define HAVE_UNISTD_H 1
#define STDC_HEADERS 1
#define HAVE_DLFCN_H 1
#define LT_OBJDIR ".libs/"
#define PACKAGE_VERSION_MAJOR 2
#define PACKAGE_VERSION_MINOR 3
#define PACKAGE_VERSION_PATCHLEVEL 8
#define XFT_MAJOR 2
#define XFT_MINOR 3
#define XFT_REVISION 8

configure: exit 0
