This file contains any messages produced by compilers while
running configure, to aid debugging if configure makes a mistake.

It was created by libxkbfile configure 1.1.3, which was
generated by GNU Autoconf 2.72.  Invocation command line was

  $ ./configure --host=wasm32-wasi --prefix=/home/nathan/secure-exec-wasmgui/experiments/wasm-gui/third_party/wasm-prefix-threads --enable-static --disable-shared --disable-malloc0returnsnull

## --------- ##
## Platform. ##
## --------- ##

hostname = nathan-dev
uname -m = x86_64
uname -r = 6.1.0-41-amd64
uname -s = Linux
uname -v = #1 SMP PREEMPT_DYNAMIC Debian 6.1.158-1 (2025-11-09)

/usr/bin/uname -p = unknown
/bin/uname -X     = unknown

/bin/arch              = x86_64
/usr/bin/arch -k       = unknown
/usr/convex/getsysinfo = unknown
/usr/bin/hostinfo      = unknown
/bin/machine           = unknown
/usr/bin/oslevel       = unknown
/bin/universe          = unknown

PATH: /home/linuxbrew/.linuxbrew/bin/
PATH: /home/nathan/misc/bun/bin/
PATH: /home/nathan/.bun/bin/
PATH: /home/nathan/.bun/bin/
PATH: /home/nathan/.bun/bin/
PATH: /home/nathan/.bun/bin/
PATH: /home/nathan/.wasmer/bin/
PATH: /home/nathan/.opencode/bin/
PATH: /home/nathan/.local/bin/
PATH: /home/nathan/.bun/bin/
PATH: /home/nathan/.cargo/bin/
PATH: /home/nathan/.nix-profile/bin/
PATH: /nix/var/nix/profiles/default/bin/
PATH: /home/linuxbrew/.linuxbrew/bin/
PATH: /home/linuxbrew/.linuxbrew/sbin/
PATH: /home/nathan/.local/bin/
PATH: /home/linuxbrew/.linuxbrew/opt/rustup/bin/
PATH: /home/nathan/.local/bin/
PATH: /home/nathan/.atuin/bin/
PATH: /home/nathan/misc/bun/bin/
PATH: /home/nathan/.bun/bin/
PATH: /home/nathan/.bun/bin/
PATH: /home/nathan/.bun/bin/
PATH: /home/nathan/.bun/bin/
PATH: /home/nathan/.wasmer/bin/
PATH: /home/nathan/.deno/bin/
PATH: /home/nathan/.opencode/bin/
PATH: /home/nathan/.local/bin/
PATH: /home/nathan/.bun/bin/
PATH: /home/nathan/.cargo/bin/
PATH: /home/nathan/.nix-profile/bin/
PATH: /nix/var/nix/profiles/default/bin/
PATH: /tmp/pnpm/
PATH: /home/linuxbrew/.linuxbrew/bin/
PATH: /home/linuxbrew/.linuxbrew/sbin/
PATH: /home/nathan/.nvm/versions/node/v24.13.0/bin/
PATH: /home/nathan/.nix-profile/bin/
PATH: /nix/var/nix/profiles/default/bin/
PATH: /usr/local/bin/
PATH: /usr/bin/
PATH: /bin/
PATH: /usr/local/games/
PATH: /usr/games/


## ----------- ##
## Core tests. ##
## ----------- ##

configure:2477: looking for aux files: compile config.guess config.sub ltmain.sh missing install-sh
configure:2490:  trying ./
configure:2519:   ./compile found
configure:2519:   ./config.guess found
configure:2519:   ./config.sub found
configure:2519:   ./ltmain.sh found
configure:2519:   ./missing found
configure:2501:   ./install-sh found
configure:2655: checking for a BSD-compatible install
configure:2729: result: /usr/bin/install -c
configure:2740: checking whether build environment is sane
configure:2795: result: yes
configure:2851: checking for wasm32-wasi-strip
configure:2887: result: no
configure:2897: checking for strip
configure:2918: found /home/linuxbrew/.linuxbrew/bin/strip
configure:2930: result: strip
configure:2956: checking for a race-free mkdir -p
configure:2999: result: /usr/bin/mkdir -p
configure:3006: checking for gawk
configure:3042: result: no
configure:3006: checking for mawk
configure:3027: found /usr/bin/mawk
configure:3039: result: mawk
configure:3050: checking whether make sets $(MAKE)
configure:3074: result: yes
configure:3104: checking whether make supports nested variables
configure:3123: result: yes
configure:3293: checking build system type
configure:3309: result: x86_64-pc-linux-gnux32
configure:3329: checking host system type
configure:3344: result: wasm32-unknown-wasi
configure:3385: checking how to print strings
configure:3412: result: printf
configure:3446: checking whether make supports the include directive
configure:3461: make -f confmf.GNU && cat confinc.out
this is the am__doit target
configure:3464: $? = 0
configure:3483: result: yes (GNU style)
configure:3514: checking for wasm32-wasi-gcc
configure:3547: result: /home/nathan/secure-exec/registry/native/c/vendor/wasi-sdk/bin/clang
configure:3952: checking for C compiler version
configure:3961: /home/nathan/secure-exec/registry/native/c/vendor/wasi-sdk/bin/clang --version >&5
clang version 19.1.5-wasi-sdk (https://github.com/llvm/llvm-project ab4b5a2db582958af1ee308a790cfdb42bd24720)
Target: wasm32-unknown-wasi
Thread model: posix
InstalledDir: /home/nathan/secure-exec/registry/native/c/vendor/wasi-sdk/bin
configure:3972: $? = 0
configure:3961: /home/nathan/secure-exec/registry/native/c/vendor/wasi-sdk/bin/clang -v >&5
clang version 19.1.5-wasi-sdk (https://github.com/llvm/llvm-project ab4b5a2db582958af1ee308a790cfdb42bd24720)
Target: wasm32-unknown-wasi
Thread model: posix
InstalledDir: /home/nathan/secure-exec/registry/native/c/vendor/wasi-sdk/bin
configure:3972: $? = 0
configure:3961: /home/nathan/secure-exec/registry/native/c/vendor/wasi-sdk/bin/clang -V >&5
clang: error: argument to '-V' is missing (expected 1 value)
clang: error: no input files
configure:3972: $? = 1
configure:3961: /home/nathan/secure-exec/registry/native/c/vendor/wasi-sdk/bin/clang -qversion >&5
clang: error: unknown argument '-qversion'; did you mean '--version'?
clang: error: no input files
configure:3972: $? = 1
configure:3961: /home/nathan/secure-exec/registry/native/c/vendor/wasi-sdk/bin/clang -version >&5
clang: error: unknown argument '-version'; did you mean '--version'?
clang: error: no input files
configure:3972: $? = 1
configure:3992: checking whether the C compiler works
configure:4014: /home/nathan/secure-exec/registry/native/c/vendor/wasi-sdk/bin/clang --target=wasm32-wasip1-threads --sysroot=/home/nathan/secure-exec/registry/native/c/vendor/wasi-sdk/share/wasi-sysroot -O2 -pthread -matomics -mbulk-memory -DSECURE_EXEC_WASM_THREADS -D_WASI_EMULATED_SIGNAL -D_WASI_EMULATED_MMAN -D_WASI_EMULATED_PROCESS_CLOCKS -D_GNU_SOURCE -mllvm -wasm-enable-sjlj -Wno-error=implicit-function-declaration -Wno-error=int-conversion -Wno-int-conversion -I/home/nathan/secure-exec-wasmgui/experiments/wasm-gui/toolchain/compat-include -include /home/nathan/secure-exec-wasmgui/experiments/wasm-gui/toolchain/wasi-compat.h --target=wasm32-wasip1-threads --sysroot=/home/nathan/secure-exec/registry/native/c/vendor/wasi-sdk/share/wasi-sysroot -I/home/nathan/secure-exec-wasmgui/experiments/wasm-gui/third_party/wasm-prefix-threads/include -I/home/nathan/secure-exec-wasmgui/experiments/wasm-gui/toolchain/compat-include -include /home/nathan/secure-exec-wasmgui/experiments/wasm-gui/toolchain/wasi-compat.h --target=wasm32-wasip1-threads --sysroot=/home/nathan/secure-exec/registry/native/c/vendor/wasi-sdk/share/wasi-sysroot -Wl,--shared-memory -Wl,--import-memory -Wl,--export-memory -Wl,--max-memory=536870912 -Wl,--export=wasi_thread_start -lwasi-emulated-signal -L/home/nathan/secure-exec-wasmgui/experiments/wasm-gui/third_party/wasm-prefix-threads/lib -L/home/nathan/secure-exec/registry/native/c/vendor/wasi-sdk/share/wasi-sysroot/lib/wasm32-wasip1-threads -lwasi-emulated-mman -lwasi-emulated-process-clocks conftest.c  >&5
configure:4018: $? = 0
configure:4069: result: yes
configure:4073: checking for C compiler default output file name
configure:4075: result: a.out
configure:4081: checking for suffix of executables
configure:4088: /home/nathan/secure-exec/registry/native/c/vendor/wasi-sdk/bin/clang -o conftest --target=wasm32-wasip1-threads --sysroot=/home/nathan/secure-exec/registry/native/c/vendor/wasi-sdk/share/wasi-sysroot -O2 -pthread -matomics -mbulk-memory -DSECURE_EXEC_WASM_THREADS -D_WASI_EMULATED_SIGNAL -D_WASI_EMULATED_MMAN -D_WASI_EMULATED_PROCESS_CLOCKS -D_GNU_SOURCE -mllvm -wasm-enable-sjlj -Wno-error=implicit-function-declaration -Wno-error=int-conversion -Wno-int-conversion -I/home/nathan/secure-exec-wasmgui/experiments/wasm-gui/toolchain/compat-include -include /home/nathan/secure-exec-wasmgui/experiments/wasm-gui/toolchain/wasi-compat.h --target=wasm32-wasip1-threads --sysroot=/home/nathan/secure-exec/registry/native/c/vendor/wasi-sdk/share/wasi-sysroot -I/home/nathan/secure-exec-wasmgui/experiments/wasm-gui/third_party/wasm-prefix-threads/include -I/home/nathan/secure-exec-wasmgui/experiments/wasm-gui/toolchain/compat-include -include /home/nathan/secure-exec-wasmgui/experiments/wasm-gui/toolchain/wasi-compat.h --target=wasm32-wasip1-threads --sysroot=/home/nathan/secure-exec/registry/native/c/vendor/wasi-sdk/share/wasi-sysroot -Wl,--shared-memory -Wl,--import-memory -Wl,--export-memory -Wl,--max-memory=536870912 -Wl,--export=wasi_thread_start -lwasi-emulated-signal -L/home/nathan/secure-exec-wasmgui/experiments/wasm-gui/third_party/wasm-prefix-threads/lib -L/home/nathan/secure-exec/registry/native/c/vendor/wasi-sdk/share/wasi-sysroot/lib/wasm32-wasip1-threads -lwasi-emulated-mman -lwasi-emulated-process-clocks conftest.c  >&5
configure:4092: $? = 0
configure:4116: result: 
configure:4140: checking whether we are cross compiling
configure:4148: /home/nathan/secure-exec/registry/native/c/vendor/wasi-sdk/bin/clang -o conftest --target=wasm32-wasip1-threads --sysroot=/home/nathan/secure-exec/registry/native/c/vendor/wasi-sdk/share/wasi-sysroot -O2 -pthread -matomics -mbulk-memory -DSECURE_EXEC_WASM_THREADS -D_WASI_EMULATED_SIGNAL -D_WASI_EMULATED_MMAN -D_WASI_EMULATED_PROCESS_CLOCKS -D_GNU_SOURCE -mllvm -wasm-enable-sjlj -Wno-error=implicit-function-declaration -Wno-error=int-conversion -Wno-int-conversion -I/home/nathan/secure-exec-wasmgui/experiments/wasm-gui/toolchain/compat-include -include /home/nathan/secure-exec-wasmgui/experiments/wasm-gui/toolchain/wasi-compat.h --target=wasm32-wasip1-threads --sysroot=/home/nathan/secure-exec/registry/native/c/vendor/wasi-sdk/share/wasi-sysroot -I/home/nathan/secure-exec-wasmgui/experiments/wasm-gui/third_party/wasm-prefix-threads/include -I/home/nathan/secure-exec-wasmgui/experiments/wasm-gui/toolchain/compat-include -include /home/nathan/secure-exec-wasmgui/experiments/wasm-gui/toolchain/wasi-compat.h --target=wasm32-wasip1-threads --sysroot=/home/nathan/secure-exec/registry/native/c/vendor/wasi-sdk/share/wasi-sysroot -Wl,--shared-memory -Wl,--import-memory -Wl,--export-memory -Wl,--max-memory=536870912 -Wl,--export=wasi_thread_start -lwasi-emulated-signal -L/home/nathan/secure-exec-wasmgui/experiments/wasm-gui/third_party/wasm-prefix-threads/lib -L/home/nathan/secure-exec/registry/native/c/vendor/wasi-sdk/share/wasi-sysroot/lib/wasm32-wasip1-threads -lwasi-emulated-mman -lwasi-emulated-process-clocks conftest.c  >&5
configure:4152: $? = 0
configure:4159: ./conftest
./configure: line 4161: ./conftest: cannot execute binary file: Exec format error
configure:4163: $? = 126
configure:4178: result: yes
configure:4184: checking for suffix of object files
configure:4207: /home/nathan/secure-exec/registry/native/c/vendor/wasi-sdk/bin/clang -c --target=wasm32-wasip1-threads --sysroot=/home/nathan/secure-exec/registry/native/c/vendor/wasi-sdk/share/wasi-sysroot -O2 -pthread -matomics -mbulk-memory -DSECURE_EXEC_WASM_THREADS -D_WASI_EMULATED_SIGNAL -D_WASI_EMULATED_MMAN -D_WASI_EMULATED_PROCESS_CLOCKS -D_GNU_SOURCE -mllvm -wasm-enable-sjlj -Wno-error=implicit-function-declaration -Wno-error=int-conversion -Wno-int-conversion -I/home/nathan/secure-exec-wasmgui/experiments/wasm-gui/toolchain/compat-include -include /home/nathan/secure-exec-wasmgui/experiments/wasm-gui/toolchain/wasi-compat.h --target=wasm32-wasip1-threads --sysroot=/home/nathan/secure-exec/registry/native/c/vendor/wasi-sdk/share/wasi-sysroot -I/home/nathan/secure-exec-wasmgui/experiments/wasm-gui/third_party/wasm-prefix-threads/include -I/home/nathan/secure-exec-wasmgui/experiments/wasm-gui/toolchain/compat-include -include /home/nathan/secure-exec-wasmgui/experiments/wasm-gui/toolchain/wasi-compat.h conftest.c >&5
configure:4211: $? = 0
configure:4235: result: o
configure:4239: checking whether the compiler supports GNU C
configure:4259: /home/nathan/secure-exec/registry/native/c/vendor/wasi-sdk/bin/clang -c --target=wasm32-wasip1-threads --sysroot=/home/nathan/secure-exec/registry/native/c/vendor/wasi-sdk/share/wasi-sysroot -O2 -pthread -matomics -mbulk-memory -DSECURE_EXEC_WASM_THREADS -D_WASI_EMULATED_SIGNAL -D_WASI_EMULATED_MMAN -D_WASI_EMULATED_PROCESS_CLOCKS -D_GNU_SOURCE -mllvm -wasm-enable-sjlj -Wno-error=implicit-function-declaration -Wno-error=int-conversion -Wno-int-conversion -I/home/nathan/secure-exec-wasmgui/experiments/wasm-gui/toolchain/compat-include -include /home/nathan/secure-exec-wasmgui/experiments/wasm-gui/toolchain/wasi-compat.h --target=wasm32-wasip1-threads --sysroot=/home/nathan/secure-exec/registry/native/c/vendor/wasi-sdk/share/wasi-sysroot -I/home/nathan/secure-exec-wasmgui/experiments/wasm-gui/third_party/wasm-prefix-threads/include -I/home/nathan/secure-exec-wasmgui/experiments/wasm-gui/toolchain/compat-include -include /home/nathan/secure-exec-wasmgui/experiments/wasm-gui/toolchain/wasi-compat.h conftest.c >&5
configure:4259: $? = 0
configure:4271: result: yes
configure:4282: checking whether /home/nathan/secure-exec/registry/native/c/vendor/wasi-sdk/bin/clang accepts -g
configure:4303: /home/nathan/secure-exec/registry/native/c/vendor/wasi-sdk/bin/clang -c -g --target=wasm32-wasip1-threads --sysroot=/home/nathan/secure-exec/registry/native/c/vendor/wasi-sdk/share/wasi-sysroot -I/home/nathan/secure-exec-wasmgui/experiments/wasm-gui/third_party/wasm-prefix-threads/include -I/home/nathan/secure-exec-wasmgui/experiments/wasm-gui/toolchain/compat-include -include /home/nathan/secure-exec-wasmgui/experiments/wasm-gui/toolchain/wasi-compat.h conftest.c >&5
configure:4303: $? = 0
configure:4350: result: yes
configure:4370: checking for /home/nathan/secure-exec/registry/native/c/vendor/wasi-sdk/bin/clang option to enable C11 features
configure:4385: /home/nathan/secure-exec/registry/native/c/vendor/wasi-sdk/bin/clang  -c --target=wasm32-wasip1-threads --sysroot=/home/nathan/secure-exec/registry/native/c/vendor/wasi-sdk/share/wasi-sysroot -O2 -pthread -matomics -mbulk-memory -DSECURE_EXEC_WASM_THREADS -D_WASI_EMULATED_SIGNAL -D_WASI_EMULATED_MMAN -D_WASI_EMULATED_PROCESS_CLOCKS -D_GNU_SOURCE -mllvm -wasm-enable-sjlj -Wno-error=implicit-function-declaration -Wno-error=int-conversion -Wno-int-conversion -I/home/nathan/secure-exec-wasmgui/experiments/wasm-gui/toolchain/compat-include -include /home/nathan/secure-exec-wasmgui/experiments/wasm-gui/toolchain/wasi-compat.h --target=wasm32-wasip1-threads --sysroot=/home/nathan/secure-exec/registry/native/c/vendor/wasi-sdk/share/wasi-sysroot -I/home/nathan/secure-exec-wasmgui/experiments/wasm-gui/third_party/wasm-prefix-threads/include -I/home/nathan/secure-exec-wasmgui/experiments/wasm-gui/toolchain/compat-include -include /home/nathan/secure-exec-wasmgui/experiments/wasm-gui/toolchain/wasi-compat.h conftest.c >&5
configure:4385: $? = 0
configure:4404: result: none needed
configure:4528: checking whether /home/nathan/secure-exec/registry/native/c/vendor/wasi-sdk/bin/clang understands -c and -o together
configure:4551: /home/nathan/secure-exec/registry/native/c/vendor/wasi-sdk/bin/clang -c conftest.c -o conftest2.o
configure:4554: $? = 0
configure:4551: /home/nathan/secure-exec/registry/native/c/vendor/wasi-sdk/bin/clang -c conftest.c -o conftest2.o
configure:4554: $? = 0
configure:4567: result: yes
configure:4586: checking dependency style of /home/nathan/secure-exec/registry/native/c/vendor/wasi-sdk/bin/clang
configure:4699: result: gcc3
configure:4714: checking for a sed that does not truncate output
configure:4786: result: /usr/bin/sed
configure:4804: checking for grep that handles long lines and -e
configure:4870: result: /usr/bin/grep
configure:4875: checking for egrep
configure:4945: result: /usr/bin/grep -E
configure:4952: checking for fgrep
configure:5022: result: /usr/bin/grep -F
configure:5059: checking for ld used by /home/nathan/secure-exec/registry/native/c/vendor/wasi-sdk/bin/clang
configure:5128: result: /home/linuxbrew/.linuxbrew/bin/ld
configure:5135: checking if the linker (/home/linuxbrew/.linuxbrew/bin/ld) is GNU ld
configure:5152: result: yes
configure:5164: checking for BSD- or MS-compatible name lister (nm)
configure:5220: result: no
configure:5234: checking for wasm32-wasi-dumpbin
configure:5270: result: no
configure:5234: checking for wasm32-wasi-link
configure:5270: result: no
configure:5284: checking for dumpbin
configure:5320: result: no
configure:5284: checking for link
configure:5305: found /usr/bin/link
configure:5317: result: link -dump
configure:5333: WARNING: using cross tools not prefixed with host triplet
configure:5362: checking the name lister (nm) interface
configure:5370: /home/nathan/secure-exec/registry/native/c/vendor/wasi-sdk/bin/clang -c --target=wasm32-wasip1-threads --sysroot=/home/nathan/secure-exec/registry/native/c/vendor/wasi-sdk/share/wasi-sysroot -O2 -pthread -matomics -mbulk-memory -DSECURE_EXEC_WASM_THREADS -D_WASI_EMULATED_SIGNAL -D_WASI_EMULATED_MMAN -D_WASI_EMULATED_PROCESS_CLOCKS -D_GNU_SOURCE -mllvm -wasm-enable-sjlj -Wno-error=implicit-function-declaration -Wno-error=int-conversion -Wno-int-conversion -I/home/nathan/secure-exec-wasmgui/experiments/wasm-gui/toolchain/compat-include -include /home/nathan/secure-exec-wasmgui/experiments/wasm-gui/toolchain/wasi-compat.h --target=wasm32-wasip1-threads --sysroot=/home/nathan/secure-exec/registry/native/c/vendor/wasi-sdk/share/wasi-sysroot -I/home/nathan/secure-exec-wasmgui/experiments/wasm-gui/third_party/wasm-prefix-threads/include -I/home/nathan/secure-exec-wasmgui/experiments/wasm-gui/toolchain/compat-include -include /home/nathan/secure-exec-wasmgui/experiments/wasm-gui/toolchain/wasi-compat.h conftest.c >&5
configure:5373: nm "conftest.o"
nm: conftest.o: file format not recognized
configure:5376: output
configure:5384: result: BSD nm
configure:5387: checking whether ln -s works
configure:5391: result: yes
configure:5399: checking the maximum length of command line arguments
configure:5532: result: 1572864
configure:5580: checking how to convert x86_64-pc-linux-gnux32 file names to wasm32-unknown-wasi format
configure:5622: result: func_convert_file_noop
configure:5629: checking how to convert x86_64-pc-linux-gnux32 file names to toolchain format
configure:5651: result: func_convert_file_noop
configure:5658: checking for /home/linuxbrew/.linuxbrew/bin/ld option to reload object files
configure:5667: result: -r
configure:5701: checking for wasm32-wasi-file
configure:5737: result: no
configure:5747: checking for file
configure:5768: found /usr/bin/file
configure:5780: result: file
configure:5811: checking for wasm32-wasi-objdump
configure:5847: result: no
configure:5857: checking for objdump
configure:5878: found /home/linuxbrew/.linuxbrew/bin/objdump
configure:5890: result: objdump
configure:5922: checking how to recognize dependent libraries
configure:6124: result: unknown
configure:6169: checking for wasm32-wasi-dlltool
configure:6205: result: no
configure:6215: checking for dlltool
configure:6236: found /home/linuxbrew/.linuxbrew/bin/dlltool
configure:6248: result: dlltool
configure:6281: checking how to associate runtime and link libraries
configure:6310: result: printf %s\n
configure:6327: checking for wasm32-wasi-ar
configure:6360: result: /home/nathan/secure-exec/registry/native/c/vendor/wasi-sdk/bin/llvm-ar
configure:6463: checking for archiver @FILE support
configure:6481: /home/nathan/secure-exec/registry/native/c/vendor/wasi-sdk/bin/clang -c --target=wasm32-wasip1-threads --sysroot=/home/nathan/secure-exec/registry/native/c/vendor/wasi-sdk/share/wasi-sysroot -O2 -pthread -matomics -mbulk-memory -DSECURE_EXEC_WASM_THREADS -D_WASI_EMULATED_SIGNAL -D_WASI_EMULATED_MMAN -D_WASI_EMULATED_PROCESS_CLOCKS -D_GNU_SOURCE -mllvm -wasm-enable-sjlj -Wno-error=implicit-function-declaration -Wno-error=int-conversion -Wno-int-conversion -I/home/nathan/secure-exec-wasmgui/experiments/wasm-gui/toolchain/compat-include -include /home/nathan/secure-exec-wasmgui/experiments/wasm-gui/toolchain/wasi-compat.h --target=wasm32-wasip1-threads --sysroot=/home/nathan/secure-exec/registry/native/c/vendor/wasi-sdk/share/wasi-sysroot -I/home/nathan/secure-exec-wasmgui/experiments/wasm-gui/third_party/wasm-prefix-threads/include -I/home/nathan/secure-exec-wasmgui/experiments/wasm-gui/toolchain/compat-include -include /home/nathan/secure-exec-wasmgui/experiments/wasm-gui/toolchain/wasi-compat.h conftest.c >&5
configure:6481: $? = 0
configure:6485: /home/nathan/secure-exec/registry/native/c/vendor/wasi-sdk/bin/llvm-ar cr libconftest.a @conftest.lst >&5
configure:6488: $? = 0
configure:6493: /home/nathan/secure-exec/registry/native/c/vendor/wasi-sdk/bin/llvm-ar cr libconftest.a @conftest.lst >&5
/home/nathan/secure-exec/registry/native/c/vendor/wasi-sdk/bin/llvm-ar: error: conftest.o: No such file or directory
configure:6496: $? = 1
configure:6509: result: @
configure:6527: checking for wasm32-wasi-strip
configure:6560: result: strip
configure:6638: checking for wasm32-wasi-ranlib
configure:6671: result: /home/nathan/secure-exec/registry/native/c/vendor/wasi-sdk/bin/llvm-ranlib
configure:6819: checking command to parse nm output from /home/nathan/secure-exec/registry/native/c/vendor/wasi-sdk/bin/clang object
configure:6973: /home/nathan/secure-exec/registry/native/c/vendor/wasi-sdk/bin/clang -c --target=wasm32-wasip1-threads --sysroot=/home/nathan/secure-exec/registry/native/c/vendor/wasi-sdk/share/wasi-sysroot -O2 -pthread -matomics -mbulk-memory -DSECURE_EXEC_WASM_THREADS -D_WASI_EMULATED_SIGNAL -D_WASI_EMULATED_MMAN -D_WASI_EMULATED_PROCESS_CLOCKS -D_GNU_SOURCE -mllvm -wasm-enable-sjlj -Wno-error=implicit-function-declaration -Wno-error=int-conversion -Wno-int-conversion -I/home/nathan/secure-exec-wasmgui/experiments/wasm-gui/toolchain/compat-include -include /home/nathan/secure-exec-wasmgui/experiments/wasm-gui/toolchain/wasi-compat.h --target=wasm32-wasip1-threads --sysroot=/home/nathan/secure-exec/registry/native/c/vendor/wasi-sdk/share/wasi-sysroot -I/home/nathan/secure-exec-wasmgui/experiments/wasm-gui/third_party/wasm-prefix-threads/include -I/home/nathan/secure-exec-wasmgui/experiments/wasm-gui/toolchain/compat-include -include /home/nathan/secure-exec-wasmgui/experiments/wasm-gui/toolchain/wasi-compat.h conftest.c >&5
configure:6976: $? = 0
configure:6980: nm conftest.o \| /usr/bin/sed -n -e 's/^.*[ ]\([ABCDGIRSTW][ABCDGIRSTW]*\)[ ][ ]*\([_A-Za-z][_A-Za-z0-9]*\)$/\1 \2 \2/p' | /usr/bin/sed '/ __gnu_lto/d' \> conftest.nm
nm: conftest.o: file format not recognized
configure:6983: $? = 0
cannot run /usr/bin/sed -n -e 's/^.*[	 ]\([ABCDGIRSTW][ABCDGIRSTW]*\)[	 ][	 ]*\([_A-Za-z][_A-Za-z0-9]*\)$/\1 \2 \2/p' | /usr/bin/sed '/ __gnu_lto/d'
configure:6973: /home/nathan/secure-exec/registry/native/c/vendor/wasi-sdk/bin/clang -c --target=wasm32-wasip1-threads --sysroot=/home/nathan/secure-exec/registry/native/c/vendor/wasi-sdk/share/wasi-sysroot -O2 -pthread -matomics -mbulk-memory -DSECURE_EXEC_WASM_THREADS -D_WASI_EMULATED_SIGNAL -D_WASI_EMULATED_MMAN -D_WASI_EMULATED_PROCESS_CLOCKS -D_GNU_SOURCE -mllvm -wasm-enable-sjlj -Wno-error=implicit-function-declaration -Wno-error=int-conversion -Wno-int-conversion -I/home/nathan/secure-exec-wasmgui/experiments/wasm-gui/toolchain/compat-include -include /home/nathan/secure-exec-wasmgui/experiments/wasm-gui/toolchain/wasi-compat.h --target=wasm32-wasip1-threads --sysroot=/home/nathan/secure-exec/registry/native/c/vendor/wasi-sdk/share/wasi-sysroot -I/home/nathan/secure-exec-wasmgui/experiments/wasm-gui/third_party/wasm-prefix-threads/include -I/home/nathan/secure-exec-wasmgui/experiments/wasm-gui/toolchain/compat-include -include /home/nathan/secure-exec-wasmgui/experiments/wasm-gui/toolchain/wasi-compat.h conftest.c >&5
configure:6976: $? = 0
configure:6980: nm conftest.o \| /usr/bin/sed -n -e 's/^.*[ ]\([ABCDGIRSTW][ABCDGIRSTW]*\)[ ][ ]*_\([_A-Za-z][_A-Za-z0-9]*\)$/\1 _\2 \2/p' | /usr/bin/sed '/ __gnu_lto/d' \> conftest.nm
nm: conftest.o: file format not recognized
configure:6983: $? = 0
cannot run /usr/bin/sed -n -e 's/^.*[	 ]\([ABCDGIRSTW][ABCDGIRSTW]*\)[	 ][	 ]*_\([_A-Za-z][_A-Za-z0-9]*\)$/\1 _\2 \2/p' | /usr/bin/sed '/ __gnu_lto/d'
configure:7088: result: failed
configure:7138: checking for sysroot
configure:7170: result: no
configure:7177: checking for a working dd
configure:7222: result: /usr/bin/dd
configure:7226: checking how to truncate binary pipes
configure:7243: result: /usr/bin/dd bs=4096 count=1
configure:7537: checking for wasm32-wasi-mt
configure:7573: result: no
configure:7583: checking for mt
configure:7604: found /usr/bin/mt
configure:7616: result: mt
configure:7639: checking if mt is a manifest tool
configure:7646: mt '-?'
configure:7655: result: no
configure:8394: checking for stdio.h
configure:8394: /home/nathan/secure-exec/registry/native/c/vendor/wasi-sdk/bin/clang -c --target=wasm32-wasip1-threads --sysroot=/home/nathan/secure-exec/registry/native/c/vendor/wasi-sdk/share/wasi-sysroot -O2 -pthread -matomics -mbulk-memory -DSECURE_EXEC_WASM_THREADS -D_WASI_EMULATED_SIGNAL -D_WASI_EMULATED_MMAN -D_WASI_EMULATED_PROCESS_CLOCKS -D_GNU_SOURCE -mllvm -wasm-enable-sjlj -Wno-error=implicit-function-declaration -Wno-error=int-conversion -Wno-int-conversion -I/home/nathan/secure-exec-wasmgui/experiments/wasm-gui/toolchain/compat-include -include /home/nathan/secure-exec-wasmgui/experiments/wasm-gui/toolchain/wasi-compat.h --target=wasm32-wasip1-threads --sysroot=/home/nathan/secure-exec/registry/native/c/vendor/wasi-sdk/share/wasi-sysroot -I/home/nathan/secure-exec-wasmgui/experiments/wasm-gui/third_party/wasm-prefix-threads/include -I/home/nathan/secure-exec-wasmgui/experiments/wasm-gui/toolchain/compat-include -include /home/nathan/secure-exec-wasmgui/experiments/wasm-gui/toolchain/wasi-compat.h conftest.c >&5
configure:8394: $? = 0
configure:8394: result: yes
configure:8394: checking for stdlib.h
configure:8394: /home/nathan/secure-exec/registry/native/c/vendor/wasi-sdk/bin/clang -c --target=wasm32-wasip1-threads --sysroot=/home/nathan/secure-exec/registry/native/c/vendor/wasi-sdk/share/wasi-sysroot -O2 -pthread -matomics -mbulk-memory -DSECURE_EXEC_WASM_THREADS -D_WASI_EMULATED_SIGNAL -D_WASI_EMULATED_MMAN -D_WASI_EMULATED_PROCESS_CLOCKS -D_GNU_SOURCE -mllvm -wasm-enable-sjlj -Wno-error=implicit-function-declaration -Wno-error=int-conversion -Wno-int-conversion -I/home/nathan/secure-exec-wasmgui/experiments/wasm-gui/toolchain/compat-include -include /home/nathan/secure-exec-wasmgui/experiments/wasm-gui/toolchain/wasi-compat.h --target=wasm32-wasip1-threads --sysroot=/home/nathan/secure-exec/registry/native/c/vendor/wasi-sdk/share/wasi-sysroot -I/home/nathan/secure-exec-wasmgui/experiments/wasm-gui/third_party/wasm-prefix-threads/include -I/home/nathan/secure-exec-wasmgui/experiments/wasm-gui/toolchain/compat-include -include /home/nathan/secure-exec-wasmgui/experiments/wasm-gui/toolchain/wasi-compat.h conftest.c >&5
configure:8394: $? = 0
configure:8394: result: yes
configure:8394: checking for string.h
configure:8394: /home/nathan/secure-exec/registry/native/c/vendor/wasi-sdk/bin/clang -c --target=wasm32-wasip1-threads --sysroot=/home/nathan/secure-exec/registry/native/c/vendor/wasi-sdk/share/wasi-sysroot -O2 -pthread -matomics -mbulk-memory -DSECURE_EXEC_WASM_THREADS -D_WASI_EMULATED_SIGNAL -D_WASI_EMULATED_MMAN -D_WASI_EMULATED_PROCESS_CLOCKS -D_GNU_SOURCE -mllvm -wasm-enable-sjlj -Wno-error=implicit-function-declaration -Wno-error=int-conversion -Wno-int-conversion -I/home/nathan/secure-exec-wasmgui/experiments/wasm-gui/toolchain/compat-include -include /home/nathan/secure-exec-wasmgui/experiments/wasm-gui/toolchain/wasi-compat.h --target=wasm32-wasip1-threads --sysroot=/home/nathan/secure-exec/registry/native/c/vendor/wasi-sdk/share/wasi-sysroot -I/home/nathan/secure-exec-wasmgui/experiments/wasm-gui/third_party/wasm-prefix-threads/include -I/home/nathan/secure-exec-wasmgui/experiments/wasm-gui/toolchain/compat-include -include /home/nathan/secure-exec-wasmgui/experiments/wasm-gui/toolchain/wasi-compat.h conftest.c >&5
configure:8394: $? = 0
configure:8394: result: yes
configure:8394: checking for inttypes.h
configure:8394: /home/nathan/secure-exec/registry/native/c/vendor/wasi-sdk/bin/clang -c --target=wasm32-wasip1-threads --sysroot=/home/nathan/secure-exec/registry/native/c/vendor/wasi-sdk/share/wasi-sysroot -O2 -pthread -matomics -mbulk-memory -DSECURE_EXEC_WASM_THREADS -D_WASI_EMULATED_SIGNAL -D_WASI_EMULATED_MMAN -D_WASI_EMULATED_PROCESS_CLOCKS -D_GNU_SOURCE -mllvm -wasm-enable-sjlj -Wno-error=implicit-function-declaration -Wno-error=int-conversion -Wno-int-conversion -I/home/nathan/secure-exec-wasmgui/experiments/wasm-gui/toolchain/compat-include -include /home/nathan/secure-exec-wasmgui/experiments/wasm-gui/toolchain/wasi-compat.h --target=wasm32-wasip1-threads --sysroot=/home/nathan/secure-exec/registry/native/c/vendor/wasi-sdk/share/wasi-sysroot -I/home/nathan/secure-exec-wasmgui/experiments/wasm-gui/third_party/wasm-prefix-threads/include -I/home/nathan/secure-exec-wasmgui/experiments/wasm-gui/toolchain/compat-include -include /home/nathan/secure-exec-wasmgui/experiments/wasm-gui/toolchain/wasi-compat.h conftest.c >&5
configure:8394: $? = 0
configure:8394: result: yes
configure:8394: checking for stdint.h
configure:8394: /home/nathan/secure-exec/registry/native/c/vendor/wasi-sdk/bin/clang -c --target=wasm32-wasip1-threads --sysroot=/home/nathan/secure-exec/registry/native/c/vendor/wasi-sdk/share/wasi-sysroot -O2 -pthread -matomics -mbulk-memory -DSECURE_EXEC_WASM_THREADS -D_WASI_EMULATED_SIGNAL -D_WASI_EMULATED_MMAN -D_WASI_EMULATED_PROCESS_CLOCKS -D_GNU_SOURCE -mllvm -wasm-enable-sjlj -Wno-error=implicit-function-declaration -Wno-error=int-conversion -Wno-int-conversion -I/home/nathan/secure-exec-wasmgui/experiments/wasm-gui/toolchain/compat-include -include /home/nathan/secure-exec-wasmgui/experiments/wasm-gui/toolchain/wasi-compat.h --target=wasm32-wasip1-threads --sysroot=/home/nathan/secure-exec/registry/native/c/vendor/wasi-sdk/share/wasi-sysroot -I/home/nathan/secure-exec-wasmgui/experiments/wasm-gui/third_party/wasm-prefix-threads/include -I/home/nathan/secure-exec-wasmgui/experiments/wasm-gui/toolchain/compat-include -include /home/nathan/secure-exec-wasmgui/experiments/wasm-gui/toolchain/wasi-compat.h conftest.c >&5
configure:8394: $? = 0
configure:8394: result: yes
configure:8394: checking for strings.h
configure:8394: /home/nathan/secure-exec/registry/native/c/vendor/wasi-sdk/bin/clang -c --target=wasm32-wasip1-threads --sysroot=/home/nathan/secure-exec/registry/native/c/vendor/wasi-sdk/share/wasi-sysroot -O2 -pthread -matomics -mbulk-memory -DSECURE_EXEC_WASM_THREADS -D_WASI_EMULATED_SIGNAL -D_WASI_EMULATED_MMAN -D_WASI_EMULATED_PROCESS_CLOCKS -D_GNU_SOURCE -mllvm -wasm-enable-sjlj -Wno-error=implicit-function-declaration -Wno-error=int-conversion -Wno-int-conversion -I/home/nathan/secure-exec-wasmgui/experiments/wasm-gui/toolchain/compat-include -include /home/nathan/secure-exec-wasmgui/experiments/wasm-gui/toolchain/wasi-compat.h --target=wasm32-wasip1-threads --sysroot=/home/nathan/secure-exec/registry/native/c/vendor/wasi-sdk/share/wasi-sysroot -I/home/nathan/secure-exec-wasmgui/experiments/wasm-gui/third_party/wasm-prefix-threads/include -I/home/nathan/secure-exec-wasmgui/experiments/wasm-gui/toolchain/compat-include -include /home/nathan/secure-exec-wasmgui/experiments/wasm-gui/toolchain/wasi-compat.h conftest.c >&5
configure:8394: $? = 0
configure:8394: result: yes
configure:8394: checking for sys/stat.h
configure:8394: /home/nathan/secure-exec/registry/native/c/vendor/wasi-sdk/bin/clang -c --target=wasm32-wasip1-threads --sysroot=/home/nathan/secure-exec/registry/native/c/vendor/wasi-sdk/share/wasi-sysroot -O2 -pthread -matomics -mbulk-memory -DSECURE_EXEC_WASM_THREADS -D_WASI_EMULATED_SIGNAL -D_WASI_EMULATED_MMAN -D_WASI_EMULATED_PROCESS_CLOCKS -D_GNU_SOURCE -mllvm -wasm-enable-sjlj -Wno-error=implicit-function-declaration -Wno-error=int-conversion -Wno-int-conversion -I/home/nathan/secure-exec-wasmgui/experiments/wasm-gui/toolchain/compat-include -include /home/nathan/secure-exec-wasmgui/experiments/wasm-gui/toolchain/wasi-compat.h --target=wasm32-wasip1-threads --sysroot=/home/nathan/secure-exec/registry/native/c/vendor/wasi-sdk/share/wasi-sysroot -I/home/nathan/secure-exec-wasmgui/experiments/wasm-gui/third_party/wasm-prefix-threads/include -I/home/nathan/secure-exec-wasmgui/experiments/wasm-gui/toolchain/compat-include -include /home/nathan/secure-exec-wasmgui/experiments/wasm-gui/toolchain/wasi-compat.h conftest.c >&5
configure:8394: $? = 0
configure:8394: result: yes
configure:8394: checking for sys/types.h
configure:8394: /home/nathan/secure-exec/registry/native/c/vendor/wasi-sdk/bin/clang -c --target=wasm32-wasip1-threads --sysroot=/home/nathan/secure-exec/registry/native/c/vendor/wasi-sdk/share/wasi-sysroot -O2 -pthread -matomics -mbulk-memory -DSECURE_EXEC_WASM_THREADS -D_WASI_EMULATED_SIGNAL -D_WASI_EMULATED_MMAN -D_WASI_EMULATED_PROCESS_CLOCKS -D_GNU_SOURCE -mllvm -wasm-enable-sjlj -Wno-error=implicit-function-declaration -Wno-error=int-conversion -Wno-int-conversion -I/home/nathan/secure-exec-wasmgui/experiments/wasm-gui/toolchain/compat-include -include /home/nathan/secure-exec-wasmgui/experiments/wasm-gui/toolchain/wasi-compat.h --target=wasm32-wasip1-threads --sysroot=/home/nathan/secure-exec/registry/native/c/vendor/wasi-sdk/share/wasi-sysroot -I/home/nathan/secure-exec-wasmgui/experiments/wasm-gui/third_party/wasm-prefix-threads/include -I/home/nathan/secure-exec-wasmgui/experiments/wasm-gui/toolchain/compat-include -include /home/nathan/secure-exec-wasmgui/experiments/wasm-gui/toolchain/wasi-compat.h conftest.c >&5
configure:8394: $? = 0
configure:8394: result: yes
configure:8394: checking for unistd.h
configure:8394: /home/nathan/secure-exec/registry/native/c/vendor/wasi-sdk/bin/clang -c --target=wasm32-wasip1-threads --sysroot=/home/nathan/secure-exec/registry/native/c/vendor/wasi-sdk/share/wasi-sysroot -O2 -pthread -matomics -mbulk-memory -DSECURE_EXEC_WASM_THREADS -D_WASI_EMULATED_SIGNAL -D_WASI_EMULATED_MMAN -D_WASI_EMULATED_PROCESS_CLOCKS -D_GNU_SOURCE -mllvm -wasm-enable-sjlj -Wno-error=implicit-function-declaration -Wno-error=int-conversion -Wno-int-conversion -I/home/nathan/secure-exec-wasmgui/experiments/wasm-gui/toolchain/compat-include -include /home/nathan/secure-exec-wasmgui/experiments/wasm-gui/toolchain/wasi-compat.h --target=wasm32-wasip1-threads --sysroot=/home/nathan/secure-exec/registry/native/c/vendor/wasi-sdk/share/wasi-sysroot -I/home/nathan/secure-exec-wasmgui/experiments/wasm-gui/third_party/wasm-prefix-threads/include -I/home/nathan/secure-exec-wasmgui/experiments/wasm-gui/toolchain/compat-include -include /home/nathan/secure-exec-wasmgui/experiments/wasm-gui/toolchain/wasi-compat.h conftest.c >&5
configure:8394: $? = 0
configure:8394: result: yes
configure:8419: checking for dlfcn.h
configure:8419: /home/nathan/secure-exec/registry/native/c/vendor/wasi-sdk/bin/clang -c --target=wasm32-wasip1-threads --sysroot=/home/nathan/secure-exec/registry/native/c/vendor/wasi-sdk/share/wasi-sysroot -O2 -pthread -matomics -mbulk-memory -DSECURE_EXEC_WASM_THREADS -D_WASI_EMULATED_SIGNAL -D_WASI_EMULATED_MMAN -D_WASI_EMULATED_PROCESS_CLOCKS -D_GNU_SOURCE -mllvm -wasm-enable-sjlj -Wno-error=implicit-function-declaration -Wno-error=int-conversion -Wno-int-conversion -I/home/nathan/secure-exec-wasmgui/experiments/wasm-gui/toolchain/compat-include -include /home/nathan/secure-exec-wasmgui/experiments/wasm-gui/toolchain/wasi-compat.h --target=wasm32-wasip1-threads --sysroot=/home/nathan/secure-exec/registry/native/c/vendor/wasi-sdk/share/wasi-sysroot -I/home/nathan/secure-exec-wasmgui/experiments/wasm-gui/third_party/wasm-prefix-threads/include -I/home/nathan/secure-exec-wasmgui/experiments/wasm-gui/toolchain/compat-include -include /home/nathan/secure-exec-wasmgui/experiments/wasm-gui/toolchain/wasi-compat.h conftest.c >&5
configure:8419: $? = 0
configure:8419: result: yes
configure:8684: checking for objdir
configure:8701: result: .libs
configure:8967: checking if /home/nathan/secure-exec/registry/native/c/vendor/wasi-sdk/bin/clang supports -fno-rtti -fno-exceptions
configure:8986: /home/nathan/secure-exec/registry/native/c/vendor/wasi-sdk/bin/clang -c --target=wasm32-wasip1-threads --sysroot=/home/nathan/secure-exec/registry/native/c/vendor/wasi-sdk/share/wasi-sysroot -O2 -pthread -matomics -mbulk-memory -DSECURE_EXEC_WASM_THREADS -D_WASI_EMULATED_SIGNAL -D_WASI_EMULATED_MMAN -D_WASI_EMULATED_PROCESS_CLOCKS -D_GNU_SOURCE -mllvm -wasm-enable-sjlj -Wno-error=implicit-function-declaration -Wno-error=int-conversion -Wno-int-conversion -I/home/nathan/secure-exec-wasmgui/experiments/wasm-gui/toolchain/compat-include -include /home/nathan/secure-exec-wasmgui/experiments/wasm-gui/toolchain/wasi-compat.h --target=wasm32-wasip1-threads --sysroot=/home/nathan/secure-exec/registry/native/c/vendor/wasi-sdk/share/wasi-sysroot -I/home/nathan/secure-exec-wasmgui/experiments/wasm-gui/third_party/wasm-prefix-threads/include -I/home/nathan/secure-exec-wasmgui/experiments/wasm-gui/toolchain/compat-include -include /home/nathan/secure-exec-wasmgui/experiments/wasm-gui/toolchain/wasi-compat.h -fno-rtti -fno-exceptions conftest.c >&5
configure:8990: $? = 0
configure:9004: result: yes
configure:9362: checking for /home/nathan/secure-exec/registry/native/c/vendor/wasi-sdk/bin/clang option to produce PIC
configure:9371: result: -fPIC -DPIC
configure:9379: checking if /home/nathan/secure-exec/registry/native/c/vendor/wasi-sdk/bin/clang PIC flag -fPIC -DPIC works
configure:9398: /home/nathan/secure-exec/registry/native/c/vendor/wasi-sdk/bin/clang -c --target=wasm32-wasip1-threads --sysroot=/home/nathan/secure-exec/registry/native/c/vendor/wasi-sdk/share/wasi-sysroot -O2 -pthread -matomics -mbulk-memory -DSECURE_EXEC_WASM_THREADS -D_WASI_EMULATED_SIGNAL -D_WASI_EMULATED_MMAN -D_WASI_EMULATED_PROCESS_CLOCKS -D_GNU_SOURCE -mllvm -wasm-enable-sjlj -Wno-error=implicit-function-declaration -Wno-error=int-conversion -Wno-int-conversion -I/home/nathan/secure-exec-wasmgui/experiments/wasm-gui/toolchain/compat-include -include /home/nathan/secure-exec-wasmgui/experiments/wasm-gui/toolchain/wasi-compat.h --target=wasm32-wasip1-threads --sysroot=/home/nathan/secure-exec/registry/native/c/vendor/wasi-sdk/share/wasi-sysroot -I/home/nathan/secure-exec-wasmgui/experiments/wasm-gui/third_party/wasm-prefix-threads/include -I/home/nathan/secure-exec-wasmgui/experiments/wasm-gui/toolchain/compat-include -include /home/nathan/secure-exec-wasmgui/experiments/wasm-gui/toolchain/wasi-compat.h -fPIC -DPIC -DPIC conftest.c >&5
configure:9402: $? = 0
configure:9416: result: yes
configure:9445: checking if /home/nathan/secure-exec/registry/native/c/vendor/wasi-sdk/bin/clang static flag -static works
configure:9475: result: yes
configure:9490: checking if /home/nathan/secure-exec/registry/native/c/vendor/wasi-sdk/bin/clang supports -c -o file.o
configure:9512: /home/nathan/secure-exec/registry/native/c/vendor/wasi-sdk/bin/clang -c --target=wasm32-wasip1-threads --sysroot=/home/nathan/secure-exec/registry/native/c/vendor/wasi-sdk/share/wasi-sysroot -O2 -pthread -matomics -mbulk-memory -DSECURE_EXEC_WASM_THREADS -D_WASI_EMULATED_SIGNAL -D_WASI_EMULATED_MMAN -D_WASI_EMULATED_PROCESS_CLOCKS -D_GNU_SOURCE -mllvm -wasm-enable-sjlj -Wno-error=implicit-function-declaration -Wno-error=int-conversion -Wno-int-conversion -I/home/nathan/secure-exec-wasmgui/experiments/wasm-gui/toolchain/compat-include -include /home/nathan/secure-exec-wasmgui/experiments/wasm-gui/toolchain/wasi-compat.h --target=wasm32-wasip1-threads --sysroot=/home/nathan/secure-exec/registry/native/c/vendor/wasi-sdk/share/wasi-sysroot -I/home/nathan/secure-exec-wasmgui/experiments/wasm-gui/third_party/wasm-prefix-threads/include -I/home/nathan/secure-exec-wasmgui/experiments/wasm-gui/toolchain/compat-include -include /home/nathan/secure-exec-wasmgui/experiments/wasm-gui/toolchain/wasi-compat.h -o out/conftest2.o conftest.c >&5
configure:9516: $? = 0
configure:9539: result: yes
configure:9547: checking if /home/nathan/secure-exec/registry/native/c/vendor/wasi-sdk/bin/clang supports -c -o file.o
configure:9596: result: yes
configure:9629: checking whether the /home/nathan/secure-exec/registry/native/c/vendor/wasi-sdk/bin/clang linker (/home/linuxbrew/.linuxbrew/bin/ld) supports shared libraries
configure:10902: result: yes
configure:11144: checking dynamic linker characteristics
configure:11966: result: no
configure:12088: checking how to hardcode library paths into programs
configure:12113: result: immediate
configure:12713: checking whether stripping libraries is possible
configure:12722: result: yes
configure:12764: checking if libtool supports shared libraries
configure:12766: result: no
configure:12769: checking whether to build shared libraries
configure:12794: result: no
configure:12797: checking whether to build static libraries
configure:12801: result: yes
configure:12851: checking for /home/nathan/secure-exec/registry/native/c/vendor/wasi-sdk/bin/clang options needed to detect all undeclared functions
configure:12873: /home/nathan/secure-exec/registry/native/c/vendor/wasi-sdk/bin/clang -c --target=wasm32-wasip1-threads --sysroot=/home/nathan/secure-exec/registry/native/c/vendor/wasi-sdk/share/wasi-sysroot -O2 -pthread -matomics -mbulk-memory -DSECURE_EXEC_WASM_THREADS -D_WASI_EMULATED_SIGNAL -D_WASI_EMULATED_MMAN -D_WASI_EMULATED_PROCESS_CLOCKS -D_GNU_SOURCE -mllvm -wasm-enable-sjlj -Wno-error=implicit-function-declaration -Wno-error=int-conversion -Wno-int-conversion -I/home/nathan/secure-exec-wasmgui/experiments/wasm-gui/toolchain/compat-include -include /home/nathan/secure-exec-wasmgui/experiments/wasm-gui/toolchain/wasi-compat.h  --target=wasm32-wasip1-threads --sysroot=/home/nathan/secure-exec/registry/native/c/vendor/wasi-sdk/share/wasi-sysroot -I/home/nathan/secure-exec-wasmgui/experiments/wasm-gui/third_party/wasm-prefix-threads/include -I/home/nathan/secure-exec-wasmgui/experiments/wasm-gui/toolchain/compat-include -include /home/nathan/secure-exec-wasmgui/experiments/wasm-gui/toolchain/wasi-compat.h conftest.c >&5
conftest.c:27:8: warning: call to undeclared library function 'strchr' with type 'char *(const char *, int)'; ISO C99 and later do not support implicit function declarations [-Wimplicit-function-declaration]
   27 | (void) strchr;
      |        ^
conftest.c:27:8: note: include the header <string.h> or explicitly provide a declaration for 'strchr'
1 warning generated.
configure:12873: $? = 0
configure:12873: /home/nathan/secure-exec/registry/native/c/vendor/wasi-sdk/bin/clang -c --target=wasm32-wasip1-threads --sysroot=/home/nathan/secure-exec/registry/native/c/vendor/wasi-sdk/share/wasi-sysroot -O2 -pthread -matomics -mbulk-memory -DSECURE_EXEC_WASM_THREADS -D_WASI_EMULATED_SIGNAL -D_WASI_EMULATED_MMAN -D_WASI_EMULATED_PROCESS_CLOCKS -D_GNU_SOURCE -mllvm -wasm-enable-sjlj -Wno-error=implicit-function-declaration -Wno-error=int-conversion -Wno-int-conversion -I/home/nathan/secure-exec-wasmgui/experiments/wasm-gui/toolchain/compat-include -include /home/nathan/secure-exec-wasmgui/experiments/wasm-gui/toolchain/wasi-compat.h -fno-builtin --target=wasm32-wasip1-threads --sysroot=/home/nathan/secure-exec/registry/native/c/vendor/wasi-sdk/share/wasi-sysroot -I/home/nathan/secure-exec-wasmgui/experiments/wasm-gui/third_party/wasm-prefix-threads/include -I/home/nathan/secure-exec-wasmgui/experiments/wasm-gui/toolchain/compat-include -include /home/nathan/secure-exec-wasmgui/experiments/wasm-gui/toolchain/wasi-compat.h conftest.c >&5
conftest.c:27:8: error: use of undeclared identifier 'strchr'
   27 | (void) strchr;
      |        ^
1 error generated.
configure:12873: $? = 1
configure: failed program was:
| /* confdefs.h */
| #define PACKAGE_NAME "libxkbfile"
| #define PACKAGE_TARNAME "libxkbfile"
| #define PACKAGE_VERSION "1.1.3"
| #define PACKAGE_STRING "libxkbfile 1.1.3"
| #define PACKAGE_BUGREPORT "https://gitlab.freedesktop.org/xorg/lib/libxkbfile/-/issues"
| #define PACKAGE_URL ""
| #define PACKAGE "libxkbfile"
| #define VERSION "1.1.3"
| #define HAVE_STDIO_H 1
| #define HAVE_STDLIB_H 1
| #define HAVE_STRING_H 1
| #define HAVE_INTTYPES_H 1
| #define HAVE_STDINT_H 1
| #define HAVE_STRINGS_H 1
| #define HAVE_SYS_STAT_H 1
| #define HAVE_SYS_TYPES_H 1
| #define HAVE_UNISTD_H 1
| #define STDC_HEADERS 1
| #define HAVE_DLFCN_H 1
| #define LT_OBJDIR ".libs/"
| /* end confdefs.h.  */
| 
| int
| main (void)
| {
| (void) strchr;
|   ;
|   return 0;
| }
configure:12900: /home/nathan/secure-exec/registry/native/c/vendor/wasi-sdk/bin/clang -c --target=wasm32-wasip1-threads --sysroot=/home/nathan/secure-exec/registry/native/c/vendor/wasi-sdk/share/wasi-sysroot -O2 -pthread -matomics -mbulk-memory -DSECURE_EXEC_WASM_THREADS -D_WASI_EMULATED_SIGNAL -D_WASI_EMULATED_MMAN -D_WASI_EMULATED_PROCESS_CLOCKS -D_GNU_SOURCE -mllvm -wasm-enable-sjlj -Wno-error=implicit-function-declaration -Wno-error=int-conversion -Wno-int-conversion -I/home/nathan/secure-exec-wasmgui/experiments/wasm-gui/toolchain/compat-include -include /home/nathan/secure-exec-wasmgui/experiments/wasm-gui/toolchain/wasi-compat.h -fno-builtin --target=wasm32-wasip1-threads --sysroot=/home/nathan/secure-exec/registry/native/c/vendor/wasi-sdk/share/wasi-sysroot -I/home/nathan/secure-exec-wasmgui/experiments/wasm-gui/third_party/wasm-prefix-threads/include -I/home/nathan/secure-exec-wasmgui/experiments/wasm-gui/toolchain/compat-include -include /home/nathan/secure-exec-wasmgui/experiments/wasm-gui/toolchain/wasi-compat.h conftest.c >&5
configure:12900: $? = 0
configure:12920: result: -fno-builtin
configure:12938: checking whether __clang__ is declared
configure:12938: /home/nathan/secure-exec/registry/native/c/vendor/wasi-sdk/bin/clang -c --target=wasm32-wasip1-threads --sysroot=/home/nathan/secure-exec/registry/native/c/vendor/wasi-sdk/share/wasi-sysroot -O2 -pthread -matomics -mbulk-memory -DSECURE_EXEC_WASM_THREADS -D_WASI_EMULATED_SIGNAL -D_WASI_EMULATED_MMAN -D_WASI_EMULATED_PROCESS_CLOCKS -D_GNU_SOURCE -mllvm -wasm-enable-sjlj -Wno-error=implicit-function-declaration -Wno-error=int-conversion -Wno-int-conversion -I/home/nathan/secure-exec-wasmgui/experiments/wasm-gui/toolchain/compat-include -include /home/nathan/secure-exec-wasmgui/experiments/wasm-gui/toolchain/wasi-compat.h -fno-builtin --target=wasm32-wasip1-threads --sysroot=/home/nathan/secure-exec/registry/native/c/vendor/wasi-sdk/share/wasi-sysroot -I/home/nathan/secure-exec-wasmgui/experiments/wasm-gui/third_party/wasm-prefix-threads/include -I/home/nathan/secure-exec-wasmgui/experiments/wasm-gui/toolchain/compat-include -include /home/nathan/secure-exec-wasmgui/experiments/wasm-gui/toolchain/wasi-compat.h conftest.c >&5
configure:12938: $? = 0
configure:12938: result: yes
configure:12946: checking whether __INTEL_COMPILER is declared
configure:12946: /home/nathan/secure-exec/registry/native/c/vendor/wasi-sdk/bin/clang -c --target=wasm32-wasip1-threads --sysroot=/home/nathan/secure-exec/registry/native/c/vendor/wasi-sdk/share/wasi-sysroot -O2 -pthread -matomics -mbulk-memory -DSECURE_EXEC_WASM_THREADS -D_WASI_EMULATED_SIGNAL -D_WASI_EMULATED_MMAN -D_WASI_EMULATED_PROCESS_CLOCKS -D_GNU_SOURCE -mllvm -wasm-enable-sjlj -Wno-error=implicit-function-declaration -Wno-error=int-conversion -Wno-int-conversion -I/home/nathan/secure-exec-wasmgui/experiments/wasm-gui/toolchain/compat-include -include /home/nathan/secure-exec-wasmgui/experiments/wasm-gui/toolchain/wasi-compat.h -fno-builtin --target=wasm32-wasip1-threads --sysroot=/home/nathan/secure-exec/registry/native/c/vendor/wasi-sdk/share/wasi-sysroot -I/home/nathan/secure-exec-wasmgui/experiments/wasm-gui/third_party/wasm-prefix-threads/include -I/home/nathan/secure-exec-wasmgui/experiments/wasm-gui/toolchain/compat-include -include /home/nathan/secure-exec-wasmgui/experiments/wasm-gui/toolchain/wasi-compat.h conftest.c >&5
conftest.c:58:10: error: use of undeclared identifier '__INTEL_COMPILER'
   58 |   (void) __INTEL_COMPILER;
      |          ^
1 error generated.
configure:12946: $? = 1
configure: failed program was:
| /* confdefs.h */
| #define PACKAGE_NAME "libxkbfile"
| #define PACKAGE_TARNAME "libxkbfile"
| #define PACKAGE_VERSION "1.1.3"
| #define PACKAGE_STRING "libxkbfile 1.1.3"
| #define PACKAGE_BUGREPORT "https://gitlab.freedesktop.org/xorg/lib/libxkbfile/-/issues"
| #define PACKAGE_URL ""
| #define PACKAGE "libxkbfile"
| #define VERSION "1.1.3"
| #define HAVE_STDIO_H 1
| #define HAVE_STDLIB_H 1
| #define HAVE_STRING_H 1
| #define HAVE_INTTYPES_H 1
| #define HAVE_STDINT_H 1
| #define HAVE_STRINGS_H 1
| #define HAVE_SYS_STAT_H 1
| #define HAVE_SYS_TYPES_H 1
| #define HAVE_UNISTD_H 1
| #define STDC_HEADERS 1
| #define HAVE_DLFCN_H 1
| #define LT_OBJDIR ".libs/"
| /* end confdefs.h.  */
| #include <stddef.h>
| #ifdef HAVE_STDIO_H
| # include <stdio.h>
| #endif
| #ifdef HAVE_STDLIB_H
| # include <stdlib.h>
| #endif
| #ifdef HAVE_STRING_H
| # include <string.h>
| #endif
| #ifdef HAVE_INTTYPES_H
| # include <inttypes.h>
| #endif
| #ifdef HAVE_STDINT_H
| # include <stdint.h>
| #endif
| #ifdef HAVE_STRINGS_H
| # include <strings.h>
| #endif
| #ifdef HAVE_SYS_TYPES_H
| # include <sys/types.h>
| #endif
| #ifdef HAVE_SYS_STAT_H
| # include <sys/stat.h>
| #endif
| #ifdef HAVE_UNISTD_H
| # include <unistd.h>
| #endif
| int
| main (void)
| {
| #ifndef __INTEL_COMPILER
| #ifdef __cplusplus
|   (void) __INTEL_COMPILER;
| #else
|   (void) __INTEL_COMPILER;
| #endif
| #endif
| 
|   ;
|   return 0;
| }
configure:12946: result: no
configure:12954: checking whether __SUNPRO_C is declared
configure:12954: /home/nathan/secure-exec/registry/native/c/vendor/wasi-sdk/bin/clang -c --target=wasm32-wasip1-threads --sysroot=/home/nathan/secure-exec/registry/native/c/vendor/wasi-sdk/share/wasi-sysroot -O2 -pthread -matomics -mbulk-memory -DSECURE_EXEC_WASM_THREADS -D_WASI_EMULATED_SIGNAL -D_WASI_EMULATED_MMAN -D_WASI_EMULATED_PROCESS_CLOCKS -D_GNU_SOURCE -mllvm -wasm-enable-sjlj -Wno-error=implicit-function-declaration -Wno-error=int-conversion -Wno-int-conversion -I/home/nathan/secure-exec-wasmgui/experiments/wasm-gui/toolchain/compat-include -include /home/nathan/secure-exec-wasmgui/experiments/wasm-gui/toolchain/wasi-compat.h -fno-builtin --target=wasm32-wasip1-threads --sysroot=/home/nathan/secure-exec/registry/native/c/vendor/wasi-sdk/share/wasi-sysroot -I/home/nathan/secure-exec-wasmgui/experiments/wasm-gui/third_party/wasm-prefix-threads/include -I/home/nathan/secure-exec-wasmgui/experiments/wasm-gui/toolchain/compat-include -include /home/nathan/secure-exec-wasmgui/experiments/wasm-gui/toolchain/wasi-compat.h conftest.c >&5
conftest.c:58:10: error: use of undeclared identifier '__SUNPRO_C'
   58 |   (void) __SUNPRO_C;
      |          ^
1 error generated.
configure:12954: $? = 1
configure: failed program was:
| /* confdefs.h */
| #define PACKAGE_NAME "libxkbfile"
| #define PACKAGE_TARNAME "libxkbfile"
| #define PACKAGE_VERSION "1.1.3"
| #define PACKAGE_STRING "libxkbfile 1.1.3"
| #define PACKAGE_BUGREPORT "https://gitlab.freedesktop.org/xorg/lib/libxkbfile/-/issues"
| #define PACKAGE_URL ""
| #define PACKAGE "libxkbfile"
| #define VERSION "1.1.3"
| #define HAVE_STDIO_H 1
| #define HAVE_STDLIB_H 1
| #define HAVE_STRING_H 1
| #define HAVE_INTTYPES_H 1
| #define HAVE_STDINT_H 1
| #define HAVE_STRINGS_H 1
| #define HAVE_SYS_STAT_H 1
| #define HAVE_SYS_TYPES_H 1
| #define HAVE_UNISTD_H 1
| #define STDC_HEADERS 1
| #define HAVE_DLFCN_H 1
| #define LT_OBJDIR ".libs/"
| /* end confdefs.h.  */
| #include <stddef.h>
| #ifdef HAVE_STDIO_H
| # include <stdio.h>
| #endif
| #ifdef HAVE_STDLIB_H
| # include <stdlib.h>
| #endif
| #ifdef HAVE_STRING_H
| # include <string.h>
| #endif
| #ifdef HAVE_INTTYPES_H
| # include <inttypes.h>
| #endif
| #ifdef HAVE_STDINT_H
| # include <stdint.h>
| #endif
| #ifdef HAVE_STRINGS_H
| # include <strings.h>
| #endif
| #ifdef HAVE_SYS_TYPES_H
| # include <sys/types.h>
| #endif
| #ifdef HAVE_SYS_STAT_H
| # include <sys/stat.h>
| #endif
| #ifdef HAVE_UNISTD_H
| # include <unistd.h>
| #endif
| int
| main (void)
| {
| #ifndef __SUNPRO_C
| #ifdef __cplusplus
|   (void) __SUNPRO_C;
| #else
|   (void) __SUNPRO_C;
| #endif
| #endif
| 
|   ;
|   return 0;
| }
configure:12954: result: no
configure:12974: checking for wasm32-wasi-pkg-config
configure:13013: result: no
configure:13023: checking for pkg-config
configure:13046: found /usr/bin/pkg-config
configure:13059: result: /usr/bin/pkg-config
configure:13084: checking pkg-config is at least version 0.9.0
configure:13087: result: yes
configure:13138: checking if /home/nathan/secure-exec/registry/native/c/vendor/wasi-sdk/bin/clang supports -Werror=unknown-warning-option
configure:13148: /home/nathan/secure-exec/registry/native/c/vendor/wasi-sdk/bin/clang -c --target=wasm32-wasip1-threads --sysroot=/home/nathan/secure-exec/registry/native/c/vendor/wasi-sdk/share/wasi-sysroot -O2 -pthread -matomics -mbulk-memory -DSECURE_EXEC_WASM_THREADS -D_WASI_EMULATED_SIGNAL -D_WASI_EMULATED_MMAN -D_WASI_EMULATED_PROCESS_CLOCKS -D_GNU_SOURCE -mllvm -wasm-enable-sjlj -Wno-error=implicit-function-declaration -Wno-error=int-conversion -Wno-int-conversion -I/home/nathan/secure-exec-wasmgui/experiments/wasm-gui/toolchain/compat-include -include /home/nathan/secure-exec-wasmgui/experiments/wasm-gui/toolchain/wasi-compat.h -Werror=unknown-warning-option --target=wasm32-wasip1-threads --sysroot=/home/nathan/secure-exec/registry/native/c/vendor/wasi-sdk/share/wasi-sysroot -I/home/nathan/secure-exec-wasmgui/experiments/wasm-gui/third_party/wasm-prefix-threads/include -I/home/nathan/secure-exec-wasmgui/experiments/wasm-gui/toolchain/compat-include -include /home/nathan/secure-exec-wasmgui/experiments/wasm-gui/toolchain/wasi-compat.h conftest.c >&5
configure:13148: $? = 0
configure:13158: result: yes
configure:13169: checking if /home/nathan/secure-exec/registry/native/c/vendor/wasi-sdk/bin/clang supports -Werror=unused-command-line-argument
configure:13179: /home/nathan/secure-exec/registry/native/c/vendor/wasi-sdk/bin/clang -c --target=wasm32-wasip1-threads --sysroot=/home/nathan/secure-exec/registry/native/c/vendor/wasi-sdk/share/wasi-sysroot -O2 -pthread -matomics -mbulk-memory -DSECURE_EXEC_WASM_THREADS -D_WASI_EMULATED_SIGNAL -D_WASI_EMULATED_MMAN -D_WASI_EMULATED_PROCESS_CLOCKS -D_GNU_SOURCE -mllvm -wasm-enable-sjlj -Wno-error=implicit-function-declaration -Wno-error=int-conversion -Wno-int-conversion -I/home/nathan/secure-exec-wasmgui/experiments/wasm-gui/toolchain/compat-include -include /home/nathan/secure-exec-wasmgui/experiments/wasm-gui/toolchain/wasi-compat.h -Werror=unknown-warning-option -Werror=unused-command-line-argument --target=wasm32-wasip1-threads --sysroot=/home/nathan/secure-exec/registry/native/c/vendor/wasi-sdk/share/wasi-sysroot -I/home/nathan/secure-exec-wasmgui/experiments/wasm-gui/third_party/wasm-prefix-threads/include -I/home/nathan/secure-exec-wasmgui/experiments/wasm-gui/toolchain/compat-include -include /home/nathan/secure-exec-wasmgui/experiments/wasm-gui/toolchain/wasi-compat.h conftest.c >&5
configure:13179: $? = 0
configure:13189: result: yes
configure:13208: checking if /home/nathan/secure-exec/registry/native/c/vendor/wasi-sdk/bin/clang supports -Wall
configure:13226: /home/nathan/secure-exec/registry/native/c/vendor/wasi-sdk/bin/clang -o conftest --target=wasm32-wasip1-threads --sysroot=/home/nathan/secure-exec/registry/native/c/vendor/wasi-sdk/share/wasi-sysroot -O2 -pthread -matomics -mbulk-memory -DSECURE_EXEC_WASM_THREADS -D_WASI_EMULATED_SIGNAL -D_WASI_EMULATED_MMAN -D_WASI_EMULATED_PROCESS_CLOCKS -D_GNU_SOURCE -mllvm -wasm-enable-sjlj -Wno-error=implicit-function-declaration -Wno-error=int-conversion -Wno-int-conversion -I/home/nathan/secure-exec-wasmgui/experiments/wasm-gui/toolchain/compat-include -include /home/nathan/secure-exec-wasmgui/experiments/wasm-gui/toolchain/wasi-compat.h -Werror=unknown-warning-option -Werror=unused-command-line-argument -Wall --target=wasm32-wasip1-threads --sysroot=/home/nathan/secure-exec/registry/native/c/vendor/wasi-sdk/share/wasi-sysroot -I/home/nathan/secure-exec-wasmgui/experiments/wasm-gui/third_party/wasm-prefix-threads/include -I/home/nathan/secure-exec-wasmgui/experiments/wasm-gui/toolchain/compat-include -include /home/nathan/secure-exec-wasmgui/experiments/wasm-gui/toolchain/wasi-compat.h --target=wasm32-wasip1-threads --sysroot=/home/nathan/secure-exec/registry/native/c/vendor/wasi-sdk/share/wasi-sysroot -Wl,--shared-memory -Wl,--import-memory -Wl,--export-memory -Wl,--max-memory=536870912 -Wl,--export=wasi_thread_start -lwasi-emulated-signal -L/home/nathan/secure-exec-wasmgui/experiments/wasm-gui/third_party/wasm-prefix-threads/lib -L/home/nathan/secure-exec/registry/native/c/vendor/wasi-sdk/share/wasi-sysroot/lib/wasm32-wasip1-threads -lwasi-emulated-mman -lwasi-emulated-process-clocks conftest.c  >&5
configure:13226: $? = 0
configure:13242: result: yes
configure:13338: checking if /home/nathan/secure-exec/registry/native/c/vendor/wasi-sdk/bin/clang supports -Wpointer-arith
configure:13356: /home/nathan/secure-exec/registry/native/c/vendor/wasi-sdk/bin/clang -o conftest --target=wasm32-wasip1-threads --sysroot=/home/nathan/secure-exec/registry/native/c/vendor/wasi-sdk/share/wasi-sysroot -O2 -pthread -matomics -mbulk-memory -DSECURE_EXEC_WASM_THREADS -D_WASI_EMULATED_SIGNAL -D_WASI_EMULATED_MMAN -D_WASI_EMULATED_PROCESS_CLOCKS -D_GNU_SOURCE -mllvm -wasm-enable-sjlj -Wno-error=implicit-function-declaration -Wno-error=int-conversion -Wno-int-conversion -I/home/nathan/secure-exec-wasmgui/experiments/wasm-gui/toolchain/compat-include -include /home/nathan/secure-exec-wasmgui/experiments/wasm-gui/toolchain/wasi-compat.h -Werror=unknown-warning-option -Werror=unused-command-line-argument -Wpointer-arith --target=wasm32-wasip1-threads --sysroot=/home/nathan/secure-exec/registry/native/c/vendor/wasi-sdk/share/wasi-sysroot -I/home/nathan/secure-exec-wasmgui/experiments/wasm-gui/third_party/wasm-prefix-threads/include -I/home/nathan/secure-exec-wasmgui/experiments/wasm-gui/toolchain/compat-include -include /home/nathan/secure-exec-wasmgui/experiments/wasm-gui/toolchain/wasi-compat.h --target=wasm32-wasip1-threads --sysroot=/home/nathan/secure-exec/registry/native/c/vendor/wasi-sdk/share/wasi-sysroot -Wl,--shared-memory -Wl,--import-memory -Wl,--export-memory -Wl,--max-memory=536870912 -Wl,--export=wasi_thread_start -lwasi-emulated-signal -L/home/nathan/secure-exec-wasmgui/experiments/wasm-gui/third_party/wasm-prefix-threads/lib -L/home/nathan/secure-exec/registry/native/c/vendor/wasi-sdk/share/wasi-sysroot/lib/wasm32-wasip1-threads -lwasi-emulated-mman -lwasi-emulated-process-clocks conftest.c  >&5
configure:13356: $? = 0
configure:13372: result: yes
configure:13468: checking if /home/nathan/secure-exec/registry/native/c/vendor/wasi-sdk/bin/clang supports -Wmissing-declarations
configure:13486: /home/nathan/secure-exec/registry/native/c/vendor/wasi-sdk/bin/clang -o conftest --target=wasm32-wasip1-threads --sysroot=/home/nathan/secure-exec/registry/native/c/vendor/wasi-sdk/share/wasi-sysroot -O2 -pthread -matomics -mbulk-memory -DSECURE_EXEC_WASM_THREADS -D_WASI_EMULATED_SIGNAL -D_WASI_EMULATED_MMAN -D_WASI_EMULATED_PROCESS_CLOCKS -D_GNU_SOURCE -mllvm -wasm-enable-sjlj -Wno-error=implicit-function-declaration -Wno-error=int-conversion -Wno-int-conversion -I/home/nathan/secure-exec-wasmgui/experiments/wasm-gui/toolchain/compat-include -include /home/nathan/secure-exec-wasmgui/experiments/wasm-gui/toolchain/wasi-compat.h -Werror=unknown-warning-option -Werror=unused-command-line-argument -Wmissing-declarations --target=wasm32-wasip1-threads --sysroot=/home/nathan/secure-exec/registry/native/c/vendor/wasi-sdk/share/wasi-sysroot -I/home/nathan/secure-exec-wasmgui/experiments/wasm-gui/third_party/wasm-prefix-threads/include -I/home/nathan/secure-exec-wasmgui/experiments/wasm-gui/toolchain/compat-include -include /home/nathan/secure-exec-wasmgui/experiments/wasm-gui/toolchain/wasi-compat.h --target=wasm32-wasip1-threads --sysroot=/home/nathan/secure-exec/registry/native/c/vendor/wasi-sdk/share/wasi-sysroot -Wl,--shared-memory -Wl,--import-memory -Wl,--export-memory -Wl,--max-memory=536870912 -Wl,--export=wasi_thread_start -lwasi-emulated-signal -L/home/nathan/secure-exec-wasmgui/experiments/wasm-gui/third_party/wasm-prefix-threads/lib -L/home/nathan/secure-exec/registry/native/c/vendor/wasi-sdk/share/wasi-sysroot/lib/wasm32-wasip1-threads -lwasi-emulated-mman -lwasi-emulated-process-clocks conftest.c  >&5
configure:13486: $? = 0
configure:13502: result: yes
configure:13598: checking if /home/nathan/secure-exec/registry/native/c/vendor/wasi-sdk/bin/clang supports -Wformat=2
configure:13616: /home/nathan/secure-exec/registry/native/c/vendor/wasi-sdk/bin/clang -o conftest --target=wasm32-wasip1-threads --sysroot=/home/nathan/secure-exec/registry/native/c/vendor/wasi-sdk/share/wasi-sysroot -O2 -pthread -matomics -mbulk-memory -DSECURE_EXEC_WASM_THREADS -D_WASI_EMULATED_SIGNAL -D_WASI_EMULATED_MMAN -D_WASI_EMULATED_PROCESS_CLOCKS -D_GNU_SOURCE -mllvm -wasm-enable-sjlj -Wno-error=implicit-function-declaration -Wno-error=int-conversion -Wno-int-conversion -I/home/nathan/secure-exec-wasmgui/experiments/wasm-gui/toolchain/compat-include -include /home/nathan/secure-exec-wasmgui/experiments/wasm-gui/toolchain/wasi-compat.h -Werror=unknown-warning-option -Werror=unused-command-line-argument -Wformat=2 --target=wasm32-wasip1-threads --sysroot=/home/nathan/secure-exec/registry/native/c/vendor/wasi-sdk/share/wasi-sysroot -I/home/nathan/secure-exec-wasmgui/experiments/wasm-gui/third_party/wasm-prefix-threads/include -I/home/nathan/secure-exec-wasmgui/experiments/wasm-gui/toolchain/compat-include -include /home/nathan/secure-exec-wasmgui/experiments/wasm-gui/toolchain/wasi-compat.h --target=wasm32-wasip1-threads --sysroot=/home/nathan/secure-exec/registry/native/c/vendor/wasi-sdk/share/wasi-sysroot -Wl,--shared-memory -Wl,--import-memory -Wl,--export-memory -Wl,--max-memory=536870912 -Wl,--export=wasi_thread_start -lwasi-emulated-signal -L/home/nathan/secure-exec-wasmgui/experiments/wasm-gui/third_party/wasm-prefix-threads/lib -L/home/nathan/secure-exec/registry/native/c/vendor/wasi-sdk/share/wasi-sysroot/lib/wasm32-wasip1-threads -lwasi-emulated-mman -lwasi-emulated-process-clocks conftest.c  >&5
configure:13616: $? = 0
configure:13632: result: yes
configure:13783: checking if /home/nathan/secure-exec/registry/native/c/vendor/wasi-sdk/bin/clang supports -Wstrict-prototypes
configure:13801: /home/nathan/secure-exec/registry/native/c/vendor/wasi-sdk/bin/clang -o conftest --target=wasm32-wasip1-threads --sysroot=/home/nathan/secure-exec/registry/native/c/vendor/wasi-sdk/share/wasi-sysroot -O2 -pthread -matomics -mbulk-memory -DSECURE_EXEC_WASM_THREADS -D_WASI_EMULATED_SIGNAL -D_WASI_EMULATED_MMAN -D_WASI_EMULATED_PROCESS_CLOCKS -D_GNU_SOURCE -mllvm -wasm-enable-sjlj -Wno-error=implicit-function-declaration -Wno-error=int-conversion -Wno-int-conversion -I/home/nathan/secure-exec-wasmgui/experiments/wasm-gui/toolchain/compat-include -include /home/nathan/secure-exec-wasmgui/experiments/wasm-gui/toolchain/wasi-compat.h -Werror=unknown-warning-option -Werror=unused-command-line-argument -Wstrict-prototypes --target=wasm32-wasip1-threads --sysroot=/home/nathan/secure-exec/registry/native/c/vendor/wasi-sdk/share/wasi-sysroot -I/home/nathan/secure-exec-wasmgui/experiments/wasm-gui/third_party/wasm-prefix-threads/include -I/home/nathan/secure-exec-wasmgui/experiments/wasm-gui/toolchain/compat-include -include /home/nathan/secure-exec-wasmgui/experiments/wasm-gui/toolchain/wasi-compat.h --target=wasm32-wasip1-threads --sysroot=/home/nathan/secure-exec/registry/native/c/vendor/wasi-sdk/share/wasi-sysroot -Wl,--shared-memory -Wl,--import-memory -Wl,--export-memory -Wl,--max-memory=536870912 -Wl,--export=wasi_thread_start -lwasi-emulated-signal -L/home/nathan/secure-exec-wasmgui/experiments/wasm-gui/third_party/wasm-prefix-threads/lib -L/home/nathan/secure-exec/registry/native/c/vendor/wasi-sdk/share/wasi-sysroot/lib/wasm32-wasip1-threads -lwasi-emulated-mman -lwasi-emulated-process-clocks conftest.c  >&5
configure:13801: $? = 0
configure:13817: result: yes
configure:13913: checking if /home/nathan/secure-exec/registry/native/c/vendor/wasi-sdk/bin/clang supports -Wmissing-prototypes
configure:13931: /home/nathan/secure-exec/registry/native/c/vendor/wasi-sdk/bin/clang -o conftest --target=wasm32-wasip1-threads --sysroot=/home/nathan/secure-exec/registry/native/c/vendor/wasi-sdk/share/wasi-sysroot -O2 -pthread -matomics -mbulk-memory -DSECURE_EXEC_WASM_THREADS -D_WASI_EMULATED_SIGNAL -D_WASI_EMULATED_MMAN -D_WASI_EMULATED_PROCESS_CLOCKS -D_GNU_SOURCE -mllvm -wasm-enable-sjlj -Wno-error=implicit-function-declaration -Wno-error=int-conversion -Wno-int-conversion -I/home/nathan/secure-exec-wasmgui/experiments/wasm-gui/toolchain/compat-include -include /home/nathan/secure-exec-wasmgui/experiments/wasm-gui/toolchain/wasi-compat.h -Werror=unknown-warning-option -Werror=unused-command-line-argument -Wmissing-prototypes --target=wasm32-wasip1-threads --sysroot=/home/nathan/secure-exec/registry/native/c/vendor/wasi-sdk/share/wasi-sysroot -I/home/nathan/secure-exec-wasmgui/experiments/wasm-gui/third_party/wasm-prefix-threads/include -I/home/nathan/secure-exec-wasmgui/experiments/wasm-gui/toolchain/compat-include -include /home/nathan/secure-exec-wasmgui/experiments/wasm-gui/toolchain/wasi-compat.h --target=wasm32-wasip1-threads --sysroot=/home/nathan/secure-exec/registry/native/c/vendor/wasi-sdk/share/wasi-sysroot -Wl,--shared-memory -Wl,--import-memory -Wl,--export-memory -Wl,--max-memory=536870912 -Wl,--export=wasi_thread_start -lwasi-emulated-signal -L/home/nathan/secure-exec-wasmgui/experiments/wasm-gui/third_party/wasm-prefix-threads/lib -L/home/nathan/secure-exec/registry/native/c/vendor/wasi-sdk/share/wasi-sysroot/lib/wasm32-wasip1-threads -lwasi-emulated-mman -lwasi-emulated-process-clocks conftest.c  >&5
configure:13931: $? = 0
configure:13947: result: yes
configure:14043: checking if /home/nathan/secure-exec/registry/native/c/vendor/wasi-sdk/bin/clang supports -Wnested-externs
configure:14061: /home/nathan/secure-exec/registry/native/c/vendor/wasi-sdk/bin/clang -o conftest --target=wasm32-wasip1-threads --sysroot=/home/nathan/secure-exec/registry/native/c/vendor/wasi-sdk/share/wasi-sysroot -O2 -pthread -matomics -mbulk-memory -DSECURE_EXEC_WASM_THREADS -D_WASI_EMULATED_SIGNAL -D_WASI_EMULATED_MMAN -D_WASI_EMULATED_PROCESS_CLOCKS -D_GNU_SOURCE -mllvm -wasm-enable-sjlj -Wno-error=implicit-function-declaration -Wno-error=int-conversion -Wno-int-conversion -I/home/nathan/secure-exec-wasmgui/experiments/wasm-gui/toolchain/compat-include -include /home/nathan/secure-exec-wasmgui/experiments/wasm-gui/toolchain/wasi-compat.h -Werror=unknown-warning-option -Werror=unused-command-line-argument -Wnested-externs --target=wasm32-wasip1-threads --sysroot=/home/nathan/secure-exec/registry/native/c/vendor/wasi-sdk/share/wasi-sysroot -I/home/nathan/secure-exec-wasmgui/experiments/wasm-gui/third_party/wasm-prefix-threads/include -I/home/nathan/secure-exec-wasmgui/experiments/wasm-gui/toolchain/compat-include -include /home/nathan/secure-exec-wasmgui/experiments/wasm-gui/toolchain/wasi-compat.h --target=wasm32-wasip1-threads --sysroot=/home/nathan/secure-exec/registry/native/c/vendor/wasi-sdk/share/wasi-sysroot -Wl,--shared-memory -Wl,--import-memory -Wl,--export-memory -Wl,--max-memory=536870912 -Wl,--export=wasi_thread_start -lwasi-emulated-signal -L/home/nathan/secure-exec-wasmgui/experiments/wasm-gui/third_party/wasm-prefix-threads/lib -L/home/nathan/secure-exec/registry/native/c/vendor/wasi-sdk/share/wasi-sysroot/lib/wasm32-wasip1-threads -lwasi-emulated-mman -lwasi-emulated-process-clocks conftest.c  >&5
configure:14061: $? = 0
configure:14077: result: yes
configure:14173: checking if /home/nathan/secure-exec/registry/native/c/vendor/wasi-sdk/bin/clang supports -Wbad-function-cast
configure:14191: /home/nathan/secure-exec/registry/native/c/vendor/wasi-sdk/bin/clang -o conftest --target=wasm32-wasip1-threads --sysroot=/home/nathan/secure-exec/registry/native/c/vendor/wasi-sdk/share/wasi-sysroot -O2 -pthread -matomics -mbulk-memory -DSECURE_EXEC_WASM_THREADS -D_WASI_EMULATED_SIGNAL -D_WASI_EMULATED_MMAN -D_WASI_EMULATED_PROCESS_CLOCKS -D_GNU_SOURCE -mllvm -wasm-enable-sjlj -Wno-error=implicit-function-declaration -Wno-error=int-conversion -Wno-int-conversion -I/home/nathan/secure-exec-wasmgui/experiments/wasm-gui/toolchain/compat-include -include /home/nathan/secure-exec-wasmgui/experiments/wasm-gui/toolchain/wasi-compat.h -Werror=unknown-warning-option -Werror=unused-command-line-argument -Wbad-function-cast --target=wasm32-wasip1-threads --sysroot=/home/nathan/secure-exec/registry/native/c/vendor/wasi-sdk/share/wasi-sysroot -I/home/nathan/secure-exec-wasmgui/experiments/wasm-gui/third_party/wasm-prefix-threads/include -I/home/nathan/secure-exec-wasmgui/experiments/wasm-gui/toolchain/compat-include -include /home/nathan/secure-exec-wasmgui/experiments/wasm-gui/toolchain/wasi-compat.h --target=wasm32-wasip1-threads --sysroot=/home/nathan/secure-exec/registry/native/c/vendor/wasi-sdk/share/wasi-sysroot -Wl,--shared-memory -Wl,--import-memory -Wl,--export-memory -Wl,--max-memory=536870912 -Wl,--export=wasi_thread_start -lwasi-emulated-signal -L/home/nathan/secure-exec-wasmgui/experiments/wasm-gui/third_party/wasm-prefix-threads/lib -L/home/nathan/secure-exec/registry/native/c/vendor/wasi-sdk/share/wasi-sysroot/lib/wasm32-wasip1-threads -lwasi-emulated-mman -lwasi-emulated-process-clocks conftest.c  >&5
configure:14191: $? = 0
configure:14207: result: yes
configure:14303: checking if /home/nathan/secure-exec/registry/native/c/vendor/wasi-sdk/bin/clang supports -Wold-style-definition
configure:14321: /home/nathan/secure-exec/registry/native/c/vendor/wasi-sdk/bin/clang -o conftest --target=wasm32-wasip1-threads --sysroot=/home/nathan/secure-exec/registry/native/c/vendor/wasi-sdk/share/wasi-sysroot -O2 -pthread -matomics -mbulk-memory -DSECURE_EXEC_WASM_THREADS -D_WASI_EMULATED_SIGNAL -D_WASI_EMULATED_MMAN -D_WASI_EMULATED_PROCESS_CLOCKS -D_GNU_SOURCE -mllvm -wasm-enable-sjlj -Wno-error=implicit-function-declaration -Wno-error=int-conversion -Wno-int-conversion -I/home/nathan/secure-exec-wasmgui/experiments/wasm-gui/toolchain/compat-include -include /home/nathan/secure-exec-wasmgui/experiments/wasm-gui/toolchain/wasi-compat.h -Werror=unknown-warning-option -Werror=unused-command-line-argument -Wold-style-definition --target=wasm32-wasip1-threads --sysroot=/home/nathan/secure-exec/registry/native/c/vendor/wasi-sdk/share/wasi-sysroot -I/home/nathan/secure-exec-wasmgui/experiments/wasm-gui/third_party/wasm-prefix-threads/include -I/home/nathan/secure-exec-wasmgui/experiments/wasm-gui/toolchain/compat-include -include /home/nathan/secure-exec-wasmgui/experiments/wasm-gui/toolchain/wasi-compat.h --target=wasm32-wasip1-threads --sysroot=/home/nathan/secure-exec/registry/native/c/vendor/wasi-sdk/share/wasi-sysroot -Wl,--shared-memory -Wl,--import-memory -Wl,--export-memory -Wl,--max-memory=536870912 -Wl,--export=wasi_thread_start -lwasi-emulated-signal -L/home/nathan/secure-exec-wasmgui/experiments/wasm-gui/third_party/wasm-prefix-threads/lib -L/home/nathan/secure-exec/registry/native/c/vendor/wasi-sdk/share/wasi-sysroot/lib/wasm32-wasip1-threads -lwasi-emulated-mman -lwasi-emulated-process-clocks conftest.c  >&5
configure:14321: $? = 0
configure:14337: result: yes
configure:14486: checking if /home/nathan/secure-exec/registry/native/c/vendor/wasi-sdk/bin/clang supports -Wdeclaration-after-statement
configure:14504: /home/nathan/secure-exec/registry/native/c/vendor/wasi-sdk/bin/clang -o conftest --target=wasm32-wasip1-threads --sysroot=/home/nathan/secure-exec/registry/native/c/vendor/wasi-sdk/share/wasi-sysroot -O2 -pthread -matomics -mbulk-memory -DSECURE_EXEC_WASM_THREADS -D_WASI_EMULATED_SIGNAL -D_WASI_EMULATED_MMAN -D_WASI_EMULATED_PROCESS_CLOCKS -D_GNU_SOURCE -mllvm -wasm-enable-sjlj -Wno-error=implicit-function-declaration -Wno-error=int-conversion -Wno-int-conversion -I/home/nathan/secure-exec-wasmgui/experiments/wasm-gui/toolchain/compat-include -include /home/nathan/secure-exec-wasmgui/experiments/wasm-gui/toolchain/wasi-compat.h -Werror=unknown-warning-option -Werror=unused-command-line-argument -Wdeclaration-after-statement --target=wasm32-wasip1-threads --sysroot=/home/nathan/secure-exec/registry/native/c/vendor/wasi-sdk/share/wasi-sysroot -I/home/nathan/secure-exec-wasmgui/experiments/wasm-gui/third_party/wasm-prefix-threads/include -I/home/nathan/secure-exec-wasmgui/experiments/wasm-gui/toolchain/compat-include -include /home/nathan/secure-exec-wasmgui/experiments/wasm-gui/toolchain/wasi-compat.h --target=wasm32-wasip1-threads --sysroot=/home/nathan/secure-exec/registry/native/c/vendor/wasi-sdk/share/wasi-sysroot -Wl,--shared-memory -Wl,--import-memory -Wl,--export-memory -Wl,--max-memory=536870912 -Wl,--export=wasi_thread_start -lwasi-emulated-signal -L/home/nathan/secure-exec-wasmgui/experiments/wasm-gui/third_party/wasm-prefix-threads/lib -L/home/nathan/secure-exec/registry/native/c/vendor/wasi-sdk/share/wasi-sysroot/lib/wasm32-wasip1-threads -lwasi-emulated-mman -lwasi-emulated-process-clocks conftest.c  >&5
configure:14504: $? = 0
configure:14520: result: yes
configure:14620: checking if /home/nathan/secure-exec/registry/native/c/vendor/wasi-sdk/bin/clang supports -Wunused
configure:14638: /home/nathan/secure-exec/registry/native/c/vendor/wasi-sdk/bin/clang -o conftest --target=wasm32-wasip1-threads --sysroot=/home/nathan/secure-exec/registry/native/c/vendor/wasi-sdk/share/wasi-sysroot -O2 -pthread -matomics -mbulk-memory -DSECURE_EXEC_WASM_THREADS -D_WASI_EMULATED_SIGNAL -D_WASI_EMULATED_MMAN -D_WASI_EMULATED_PROCESS_CLOCKS -D_GNU_SOURCE -mllvm -wasm-enable-sjlj -Wno-error=implicit-function-declaration -Wno-error=int-conversion -Wno-int-conversion -I/home/nathan/secure-exec-wasmgui/experiments/wasm-gui/toolchain/compat-include -include /home/nathan/secure-exec-wasmgui/experiments/wasm-gui/toolchain/wasi-compat.h -Werror=unknown-warning-option -Werror=unused-command-line-argument -Wunused --target=wasm32-wasip1-threads --sysroot=/home/nathan/secure-exec/registry/native/c/vendor/wasi-sdk/share/wasi-sysroot -I/home/nathan/secure-exec-wasmgui/experiments/wasm-gui/third_party/wasm-prefix-threads/include -I/home/nathan/secure-exec-wasmgui/experiments/wasm-gui/toolchain/compat-include -include /home/nathan/secure-exec-wasmgui/experiments/wasm-gui/toolchain/wasi-compat.h --target=wasm32-wasip1-threads --sysroot=/home/nathan/secure-exec/registry/native/c/vendor/wasi-sdk/share/wasi-sysroot -Wl,--shared-memory -Wl,--import-memory -Wl,--export-memory -Wl,--max-memory=536870912 -Wl,--export=wasi_thread_start -lwasi-emulated-signal -L/home/nathan/secure-exec-wasmgui/experiments/wasm-gui/third_party/wasm-prefix-threads/lib -L/home/nathan/secure-exec/registry/native/c/vendor/wasi-sdk/share/wasi-sysroot/lib/wasm32-wasip1-threads -lwasi-emulated-mman -lwasi-emulated-process-clocks conftest.c  >&5
configure:14638: $? = 0
configure:14654: result: yes
configure:14750: checking if /home/nathan/secure-exec/registry/native/c/vendor/wasi-sdk/bin/clang supports -Wuninitialized
configure:14768: /home/nathan/secure-exec/registry/native/c/vendor/wasi-sdk/bin/clang -o conftest --target=wasm32-wasip1-threads --sysroot=/home/nathan/secure-exec/registry/native/c/vendor/wasi-sdk/share/wasi-sysroot -O2 -pthread -matomics -mbulk-memory -DSECURE_EXEC_WASM_THREADS -D_WASI_EMULATED_SIGNAL -D_WASI_EMULATED_MMAN -D_WASI_EMULATED_PROCESS_CLOCKS -D_GNU_SOURCE -mllvm -wasm-enable-sjlj -Wno-error=implicit-function-declaration -Wno-error=int-conversion -Wno-int-conversion -I/home/nathan/secure-exec-wasmgui/experiments/wasm-gui/toolchain/compat-include -include /home/nathan/secure-exec-wasmgui/experiments/wasm-gui/toolchain/wasi-compat.h -Werror=unknown-warning-option -Werror=unused-command-line-argument -Wuninitialized --target=wasm32-wasip1-threads --sysroot=/home/nathan/secure-exec/registry/native/c/vendor/wasi-sdk/share/wasi-sysroot -I/home/nathan/secure-exec-wasmgui/experiments/wasm-gui/third_party/wasm-prefix-threads/include -I/home/nathan/secure-exec-wasmgui/experiments/wasm-gui/toolchain/compat-include -include /home/nathan/secure-exec-wasmgui/experiments/wasm-gui/toolchain/wasi-compat.h --target=wasm32-wasip1-threads --sysroot=/home/nathan/secure-exec/registry/native/c/vendor/wasi-sdk/share/wasi-sysroot -Wl,--shared-memory -Wl,--import-memory -Wl,--export-memory -Wl,--max-memory=536870912 -Wl,--export=wasi_thread_start -lwasi-emulated-signal -L/home/nathan/secure-exec-wasmgui/experiments/wasm-gui/third_party/wasm-prefix-threads/lib -L/home/nathan/secure-exec/registry/native/c/vendor/wasi-sdk/share/wasi-sysroot/lib/wasm32-wasip1-threads -lwasi-emulated-mman -lwasi-emulated-process-clocks conftest.c  >&5
configure:14768: $? = 0
configure:14784: result: yes
configure:14880: checking if /home/nathan/secure-exec/registry/native/c/vendor/wasi-sdk/bin/clang supports -Wshadow
configure:14898: /home/nathan/secure-exec/registry/native/c/vendor/wasi-sdk/bin/clang -o conftest --target=wasm32-wasip1-threads --sysroot=/home/nathan/secure-exec/registry/native/c/vendor/wasi-sdk/share/wasi-sysroot -O2 -pthread -matomics -mbulk-memory -DSECURE_EXEC_WASM_THREADS -D_WASI_EMULATED_SIGNAL -D_WASI_EMULATED_MMAN -D_WASI_EMULATED_PROCESS_CLOCKS -D_GNU_SOURCE -mllvm -wasm-enable-sjlj -Wno-error=implicit-function-declaration -Wno-error=int-conversion -Wno-int-conversion -I/home/nathan/secure-exec-wasmgui/experiments/wasm-gui/toolchain/compat-include -include /home/nathan/secure-exec-wasmgui/experiments/wasm-gui/toolchain/wasi-compat.h -Werror=unknown-warning-option -Werror=unused-command-line-argument -Wshadow --target=wasm32-wasip1-threads --sysroot=/home/nathan/secure-exec/registry/native/c/vendor/wasi-sdk/share/wasi-sysroot -I/home/nathan/secure-exec-wasmgui/experiments/wasm-gui/third_party/wasm-prefix-threads/include -I/home/nathan/secure-exec-wasmgui/experiments/wasm-gui/toolchain/compat-include -include /home/nathan/secure-exec-wasmgui/experiments/wasm-gui/toolchain/wasi-compat.h --target=wasm32-wasip1-threads --sysroot=/home/nathan/secure-exec/registry/native/c/vendor/wasi-sdk/share/wasi-sysroot -Wl,--shared-memory -Wl,--import-memory -Wl,--export-memory -Wl,--max-memory=536870912 -Wl,--export=wasi_thread_start -lwasi-emulated-signal -L/home/nathan/secure-exec-wasmgui/experiments/wasm-gui/third_party/wasm-prefix-threads/lib -L/home/nathan/secure-exec/registry/native/c/vendor/wasi-sdk/share/wasi-sysroot/lib/wasm32-wasip1-threads -lwasi-emulated-mman -lwasi-emulated-process-clocks conftest.c  >&5
configure:14898: $? = 0
configure:14914: result: yes
configure:15010: checking if /home/nathan/secure-exec/registry/native/c/vendor/wasi-sdk/bin/clang supports -Wmissing-noreturn
configure:15028: /home/nathan/secure-exec/registry/native/c/vendor/wasi-sdk/bin/clang -o conftest --target=wasm32-wasip1-threads --sysroot=/home/nathan/secure-exec/registry/native/c/vendor/wasi-sdk/share/wasi-sysroot -O2 -pthread -matomics -mbulk-memory -DSECURE_EXEC_WASM_THREADS -D_WASI_EMULATED_SIGNAL -D_WASI_EMULATED_MMAN -D_WASI_EMULATED_PROCESS_CLOCKS -D_GNU_SOURCE -mllvm -wasm-enable-sjlj -Wno-error=implicit-function-declaration -Wno-error=int-conversion -Wno-int-conversion -I/home/nathan/secure-exec-wasmgui/experiments/wasm-gui/toolchain/compat-include -include /home/nathan/secure-exec-wasmgui/experiments/wasm-gui/toolchain/wasi-compat.h -Werror=unknown-warning-option -Werror=unused-command-line-argument -Wmissing-noreturn --target=wasm32-wasip1-threads --sysroot=/home/nathan/secure-exec/registry/native/c/vendor/wasi-sdk/share/wasi-sysroot -I/home/nathan/secure-exec-wasmgui/experiments/wasm-gui/third_party/wasm-prefix-threads/include -I/home/nathan/secure-exec-wasmgui/experiments/wasm-gui/toolchain/compat-include -include /home/nathan/secure-exec-wasmgui/experiments/wasm-gui/toolchain/wasi-compat.h --target=wasm32-wasip1-threads --sysroot=/home/nathan/secure-exec/registry/native/c/vendor/wasi-sdk/share/wasi-sysroot -Wl,--shared-memory -Wl,--import-memory -Wl,--export-memory -Wl,--max-memory=536870912 -Wl,--export=wasi_thread_start -lwasi-emulated-signal -L/home/nathan/secure-exec-wasmgui/experiments/wasm-gui/third_party/wasm-prefix-threads/lib -L/home/nathan/secure-exec/registry/native/c/vendor/wasi-sdk/share/wasi-sysroot/lib/wasm32-wasip1-threads -lwasi-emulated-mman -lwasi-emulated-process-clocks conftest.c  >&5
configure:15028: $? = 0
configure:15044: result: yes
configure:15140: checking if /home/nathan/secure-exec/registry/native/c/vendor/wasi-sdk/bin/clang supports -Wmissing-format-attribute
configure:15158: /home/nathan/secure-exec/registry/native/c/vendor/wasi-sdk/bin/clang -o conftest --target=wasm32-wasip1-threads --sysroot=/home/nathan/secure-exec/registry/native/c/vendor/wasi-sdk/share/wasi-sysroot -O2 -pthread -matomics -mbulk-memory -DSECURE_EXEC_WASM_THREADS -D_WASI_EMULATED_SIGNAL -D_WASI_EMULATED_MMAN -D_WASI_EMULATED_PROCESS_CLOCKS -D_GNU_SOURCE -mllvm -wasm-enable-sjlj -Wno-error=implicit-function-declaration -Wno-error=int-conversion -Wno-int-conversion -I/home/nathan/secure-exec-wasmgui/experiments/wasm-gui/toolchain/compat-include -include /home/nathan/secure-exec-wasmgui/experiments/wasm-gui/toolchain/wasi-compat.h -Werror=unknown-warning-option -Werror=unused-command-line-argument -Wmissing-format-attribute --target=wasm32-wasip1-threads --sysroot=/home/nathan/secure-exec/registry/native/c/vendor/wasi-sdk/share/wasi-sysroot -I/home/nathan/secure-exec-wasmgui/experiments/wasm-gui/third_party/wasm-prefix-threads/include -I/home/nathan/secure-exec-wasmgui/experiments/wasm-gui/toolchain/compat-include -include /home/nathan/secure-exec-wasmgui/experiments/wasm-gui/toolchain/wasi-compat.h --target=wasm32-wasip1-threads --sysroot=/home/nathan/secure-exec/registry/native/c/vendor/wasi-sdk/share/wasi-sysroot -Wl,--shared-memory -Wl,--import-memory -Wl,--export-memory -Wl,--max-memory=536870912 -Wl,--export=wasi_thread_start -lwasi-emulated-signal -L/home/nathan/secure-exec-wasmgui/experiments/wasm-gui/third_party/wasm-prefix-threads/lib -L/home/nathan/secure-exec/registry/native/c/vendor/wasi-sdk/share/wasi-sysroot/lib/wasm32-wasip1-threads -lwasi-emulated-mman -lwasi-emulated-process-clocks conftest.c  >&5
configure:15158: $? = 0
configure:15174: result: yes
configure:15270: checking if /home/nathan/secure-exec/registry/native/c/vendor/wasi-sdk/bin/clang supports -Wredundant-decls
configure:15288: /home/nathan/secure-exec/registry/native/c/vendor/wasi-sdk/bin/clang -o conftest --target=wasm32-wasip1-threads --sysroot=/home/nathan/secure-exec/registry/native/c/vendor/wasi-sdk/share/wasi-sysroot -O2 -pthread -matomics -mbulk-memory -DSECURE_EXEC_WASM_THREADS -D_WASI_EMULATED_SIGNAL -D_WASI_EMULATED_MMAN -D_WASI_EMULATED_PROCESS_CLOCKS -D_GNU_SOURCE -mllvm -wasm-enable-sjlj -Wno-error=implicit-function-declaration -Wno-error=int-conversion -Wno-int-conversion -I/home/nathan/secure-exec-wasmgui/experiments/wasm-gui/toolchain/compat-include -include /home/nathan/secure-exec-wasmgui/experiments/wasm-gui/toolchain/wasi-compat.h -Werror=unknown-warning-option -Werror=unused-command-line-argument -Wredundant-decls --target=wasm32-wasip1-threads --sysroot=/home/nathan/secure-exec/registry/native/c/vendor/wasi-sdk/share/wasi-sysroot -I/home/nathan/secure-exec-wasmgui/experiments/wasm-gui/third_party/wasm-prefix-threads/include -I/home/nathan/secure-exec-wasmgui/experiments/wasm-gui/toolchain/compat-include -include /home/nathan/secure-exec-wasmgui/experiments/wasm-gui/toolchain/wasi-compat.h --target=wasm32-wasip1-threads --sysroot=/home/nathan/secure-exec/registry/native/c/vendor/wasi-sdk/share/wasi-sysroot -Wl,--shared-memory -Wl,--import-memory -Wl,--export-memory -Wl,--max-memory=536870912 -Wl,--export=wasi_thread_start -lwasi-emulated-signal -L/home/nathan/secure-exec-wasmgui/experiments/wasm-gui/third_party/wasm-prefix-threads/lib -L/home/nathan/secure-exec/registry/native/c/vendor/wasi-sdk/share/wasi-sysroot/lib/wasm32-wasip1-threads -lwasi-emulated-mman -lwasi-emulated-process-clocks conftest.c  >&5
configure:15288: $? = 0
configure:15304: result: yes
configure:15400: checking if /home/nathan/secure-exec/registry/native/c/vendor/wasi-sdk/bin/clang supports -Wlogical-op
configure:15418: /home/nathan/secure-exec/registry/native/c/vendor/wasi-sdk/bin/clang -o conftest --target=wasm32-wasip1-threads --sysroot=/home/nathan/secure-exec/registry/native/c/vendor/wasi-sdk/share/wasi-sysroot -O2 -pthread -matomics -mbulk-memory -DSECURE_EXEC_WASM_THREADS -D_WASI_EMULATED_SIGNAL -D_WASI_EMULATED_MMAN -D_WASI_EMULATED_PROCESS_CLOCKS -D_GNU_SOURCE -mllvm -wasm-enable-sjlj -Wno-error=implicit-function-declaration -Wno-error=int-conversion -Wno-int-conversion -I/home/nathan/secure-exec-wasmgui/experiments/wasm-gui/toolchain/compat-include -include /home/nathan/secure-exec-wasmgui/experiments/wasm-gui/toolchain/wasi-compat.h -Werror=unknown-warning-option -Werror=unused-command-line-argument -Wlogical-op --target=wasm32-wasip1-threads --sysroot=/home/nathan/secure-exec/registry/native/c/vendor/wasi-sdk/share/wasi-sysroot -I/home/nathan/secure-exec-wasmgui/experiments/wasm-gui/third_party/wasm-prefix-threads/include -I/home/nathan/secure-exec-wasmgui/experiments/wasm-gui/toolchain/compat-include -include /home/nathan/secure-exec-wasmgui/experiments/wasm-gui/toolchain/wasi-compat.h --target=wasm32-wasip1-threads --sysroot=/home/nathan/secure-exec/registry/native/c/vendor/wasi-sdk/share/wasi-sysroot -Wl,--shared-memory -Wl,--import-memory -Wl,--export-memory -Wl,--max-memory=536870912 -Wl,--export=wasi_thread_start -lwasi-emulated-signal -L/home/nathan/secure-exec-wasmgui/experiments/wasm-gui/third_party/wasm-prefix-threads/lib -L/home/nathan/secure-exec/registry/native/c/vendor/wasi-sdk/share/wasi-sysroot/lib/wasm32-wasip1-threads -lwasi-emulated-mman -lwasi-emulated-process-clocks conftest.c  >&5
error: unknown warning option '-Wlogical-op'; did you mean '-Wlong-long'? [-Werror,-Wunknown-warning-option]
configure:15418: $? = 1
configure: failed program was:
| /* confdefs.h */
| #define PACKAGE_NAME "libxkbfile"
| #define PACKAGE_TARNAME "libxkbfile"
| #define PACKAGE_VERSION "1.1.3"
| #define PACKAGE_STRING "libxkbfile 1.1.3"
| #define PACKAGE_BUGREPORT "https://gitlab.freedesktop.org/xorg/lib/libxkbfile/-/issues"
| #define PACKAGE_URL ""
| #define PACKAGE "libxkbfile"
| #define VERSION "1.1.3"
| #define HAVE_STDIO_H 1
| #define HAVE_STDLIB_H 1
| #define HAVE_STRING_H 1
| #define HAVE_INTTYPES_H 1
| #define HAVE_STDINT_H 1
| #define HAVE_STRINGS_H 1
| #define HAVE_SYS_STAT_H 1
| #define HAVE_SYS_TYPES_H 1
| #define HAVE_UNISTD_H 1
| #define STDC_HEADERS 1
| #define HAVE_DLFCN_H 1
| #define LT_OBJDIR ".libs/"
| /* end confdefs.h.  */
| int i;
| int
| main (void)
| {
| 
|   ;
|   return 0;
| }
configure:15434: result: no
configure:15542: checking if /home/nathan/secure-exec/registry/native/c/vendor/wasi-sdk/bin/clang supports -Werror=implicit
configure:15560: /home/nathan/secure-exec/registry/native/c/vendor/wasi-sdk/bin/clang -o conftest --target=wasm32-wasip1-threads --sysroot=/home/nathan/secure-exec/registry/native/c/vendor/wasi-sdk/share/wasi-sysroot -O2 -pthread -matomics -mbulk-memory -DSECURE_EXEC_WASM_THREADS -D_WASI_EMULATED_SIGNAL -D_WASI_EMULATED_MMAN -D_WASI_EMULATED_PROCESS_CLOCKS -D_GNU_SOURCE -mllvm -wasm-enable-sjlj -Wno-error=implicit-function-declaration -Wno-error=int-conversion -Wno-int-conversion -I/home/nathan/secure-exec-wasmgui/experiments/wasm-gui/toolchain/compat-include -include /home/nathan/secure-exec-wasmgui/experiments/wasm-gui/toolchain/wasi-compat.h -Werror=unknown-warning-option -Werror=unused-command-line-argument -Werror=implicit --target=wasm32-wasip1-threads --sysroot=/home/nathan/secure-exec/registry/native/c/vendor/wasi-sdk/share/wasi-sysroot -I/home/nathan/secure-exec-wasmgui/experiments/wasm-gui/third_party/wasm-prefix-threads/include -I/home/nathan/secure-exec-wasmgui/experiments/wasm-gui/toolchain/compat-include -include /home/nathan/secure-exec-wasmgui/experiments/wasm-gui/toolchain/wasi-compat.h --target=wasm32-wasip1-threads --sysroot=/home/nathan/secure-exec/registry/native/c/vendor/wasi-sdk/share/wasi-sysroot -Wl,--shared-memory -Wl,--import-memory -Wl,--export-memory -Wl,--max-memory=536870912 -Wl,--export=wasi_thread_start -lwasi-emulated-signal -L/home/nathan/secure-exec-wasmgui/experiments/wasm-gui/third_party/wasm-prefix-threads/lib -L/home/nathan/secure-exec/registry/native/c/vendor/wasi-sdk/share/wasi-sysroot/lib/wasm32-wasip1-threads -lwasi-emulated-mman -lwasi-emulated-process-clocks conftest.c  >&5
configure:15560: $? = 0
configure:15576: result: yes
configure:15725: checking if /home/nathan/secure-exec/registry/native/c/vendor/wasi-sdk/bin/clang supports -Werror=nonnull
configure:15743: /home/nathan/secure-exec/registry/native/c/vendor/wasi-sdk/bin/clang -o conftest --target=wasm32-wasip1-threads --sysroot=/home/nathan/secure-exec/registry/native/c/vendor/wasi-sdk/share/wasi-sysroot -O2 -pthread -matomics -mbulk-memory -DSECURE_EXEC_WASM_THREADS -D_WASI_EMULATED_SIGNAL -D_WASI_EMULATED_MMAN -D_WASI_EMULATED_PROCESS_CLOCKS -D_GNU_SOURCE -mllvm -wasm-enable-sjlj -Wno-error=implicit-function-declaration -Wno-error=int-conversion -Wno-int-conversion -I/home/nathan/secure-exec-wasmgui/experiments/wasm-gui/toolchain/compat-include -include /home/nathan/secure-exec-wasmgui/experiments/wasm-gui/toolchain/wasi-compat.h -Werror=unknown-warning-option -Werror=unused-command-line-argument -Werror=nonnull --target=wasm32-wasip1-threads --sysroot=/home/nathan/secure-exec/registry/native/c/vendor/wasi-sdk/share/wasi-sysroot -I/home/nathan/secure-exec-wasmgui/experiments/wasm-gui/third_party/wasm-prefix-threads/include -I/home/nathan/secure-exec-wasmgui/experiments/wasm-gui/toolchain/compat-include -include /home/nathan/secure-exec-wasmgui/experiments/wasm-gui/toolchain/wasi-compat.h --target=wasm32-wasip1-threads --sysroot=/home/nathan/secure-exec/registry/native/c/vendor/wasi-sdk/share/wasi-sysroot -Wl,--shared-memory -Wl,--import-memory -Wl,--export-memory -Wl,--max-memory=536870912 -Wl,--export=wasi_thread_start -lwasi-emulated-signal -L/home/nathan/secure-exec-wasmgui/experiments/wasm-gui/third_party/wasm-prefix-threads/lib -L/home/nathan/secure-exec/registry/native/c/vendor/wasi-sdk/share/wasi-sysroot/lib/wasm32-wasip1-threads -lwasi-emulated-mman -lwasi-emulated-process-clocks conftest.c  >&5
configure:15743: $? = 0
configure:15759: result: yes
configure:15855: checking if /home/nathan/secure-exec/registry/native/c/vendor/wasi-sdk/bin/clang supports -Werror=init-self
configure:15873: /home/nathan/secure-exec/registry/native/c/vendor/wasi-sdk/bin/clang -o conftest --target=wasm32-wasip1-threads --sysroot=/home/nathan/secure-exec/registry/native/c/vendor/wasi-sdk/share/wasi-sysroot -O2 -pthread -matomics -mbulk-memory -DSECURE_EXEC_WASM_THREADS -D_WASI_EMULATED_SIGNAL -D_WASI_EMULATED_MMAN -D_WASI_EMULATED_PROCESS_CLOCKS -D_GNU_SOURCE -mllvm -wasm-enable-sjlj -Wno-error=implicit-function-declaration -Wno-error=int-conversion -Wno-int-conversion -I/home/nathan/secure-exec-wasmgui/experiments/wasm-gui/toolchain/compat-include -include /home/nathan/secure-exec-wasmgui/experiments/wasm-gui/toolchain/wasi-compat.h -Werror=unknown-warning-option -Werror=unused-command-line-argument -Werror=init-self --target=wasm32-wasip1-threads --sysroot=/home/nathan/secure-exec/registry/native/c/vendor/wasi-sdk/share/wasi-sysroot -I/home/nathan/secure-exec-wasmgui/experiments/wasm-gui/third_party/wasm-prefix-threads/include -I/home/nathan/secure-exec-wasmgui/experiments/wasm-gui/toolchain/compat-include -include /home/nathan/secure-exec-wasmgui/experiments/wasm-gui/toolchain/wasi-compat.h --target=wasm32-wasip1-threads --sysroot=/home/nathan/secure-exec/registry/native/c/vendor/wasi-sdk/share/wasi-sysroot -Wl,--shared-memory -Wl,--import-memory -Wl,--export-memory -Wl,--max-memory=536870912 -Wl,--export=wasi_thread_start -lwasi-emulated-signal -L/home/nathan/secure-exec-wasmgui/experiments/wasm-gui/third_party/wasm-prefix-threads/lib -L/home/nathan/secure-exec/registry/native/c/vendor/wasi-sdk/share/wasi-sysroot/lib/wasm32-wasip1-threads -lwasi-emulated-mman -lwasi-emulated-process-clocks conftest.c  >&5
configure:15873: $? = 0
configure:15889: result: yes
configure:15985: checking if /home/nathan/secure-exec/registry/native/c/vendor/wasi-sdk/bin/clang supports -Werror=main
configure:16003: /home/nathan/secure-exec/registry/native/c/vendor/wasi-sdk/bin/clang -o conftest --target=wasm32-wasip1-threads --sysroot=/home/nathan/secure-exec/registry/native/c/vendor/wasi-sdk/share/wasi-sysroot -O2 -pthread -matomics -mbulk-memory -DSECURE_EXEC_WASM_THREADS -D_WASI_EMULATED_SIGNAL -D_WASI_EMULATED_MMAN -D_WASI_EMULATED_PROCESS_CLOCKS -D_GNU_SOURCE -mllvm -wasm-enable-sjlj -Wno-error=implicit-function-declaration -Wno-error=int-conversion -Wno-int-conversion -I/home/nathan/secure-exec-wasmgui/experiments/wasm-gui/toolchain/compat-include -include /home/nathan/secure-exec-wasmgui/experiments/wasm-gui/toolchain/wasi-compat.h -Werror=unknown-warning-option -Werror=unused-command-line-argument -Werror=main --target=wasm32-wasip1-threads --sysroot=/home/nathan/secure-exec/registry/native/c/vendor/wasi-sdk/share/wasi-sysroot -I/home/nathan/secure-exec-wasmgui/experiments/wasm-gui/third_party/wasm-prefix-threads/include -I/home/nathan/secure-exec-wasmgui/experiments/wasm-gui/toolchain/compat-include -include /home/nathan/secure-exec-wasmgui/experiments/wasm-gui/toolchain/wasi-compat.h --target=wasm32-wasip1-threads --sysroot=/home/nathan/secure-exec/registry/native/c/vendor/wasi-sdk/share/wasi-sysroot -Wl,--shared-memory -Wl,--import-memory -Wl,--export-memory -Wl,--max-memory=536870912 -Wl,--export=wasi_thread_start -lwasi-emulated-signal -L/home/nathan/secure-exec-wasmgui/experiments/wasm-gui/third_party/wasm-prefix-threads/lib -L/home/nathan/secure-exec/registry/native/c/vendor/wasi-sdk/share/wasi-sysroot/lib/wasm32-wasip1-threads -lwasi-emulated-mman -lwasi-emulated-process-clocks conftest.c  >&5
configure:16003: $? = 0
configure:16019: result: yes
configure:16115: checking if /home/nathan/secure-exec/registry/native/c/vendor/wasi-sdk/bin/clang supports -Werror=missing-braces
configure:16133: /home/nathan/secure-exec/registry/native/c/vendor/wasi-sdk/bin/clang -o conftest --target=wasm32-wasip1-threads --sysroot=/home/nathan/secure-exec/registry/native/c/vendor/wasi-sdk/share/wasi-sysroot -O2 -pthread -matomics -mbulk-memory -DSECURE_EXEC_WASM_THREADS -D_WASI_EMULATED_SIGNAL -D_WASI_EMULATED_MMAN -D_WASI_EMULATED_PROCESS_CLOCKS -D_GNU_SOURCE -mllvm -wasm-enable-sjlj -Wno-error=implicit-function-declaration -Wno-error=int-conversion -Wno-int-conversion -I/home/nathan/secure-exec-wasmgui/experiments/wasm-gui/toolchain/compat-include -include /home/nathan/secure-exec-wasmgui/experiments/wasm-gui/toolchain/wasi-compat.h -Werror=unknown-warning-option -Werror=unused-command-line-argument -Werror=missing-braces --target=wasm32-wasip1-threads --sysroot=/home/nathan/secure-exec/registry/native/c/vendor/wasi-sdk/share/wasi-sysroot -I/home/nathan/secure-exec-wasmgui/experiments/wasm-gui/third_party/wasm-prefix-threads/include -I/home/nathan/secure-exec-wasmgui/experiments/wasm-gui/toolchain/compat-include -include /home/nathan/secure-exec-wasmgui/experiments/wasm-gui/toolchain/wasi-compat.h --target=wasm32-wasip1-threads --sysroot=/home/nathan/secure-exec/registry/native/c/vendor/wasi-sdk/share/wasi-sysroot -Wl,--shared-memory -Wl,--import-memory -Wl,--export-memory -Wl,--max-memory=536870912 -Wl,--export=wasi_thread_start -lwasi-emulated-signal -L/home/nathan/secure-exec-wasmgui/experiments/wasm-gui/third_party/wasm-prefix-threads/lib -L/home/nathan/secure-exec/registry/native/c/vendor/wasi-sdk/share/wasi-sysroot/lib/wasm32-wasip1-threads -lwasi-emulated-mman -lwasi-emulated-process-clocks conftest.c  >&5
configure:16133: $? = 0
configure:16149: result: yes
configure:16245: checking if /home/nathan/secure-exec/registry/native/c/vendor/wasi-sdk/bin/clang supports -Werror=sequence-point
configure:16263: /home/nathan/secure-exec/registry/native/c/vendor/wasi-sdk/bin/clang -o conftest --target=wasm32-wasip1-threads --sysroot=/home/nathan/secure-exec/registry/native/c/vendor/wasi-sdk/share/wasi-sysroot -O2 -pthread -matomics -mbulk-memory -DSECURE_EXEC_WASM_THREADS -D_WASI_EMULATED_SIGNAL -D_WASI_EMULATED_MMAN -D_WASI_EMULATED_PROCESS_CLOCKS -D_GNU_SOURCE -mllvm -wasm-enable-sjlj -Wno-error=implicit-function-declaration -Wno-error=int-conversion -Wno-int-conversion -I/home/nathan/secure-exec-wasmgui/experiments/wasm-gui/toolchain/compat-include -include /home/nathan/secure-exec-wasmgui/experiments/wasm-gui/toolchain/wasi-compat.h -Werror=unknown-warning-option -Werror=unused-command-line-argument -Werror=sequence-point --target=wasm32-wasip1-threads --sysroot=/home/nathan/secure-exec/registry/native/c/vendor/wasi-sdk/share/wasi-sysroot -I/home/nathan/secure-exec-wasmgui/experiments/wasm-gui/third_party/wasm-prefix-threads/include -I/home/nathan/secure-exec-wasmgui/experiments/wasm-gui/toolchain/compat-include -include /home/nathan/secure-exec-wasmgui/experiments/wasm-gui/toolchain/wasi-compat.h --target=wasm32-wasip1-threads --sysroot=/home/nathan/secure-exec/registry/native/c/vendor/wasi-sdk/share/wasi-sysroot -Wl,--shared-memory -Wl,--import-memory -Wl,--export-memory -Wl,--max-memory=536870912 -Wl,--export=wasi_thread_start -lwasi-emulated-signal -L/home/nathan/secure-exec-wasmgui/experiments/wasm-gui/third_party/wasm-prefix-threads/lib -L/home/nathan/secure-exec/registry/native/c/vendor/wasi-sdk/share/wasi-sysroot/lib/wasm32-wasip1-threads -lwasi-emulated-mman -lwasi-emulated-process-clocks conftest.c  >&5
configure:16263: $? = 0
configure:16279: result: yes
configure:16375: checking if /home/nathan/secure-exec/registry/native/c/vendor/wasi-sdk/bin/clang supports -Werror=return-type
configure:16393: /home/nathan/secure-exec/registry/native/c/vendor/wasi-sdk/bin/clang -o conftest --target=wasm32-wasip1-threads --sysroot=/home/nathan/secure-exec/registry/native/c/vendor/wasi-sdk/share/wasi-sysroot -O2 -pthread -matomics -mbulk-memory -DSECURE_EXEC_WASM_THREADS -D_WASI_EMULATED_SIGNAL -D_WASI_EMULATED_MMAN -D_WASI_EMULATED_PROCESS_CLOCKS -D_GNU_SOURCE -mllvm -wasm-enable-sjlj -Wno-error=implicit-function-declaration -Wno-error=int-conversion -Wno-int-conversion -I/home/nathan/secure-exec-wasmgui/experiments/wasm-gui/toolchain/compat-include -include /home/nathan/secure-exec-wasmgui/experiments/wasm-gui/toolchain/wasi-compat.h -Werror=unknown-warning-option -Werror=unused-command-line-argument -Werror=return-type --target=wasm32-wasip1-threads --sysroot=/home/nathan/secure-exec/registry/native/c/vendor/wasi-sdk/share/wasi-sysroot -I/home/nathan/secure-exec-wasmgui/experiments/wasm-gui/third_party/wasm-prefix-threads/include -I/home/nathan/secure-exec-wasmgui/experiments/wasm-gui/toolchain/compat-include -include /home/nathan/secure-exec-wasmgui/experiments/wasm-gui/toolchain/wasi-compat.h --target=wasm32-wasip1-threads --sysroot=/home/nathan/secure-exec/registry/native/c/vendor/wasi-sdk/share/wasi-sysroot -Wl,--shared-memory -Wl,--import-memory -Wl,--export-memory -Wl,--max-memory=536870912 -Wl,--export=wasi_thread_start -lwasi-emulated-signal -L/home/nathan/secure-exec-wasmgui/experiments/wasm-gui/third_party/wasm-prefix-threads/lib -L/home/nathan/secure-exec/registry/native/c/vendor/wasi-sdk/share/wasi-sysroot/lib/wasm32-wasip1-threads -lwasi-emulated-mman -lwasi-emulated-process-clocks conftest.c  >&5
configure:16393: $? = 0
configure:16409: result: yes
configure:16558: checking if /home/nathan/secure-exec/registry/native/c/vendor/wasi-sdk/bin/clang supports -Werror=trigraphs
configure:16576: /home/nathan/secure-exec/registry/native/c/vendor/wasi-sdk/bin/clang -o conftest --target=wasm32-wasip1-threads --sysroot=/home/nathan/secure-exec/registry/native/c/vendor/wasi-sdk/share/wasi-sysroot -O2 -pthread -matomics -mbulk-memory -DSECURE_EXEC_WASM_THREADS -D_WASI_EMULATED_SIGNAL -D_WASI_EMULATED_MMAN -D_WASI_EMULATED_PROCESS_CLOCKS -D_GNU_SOURCE -mllvm -wasm-enable-sjlj -Wno-error=implicit-function-declaration -Wno-error=int-conversion -Wno-int-conversion -I/home/nathan/secure-exec-wasmgui/experiments/wasm-gui/toolchain/compat-include -include /home/nathan/secure-exec-wasmgui/experiments/wasm-gui/toolchain/wasi-compat.h -Werror=unknown-warning-option -Werror=unused-command-line-argument -Werror=trigraphs --target=wasm32-wasip1-threads --sysroot=/home/nathan/secure-exec/registry/native/c/vendor/wasi-sdk/share/wasi-sysroot -I/home/nathan/secure-exec-wasmgui/experiments/wasm-gui/third_party/wasm-prefix-threads/include -I/home/nathan/secure-exec-wasmgui/experiments/wasm-gui/toolchain/compat-include -include /home/nathan/secure-exec-wasmgui/experiments/wasm-gui/toolchain/wasi-compat.h --target=wasm32-wasip1-threads --sysroot=/home/nathan/secure-exec/registry/native/c/vendor/wasi-sdk/share/wasi-sysroot -Wl,--shared-memory -Wl,--import-memory -Wl,--export-memory -Wl,--max-memory=536870912 -Wl,--export=wasi_thread_start -lwasi-emulated-signal -L/home/nathan/secure-exec-wasmgui/experiments/wasm-gui/third_party/wasm-prefix-threads/lib -L/home/nathan/secure-exec/registry/native/c/vendor/wasi-sdk/share/wasi-sysroot/lib/wasm32-wasip1-threads -lwasi-emulated-mman -lwasi-emulated-process-clocks conftest.c  >&5
configure:16576: $? = 0
configure:16592: result: yes
configure:16688: checking if /home/nathan/secure-exec/registry/native/c/vendor/wasi-sdk/bin/clang supports -Werror=array-bounds
configure:16706: /home/nathan/secure-exec/registry/native/c/vendor/wasi-sdk/bin/clang -o conftest --target=wasm32-wasip1-threads --sysroot=/home/nathan/secure-exec/registry/native/c/vendor/wasi-sdk/share/wasi-sysroot -O2 -pthread -matomics -mbulk-memory -DSECURE_EXEC_WASM_THREADS -D_WASI_EMULATED_SIGNAL -D_WASI_EMULATED_MMAN -D_WASI_EMULATED_PROCESS_CLOCKS -D_GNU_SOURCE -mllvm -wasm-enable-sjlj -Wno-error=implicit-function-declaration -Wno-error=int-conversion -Wno-int-conversion -I/home/nathan/secure-exec-wasmgui/experiments/wasm-gui/toolchain/compat-include -include /home/nathan/secure-exec-wasmgui/experiments/wasm-gui/toolchain/wasi-compat.h -Werror=unknown-warning-option -Werror=unused-command-line-argument -Werror=array-bounds --target=wasm32-wasip1-threads --sysroot=/home/nathan/secure-exec/registry/native/c/vendor/wasi-sdk/share/wasi-sysroot -I/home/nathan/secure-exec-wasmgui/experiments/wasm-gui/third_party/wasm-prefix-threads/include -I/home/nathan/secure-exec-wasmgui/experiments/wasm-gui/toolchain/compat-include -include /home/nathan/secure-exec-wasmgui/experiments/wasm-gui/toolchain/wasi-compat.h --target=wasm32-wasip1-threads --sysroot=/home/nathan/secure-exec/registry/native/c/vendor/wasi-sdk/share/wasi-sysroot -Wl,--shared-memory -Wl,--import-memory -Wl,--export-memory -Wl,--max-memory=536870912 -Wl,--export=wasi_thread_start -lwasi-emulated-signal -L/home/nathan/secure-exec-wasmgui/experiments/wasm-gui/third_party/wasm-prefix-threads/lib -L/home/nathan/secure-exec/registry/native/c/vendor/wasi-sdk/share/wasi-sysroot/lib/wasm32-wasip1-threads -lwasi-emulated-mman -lwasi-emulated-process-clocks conftest.c  >&5
configure:16706: $? = 0
configure:16722: result: yes
configure:16818: checking if /home/nathan/secure-exec/registry/native/c/vendor/wasi-sdk/bin/clang supports -Werror=write-strings
configure:16836: /home/nathan/secure-exec/registry/native/c/vendor/wasi-sdk/bin/clang -o conftest --target=wasm32-wasip1-threads --sysroot=/home/nathan/secure-exec/registry/native/c/vendor/wasi-sdk/share/wasi-sysroot -O2 -pthread -matomics -mbulk-memory -DSECURE_EXEC_WASM_THREADS -D_WASI_EMULATED_SIGNAL -D_WASI_EMULATED_MMAN -D_WASI_EMULATED_PROCESS_CLOCKS -D_GNU_SOURCE -mllvm -wasm-enable-sjlj -Wno-error=implicit-function-declaration -Wno-error=int-conversion -Wno-int-conversion -I/home/nathan/secure-exec-wasmgui/experiments/wasm-gui/toolchain/compat-include -include /home/nathan/secure-exec-wasmgui/experiments/wasm-gui/toolchain/wasi-compat.h -Werror=unknown-warning-option -Werror=unused-command-line-argument -Werror=write-strings --target=wasm32-wasip1-threads --sysroot=/home/nathan/secure-exec/registry/native/c/vendor/wasi-sdk/share/wasi-sysroot -I/home/nathan/secure-exec-wasmgui/experiments/wasm-gui/third_party/wasm-prefix-threads/include -I/home/nathan/secure-exec-wasmgui/experiments/wasm-gui/toolchain/compat-include -include /home/nathan/secure-exec-wasmgui/experiments/wasm-gui/toolchain/wasi-compat.h --target=wasm32-wasip1-threads --sysroot=/home/nathan/secure-exec/registry/native/c/vendor/wasi-sdk/share/wasi-sysroot -Wl,--shared-memory -Wl,--import-memory -Wl,--export-memory -Wl,--max-memory=536870912 -Wl,--export=wasi_thread_start -lwasi-emulated-signal -L/home/nathan/secure-exec-wasmgui/experiments/wasm-gui/third_party/wasm-prefix-threads/lib -L/home/nathan/secure-exec/registry/native/c/vendor/wasi-sdk/share/wasi-sysroot/lib/wasm32-wasip1-threads -lwasi-emulated-mman -lwasi-emulated-process-clocks conftest.c  >&5
configure:16836: $? = 0
configure:16852: result: yes
configure:16948: checking if /home/nathan/secure-exec/registry/native/c/vendor/wasi-sdk/bin/clang supports -Werror=address
configure:16966: /home/nathan/secure-exec/registry/native/c/vendor/wasi-sdk/bin/clang -o conftest --target=wasm32-wasip1-threads --sysroot=/home/nathan/secure-exec/registry/native/c/vendor/wasi-sdk/share/wasi-sysroot -O2 -pthread -matomics -mbulk-memory -DSECURE_EXEC_WASM_THREADS -D_WASI_EMULATED_SIGNAL -D_WASI_EMULATED_MMAN -D_WASI_EMULATED_PROCESS_CLOCKS -D_GNU_SOURCE -mllvm -wasm-enable-sjlj -Wno-error=implicit-function-declaration -Wno-error=int-conversion -Wno-int-conversion -I/home/nathan/secure-exec-wasmgui/experiments/wasm-gui/toolchain/compat-include -include /home/nathan/secure-exec-wasmgui/experiments/wasm-gui/toolchain/wasi-compat.h -Werror=unknown-warning-option -Werror=unused-command-line-argument -Werror=address --target=wasm32-wasip1-threads --sysroot=/home/nathan/secure-exec/registry/native/c/vendor/wasi-sdk/share/wasi-sysroot -I/home/nathan/secure-exec-wasmgui/experiments/wasm-gui/third_party/wasm-prefix-threads/include -I/home/nathan/secure-exec-wasmgui/experiments/wasm-gui/toolchain/compat-include -include /home/nathan/secure-exec-wasmgui/experiments/wasm-gui/toolchain/wasi-compat.h --target=wasm32-wasip1-threads --sysroot=/home/nathan/secure-exec/registry/native/c/vendor/wasi-sdk/share/wasi-sysroot -Wl,--shared-memory -Wl,--import-memory -Wl,--export-memory -Wl,--max-memory=536870912 -Wl,--export=wasi_thread_start -lwasi-emulated-signal -L/home/nathan/secure-exec-wasmgui/experiments/wasm-gui/third_party/wasm-prefix-threads/lib -L/home/nathan/secure-exec/registry/native/c/vendor/wasi-sdk/share/wasi-sysroot/lib/wasm32-wasip1-threads -lwasi-emulated-mman -lwasi-emulated-process-clocks conftest.c  >&5
configure:16966: $? = 0
configure:16982: result: yes
configure:17078: checking if /home/nathan/secure-exec/registry/native/c/vendor/wasi-sdk/bin/clang supports -Werror=int-to-pointer-cast
configure:17096: /home/nathan/secure-exec/registry/native/c/vendor/wasi-sdk/bin/clang -o conftest --target=wasm32-wasip1-threads --sysroot=/home/nathan/secure-exec/registry/native/c/vendor/wasi-sdk/share/wasi-sysroot -O2 -pthread -matomics -mbulk-memory -DSECURE_EXEC_WASM_THREADS -D_WASI_EMULATED_SIGNAL -D_WASI_EMULATED_MMAN -D_WASI_EMULATED_PROCESS_CLOCKS -D_GNU_SOURCE -mllvm -wasm-enable-sjlj -Wno-error=implicit-function-declaration -Wno-error=int-conversion -Wno-int-conversion -I/home/nathan/secure-exec-wasmgui/experiments/wasm-gui/toolchain/compat-include -include /home/nathan/secure-exec-wasmgui/experiments/wasm-gui/toolchain/wasi-compat.h -Werror=unknown-warning-option -Werror=unused-command-line-argument -Werror=int-to-pointer-cast --target=wasm32-wasip1-threads --sysroot=/home/nathan/secure-exec/registry/native/c/vendor/wasi-sdk/share/wasi-sysroot -I/home/nathan/secure-exec-wasmgui/experiments/wasm-gui/third_party/wasm-prefix-threads/include -I/home/nathan/secure-exec-wasmgui/experiments/wasm-gui/toolchain/compat-include -include /home/nathan/secure-exec-wasmgui/experiments/wasm-gui/toolchain/wasi-compat.h --target=wasm32-wasip1-threads --sysroot=/home/nathan/secure-exec/registry/native/c/vendor/wasi-sdk/share/wasi-sysroot -Wl,--shared-memory -Wl,--import-memory -Wl,--export-memory -Wl,--max-memory=536870912 -Wl,--export=wasi_thread_start -lwasi-emulated-signal -L/home/nathan/secure-exec-wasmgui/experiments/wasm-gui/third_party/wasm-prefix-threads/lib -L/home/nathan/secure-exec/registry/native/c/vendor/wasi-sdk/share/wasi-sysroot/lib/wasm32-wasip1-threads -lwasi-emulated-mman -lwasi-emulated-process-clocks conftest.c  >&5
configure:17096: $? = 0
configure:17112: result: yes
configure:17261: checking if /home/nathan/secure-exec/registry/native/c/vendor/wasi-sdk/bin/clang supports -Werror=pointer-to-int-cast
configure:17279: /home/nathan/secure-exec/registry/native/c/vendor/wasi-sdk/bin/clang -o conftest --target=wasm32-wasip1-threads --sysroot=/home/nathan/secure-exec/registry/native/c/vendor/wasi-sdk/share/wasi-sysroot -O2 -pthread -matomics -mbulk-memory -DSECURE_EXEC_WASM_THREADS -D_WASI_EMULATED_SIGNAL -D_WASI_EMULATED_MMAN -D_WASI_EMULATED_PROCESS_CLOCKS -D_GNU_SOURCE -mllvm -wasm-enable-sjlj -Wno-error=implicit-function-declaration -Wno-error=int-conversion -Wno-int-conversion -I/home/nathan/secure-exec-wasmgui/experiments/wasm-gui/toolchain/compat-include -include /home/nathan/secure-exec-wasmgui/experiments/wasm-gui/toolchain/wasi-compat.h -Werror=unknown-warning-option -Werror=unused-command-line-argument -Werror=pointer-to-int-cast --target=wasm32-wasip1-threads --sysroot=/home/nathan/secure-exec/registry/native/c/vendor/wasi-sdk/share/wasi-sysroot -I/home/nathan/secure-exec-wasmgui/experiments/wasm-gui/third_party/wasm-prefix-threads/include -I/home/nathan/secure-exec-wasmgui/experiments/wasm-gui/toolchain/compat-include -include /home/nathan/secure-exec-wasmgui/experiments/wasm-gui/toolchain/wasi-compat.h --target=wasm32-wasip1-threads --sysroot=/home/nathan/secure-exec/registry/native/c/vendor/wasi-sdk/share/wasi-sysroot -Wl,--shared-memory -Wl,--import-memory -Wl,--export-memory -Wl,--max-memory=536870912 -Wl,--export=wasi_thread_start -lwasi-emulated-signal -L/home/nathan/secure-exec-wasmgui/experiments/wasm-gui/third_party/wasm-prefix-threads/lib -L/home/nathan/secure-exec/registry/native/c/vendor/wasi-sdk/share/wasi-sysroot/lib/wasm32-wasip1-threads -lwasi-emulated-mman -lwasi-emulated-process-clocks conftest.c  >&5
configure:17279: $? = 0
configure:17295: result: yes
configure:19119: checking if /home/nathan/secure-exec/registry/native/c/vendor/wasi-sdk/bin/clang supports -pedantic
configure:19137: /home/nathan/secure-exec/registry/native/c/vendor/wasi-sdk/bin/clang -o conftest --target=wasm32-wasip1-threads --sysroot=/home/nathan/secure-exec/registry/native/c/vendor/wasi-sdk/share/wasi-sysroot -O2 -pthread -matomics -mbulk-memory -DSECURE_EXEC_WASM_THREADS -D_WASI_EMULATED_SIGNAL -D_WASI_EMULATED_MMAN -D_WASI_EMULATED_PROCESS_CLOCKS -D_GNU_SOURCE -mllvm -wasm-enable-sjlj -Wno-error=implicit-function-declaration -Wno-error=int-conversion -Wno-int-conversion -I/home/nathan/secure-exec-wasmgui/experiments/wasm-gui/toolchain/compat-include -include /home/nathan/secure-exec-wasmgui/experiments/wasm-gui/toolchain/wasi-compat.h -Werror=unknown-warning-option -Werror=unused-command-line-argument -pedantic --target=wasm32-wasip1-threads --sysroot=/home/nathan/secure-exec/registry/native/c/vendor/wasi-sdk/share/wasi-sysroot -I/home/nathan/secure-exec-wasmgui/experiments/wasm-gui/third_party/wasm-prefix-threads/include -I/home/nathan/secure-exec-wasmgui/experiments/wasm-gui/toolchain/compat-include -include /home/nathan/secure-exec-wasmgui/experiments/wasm-gui/toolchain/wasi-compat.h --target=wasm32-wasip1-threads --sysroot=/home/nathan/secure-exec/registry/native/c/vendor/wasi-sdk/share/wasi-sysroot -Wl,--shared-memory -Wl,--import-memory -Wl,--export-memory -Wl,--max-memory=536870912 -Wl,--export=wasi_thread_start -lwasi-emulated-signal -L/home/nathan/secure-exec-wasmgui/experiments/wasm-gui/third_party/wasm-prefix-threads/lib -L/home/nathan/secure-exec/registry/native/c/vendor/wasi-sdk/share/wasi-sysroot/lib/wasm32-wasip1-threads -lwasi-emulated-mman -lwasi-emulated-process-clocks conftest.c  >&5
configure:19137: $? = 0
configure:19153: result: yes
configure:19249: checking if /home/nathan/secure-exec/registry/native/c/vendor/wasi-sdk/bin/clang supports -Werror
configure:19267: /home/nathan/secure-exec/registry/native/c/vendor/wasi-sdk/bin/clang -o conftest --target=wasm32-wasip1-threads --sysroot=/home/nathan/secure-exec/registry/native/c/vendor/wasi-sdk/share/wasi-sysroot -O2 -pthread -matomics -mbulk-memory -DSECURE_EXEC_WASM_THREADS -D_WASI_EMULATED_SIGNAL -D_WASI_EMULATED_MMAN -D_WASI_EMULATED_PROCESS_CLOCKS -D_GNU_SOURCE -mllvm -wasm-enable-sjlj -Wno-error=implicit-function-declaration -Wno-error=int-conversion -Wno-int-conversion -I/home/nathan/secure-exec-wasmgui/experiments/wasm-gui/toolchain/compat-include -include /home/nathan/secure-exec-wasmgui/experiments/wasm-gui/toolchain/wasi-compat.h -Werror=unknown-warning-option -Werror=unused-command-line-argument -Werror --target=wasm32-wasip1-threads --sysroot=/home/nathan/secure-exec/registry/native/c/vendor/wasi-sdk/share/wasi-sysroot -I/home/nathan/secure-exec-wasmgui/experiments/wasm-gui/third_party/wasm-prefix-threads/include -I/home/nathan/secure-exec-wasmgui/experiments/wasm-gui/toolchain/compat-include -include /home/nathan/secure-exec-wasmgui/experiments/wasm-gui/toolchain/wasi-compat.h --target=wasm32-wasip1-threads --sysroot=/home/nathan/secure-exec/registry/native/c/vendor/wasi-sdk/share/wasi-sysroot -Wl,--shared-memory -Wl,--import-memory -Wl,--export-memory -Wl,--max-memory=536870912 -Wl,--export=wasi_thread_start -lwasi-emulated-signal -L/home/nathan/secure-exec-wasmgui/experiments/wasm-gui/third_party/wasm-prefix-threads/lib -L/home/nathan/secure-exec/registry/native/c/vendor/wasi-sdk/share/wasi-sysroot/lib/wasm32-wasip1-threads -lwasi-emulated-mman -lwasi-emulated-process-clocks conftest.c  >&5
configure:19267: $? = 0
configure:19283: result: yes
configure:19435: checking if /home/nathan/secure-exec/registry/native/c/vendor/wasi-sdk/bin/clang supports -Werror=attributes
configure:19453: /home/nathan/secure-exec/registry/native/c/vendor/wasi-sdk/bin/clang -o conftest --target=wasm32-wasip1-threads --sysroot=/home/nathan/secure-exec/registry/native/c/vendor/wasi-sdk/share/wasi-sysroot -O2 -pthread -matomics -mbulk-memory -DSECURE_EXEC_WASM_THREADS -D_WASI_EMULATED_SIGNAL -D_WASI_EMULATED_MMAN -D_WASI_EMULATED_PROCESS_CLOCKS -D_GNU_SOURCE -mllvm -wasm-enable-sjlj -Wno-error=implicit-function-declaration -Wno-error=int-conversion -Wno-int-conversion -I/home/nathan/secure-exec-wasmgui/experiments/wasm-gui/toolchain/compat-include -include /home/nathan/secure-exec-wasmgui/experiments/wasm-gui/toolchain/wasi-compat.h -Werror=unknown-warning-option -Werror=unused-command-line-argument -Werror=attributes --target=wasm32-wasip1-threads --sysroot=/home/nathan/secure-exec/registry/native/c/vendor/wasi-sdk/share/wasi-sysroot -I/home/nathan/secure-exec-wasmgui/experiments/wasm-gui/third_party/wasm-prefix-threads/include -I/home/nathan/secure-exec-wasmgui/experiments/wasm-gui/toolchain/compat-include -include /home/nathan/secure-exec-wasmgui/experiments/wasm-gui/toolchain/wasi-compat.h --target=wasm32-wasip1-threads --sysroot=/home/nathan/secure-exec/registry/native/c/vendor/wasi-sdk/share/wasi-sysroot -Wl,--shared-memory -Wl,--import-memory -Wl,--export-memory -Wl,--max-memory=536870912 -Wl,--export=wasi_thread_start -lwasi-emulated-signal -L/home/nathan/secure-exec-wasmgui/experiments/wasm-gui/third_party/wasm-prefix-threads/lib -L/home/nathan/secure-exec/registry/native/c/vendor/wasi-sdk/share/wasi-sysroot/lib/wasm32-wasip1-threads -lwasi-emulated-mman -lwasi-emulated-process-clocks conftest.c  >&5
configure:19453: $? = 0
configure:19469: result: yes
configure:19664: checking whether make supports nested variables
configure:19683: result: yes
configure:19698: checking for strcasecmp
configure:19698: /home/nathan/secure-exec/registry/native/c/vendor/wasi-sdk/bin/clang -o conftest --target=wasm32-wasip1-threads --sysroot=/home/nathan/secure-exec/registry/native/c/vendor/wasi-sdk/share/wasi-sysroot -O2 -pthread -matomics -mbulk-memory -DSECURE_EXEC_WASM_THREADS -D_WASI_EMULATED_SIGNAL -D_WASI_EMULATED_MMAN -D_WASI_EMULATED_PROCESS_CLOCKS -D_GNU_SOURCE -mllvm -wasm-enable-sjlj -Wno-error=implicit-function-declaration -Wno-error=int-conversion -Wno-int-conversion -I/home/nathan/secure-exec-wasmgui/experiments/wasm-gui/toolchain/compat-include -include /home/nathan/secure-exec-wasmgui/experiments/wasm-gui/toolchain/wasi-compat.h --target=wasm32-wasip1-threads --sysroot=/home/nathan/secure-exec/registry/native/c/vendor/wasi-sdk/share/wasi-sysroot -I/home/nathan/secure-exec-wasmgui/experiments/wasm-gui/third_party/wasm-prefix-threads/include -I/home/nathan/secure-exec-wasmgui/experiments/wasm-gui/toolchain/compat-include -include /home/nathan/secure-exec-wasmgui/experiments/wasm-gui/toolchain/wasi-compat.h --target=wasm32-wasip1-threads --sysroot=/home/nathan/secure-exec/registry/native/c/vendor/wasi-sdk/share/wasi-sysroot -Wl,--shared-memory -Wl,--import-memory -Wl,--export-memory -Wl,--max-memory=536870912 -Wl,--export=wasi_thread_start -lwasi-emulated-signal -L/home/nathan/secure-exec-wasmgui/experiments/wasm-gui/third_party/wasm-prefix-threads/lib -L/home/nathan/secure-exec/registry/native/c/vendor/wasi-sdk/share/wasi-sysroot/lib/wasm32-wasip1-threads -lwasi-emulated-mman -lwasi-emulated-process-clocks conftest.c  >&5
conftest.c:42:6: warning: incompatible redeclaration of library function 'strcasecmp' [-Wincompatible-library-redeclaration]
   42 | char strcasecmp (void);
      |      ^
conftest.c:42:6: note: 'strcasecmp' is a builtin with type 'int (const char *, const char *)'
1 warning generated.
wasm-ld: warning: function signature mismatch: strcasecmp
>>> defined as () -> i32 in /tmp/conftest-5ef534.o
>>> defined as (i32, i32) -> i32 in /home/nathan/secure-exec/registry/native/c/vendor/wasi-sdk/share/wasi-sysroot/lib/wasm32-wasip1-threads/libc.a(strcasecmp.o)
configure:19698: $? = 0
configure:19698: result: yes
configure:19704: checking for strndup
configure:19704: /home/nathan/secure-exec/registry/native/c/vendor/wasi-sdk/bin/clang -o conftest --target=wasm32-wasip1-threads --sysroot=/home/nathan/secure-exec/registry/native/c/vendor/wasi-sdk/share/wasi-sysroot -O2 -pthread -matomics -mbulk-memory -DSECURE_EXEC_WASM_THREADS -D_WASI_EMULATED_SIGNAL -D_WASI_EMULATED_MMAN -D_WASI_EMULATED_PROCESS_CLOCKS -D_GNU_SOURCE -mllvm -wasm-enable-sjlj -Wno-error=implicit-function-declaration -Wno-error=int-conversion -Wno-int-conversion -I/home/nathan/secure-exec-wasmgui/experiments/wasm-gui/toolchain/compat-include -include /home/nathan/secure-exec-wasmgui/experiments/wasm-gui/toolchain/wasi-compat.h --target=wasm32-wasip1-threads --sysroot=/home/nathan/secure-exec/registry/native/c/vendor/wasi-sdk/share/wasi-sysroot -I/home/nathan/secure-exec-wasmgui/experiments/wasm-gui/third_party/wasm-prefix-threads/include -I/home/nathan/secure-exec-wasmgui/experiments/wasm-gui/toolchain/compat-include -include /home/nathan/secure-exec-wasmgui/experiments/wasm-gui/toolchain/wasi-compat.h --target=wasm32-wasip1-threads --sysroot=/home/nathan/secure-exec/registry/native/c/vendor/wasi-sdk/share/wasi-sysroot -Wl,--shared-memory -Wl,--import-memory -Wl,--export-memory -Wl,--max-memory=536870912 -Wl,--export=wasi_thread_start -lwasi-emulated-signal -L/home/nathan/secure-exec-wasmgui/experiments/wasm-gui/third_party/wasm-prefix-threads/lib -L/home/nathan/secure-exec/registry/native/c/vendor/wasi-sdk/share/wasi-sysroot/lib/wasm32-wasip1-threads -lwasi-emulated-mman -lwasi-emulated-process-clocks conftest.c  >&5
conftest.c:43:6: warning: incompatible redeclaration of library function 'strndup' [-Wincompatible-library-redeclaration]
   43 | char strndup (void);
      |      ^
conftest.c:43:6: note: 'strndup' is a builtin with type 'char *(const char *, unsigned long)'
1 warning generated.
wasm-ld: warning: function signature mismatch: strndup
>>> defined as () -> i32 in /tmp/conftest-d03807.o
>>> defined as (i32, i32) -> i32 in /home/nathan/secure-exec/registry/native/c/vendor/wasi-sdk/share/wasi-sysroot/lib/wasm32-wasip1-threads/libc.a(strndup.o)
configure:19704: $? = 0
configure:19704: result: yes
configure:19711: checking for getc_unlocked
configure:19711: /home/nathan/secure-exec/registry/native/c/vendor/wasi-sdk/bin/clang -o conftest --target=wasm32-wasip1-threads --sysroot=/home/nathan/secure-exec/registry/native/c/vendor/wasi-sdk/share/wasi-sysroot -O2 -pthread -matomics -mbulk-memory -DSECURE_EXEC_WASM_THREADS -D_WASI_EMULATED_SIGNAL -D_WASI_EMULATED_MMAN -D_WASI_EMULATED_PROCESS_CLOCKS -D_GNU_SOURCE -mllvm -wasm-enable-sjlj -Wno-error=implicit-function-declaration -Wno-error=int-conversion -Wno-int-conversion -I/home/nathan/secure-exec-wasmgui/experiments/wasm-gui/toolchain/compat-include -include /home/nathan/secure-exec-wasmgui/experiments/wasm-gui/toolchain/wasi-compat.h --target=wasm32-wasip1-threads --sysroot=/home/nathan/secure-exec/registry/native/c/vendor/wasi-sdk/share/wasi-sysroot -I/home/nathan/secure-exec-wasmgui/experiments/wasm-gui/third_party/wasm-prefix-threads/include -I/home/nathan/secure-exec-wasmgui/experiments/wasm-gui/toolchain/compat-include -include /home/nathan/secure-exec-wasmgui/experiments/wasm-gui/toolchain/wasi-compat.h --target=wasm32-wasip1-threads --sysroot=/home/nathan/secure-exec/registry/native/c/vendor/wasi-sdk/share/wasi-sysroot -Wl,--shared-memory -Wl,--import-memory -Wl,--export-memory -Wl,--max-memory=536870912 -Wl,--export=wasi_thread_start -lwasi-emulated-signal -L/home/nathan/secure-exec-wasmgui/experiments/wasm-gui/third_party/wasm-prefix-threads/lib -L/home/nathan/secure-exec/registry/native/c/vendor/wasi-sdk/share/wasi-sysroot/lib/wasm32-wasip1-threads -lwasi-emulated-mman -lwasi-emulated-process-clocks conftest.c  >&5
wasm-ld: warning: function signature mismatch: getc_unlocked
>>> defined as () -> i32 in /tmp/conftest-2dd2b6.o
>>> defined as (i32) -> i32 in /home/nathan/secure-exec/registry/native/c/vendor/wasi-sdk/share/wasi-sysroot/lib/wasm32-wasip1-threads/libc.a(getc_unlocked.o)
configure:19711: $? = 0
configure:19711: result: yes
configure:19723: checking for XKBFILE
configure:19730: $PKG_CONFIG --exists --print-errors "x11 kbproto"
configure:19733: $? = 0
configure:19747: $PKG_CONFIG --exists --print-errors "x11 kbproto"
configure:19750: $? = 0
configure:19808: result: yes
configure:19821: checking for /home/nathan/secure-exec/registry/native/c/vendor/wasi-sdk/bin/clang option to enable large file support
configure:19856: /home/nathan/secure-exec/registry/native/c/vendor/wasi-sdk/bin/clang -c --target=wasm32-wasip1-threads --sysroot=/home/nathan/secure-exec/registry/native/c/vendor/wasi-sdk/share/wasi-sysroot -O2 -pthread -matomics -mbulk-memory -DSECURE_EXEC_WASM_THREADS -D_WASI_EMULATED_SIGNAL -D_WASI_EMULATED_MMAN -D_WASI_EMULATED_PROCESS_CLOCKS -D_GNU_SOURCE -mllvm -wasm-enable-sjlj -Wno-error=implicit-function-declaration -Wno-error=int-conversion -Wno-int-conversion -I/home/nathan/secure-exec-wasmgui/experiments/wasm-gui/toolchain/compat-include -include /home/nathan/secure-exec-wasmgui/experiments/wasm-gui/toolchain/wasi-compat.h --target=wasm32-wasip1-threads --sysroot=/home/nathan/secure-exec/registry/native/c/vendor/wasi-sdk/share/wasi-sysroot -I/home/nathan/secure-exec-wasmgui/experiments/wasm-gui/third_party/wasm-prefix-threads/include -I/home/nathan/secure-exec-wasmgui/experiments/wasm-gui/toolchain/compat-include -include /home/nathan/secure-exec-wasmgui/experiments/wasm-gui/toolchain/wasi-compat.h conftest.c >&5
configure:19856: $? = 0
configure:19862: /home/nathan/secure-exec/registry/native/c/vendor/wasi-sdk/bin/clang -DFTYPE=ino_t -c --target=wasm32-wasip1-threads --sysroot=/home/nathan/secure-exec/registry/native/c/vendor/wasi-sdk/share/wasi-sysroot -O2 -pthread -matomics -mbulk-memory -DSECURE_EXEC_WASM_THREADS -D_WASI_EMULATED_SIGNAL -D_WASI_EMULATED_MMAN -D_WASI_EMULATED_PROCESS_CLOCKS -D_GNU_SOURCE -mllvm -wasm-enable-sjlj -Wno-error=implicit-function-declaration -Wno-error=int-conversion -Wno-int-conversion -I/home/nathan/secure-exec-wasmgui/experiments/wasm-gui/toolchain/compat-include -include /home/nathan/secure-exec-wasmgui/experiments/wasm-gui/toolchain/wasi-compat.h --target=wasm32-wasip1-threads --sysroot=/home/nathan/secure-exec/registry/native/c/vendor/wasi-sdk/share/wasi-sysroot -I/home/nathan/secure-exec-wasmgui/experiments/wasm-gui/third_party/wasm-prefix-threads/include -I/home/nathan/secure-exec-wasmgui/experiments/wasm-gui/toolchain/compat-include -include /home/nathan/secure-exec-wasmgui/experiments/wasm-gui/toolchain/wasi-compat.h conftest.c >&5
configure:19862: $? = 0
configure:19887: result: none needed
configure:20093: checking that generated files are newer than configure
configure:20099: result: done
configure:20128: creating ./config.status

## ---------------------- ##
## Running config.status. ##
## ---------------------- ##

This file was extended by libxkbfile config.status 1.1.3, which was
generated by GNU Autoconf 2.72.  Invocation command line was

  CONFIG_FILES    = 
  CONFIG_HEADERS  = 
  CONFIG_LINKS    = 
  CONFIG_COMMANDS = 
  $ ./config.status 

on nathan-dev

config.status:1136: creating Makefile
config.status:1136: creating src/Makefile
config.status:1136: creating xkbfile.pc
config.status:1136: creating config.h
config.status:1317: config.h is unchanged
config.status:1365: executing depfiles commands
config.status:1442: cd src       && sed -e '/# am--include-marker/d' Makefile         | make -f - am--depfiles
make: Nothing to be done for 'am--depfiles'.
config.status:1447: $? = 0
config.status:1365: executing libtool commands
configure:22279: WARNING: unrecognized options: --disable-malloc0returnsnull

## ---------------- ##
## Cache variables. ##
## ---------------- ##

ac_cv_build=x86_64-pc-linux-gnux32
ac_cv_c_compiler_gnu=yes
ac_cv_c_undeclared_builtin_options=-fno-builtin
ac_cv_env_CC_set=set
ac_cv_env_CC_value=/home/nathan/secure-exec/registry/native/c/vendor/wasi-sdk/bin/clang
ac_cv_env_CFLAGS_set=set
ac_cv_env_CFLAGS_value='--target=wasm32-wasip1-threads --sysroot=/home/nathan/secure-exec/registry/native/c/vendor/wasi-sdk/share/wasi-sysroot -O2 -pthread -matomics -mbulk-memory -DSECURE_EXEC_WASM_THREADS -D_WASI_EMULATED_SIGNAL -D_WASI_EMULATED_MMAN -D_WASI_EMULATED_PROCESS_CLOCKS -D_GNU_SOURCE -mllvm -wasm-enable-sjlj -Wno-error=implicit-function-declaration -Wno-error=int-conversion -Wno-int-conversion -I/home/nathan/secure-exec-wasmgui/experiments/wasm-gui/toolchain/compat-include -include /home/nathan/secure-exec-wasmgui/experiments/wasm-gui/toolchain/wasi-compat.h'
ac_cv_env_CPPFLAGS_set=set
ac_cv_env_CPPFLAGS_value='--target=wasm32-wasip1-threads --sysroot=/home/nathan/secure-exec/registry/native/c/vendor/wasi-sdk/share/wasi-sysroot -I/home/nathan/secure-exec-wasmgui/experiments/wasm-gui/third_party/wasm-prefix-threads/include -I/home/nathan/secure-exec-wasmgui/experiments/wasm-gui/toolchain/compat-include -include /home/nathan/secure-exec-wasmgui/experiments/wasm-gui/toolchain/wasi-compat.h'
ac_cv_env_LDFLAGS_set=set
ac_cv_env_LDFLAGS_value='--target=wasm32-wasip1-threads --sysroot=/home/nathan/secure-exec/registry/native/c/vendor/wasi-sdk/share/wasi-sysroot -Wl,--shared-memory -Wl,--import-memory -Wl,--export-memory -Wl,--max-memory=536870912 -Wl,--export=wasi_thread_start -lwasi-emulated-signal -L/home/nathan/secure-exec-wasmgui/experiments/wasm-gui/third_party/wasm-prefix-threads/lib -L/home/nathan/secure-exec/registry/native/c/vendor/wasi-sdk/share/wasi-sysroot/lib/wasm32-wasip1-threads -lwasi-emulated-mman -lwasi-emulated-process-clocks'
ac_cv_env_LIBS_set=
ac_cv_env_LIBS_value=
ac_cv_env_LT_SYS_LIBRARY_PATH_set=
ac_cv_env_LT_SYS_LIBRARY_PATH_value=
ac_cv_env_PKG_CONFIG_LIBDIR_set=set
ac_cv_env_PKG_CONFIG_LIBDIR_value=/home/nathan/secure-exec-wasmgui/experiments/wasm-gui/third_party/wasm-prefix-threads/lib/pkgconfig:/home/nathan/secure-exec-wasmgui/experiments/wasm-gui/third_party/wasm-prefix-threads/share/pkgconfig
ac_cv_env_PKG_CONFIG_PATH_set=set
ac_cv_env_PKG_CONFIG_PATH_value=
ac_cv_env_PKG_CONFIG_set=
ac_cv_env_PKG_CONFIG_value=
ac_cv_env_XKBFILE_CFLAGS_set=
ac_cv_env_XKBFILE_CFLAGS_value=
ac_cv_env_XKBFILE_LIBS_set=
ac_cv_env_XKBFILE_LIBS_value=
ac_cv_env_build_alias_set=
ac_cv_env_build_alias_value=
ac_cv_env_host_alias_set=set
ac_cv_env_host_alias_value=wasm32-wasi
ac_cv_env_target_alias_set=
ac_cv_env_target_alias_value=
ac_cv_func_getc_unlocked=yes
ac_cv_func_strcasecmp=yes
ac_cv_func_strndup=yes
ac_cv_have_decl___INTEL_COMPILER=no
ac_cv_have_decl___SUNPRO_C=no
ac_cv_have_decl___clang__=yes
ac_cv_header_dlfcn_h=yes
ac_cv_header_inttypes_h=yes
ac_cv_header_stdint_h=yes
ac_cv_header_stdio_h=yes
ac_cv_header_stdlib_h=yes
ac_cv_header_string_h=yes
ac_cv_header_strings_h=yes
ac_cv_header_sys_stat_h=yes
ac_cv_header_sys_types_h=yes
ac_cv_header_unistd_h=yes
ac_cv_host=wasm32-unknown-wasi
ac_cv_objext=o
ac_cv_path_EGREP='/usr/bin/grep -E'
ac_cv_path_EGREP_TRADITIONAL='/usr/bin/grep -E'
ac_cv_path_FGREP='/usr/bin/grep -F'
ac_cv_path_GREP=/usr/bin/grep
ac_cv_path_SED=/usr/bin/sed
ac_cv_path_ac_pt_PKG_CONFIG=/usr/bin/pkg-config
ac_cv_path_install='/usr/bin/install -c'
ac_cv_path_lt_DD=/usr/bin/dd
ac_cv_path_mkdir=/usr/bin/mkdir
ac_cv_prog_AR=/home/nathan/secure-exec/registry/native/c/vendor/wasi-sdk/bin/llvm-ar
ac_cv_prog_AWK=mawk
ac_cv_prog_CC=/home/nathan/secure-exec/registry/native/c/vendor/wasi-sdk/bin/clang
ac_cv_prog_RANLIB=/home/nathan/secure-exec/registry/native/c/vendor/wasi-sdk/bin/llvm-ranlib
ac_cv_prog_STRIP=strip
ac_cv_prog_ac_ct_DLLTOOL=dlltool
ac_cv_prog_ac_ct_DUMPBIN='link -dump'
ac_cv_prog_ac_ct_FILECMD=file
ac_cv_prog_ac_ct_MANIFEST_TOOL=mt
ac_cv_prog_ac_ct_OBJDUMP=objdump
ac_cv_prog_ac_ct_STRIP=strip
ac_cv_prog_cc_c11=
ac_cv_prog_cc_g=yes
ac_cv_prog_cc_stdc=
ac_cv_prog_make_make_set=yes
ac_cv_sys_largefile_opts='none needed'
am_cv_CC_dependencies_compiler_type=gcc3
am_cv_make_support_nested_variables=yes
am_cv_prog_cc_c_o=yes
lt_cv_ar_at_file=@
lt_cv_deplibs_check_method=unknown
lt_cv_file_magic_cmd='$MAGIC_CMD'
lt_cv_file_magic_test_file=
lt_cv_ld_reload_flag=-r
lt_cv_nm_interface='BSD nm'
lt_cv_objdir=.libs
lt_cv_path_LD=/home/linuxbrew/.linuxbrew/bin/ld
lt_cv_path_NM=no
lt_cv_path_mainfest_tool=no
lt_cv_prog_compiler_c_o=yes
lt_cv_prog_compiler_pic='-fPIC -DPIC'
lt_cv_prog_compiler_pic_works=yes
lt_cv_prog_compiler_rtti_exceptions=yes
lt_cv_prog_compiler_static_works=yes
lt_cv_prog_gnu_ld=yes
lt_cv_sharedlib_from_linklib_cmd='printf %s\n'
lt_cv_sys_global_symbol_pipe=
lt_cv_sys_global_symbol_to_c_name_address='/usr/bin/sed -n -e '\''s/^: \(.*\) .*$/  {"\1", (void *) 0},/p'\'' -e '\''s/^[ABCDGIRSTW][ABCDGIRSTW]* .* \(.*\)$/  {"\1", (void *) \&\1},/p'\'''
lt_cv_sys_global_symbol_to_c_name_address_lib_prefix='/usr/bin/sed -n -e '\''s/^: \(.*\) .*$/  {"\1", (void *) 0},/p'\'' -e '\''s/^[ABCDGIRSTW][ABCDGIRSTW]* .* \(lib.*\)$/  {"\1", (void *) \&\1},/p'\'' -e '\''s/^[ABCDGIRSTW][ABCDGIRSTW]* .* \(.*\)$/  {"lib\1", (void *) \&\1},/p'\'''
lt_cv_sys_global_symbol_to_cdecl=
lt_cv_sys_global_symbol_to_import=
lt_cv_sys_max_cmd_len=1572864
lt_cv_to_host_file_cmd=func_convert_file_noop
lt_cv_to_tool_file_cmd=func_convert_file_noop
lt_cv_truncate_bin='/usr/bin/dd bs=4096 count=1'
pkg_cv_XKBFILE_CFLAGS='-I/home/nathan/secure-exec-wasmgui/experiments/wasm-gui/third_party/wasm-prefix-threads/include '
pkg_cv_XKBFILE_LIBS='-L/home/nathan/secure-exec-wasmgui/experiments/wasm-gui/third_party/wasm-prefix-threads/lib -lX11 '
xorg_cv_cc_flag__Wall=yes
xorg_cv_cc_flag__Wbad_function_cast=yes
xorg_cv_cc_flag__Wdeclaration_after_statement=yes
xorg_cv_cc_flag__Werror=yes
xorg_cv_cc_flag__Werror_address=yes
xorg_cv_cc_flag__Werror_array_bounds=yes
xorg_cv_cc_flag__Werror_attributes=yes
xorg_cv_cc_flag__Werror_implicit=yes
xorg_cv_cc_flag__Werror_init_self=yes
xorg_cv_cc_flag__Werror_int_to_pointer_cast=yes
xorg_cv_cc_flag__Werror_main=yes
xorg_cv_cc_flag__Werror_missing_braces=yes
xorg_cv_cc_flag__Werror_nonnull=yes
xorg_cv_cc_flag__Werror_pointer_to_int_cast=yes
xorg_cv_cc_flag__Werror_return_type=yes
xorg_cv_cc_flag__Werror_sequence_point=yes
xorg_cv_cc_flag__Werror_trigraphs=yes
xorg_cv_cc_flag__Werror_write_strings=yes
xorg_cv_cc_flag__Wformat_2=yes
xorg_cv_cc_flag__Wlogical_op=no
xorg_cv_cc_flag__Wmissing_declarations=yes
xorg_cv_cc_flag__Wmissing_format_attribute=yes
xorg_cv_cc_flag__Wmissing_noreturn=yes
xorg_cv_cc_flag__Wmissing_prototypes=yes
xorg_cv_cc_flag__Wnested_externs=yes
xorg_cv_cc_flag__Wold_style_definition=yes
xorg_cv_cc_flag__Wpointer_arith=yes
xorg_cv_cc_flag__Wredundant_decls=yes
xorg_cv_cc_flag__Wshadow=yes
xorg_cv_cc_flag__Wstrict_prototypes=yes
xorg_cv_cc_flag__Wuninitialized=yes
xorg_cv_cc_flag__Wunused=yes
xorg_cv_cc_flag__pedantic=yes
xorg_cv_cc_flag_unknown_warning_option=yes
xorg_cv_cc_flag_unused_command_line_argument=yes

## ----------------- ##
## Output variables. ##
## ----------------- ##

ACLOCAL='${SHELL} '\''/home/nathan/secure-exec-wasmgui/experiments/wasm-gui/third_party/libxkbfile-threads/missing'\'' aclocal-1.16'
ADMIN_MAN_DIR='$(mandir)/man$(ADMIN_MAN_SUFFIX)'
ADMIN_MAN_SUFFIX='8'
AMDEPBACKSLASH='\'
AMDEP_FALSE='#'
AMDEP_TRUE=''
AMTAR='$${TAR-tar}'
AM_BACKSLASH='\'
AM_DEFAULT_V='$(AM_DEFAULT_VERBOSITY)'
AM_DEFAULT_VERBOSITY='0'
AM_V='$(V)'
APP_MAN_DIR='$(mandir)/man$(APP_MAN_SUFFIX)'
APP_MAN_SUFFIX='1'
AR='/home/nathan/secure-exec/registry/native/c/vendor/wasi-sdk/bin/llvm-ar'
AUTOCONF='${SHELL} '\''/home/nathan/secure-exec-wasmgui/experiments/wasm-gui/third_party/libxkbfile-threads/missing'\'' autoconf'
AUTOHEADER='${SHELL} '\''/home/nathan/secure-exec-wasmgui/experiments/wasm-gui/third_party/libxkbfile-threads/missing'\'' autoheader'
AUTOMAKE='${SHELL} '\''/home/nathan/secure-exec-wasmgui/experiments/wasm-gui/third_party/libxkbfile-threads/missing'\'' automake-1.16'
AWK='mawk'
BASE_CFLAGS=' -Wall -Wpointer-arith -Wmissing-declarations -Wformat=2 -Wstrict-prototypes -Wmissing-prototypes -Wnested-externs -Wbad-function-cast -Wold-style-definition -Wdeclaration-after-statement -Wunused -Wuninitialized -Wshadow -Wmissing-noreturn -Wmissing-format-attribute -Wredundant-decls -Werror=implicit -Werror=nonnull -Werror=init-self -Werror=main -Werror=missing-braces -Werror=sequence-point -Werror=return-type -Werror=trigraphs -Werror=array-bounds -Werror=write-strings -Werror=address -Werror=int-to-pointer-cast -Werror=pointer-to-int-cast'
CC='/home/nathan/secure-exec/registry/native/c/vendor/wasi-sdk/bin/clang'
CCDEPMODE='depmode=gcc3'
CFLAGS='--target=wasm32-wasip1-threads --sysroot=/home/nathan/secure-exec/registry/native/c/vendor/wasi-sdk/share/wasi-sysroot -O2 -pthread -matomics -mbulk-memory -DSECURE_EXEC_WASM_THREADS -D_WASI_EMULATED_SIGNAL -D_WASI_EMULATED_MMAN -D_WASI_EMULATED_PROCESS_CLOCKS -D_GNU_SOURCE -mllvm -wasm-enable-sjlj -Wno-error=implicit-function-declaration -Wno-error=int-conversion -Wno-int-conversion -I/home/nathan/secure-exec-wasmgui/experiments/wasm-gui/toolchain/compat-include -include /home/nathan/secure-exec-wasmgui/experiments/wasm-gui/toolchain/wasi-compat.h'
CHANGELOG_CMD='((GIT_DIR=$(top_srcdir)/.git git log > $(top_srcdir)/.changelog.tmp) 2>/dev/null && mv $(top_srcdir)/.changelog.tmp $(top_srcdir)/ChangeLog) || (rm -f $(top_srcdir)/.changelog.tmp; test -e $(top_srcdir)/ChangeLog || ( touch $(top_srcdir)/ChangeLog; echo '\''git failed to create ChangeLog: installing empty ChangeLog.'\'' >&2))'
CPPFLAGS='--target=wasm32-wasip1-threads --sysroot=/home/nathan/secure-exec/registry/native/c/vendor/wasi-sdk/share/wasi-sysroot -I/home/nathan/secure-exec-wasmgui/experiments/wasm-gui/third_party/wasm-prefix-threads/include -I/home/nathan/secure-exec-wasmgui/experiments/wasm-gui/toolchain/compat-include -include /home/nathan/secure-exec-wasmgui/experiments/wasm-gui/toolchain/wasi-compat.h'
CSCOPE='cscope'
CTAGS='ctags'
CWARNFLAGS=' -Wall -Wpointer-arith -Wmissing-declarations -Wformat=2 -Wstrict-prototypes -Wmissing-prototypes -Wnested-externs -Wbad-function-cast -Wold-style-definition -Wdeclaration-after-statement -Wunused -Wuninitialized -Wshadow -Wmissing-noreturn -Wmissing-format-attribute -Wredundant-decls -Werror=implicit -Werror=nonnull -Werror=init-self -Werror=main -Werror=missing-braces -Werror=sequence-point -Werror=return-type -Werror=trigraphs -Werror=array-bounds -Werror=write-strings -Werror=address -Werror=int-to-pointer-cast -Werror=pointer-to-int-cast -fno-strict-aliasing'
CYGPATH_W='echo'
DEFS='-DHAVE_CONFIG_H'
DEPDIR='.deps'
DLLTOOL='dlltool'
DRIVER_MAN_DIR='$(mandir)/man$(DRIVER_MAN_SUFFIX)'
DRIVER_MAN_SUFFIX='4'
DSYMUTIL=''
DUMPBIN=':'
ECHO_C=''
ECHO_N='-n'
ECHO_T=''
EGREP='/usr/bin/grep -E'
ETAGS='etags'
EXEEXT=''
FGREP='/usr/bin/grep -F'
FILECMD='file'
FILE_MAN_DIR='$(mandir)/man$(FILE_MAN_SUFFIX)'
FILE_MAN_SUFFIX='5'
GREP='/usr/bin/grep'
INSTALL_CMD='(cp -f /home/nathan/secure-exec-wasmgui/experiments/wasm-gui/third_party/wasm-prefix-threads/share/util-macros/INSTALL $(top_srcdir)/.INSTALL.tmp && mv $(top_srcdir)/.INSTALL.tmp $(top_srcdir)/INSTALL) || (rm -f $(top_srcdir)/.INSTALL.tmp; test -e $(top_srcdir)/INSTALL || ( touch $(top_srcdir)/INSTALL; echo '\''failed to copy INSTALL from util-macros: installing empty INSTALL.'\'' >&2))'
INSTALL_DATA='${INSTALL} -m 644'
INSTALL_PROGRAM='${INSTALL}'
INSTALL_SCRIPT='${INSTALL}'
INSTALL_STRIP_PROGRAM='$(install_sh) -c -s'
LD='/home/linuxbrew/.linuxbrew/bin/ld'
LDFLAGS='--target=wasm32-wasip1-threads --sysroot=/home/nathan/secure-exec/registry/native/c/vendor/wasi-sdk/share/wasi-sysroot -Wl,--shared-memory -Wl,--import-memory -Wl,--export-memory -Wl,--max-memory=536870912 -Wl,--export=wasi_thread_start -lwasi-emulated-signal -L/home/nathan/secure-exec-wasmgui/experiments/wasm-gui/third_party/wasm-prefix-threads/lib -L/home/nathan/secure-exec/registry/native/c/vendor/wasi-sdk/share/wasi-sysroot/lib/wasm32-wasip1-threads -lwasi-emulated-mman -lwasi-emulated-process-clocks'
LIBOBJS=''
LIBS=''
LIBTOOL='$(SHELL) $(top_builddir)/libtool'
LIB_MAN_DIR='$(mandir)/man$(LIB_MAN_SUFFIX)'
LIB_MAN_SUFFIX='3'
LIPO=''
LN_S='ln -s'
LTLIBOBJS=''
LT_SYS_LIBRARY_PATH=''
MAKEINFO='${SHELL} '\''/home/nathan/secure-exec-wasmgui/experiments/wasm-gui/third_party/libxkbfile-threads/missing'\'' makeinfo'
MANIFEST_TOOL=':'
MAN_SUBSTS='	-e '\''s|__vendorversion__|"$(PACKAGE_STRING)" "$(XORG_MAN_PAGE)"|'\'' 	-e '\''s|__xorgversion__|"$(PACKAGE_STRING)" "$(XORG_MAN_PAGE)"|'\'' 	-e '\''s|__xservername__|Xorg|g'\'' 	-e '\''s|__xconfigfile__|xorg.conf|g'\'' 	-e '\''s|__projectroot__|$(prefix)|g'\'' 	-e '\''s|__apploaddir__|$(appdefaultdir)|g'\'' 	-e '\''s|__appmansuffix__|$(APP_MAN_SUFFIX)|g'\'' 	-e '\''s|__drivermansuffix__|$(DRIVER_MAN_SUFFIX)|g'\'' 	-e '\''s|__adminmansuffix__|$(ADMIN_MAN_SUFFIX)|g'\'' 	-e '\''s|__libmansuffix__|$(LIB_MAN_SUFFIX)|g'\'' 	-e '\''s|__miscmansuffix__|$(MISC_MAN_SUFFIX)|g'\'' 	-e '\''s|__filemansuffix__|$(FILE_MAN_SUFFIX)|g'\'''
MISC_MAN_DIR='$(mandir)/man$(MISC_MAN_SUFFIX)'
MISC_MAN_SUFFIX='7'
MKDIR_P='/usr/bin/mkdir -p'
NM='nm'
NMEDIT=''
OBJDUMP='objdump'
OBJEXT='o'
OTOOL64=''
OTOOL=''
PACKAGE='libxkbfile'
PACKAGE_BUGREPORT='https://gitlab.freedesktop.org/xorg/lib/libxkbfile/-/issues'
PACKAGE_NAME='libxkbfile'
PACKAGE_STRING='libxkbfile 1.1.3'
PACKAGE_TARNAME='libxkbfile'
PACKAGE_URL=''
PACKAGE_VERSION='1.1.3'
PATH_SEPARATOR=':'
PKG_CONFIG='/usr/bin/pkg-config'
PKG_CONFIG_LIBDIR='/home/nathan/secure-exec-wasmgui/experiments/wasm-gui/third_party/wasm-prefix-threads/lib/pkgconfig:/home/nathan/secure-exec-wasmgui/experiments/wasm-gui/third_party/wasm-prefix-threads/share/pkgconfig'
PKG_CONFIG_PATH=''
RANLIB='/home/nathan/secure-exec/registry/native/c/vendor/wasi-sdk/bin/llvm-ranlib'
SED='/usr/bin/sed'
SET_MAKE=''
SHELL='/bin/bash'
STRICT_CFLAGS=' -pedantic -Werror -Werror=attributes'
STRIP='strip'
VERSION='1.1.3'
XKBFILE_CFLAGS='-I/home/nathan/secure-exec-wasmgui/experiments/wasm-gui/third_party/wasm-prefix-threads/include '
XKBFILE_LIBS='-L/home/nathan/secure-exec-wasmgui/experiments/wasm-gui/third_party/wasm-prefix-threads/lib -lX11 '
XORG_MAN_PAGE='X Version 11'
ac_ct_AR=''
ac_ct_CC=''
ac_ct_DUMPBIN='link -dump'
am__EXEEXT_FALSE=''
am__EXEEXT_TRUE='#'
am__fastdepCC_FALSE='#'
am__fastdepCC_TRUE=''
am__include='include'
am__isrc=''
am__leading_dot='.'
am__nodep='_no'
am__quote=''
am__tar='$${TAR-tar} chof - "$$tardir"'
am__untar='$${TAR-tar} xf -'
bindir='${exec_prefix}/bin'
build='x86_64-pc-linux-gnux32'
build_alias=''
build_cpu='x86_64'
build_os='linux-gnux32'
build_vendor='pc'
datadir='${datarootdir}'
datarootdir='${prefix}/share'
docdir='${datarootdir}/doc/${PACKAGE_TARNAME}'
dvidir='${docdir}'
exec_prefix='${prefix}'
host='wasm32-unknown-wasi'
host_alias='wasm32-wasi'
host_cpu='wasm32'
host_os='wasi'
host_vendor='unknown'
htmldir='${docdir}'
includedir='${prefix}/include'
infodir='${datarootdir}/info'
install_sh='${SHELL} /home/nathan/secure-exec-wasmgui/experiments/wasm-gui/third_party/libxkbfile-threads/install-sh'
libdir='${exec_prefix}/lib'
libexecdir='${exec_prefix}/libexec'
localedir='${datarootdir}/locale'
localstatedir='${prefix}/var'
mandir='${datarootdir}/man'
mkdir_p='$(MKDIR_P)'
oldincludedir='/usr/include'
pdfdir='${docdir}'
prefix='/home/nathan/secure-exec-wasmgui/experiments/wasm-gui/third_party/wasm-prefix-threads'
program_transform_name='s,x,x,'
psdir='${docdir}'
runstatedir='${localstatedir}/run'
sbindir='${exec_prefix}/sbin'
sharedstatedir='${prefix}/com'
sysconfdir='${prefix}/etc'
target_alias=''

## ----------- ##
## confdefs.h. ##
## ----------- ##

/* confdefs.h */
#define PACKAGE_NAME "libxkbfile"
#define PACKAGE_TARNAME "libxkbfile"
#define PACKAGE_VERSION "1.1.3"
#define PACKAGE_STRING "libxkbfile 1.1.3"
#define PACKAGE_BUGREPORT "https://gitlab.freedesktop.org/xorg/lib/libxkbfile/-/issues"
#define PACKAGE_URL ""
#define PACKAGE "libxkbfile"
#define VERSION "1.1.3"
#define HAVE_STDIO_H 1
#define HAVE_STDLIB_H 1
#define HAVE_STRING_H 1
#define HAVE_INTTYPES_H 1
#define HAVE_STDINT_H 1
#define HAVE_STRINGS_H 1
#define HAVE_SYS_STAT_H 1
#define HAVE_SYS_TYPES_H 1
#define HAVE_UNISTD_H 1
#define STDC_HEADERS 1
#define HAVE_DLFCN_H 1
#define LT_OBJDIR ".libs/"
#define PACKAGE_VERSION_MAJOR 1
#define PACKAGE_VERSION_MINOR 1
#define PACKAGE_VERSION_PATCHLEVEL 3
#define HAVE_STRCASECMP 1
#define HAVE_STRNDUP 1
#define HAVE_UNLOCKED_STDIO 1

configure: exit 0
