This file contains any messages produced by compilers while
running configure, to aid debugging if configure makes a mistake.

It was created by twm configure 1.0.12, which was
generated by GNU Autoconf 2.69.  Invocation command line was

  $ ./configure --host=wasm32-wasi --prefix=/home/nathan/secure-exec/experiments/wasm-gui/third_party/wasm-prefix --enable-static --disable-shared --disable-malloc0returnsnull --disable-docs --without-xsltproc

## --------- ##
## Platform. ##
## --------- ##

hostname = nathan-dev
uname -m = x86_64
uname -r = 6.1.0-41-amd64
uname -s = Linux
uname -v = #1 SMP PREEMPT_DYNAMIC Debian 6.1.158-1 (2025-11-09)

/usr/bin/uname -p = unknown
/bin/uname -X     = unknown

/bin/arch              = x86_64
/usr/bin/arch -k       = unknown
/usr/convex/getsysinfo = unknown
/usr/bin/hostinfo      = unknown
/bin/machine           = unknown
/usr/bin/oslevel       = unknown
/bin/universe          = unknown

PATH: /home/nathan/misc/bun/bin
PATH: /home/nathan/.bun/bin
PATH: /home/nathan/.bun/bin
PATH: /home/nathan/.bun/bin
PATH: /home/nathan/.bun/bin
PATH: /home/nathan/.wasmer/bin
PATH: /home/nathan/.opencode/bin
PATH: /home/nathan/.local/bin
PATH: /home/nathan/.bun/bin
PATH: /home/nathan/.cargo/bin
PATH: /home/nathan/.nix-profile/bin
PATH: /nix/var/nix/profiles/default/bin
PATH: /home/linuxbrew/.linuxbrew/bin
PATH: /home/linuxbrew/.linuxbrew/sbin
PATH: /home/nathan/.local/bin
PATH: /home/linuxbrew/.linuxbrew/opt/rustup/bin
PATH: /home/nathan/.local/bin
PATH: /home/nathan/.atuin/bin
PATH: /home/nathan/misc/bun/bin
PATH: /home/nathan/.bun/bin
PATH: /home/nathan/.bun/bin
PATH: /home/nathan/.bun/bin
PATH: /home/nathan/.bun/bin
PATH: /home/nathan/.wasmer/bin
PATH: /home/nathan/.deno/bin
PATH: /home/nathan/.opencode/bin
PATH: /home/nathan/.local/bin
PATH: /home/nathan/.bun/bin
PATH: /home/nathan/.cargo/bin
PATH: /home/nathan/.nix-profile/bin
PATH: /nix/var/nix/profiles/default/bin
PATH: /tmp/pnpm
PATH: /home/linuxbrew/.linuxbrew/bin
PATH: /home/linuxbrew/.linuxbrew/sbin
PATH: /home/nathan/.nvm/versions/node/v24.13.0/bin
PATH: /home/nathan/.nix-profile/bin
PATH: /nix/var/nix/profiles/default/bin
PATH: /usr/local/bin
PATH: /usr/bin
PATH: /bin
PATH: /usr/local/games
PATH: /usr/games


## ----------- ##
## Core tests. ##
## ----------- ##

configure:2311: checking for wasm32-wasi-gcc
configure:2338: result: /home/nathan/secure-exec/registry/native/c/vendor/wasi-sdk/bin/clang
configure:2607: checking for C compiler version
configure:2616: /home/nathan/secure-exec/registry/native/c/vendor/wasi-sdk/bin/clang --version >&5
clang version 19.1.5-wasi-sdk (https://github.com/llvm/llvm-project ab4b5a2db582958af1ee308a790cfdb42bd24720)
Target: wasm32-unknown-wasi
Thread model: posix
InstalledDir: /home/nathan/secure-exec/registry/native/c/vendor/wasi-sdk/bin
configure:2627: $? = 0
configure:2616: /home/nathan/secure-exec/registry/native/c/vendor/wasi-sdk/bin/clang -v >&5
clang version 19.1.5-wasi-sdk (https://github.com/llvm/llvm-project ab4b5a2db582958af1ee308a790cfdb42bd24720)
Target: wasm32-unknown-wasi
Thread model: posix
InstalledDir: /home/nathan/secure-exec/registry/native/c/vendor/wasi-sdk/bin
configure:2627: $? = 0
configure:2616: /home/nathan/secure-exec/registry/native/c/vendor/wasi-sdk/bin/clang -V >&5
clang: error: argument to '-V' is missing (expected 1 value)
clang: error: no input files
configure:2627: $? = 1
configure:2616: /home/nathan/secure-exec/registry/native/c/vendor/wasi-sdk/bin/clang -qversion >&5
clang: error: unknown argument '-qversion'; did you mean '--version'?
clang: error: no input files
configure:2627: $? = 1
configure:2647: checking whether the C compiler works
configure:2669: /home/nathan/secure-exec/registry/native/c/vendor/wasi-sdk/bin/clang --target=wasm32-wasip1 --sysroot=/home/nathan/secure-exec/registry/native/c/sysroot -O2 -D_WASI_EMULATED_MMAN -D_WASI_EMULATED_PROCESS_CLOCKS -D_GNU_SOURCE -mllvm -wasm-enable-sjlj -Wno-error=implicit-function-declaration -Wno-error=int-conversion -Wno-int-conversion -I/home/nathan/secure-exec/experiments/wasm-gui/toolchain/compat-include -include /home/nathan/secure-exec/experiments/wasm-gui/toolchain/wasi-compat.h --target=wasm32-wasip1 --sysroot=/home/nathan/secure-exec/registry/native/c/sysroot -I/home/nathan/secure-exec/experiments/wasm-gui/third_party/wasm-prefix/include -I/home/nathan/secure-exec/experiments/wasm-gui/toolchain/compat-include -include /home/nathan/secure-exec/experiments/wasm-gui/toolchain/wasi-compat.h --target=wasm32-wasip1 --sysroot=/home/nathan/secure-exec/registry/native/c/sysroot -L/home/nathan/secure-exec/experiments/wasm-gui/third_party/wasm-prefix/lib -L/home/nathan/secure-exec/registry/native/c/vendor/wasi-sdk/share/wasi-sysroot/lib/wasm32-wasip1 -lwasi-emulated-mman -lwasi-emulated-process-clocks conftest.c  >&5
configure:2673: $? = 0
configure:2721: result: yes
configure:2724: checking for C compiler default output file name
configure:2726: result: a.out
configure:2732: checking for suffix of executables
configure:2739: /home/nathan/secure-exec/registry/native/c/vendor/wasi-sdk/bin/clang -o conftest --target=wasm32-wasip1 --sysroot=/home/nathan/secure-exec/registry/native/c/sysroot -O2 -D_WASI_EMULATED_MMAN -D_WASI_EMULATED_PROCESS_CLOCKS -D_GNU_SOURCE -mllvm -wasm-enable-sjlj -Wno-error=implicit-function-declaration -Wno-error=int-conversion -Wno-int-conversion -I/home/nathan/secure-exec/experiments/wasm-gui/toolchain/compat-include -include /home/nathan/secure-exec/experiments/wasm-gui/toolchain/wasi-compat.h --target=wasm32-wasip1 --sysroot=/home/nathan/secure-exec/registry/native/c/sysroot -I/home/nathan/secure-exec/experiments/wasm-gui/third_party/wasm-prefix/include -I/home/nathan/secure-exec/experiments/wasm-gui/toolchain/compat-include -include /home/nathan/secure-exec/experiments/wasm-gui/toolchain/wasi-compat.h --target=wasm32-wasip1 --sysroot=/home/nathan/secure-exec/registry/native/c/sysroot -L/home/nathan/secure-exec/experiments/wasm-gui/third_party/wasm-prefix/lib -L/home/nathan/secure-exec/registry/native/c/vendor/wasi-sdk/share/wasi-sysroot/lib/wasm32-wasip1 -lwasi-emulated-mman -lwasi-emulated-process-clocks conftest.c  >&5
configure:2743: $? = 0
configure:2765: result: 
configure:2787: checking whether we are cross compiling
configure:2795: /home/nathan/secure-exec/registry/native/c/vendor/wasi-sdk/bin/clang -o conftest --target=wasm32-wasip1 --sysroot=/home/nathan/secure-exec/registry/native/c/sysroot -O2 -D_WASI_EMULATED_MMAN -D_WASI_EMULATED_PROCESS_CLOCKS -D_GNU_SOURCE -mllvm -wasm-enable-sjlj -Wno-error=implicit-function-declaration -Wno-error=int-conversion -Wno-int-conversion -I/home/nathan/secure-exec/experiments/wasm-gui/toolchain/compat-include -include /home/nathan/secure-exec/experiments/wasm-gui/toolchain/wasi-compat.h --target=wasm32-wasip1 --sysroot=/home/nathan/secure-exec/registry/native/c/sysroot -I/home/nathan/secure-exec/experiments/wasm-gui/third_party/wasm-prefix/include -I/home/nathan/secure-exec/experiments/wasm-gui/toolchain/compat-include -include /home/nathan/secure-exec/experiments/wasm-gui/toolchain/wasi-compat.h --target=wasm32-wasip1 --sysroot=/home/nathan/secure-exec/registry/native/c/sysroot -L/home/nathan/secure-exec/experiments/wasm-gui/third_party/wasm-prefix/lib -L/home/nathan/secure-exec/registry/native/c/vendor/wasi-sdk/share/wasi-sysroot/lib/wasm32-wasip1 -lwasi-emulated-mman -lwasi-emulated-process-clocks conftest.c  >&5
configure:2799: $? = 0
configure:2806: ./conftest
./configure: line 2808: ./conftest: cannot execute binary file: Exec format error
configure:2810: $? = 126
configure:2825: result: yes
configure:2830: checking for suffix of object files
configure:2852: /home/nathan/secure-exec/registry/native/c/vendor/wasi-sdk/bin/clang -c --target=wasm32-wasip1 --sysroot=/home/nathan/secure-exec/registry/native/c/sysroot -O2 -D_WASI_EMULATED_MMAN -D_WASI_EMULATED_PROCESS_CLOCKS -D_GNU_SOURCE -mllvm -wasm-enable-sjlj -Wno-error=implicit-function-declaration -Wno-error=int-conversion -Wno-int-conversion -I/home/nathan/secure-exec/experiments/wasm-gui/toolchain/compat-include -include /home/nathan/secure-exec/experiments/wasm-gui/toolchain/wasi-compat.h --target=wasm32-wasip1 --sysroot=/home/nathan/secure-exec/registry/native/c/sysroot -I/home/nathan/secure-exec/experiments/wasm-gui/third_party/wasm-prefix/include -I/home/nathan/secure-exec/experiments/wasm-gui/toolchain/compat-include -include /home/nathan/secure-exec/experiments/wasm-gui/toolchain/wasi-compat.h conftest.c >&5
configure:2856: $? = 0
configure:2877: result: o
configure:2881: checking whether we are using the GNU C compiler
configure:2900: /home/nathan/secure-exec/registry/native/c/vendor/wasi-sdk/bin/clang -c --target=wasm32-wasip1 --sysroot=/home/nathan/secure-exec/registry/native/c/sysroot -O2 -D_WASI_EMULATED_MMAN -D_WASI_EMULATED_PROCESS_CLOCKS -D_GNU_SOURCE -mllvm -wasm-enable-sjlj -Wno-error=implicit-function-declaration -Wno-error=int-conversion -Wno-int-conversion -I/home/nathan/secure-exec/experiments/wasm-gui/toolchain/compat-include -include /home/nathan/secure-exec/experiments/wasm-gui/toolchain/wasi-compat.h --target=wasm32-wasip1 --sysroot=/home/nathan/secure-exec/registry/native/c/sysroot -I/home/nathan/secure-exec/experiments/wasm-gui/third_party/wasm-prefix/include -I/home/nathan/secure-exec/experiments/wasm-gui/toolchain/compat-include -include /home/nathan/secure-exec/experiments/wasm-gui/toolchain/wasi-compat.h conftest.c >&5
configure:2900: $? = 0
configure:2909: result: yes
configure:2918: checking whether /home/nathan/secure-exec/registry/native/c/vendor/wasi-sdk/bin/clang accepts -g
configure:2938: /home/nathan/secure-exec/registry/native/c/vendor/wasi-sdk/bin/clang -c -g --target=wasm32-wasip1 --sysroot=/home/nathan/secure-exec/registry/native/c/sysroot -I/home/nathan/secure-exec/experiments/wasm-gui/third_party/wasm-prefix/include -I/home/nathan/secure-exec/experiments/wasm-gui/toolchain/compat-include -include /home/nathan/secure-exec/experiments/wasm-gui/toolchain/wasi-compat.h conftest.c >&5
configure:2938: $? = 0
configure:2979: result: yes
configure:2996: checking for /home/nathan/secure-exec/registry/native/c/vendor/wasi-sdk/bin/clang option to accept ISO C89
configure:3059: /home/nathan/secure-exec/registry/native/c/vendor/wasi-sdk/bin/clang  -c --target=wasm32-wasip1 --sysroot=/home/nathan/secure-exec/registry/native/c/sysroot -O2 -D_WASI_EMULATED_MMAN -D_WASI_EMULATED_PROCESS_CLOCKS -D_GNU_SOURCE -mllvm -wasm-enable-sjlj -Wno-error=implicit-function-declaration -Wno-error=int-conversion -Wno-int-conversion -I/home/nathan/secure-exec/experiments/wasm-gui/toolchain/compat-include -include /home/nathan/secure-exec/experiments/wasm-gui/toolchain/wasi-compat.h --target=wasm32-wasip1 --sysroot=/home/nathan/secure-exec/registry/native/c/sysroot -I/home/nathan/secure-exec/experiments/wasm-gui/third_party/wasm-prefix/include -I/home/nathan/secure-exec/experiments/wasm-gui/toolchain/compat-include -include /home/nathan/secure-exec/experiments/wasm-gui/toolchain/wasi-compat.h conftest.c >&5
conftest.c:15:14: warning: a function definition without a prototype is deprecated in all versions of C and is not supported in C23 [-Wdeprecated-non-prototype]
   15 | static char *e (p, i)
      |              ^
1 warning generated.
configure:3059: $? = 0
configure:3072: result: none needed
configure:3097: checking whether /home/nathan/secure-exec/registry/native/c/vendor/wasi-sdk/bin/clang understands -c and -o together
configure:3119: /home/nathan/secure-exec/registry/native/c/vendor/wasi-sdk/bin/clang -c conftest.c -o conftest2.o
configure:3122: $? = 0
configure:3119: /home/nathan/secure-exec/registry/native/c/vendor/wasi-sdk/bin/clang -c conftest.c -o conftest2.o
configure:3122: $? = 0
configure:3134: result: yes
configure:3157: checking how to run the C preprocessor
configure:3188: /home/nathan/secure-exec/registry/native/c/vendor/wasi-sdk/bin/clang -E --target=wasm32-wasip1 --sysroot=/home/nathan/secure-exec/registry/native/c/sysroot -I/home/nathan/secure-exec/experiments/wasm-gui/third_party/wasm-prefix/include -I/home/nathan/secure-exec/experiments/wasm-gui/toolchain/compat-include -include /home/nathan/secure-exec/experiments/wasm-gui/toolchain/wasi-compat.h conftest.c
configure:3188: $? = 0
configure:3202: /home/nathan/secure-exec/registry/native/c/vendor/wasi-sdk/bin/clang -E --target=wasm32-wasip1 --sysroot=/home/nathan/secure-exec/registry/native/c/sysroot -I/home/nathan/secure-exec/experiments/wasm-gui/third_party/wasm-prefix/include -I/home/nathan/secure-exec/experiments/wasm-gui/toolchain/compat-include -include /home/nathan/secure-exec/experiments/wasm-gui/toolchain/wasi-compat.h conftest.c
conftest.c:9:10: fatal error: 'ac_nonexistent.h' file not found
    9 | #include <ac_nonexistent.h>
      |          ^~~~~~~~~~~~~~~~~~
1 error generated.
configure:3202: $? = 1
configure: failed program was:
| /* confdefs.h */
| #define PACKAGE_NAME "twm"
| #define PACKAGE_TARNAME "twm"
| #define PACKAGE_VERSION "1.0.12"
| #define PACKAGE_STRING "twm 1.0.12"
| #define PACKAGE_BUGREPORT "https://gitlab.freedesktop.org/xorg/app/twm/issues"
| #define PACKAGE_URL ""
| /* end confdefs.h.  */
| #include <ac_nonexistent.h>
configure:3227: result: /home/nathan/secure-exec/registry/native/c/vendor/wasi-sdk/bin/clang -E
configure:3247: /home/nathan/secure-exec/registry/native/c/vendor/wasi-sdk/bin/clang -E --target=wasm32-wasip1 --sysroot=/home/nathan/secure-exec/registry/native/c/sysroot -I/home/nathan/secure-exec/experiments/wasm-gui/third_party/wasm-prefix/include -I/home/nathan/secure-exec/experiments/wasm-gui/toolchain/compat-include -include /home/nathan/secure-exec/experiments/wasm-gui/toolchain/wasi-compat.h conftest.c
configure:3247: $? = 0
configure:3261: /home/nathan/secure-exec/registry/native/c/vendor/wasi-sdk/bin/clang -E --target=wasm32-wasip1 --sysroot=/home/nathan/secure-exec/registry/native/c/sysroot -I/home/nathan/secure-exec/experiments/wasm-gui/third_party/wasm-prefix/include -I/home/nathan/secure-exec/experiments/wasm-gui/toolchain/compat-include -include /home/nathan/secure-exec/experiments/wasm-gui/toolchain/wasi-compat.h conftest.c
conftest.c:9:10: fatal error: 'ac_nonexistent.h' file not found
    9 | #include <ac_nonexistent.h>
      |          ^~~~~~~~~~~~~~~~~~
1 error generated.
configure:3261: $? = 1
configure: failed program was:
| /* confdefs.h */
| #define PACKAGE_NAME "twm"
| #define PACKAGE_TARNAME "twm"
| #define PACKAGE_VERSION "1.0.12"
| #define PACKAGE_STRING "twm 1.0.12"
| #define PACKAGE_BUGREPORT "https://gitlab.freedesktop.org/xorg/app/twm/issues"
| #define PACKAGE_URL ""
| /* end confdefs.h.  */
| #include <ac_nonexistent.h>
configure:3290: checking for grep that handles long lines and -e
configure:3348: result: /usr/bin/grep
configure:3353: checking for egrep
configure:3415: result: /usr/bin/grep -E
configure:3420: checking for ANSI C header files
configure:3440: /home/nathan/secure-exec/registry/native/c/vendor/wasi-sdk/bin/clang -c --target=wasm32-wasip1 --sysroot=/home/nathan/secure-exec/registry/native/c/sysroot -O2 -D_WASI_EMULATED_MMAN -D_WASI_EMULATED_PROCESS_CLOCKS -D_GNU_SOURCE -mllvm -wasm-enable-sjlj -Wno-error=implicit-function-declaration -Wno-error=int-conversion -Wno-int-conversion -I/home/nathan/secure-exec/experiments/wasm-gui/toolchain/compat-include -include /home/nathan/secure-exec/experiments/wasm-gui/toolchain/wasi-compat.h --target=wasm32-wasip1 --sysroot=/home/nathan/secure-exec/registry/native/c/sysroot -I/home/nathan/secure-exec/experiments/wasm-gui/third_party/wasm-prefix/include -I/home/nathan/secure-exec/experiments/wasm-gui/toolchain/compat-include -include /home/nathan/secure-exec/experiments/wasm-gui/toolchain/wasi-compat.h conftest.c >&5
configure:3440: $? = 0
configure:3524: result: yes
configure:3537: checking for sys/types.h
configure:3537: /home/nathan/secure-exec/registry/native/c/vendor/wasi-sdk/bin/clang -c --target=wasm32-wasip1 --sysroot=/home/nathan/secure-exec/registry/native/c/sysroot -O2 -D_WASI_EMULATED_MMAN -D_WASI_EMULATED_PROCESS_CLOCKS -D_GNU_SOURCE -mllvm -wasm-enable-sjlj -Wno-error=implicit-function-declaration -Wno-error=int-conversion -Wno-int-conversion -I/home/nathan/secure-exec/experiments/wasm-gui/toolchain/compat-include -include /home/nathan/secure-exec/experiments/wasm-gui/toolchain/wasi-compat.h --target=wasm32-wasip1 --sysroot=/home/nathan/secure-exec/registry/native/c/sysroot -I/home/nathan/secure-exec/experiments/wasm-gui/third_party/wasm-prefix/include -I/home/nathan/secure-exec/experiments/wasm-gui/toolchain/compat-include -include /home/nathan/secure-exec/experiments/wasm-gui/toolchain/wasi-compat.h conftest.c >&5
configure:3537: $? = 0
configure:3537: result: yes
configure:3537: checking for sys/stat.h
configure:3537: /home/nathan/secure-exec/registry/native/c/vendor/wasi-sdk/bin/clang -c --target=wasm32-wasip1 --sysroot=/home/nathan/secure-exec/registry/native/c/sysroot -O2 -D_WASI_EMULATED_MMAN -D_WASI_EMULATED_PROCESS_CLOCKS -D_GNU_SOURCE -mllvm -wasm-enable-sjlj -Wno-error=implicit-function-declaration -Wno-error=int-conversion -Wno-int-conversion -I/home/nathan/secure-exec/experiments/wasm-gui/toolchain/compat-include -include /home/nathan/secure-exec/experiments/wasm-gui/toolchain/wasi-compat.h --target=wasm32-wasip1 --sysroot=/home/nathan/secure-exec/registry/native/c/sysroot -I/home/nathan/secure-exec/experiments/wasm-gui/third_party/wasm-prefix/include -I/home/nathan/secure-exec/experiments/wasm-gui/toolchain/compat-include -include /home/nathan/secure-exec/experiments/wasm-gui/toolchain/wasi-compat.h conftest.c >&5
configure:3537: $? = 0
configure:3537: result: yes
configure:3537: checking for stdlib.h
configure:3537: /home/nathan/secure-exec/registry/native/c/vendor/wasi-sdk/bin/clang -c --target=wasm32-wasip1 --sysroot=/home/nathan/secure-exec/registry/native/c/sysroot -O2 -D_WASI_EMULATED_MMAN -D_WASI_EMULATED_PROCESS_CLOCKS -D_GNU_SOURCE -mllvm -wasm-enable-sjlj -Wno-error=implicit-function-declaration -Wno-error=int-conversion -Wno-int-conversion -I/home/nathan/secure-exec/experiments/wasm-gui/toolchain/compat-include -include /home/nathan/secure-exec/experiments/wasm-gui/toolchain/wasi-compat.h --target=wasm32-wasip1 --sysroot=/home/nathan/secure-exec/registry/native/c/sysroot -I/home/nathan/secure-exec/experiments/wasm-gui/third_party/wasm-prefix/include -I/home/nathan/secure-exec/experiments/wasm-gui/toolchain/compat-include -include /home/nathan/secure-exec/experiments/wasm-gui/toolchain/wasi-compat.h conftest.c >&5
configure:3537: $? = 0
configure:3537: result: yes
configure:3537: checking for string.h
configure:3537: /home/nathan/secure-exec/registry/native/c/vendor/wasi-sdk/bin/clang -c --target=wasm32-wasip1 --sysroot=/home/nathan/secure-exec/registry/native/c/sysroot -O2 -D_WASI_EMULATED_MMAN -D_WASI_EMULATED_PROCESS_CLOCKS -D_GNU_SOURCE -mllvm -wasm-enable-sjlj -Wno-error=implicit-function-declaration -Wno-error=int-conversion -Wno-int-conversion -I/home/nathan/secure-exec/experiments/wasm-gui/toolchain/compat-include -include /home/nathan/secure-exec/experiments/wasm-gui/toolchain/wasi-compat.h --target=wasm32-wasip1 --sysroot=/home/nathan/secure-exec/registry/native/c/sysroot -I/home/nathan/secure-exec/experiments/wasm-gui/third_party/wasm-prefix/include -I/home/nathan/secure-exec/experiments/wasm-gui/toolchain/compat-include -include /home/nathan/secure-exec/experiments/wasm-gui/toolchain/wasi-compat.h conftest.c >&5
configure:3537: $? = 0
configure:3537: result: yes
configure:3537: checking for memory.h
configure:3537: /home/nathan/secure-exec/registry/native/c/vendor/wasi-sdk/bin/clang -c --target=wasm32-wasip1 --sysroot=/home/nathan/secure-exec/registry/native/c/sysroot -O2 -D_WASI_EMULATED_MMAN -D_WASI_EMULATED_PROCESS_CLOCKS -D_GNU_SOURCE -mllvm -wasm-enable-sjlj -Wno-error=implicit-function-declaration -Wno-error=int-conversion -Wno-int-conversion -I/home/nathan/secure-exec/experiments/wasm-gui/toolchain/compat-include -include /home/nathan/secure-exec/experiments/wasm-gui/toolchain/wasi-compat.h --target=wasm32-wasip1 --sysroot=/home/nathan/secure-exec/registry/native/c/sysroot -I/home/nathan/secure-exec/experiments/wasm-gui/third_party/wasm-prefix/include -I/home/nathan/secure-exec/experiments/wasm-gui/toolchain/compat-include -include /home/nathan/secure-exec/experiments/wasm-gui/toolchain/wasi-compat.h conftest.c >&5
configure:3537: $? = 0
configure:3537: result: yes
configure:3537: checking for strings.h
configure:3537: /home/nathan/secure-exec/registry/native/c/vendor/wasi-sdk/bin/clang -c --target=wasm32-wasip1 --sysroot=/home/nathan/secure-exec/registry/native/c/sysroot -O2 -D_WASI_EMULATED_MMAN -D_WASI_EMULATED_PROCESS_CLOCKS -D_GNU_SOURCE -mllvm -wasm-enable-sjlj -Wno-error=implicit-function-declaration -Wno-error=int-conversion -Wno-int-conversion -I/home/nathan/secure-exec/experiments/wasm-gui/toolchain/compat-include -include /home/nathan/secure-exec/experiments/wasm-gui/toolchain/wasi-compat.h --target=wasm32-wasip1 --sysroot=/home/nathan/secure-exec/registry/native/c/sysroot -I/home/nathan/secure-exec/experiments/wasm-gui/third_party/wasm-prefix/include -I/home/nathan/secure-exec/experiments/wasm-gui/toolchain/compat-include -include /home/nathan/secure-exec/experiments/wasm-gui/toolchain/wasi-compat.h conftest.c >&5
configure:3537: $? = 0
configure:3537: result: yes
configure:3537: checking for inttypes.h
configure:3537: /home/nathan/secure-exec/registry/native/c/vendor/wasi-sdk/bin/clang -c --target=wasm32-wasip1 --sysroot=/home/nathan/secure-exec/registry/native/c/sysroot -O2 -D_WASI_EMULATED_MMAN -D_WASI_EMULATED_PROCESS_CLOCKS -D_GNU_SOURCE -mllvm -wasm-enable-sjlj -Wno-error=implicit-function-declaration -Wno-error=int-conversion -Wno-int-conversion -I/home/nathan/secure-exec/experiments/wasm-gui/toolchain/compat-include -include /home/nathan/secure-exec/experiments/wasm-gui/toolchain/wasi-compat.h --target=wasm32-wasip1 --sysroot=/home/nathan/secure-exec/registry/native/c/sysroot -I/home/nathan/secure-exec/experiments/wasm-gui/third_party/wasm-prefix/include -I/home/nathan/secure-exec/experiments/wasm-gui/toolchain/compat-include -include /home/nathan/secure-exec/experiments/wasm-gui/toolchain/wasi-compat.h conftest.c >&5
configure:3537: $? = 0
configure:3537: result: yes
configure:3537: checking for stdint.h
configure:3537: /home/nathan/secure-exec/registry/native/c/vendor/wasi-sdk/bin/clang -c --target=wasm32-wasip1 --sysroot=/home/nathan/secure-exec/registry/native/c/sysroot -O2 -D_WASI_EMULATED_MMAN -D_WASI_EMULATED_PROCESS_CLOCKS -D_GNU_SOURCE -mllvm -wasm-enable-sjlj -Wno-error=implicit-function-declaration -Wno-error=int-conversion -Wno-int-conversion -I/home/nathan/secure-exec/experiments/wasm-gui/toolchain/compat-include -include /home/nathan/secure-exec/experiments/wasm-gui/toolchain/wasi-compat.h --target=wasm32-wasip1 --sysroot=/home/nathan/secure-exec/registry/native/c/sysroot -I/home/nathan/secure-exec/experiments/wasm-gui/third_party/wasm-prefix/include -I/home/nathan/secure-exec/experiments/wasm-gui/toolchain/compat-include -include /home/nathan/secure-exec/experiments/wasm-gui/toolchain/wasi-compat.h conftest.c >&5
configure:3537: $? = 0
configure:3537: result: yes
configure:3537: checking for unistd.h
configure:3537: /home/nathan/secure-exec/registry/native/c/vendor/wasi-sdk/bin/clang -c --target=wasm32-wasip1 --sysroot=/home/nathan/secure-exec/registry/native/c/sysroot -O2 -D_WASI_EMULATED_MMAN -D_WASI_EMULATED_PROCESS_CLOCKS -D_GNU_SOURCE -mllvm -wasm-enable-sjlj -Wno-error=implicit-function-declaration -Wno-error=int-conversion -Wno-int-conversion -I/home/nathan/secure-exec/experiments/wasm-gui/toolchain/compat-include -include /home/nathan/secure-exec/experiments/wasm-gui/toolchain/wasi-compat.h --target=wasm32-wasip1 --sysroot=/home/nathan/secure-exec/registry/native/c/sysroot -I/home/nathan/secure-exec/experiments/wasm-gui/third_party/wasm-prefix/include -I/home/nathan/secure-exec/experiments/wasm-gui/toolchain/compat-include -include /home/nathan/secure-exec/experiments/wasm-gui/toolchain/wasi-compat.h conftest.c >&5
configure:3537: $? = 0
configure:3537: result: yes
configure:3550: checking minix/config.h usability
configure:3550: /home/nathan/secure-exec/registry/native/c/vendor/wasi-sdk/bin/clang -c --target=wasm32-wasip1 --sysroot=/home/nathan/secure-exec/registry/native/c/sysroot -O2 -D_WASI_EMULATED_MMAN -D_WASI_EMULATED_PROCESS_CLOCKS -D_GNU_SOURCE -mllvm -wasm-enable-sjlj -Wno-error=implicit-function-declaration -Wno-error=int-conversion -Wno-int-conversion -I/home/nathan/secure-exec/experiments/wasm-gui/toolchain/compat-include -include /home/nathan/secure-exec/experiments/wasm-gui/toolchain/wasi-compat.h --target=wasm32-wasip1 --sysroot=/home/nathan/secure-exec/registry/native/c/sysroot -I/home/nathan/secure-exec/experiments/wasm-gui/third_party/wasm-prefix/include -I/home/nathan/secure-exec/experiments/wasm-gui/toolchain/compat-include -include /home/nathan/secure-exec/experiments/wasm-gui/toolchain/wasi-compat.h conftest.c >&5
conftest.c:52:10: fatal error: 'minix/config.h' file not found
   52 | #include <minix/config.h>
      |          ^~~~~~~~~~~~~~~~
1 error generated.
configure:3550: $? = 1
configure: failed program was:
| /* confdefs.h */
| #define PACKAGE_NAME "twm"
| #define PACKAGE_TARNAME "twm"
| #define PACKAGE_VERSION "1.0.12"
| #define PACKAGE_STRING "twm 1.0.12"
| #define PACKAGE_BUGREPORT "https://gitlab.freedesktop.org/xorg/app/twm/issues"
| #define PACKAGE_URL ""
| #define STDC_HEADERS 1
| #define HAVE_SYS_TYPES_H 1
| #define HAVE_SYS_STAT_H 1
| #define HAVE_STDLIB_H 1
| #define HAVE_STRING_H 1
| #define HAVE_MEMORY_H 1
| #define HAVE_STRINGS_H 1
| #define HAVE_INTTYPES_H 1
| #define HAVE_STDINT_H 1
| #define HAVE_UNISTD_H 1
| /* end confdefs.h.  */
| #include <stdio.h>
| #ifdef HAVE_SYS_TYPES_H
| # include <sys/types.h>
| #endif
| #ifdef HAVE_SYS_STAT_H
| # include <sys/stat.h>
| #endif
| #ifdef STDC_HEADERS
| # include <stdlib.h>
| # include <stddef.h>
| #else
| # ifdef HAVE_STDLIB_H
| #  include <stdlib.h>
| # endif
| #endif
| #ifdef HAVE_STRING_H
| # if !defined STDC_HEADERS && defined HAVE_MEMORY_H
| #  include <memory.h>
| # endif
| # include <string.h>
| #endif
| #ifdef HAVE_STRINGS_H
| # include <strings.h>
| #endif
| #ifdef HAVE_INTTYPES_H
| # include <inttypes.h>
| #endif
| #ifdef HAVE_STDINT_H
| # include <stdint.h>
| #endif
| #ifdef HAVE_UNISTD_H
| # include <unistd.h>
| #endif
| #include <minix/config.h>
configure:3550: result: no
configure:3550: checking minix/config.h presence
configure:3550: /home/nathan/secure-exec/registry/native/c/vendor/wasi-sdk/bin/clang -E --target=wasm32-wasip1 --sysroot=/home/nathan/secure-exec/registry/native/c/sysroot -I/home/nathan/secure-exec/experiments/wasm-gui/third_party/wasm-prefix/include -I/home/nathan/secure-exec/experiments/wasm-gui/toolchain/compat-include -include /home/nathan/secure-exec/experiments/wasm-gui/toolchain/wasi-compat.h conftest.c
conftest.c:19:10: fatal error: 'minix/config.h' file not found
   19 | #include <minix/config.h>
      |          ^~~~~~~~~~~~~~~~
1 error generated.
configure:3550: $? = 1
configure: failed program was:
| /* confdefs.h */
| #define PACKAGE_NAME "twm"
| #define PACKAGE_TARNAME "twm"
| #define PACKAGE_VERSION "1.0.12"
| #define PACKAGE_STRING "twm 1.0.12"
| #define PACKAGE_BUGREPORT "https://gitlab.freedesktop.org/xorg/app/twm/issues"
| #define PACKAGE_URL ""
| #define STDC_HEADERS 1
| #define HAVE_SYS_TYPES_H 1
| #define HAVE_SYS_STAT_H 1
| #define HAVE_STDLIB_H 1
| #define HAVE_STRING_H 1
| #define HAVE_MEMORY_H 1
| #define HAVE_STRINGS_H 1
| #define HAVE_INTTYPES_H 1
| #define HAVE_STDINT_H 1
| #define HAVE_UNISTD_H 1
| /* end confdefs.h.  */
| #include <minix/config.h>
configure:3550: result: no
configure:3550: checking for minix/config.h
configure:3550: result: no
configure:3571: checking whether it is safe to define __EXTENSIONS__
configure:3589: /home/nathan/secure-exec/registry/native/c/vendor/wasi-sdk/bin/clang -c --target=wasm32-wasip1 --sysroot=/home/nathan/secure-exec/registry/native/c/sysroot -O2 -D_WASI_EMULATED_MMAN -D_WASI_EMULATED_PROCESS_CLOCKS -D_GNU_SOURCE -mllvm -wasm-enable-sjlj -Wno-error=implicit-function-declaration -Wno-error=int-conversion -Wno-int-conversion -I/home/nathan/secure-exec/experiments/wasm-gui/toolchain/compat-include -include /home/nathan/secure-exec/experiments/wasm-gui/toolchain/wasi-compat.h --target=wasm32-wasip1 --sysroot=/home/nathan/secure-exec/registry/native/c/sysroot -I/home/nathan/secure-exec/experiments/wasm-gui/third_party/wasm-prefix/include -I/home/nathan/secure-exec/experiments/wasm-gui/toolchain/compat-include -include /home/nathan/secure-exec/experiments/wasm-gui/toolchain/wasi-compat.h conftest.c >&5
configure:3589: $? = 0
configure:3596: result: yes
configure:3628: checking for a BSD-compatible install
configure:3696: result: /usr/bin/install -c
configure:3707: checking whether build environment is sane
configure:3762: result: yes
configure:3818: checking for wasm32-wasi-strip
configure:3848: result: no
configure:3858: checking for strip
configure:3874: found /home/linuxbrew/.linuxbrew/bin/strip
configure:3885: result: strip
configure:3897: WARNING: using cross tools not prefixed with host triplet
configure:3910: checking for a thread-safe mkdir -p
configure:3949: result: /usr/bin/mkdir -p
configure:3956: checking for gawk
configure:3986: result: no
configure:3956: checking for mawk
configure:3972: found /usr/bin/mawk
configure:3983: result: mawk
configure:3994: checking whether make sets $(MAKE)
configure:4016: result: yes
configure:4046: checking for style of include used by make
configure:4074: result: GNU
configure:4108: checking whether make supports nested variables
configure:4125: result: yes
configure:4210: checking dependency style of /home/nathan/secure-exec/registry/native/c/vendor/wasi-sdk/bin/clang
configure:4321: result: gcc3
configure:4392: checking for /home/nathan/secure-exec/registry/native/c/vendor/wasi-sdk/bin/clang option to accept ISO C99
configure:4541: /home/nathan/secure-exec/registry/native/c/vendor/wasi-sdk/bin/clang  -c --target=wasm32-wasip1 --sysroot=/home/nathan/secure-exec/registry/native/c/sysroot -O2 -D_WASI_EMULATED_MMAN -D_WASI_EMULATED_PROCESS_CLOCKS -D_GNU_SOURCE -mllvm -wasm-enable-sjlj -Wno-error=implicit-function-declaration -Wno-error=int-conversion -Wno-int-conversion -I/home/nathan/secure-exec/experiments/wasm-gui/toolchain/compat-include -include /home/nathan/secure-exec/experiments/wasm-gui/toolchain/wasi-compat.h --target=wasm32-wasip1 --sysroot=/home/nathan/secure-exec/registry/native/c/sysroot -I/home/nathan/secure-exec/experiments/wasm-gui/third_party/wasm-prefix/include -I/home/nathan/secure-exec/experiments/wasm-gui/toolchain/compat-include -include /home/nathan/secure-exec/experiments/wasm-gui/toolchain/wasi-compat.h conftest.c >&5
configure:4541: $? = 0
configure:4554: result: none needed
configure:4573: checking whether __clang__ is declared
configure:4573: /home/nathan/secure-exec/registry/native/c/vendor/wasi-sdk/bin/clang -c --target=wasm32-wasip1 --sysroot=/home/nathan/secure-exec/registry/native/c/sysroot -O2 -D_WASI_EMULATED_MMAN -D_WASI_EMULATED_PROCESS_CLOCKS -D_GNU_SOURCE -mllvm -wasm-enable-sjlj -Wno-error=implicit-function-declaration -Wno-error=int-conversion -Wno-int-conversion -I/home/nathan/secure-exec/experiments/wasm-gui/toolchain/compat-include -include /home/nathan/secure-exec/experiments/wasm-gui/toolchain/wasi-compat.h --target=wasm32-wasip1 --sysroot=/home/nathan/secure-exec/registry/native/c/sysroot -I/home/nathan/secure-exec/experiments/wasm-gui/third_party/wasm-prefix/include -I/home/nathan/secure-exec/experiments/wasm-gui/toolchain/compat-include -include /home/nathan/secure-exec/experiments/wasm-gui/toolchain/wasi-compat.h conftest.c >&5
configure:4573: $? = 0
configure:4573: result: yes
configure:4580: checking whether __INTEL_COMPILER is declared
configure:4580: /home/nathan/secure-exec/registry/native/c/vendor/wasi-sdk/bin/clang -c --target=wasm32-wasip1 --sysroot=/home/nathan/secure-exec/registry/native/c/sysroot -O2 -D_WASI_EMULATED_MMAN -D_WASI_EMULATED_PROCESS_CLOCKS -D_GNU_SOURCE -mllvm -wasm-enable-sjlj -Wno-error=implicit-function-declaration -Wno-error=int-conversion -Wno-int-conversion -I/home/nathan/secure-exec/experiments/wasm-gui/toolchain/compat-include -include /home/nathan/secure-exec/experiments/wasm-gui/toolchain/wasi-compat.h --target=wasm32-wasip1 --sysroot=/home/nathan/secure-exec/registry/native/c/sysroot -I/home/nathan/secure-exec/experiments/wasm-gui/third_party/wasm-prefix/include -I/home/nathan/secure-exec/experiments/wasm-gui/toolchain/compat-include -include /home/nathan/secure-exec/experiments/wasm-gui/toolchain/wasi-compat.h conftest.c >&5
conftest.c:66:10: error: use of undeclared identifier '__INTEL_COMPILER'
   66 |   (void) __INTEL_COMPILER;
      |          ^
1 error generated.
configure:4580: $? = 1
configure: failed program was:
| /* confdefs.h */
| #define PACKAGE_NAME "twm"
| #define PACKAGE_TARNAME "twm"
| #define PACKAGE_VERSION "1.0.12"
| #define PACKAGE_STRING "twm 1.0.12"
| #define PACKAGE_BUGREPORT "https://gitlab.freedesktop.org/xorg/app/twm/issues"
| #define PACKAGE_URL ""
| #define STDC_HEADERS 1
| #define HAVE_SYS_TYPES_H 1
| #define HAVE_SYS_STAT_H 1
| #define HAVE_STDLIB_H 1
| #define HAVE_STRING_H 1
| #define HAVE_MEMORY_H 1
| #define HAVE_STRINGS_H 1
| #define HAVE_INTTYPES_H 1
| #define HAVE_STDINT_H 1
| #define HAVE_UNISTD_H 1
| #define __EXTENSIONS__ 1
| #define _ALL_SOURCE 1
| #define _GNU_SOURCE 1
| #define _POSIX_PTHREAD_SEMANTICS 1
| #define _TANDEM_SOURCE 1
| #define PACKAGE "twm"
| #define VERSION "1.0.12"
| /* end confdefs.h.  */
| #include <stdio.h>
| #ifdef HAVE_SYS_TYPES_H
| # include <sys/types.h>
| #endif
| #ifdef HAVE_SYS_STAT_H
| # include <sys/stat.h>
| #endif
| #ifdef STDC_HEADERS
| # include <stdlib.h>
| # include <stddef.h>
| #else
| # ifdef HAVE_STDLIB_H
| #  include <stdlib.h>
| # endif
| #endif
| #ifdef HAVE_STRING_H
| # if !defined STDC_HEADERS && defined HAVE_MEMORY_H
| #  include <memory.h>
| # endif
| # include <string.h>
| #endif
| #ifdef HAVE_STRINGS_H
| # include <strings.h>
| #endif
| #ifdef HAVE_INTTYPES_H
| # include <inttypes.h>
| #endif
| #ifdef HAVE_STDINT_H
| # include <stdint.h>
| #endif
| #ifdef HAVE_UNISTD_H
| # include <unistd.h>
| #endif
| int
| main ()
| {
| #ifndef __INTEL_COMPILER
| #ifdef __cplusplus
|   (void) __INTEL_COMPILER;
| #else
|   (void) __INTEL_COMPILER;
| #endif
| #endif
| 
|   ;
|   return 0;
| }
configure:4580: result: no
configure:4587: checking whether __SUNPRO_C is declared
configure:4587: /home/nathan/secure-exec/registry/native/c/vendor/wasi-sdk/bin/clang -c --target=wasm32-wasip1 --sysroot=/home/nathan/secure-exec/registry/native/c/sysroot -O2 -D_WASI_EMULATED_MMAN -D_WASI_EMULATED_PROCESS_CLOCKS -D_GNU_SOURCE -mllvm -wasm-enable-sjlj -Wno-error=implicit-function-declaration -Wno-error=int-conversion -Wno-int-conversion -I/home/nathan/secure-exec/experiments/wasm-gui/toolchain/compat-include -include /home/nathan/secure-exec/experiments/wasm-gui/toolchain/wasi-compat.h --target=wasm32-wasip1 --sysroot=/home/nathan/secure-exec/registry/native/c/sysroot -I/home/nathan/secure-exec/experiments/wasm-gui/third_party/wasm-prefix/include -I/home/nathan/secure-exec/experiments/wasm-gui/toolchain/compat-include -include /home/nathan/secure-exec/experiments/wasm-gui/toolchain/wasi-compat.h conftest.c >&5
conftest.c:66:10: error: use of undeclared identifier '__SUNPRO_C'
   66 |   (void) __SUNPRO_C;
      |          ^
1 error generated.
configure:4587: $? = 1
configure: failed program was:
| /* confdefs.h */
| #define PACKAGE_NAME "twm"
| #define PACKAGE_TARNAME "twm"
| #define PACKAGE_VERSION "1.0.12"
| #define PACKAGE_STRING "twm 1.0.12"
| #define PACKAGE_BUGREPORT "https://gitlab.freedesktop.org/xorg/app/twm/issues"
| #define PACKAGE_URL ""
| #define STDC_HEADERS 1
| #define HAVE_SYS_TYPES_H 1
| #define HAVE_SYS_STAT_H 1
| #define HAVE_STDLIB_H 1
| #define HAVE_STRING_H 1
| #define HAVE_MEMORY_H 1
| #define HAVE_STRINGS_H 1
| #define HAVE_INTTYPES_H 1
| #define HAVE_STDINT_H 1
| #define HAVE_UNISTD_H 1
| #define __EXTENSIONS__ 1
| #define _ALL_SOURCE 1
| #define _GNU_SOURCE 1
| #define _POSIX_PTHREAD_SEMANTICS 1
| #define _TANDEM_SOURCE 1
| #define PACKAGE "twm"
| #define VERSION "1.0.12"
| /* end confdefs.h.  */
| #include <stdio.h>
| #ifdef HAVE_SYS_TYPES_H
| # include <sys/types.h>
| #endif
| #ifdef HAVE_SYS_STAT_H
| # include <sys/stat.h>
| #endif
| #ifdef STDC_HEADERS
| # include <stdlib.h>
| # include <stddef.h>
| #else
| # ifdef HAVE_STDLIB_H
| #  include <stdlib.h>
| # endif
| #endif
| #ifdef HAVE_STRING_H
| # if !defined STDC_HEADERS && defined HAVE_MEMORY_H
| #  include <memory.h>
| # endif
| # include <string.h>
| #endif
| #ifdef HAVE_STRINGS_H
| # include <strings.h>
| #endif
| #ifdef HAVE_INTTYPES_H
| # include <inttypes.h>
| #endif
| #ifdef HAVE_STDINT_H
| # include <stdint.h>
| #endif
| #ifdef HAVE_UNISTD_H
| # include <unistd.h>
| #endif
| int
| main ()
| {
| #ifndef __SUNPRO_C
| #ifdef __cplusplus
|   (void) __SUNPRO_C;
| #else
|   (void) __SUNPRO_C;
| #endif
| #endif
| 
|   ;
|   return 0;
| }
configure:4587: result: no
configure:4606: checking for wasm32-wasi-pkg-config
configure:4639: result: no
configure:4649: checking for pkg-config
configure:4667: found /usr/bin/pkg-config
configure:4679: result: /usr/bin/pkg-config
configure:4704: checking pkg-config is at least version 0.9.0
configure:4707: result: yes
configure:4719: checking build system type
configure:4733: result: x86_64-pc-linux-gnux32
configure:4753: checking host system type
configure:4766: result: wasm32-unknown-wasi
configure:4786: checking for a sed that does not truncate output
configure:4850: result: /usr/bin/sed
configure:4896: checking if /home/nathan/secure-exec/registry/native/c/vendor/wasi-sdk/bin/clang supports -Werror=unknown-warning-option
configure:4905: /home/nathan/secure-exec/registry/native/c/vendor/wasi-sdk/bin/clang -c --target=wasm32-wasip1 --sysroot=/home/nathan/secure-exec/registry/native/c/sysroot -O2 -D_WASI_EMULATED_MMAN -D_WASI_EMULATED_PROCESS_CLOCKS -D_GNU_SOURCE -mllvm -wasm-enable-sjlj -Wno-error=implicit-function-declaration -Wno-error=int-conversion -Wno-int-conversion -I/home/nathan/secure-exec/experiments/wasm-gui/toolchain/compat-include -include /home/nathan/secure-exec/experiments/wasm-gui/toolchain/wasi-compat.h -Werror=unknown-warning-option --target=wasm32-wasip1 --sysroot=/home/nathan/secure-exec/registry/native/c/sysroot -I/home/nathan/secure-exec/experiments/wasm-gui/third_party/wasm-prefix/include -I/home/nathan/secure-exec/experiments/wasm-gui/toolchain/compat-include -include /home/nathan/secure-exec/experiments/wasm-gui/toolchain/wasi-compat.h conftest.c >&5
configure:4905: $? = 0
configure:4912: result: yes
configure:4923: checking if /home/nathan/secure-exec/registry/native/c/vendor/wasi-sdk/bin/clang supports -Werror=unused-command-line-argument
configure:4932: /home/nathan/secure-exec/registry/native/c/vendor/wasi-sdk/bin/clang -c --target=wasm32-wasip1 --sysroot=/home/nathan/secure-exec/registry/native/c/sysroot -O2 -D_WASI_EMULATED_MMAN -D_WASI_EMULATED_PROCESS_CLOCKS -D_GNU_SOURCE -mllvm -wasm-enable-sjlj -Wno-error=implicit-function-declaration -Wno-error=int-conversion -Wno-int-conversion -I/home/nathan/secure-exec/experiments/wasm-gui/toolchain/compat-include -include /home/nathan/secure-exec/experiments/wasm-gui/toolchain/wasi-compat.h -Werror=unknown-warning-option -Werror=unused-command-line-argument --target=wasm32-wasip1 --sysroot=/home/nathan/secure-exec/registry/native/c/sysroot -I/home/nathan/secure-exec/experiments/wasm-gui/third_party/wasm-prefix/include -I/home/nathan/secure-exec/experiments/wasm-gui/toolchain/compat-include -include /home/nathan/secure-exec/experiments/wasm-gui/toolchain/wasi-compat.h conftest.c >&5
configure:4932: $? = 0
configure:4939: result: yes
configure:4958: checking if /home/nathan/secure-exec/registry/native/c/vendor/wasi-sdk/bin/clang supports -Wall
configure:4975: /home/nathan/secure-exec/registry/native/c/vendor/wasi-sdk/bin/clang -o conftest --target=wasm32-wasip1 --sysroot=/home/nathan/secure-exec/registry/native/c/sysroot -O2 -D_WASI_EMULATED_MMAN -D_WASI_EMULATED_PROCESS_CLOCKS -D_GNU_SOURCE -mllvm -wasm-enable-sjlj -Wno-error=implicit-function-declaration -Wno-error=int-conversion -Wno-int-conversion -I/home/nathan/secure-exec/experiments/wasm-gui/toolchain/compat-include -include /home/nathan/secure-exec/experiments/wasm-gui/toolchain/wasi-compat.h -Werror=unknown-warning-option -Werror=unused-command-line-argument -Wall --target=wasm32-wasip1 --sysroot=/home/nathan/secure-exec/registry/native/c/sysroot -I/home/nathan/secure-exec/experiments/wasm-gui/third_party/wasm-prefix/include -I/home/nathan/secure-exec/experiments/wasm-gui/toolchain/compat-include -include /home/nathan/secure-exec/experiments/wasm-gui/toolchain/wasi-compat.h --target=wasm32-wasip1 --sysroot=/home/nathan/secure-exec/registry/native/c/sysroot -L/home/nathan/secure-exec/experiments/wasm-gui/third_party/wasm-prefix/lib -L/home/nathan/secure-exec/registry/native/c/vendor/wasi-sdk/share/wasi-sysroot/lib/wasm32-wasip1 -lwasi-emulated-mman -lwasi-emulated-process-clocks conftest.c  >&5
configure:4975: $? = 0
configure:4988: result: yes
configure:5076: checking if /home/nathan/secure-exec/registry/native/c/vendor/wasi-sdk/bin/clang supports -Wpointer-arith
configure:5093: /home/nathan/secure-exec/registry/native/c/vendor/wasi-sdk/bin/clang -o conftest --target=wasm32-wasip1 --sysroot=/home/nathan/secure-exec/registry/native/c/sysroot -O2 -D_WASI_EMULATED_MMAN -D_WASI_EMULATED_PROCESS_CLOCKS -D_GNU_SOURCE -mllvm -wasm-enable-sjlj -Wno-error=implicit-function-declaration -Wno-error=int-conversion -Wno-int-conversion -I/home/nathan/secure-exec/experiments/wasm-gui/toolchain/compat-include -include /home/nathan/secure-exec/experiments/wasm-gui/toolchain/wasi-compat.h -Werror=unknown-warning-option -Werror=unused-command-line-argument -Wpointer-arith --target=wasm32-wasip1 --sysroot=/home/nathan/secure-exec/registry/native/c/sysroot -I/home/nathan/secure-exec/experiments/wasm-gui/third_party/wasm-prefix/include -I/home/nathan/secure-exec/experiments/wasm-gui/toolchain/compat-include -include /home/nathan/secure-exec/experiments/wasm-gui/toolchain/wasi-compat.h --target=wasm32-wasip1 --sysroot=/home/nathan/secure-exec/registry/native/c/sysroot -L/home/nathan/secure-exec/experiments/wasm-gui/third_party/wasm-prefix/lib -L/home/nathan/secure-exec/registry/native/c/vendor/wasi-sdk/share/wasi-sysroot/lib/wasm32-wasip1 -lwasi-emulated-mman -lwasi-emulated-process-clocks conftest.c  >&5
configure:5093: $? = 0
configure:5106: result: yes
configure:5194: checking if /home/nathan/secure-exec/registry/native/c/vendor/wasi-sdk/bin/clang supports -Wmissing-declarations
configure:5211: /home/nathan/secure-exec/registry/native/c/vendor/wasi-sdk/bin/clang -o conftest --target=wasm32-wasip1 --sysroot=/home/nathan/secure-exec/registry/native/c/sysroot -O2 -D_WASI_EMULATED_MMAN -D_WASI_EMULATED_PROCESS_CLOCKS -D_GNU_SOURCE -mllvm -wasm-enable-sjlj -Wno-error=implicit-function-declaration -Wno-error=int-conversion -Wno-int-conversion -I/home/nathan/secure-exec/experiments/wasm-gui/toolchain/compat-include -include /home/nathan/secure-exec/experiments/wasm-gui/toolchain/wasi-compat.h -Werror=unknown-warning-option -Werror=unused-command-line-argument -Wmissing-declarations --target=wasm32-wasip1 --sysroot=/home/nathan/secure-exec/registry/native/c/sysroot -I/home/nathan/secure-exec/experiments/wasm-gui/third_party/wasm-prefix/include -I/home/nathan/secure-exec/experiments/wasm-gui/toolchain/compat-include -include /home/nathan/secure-exec/experiments/wasm-gui/toolchain/wasi-compat.h --target=wasm32-wasip1 --sysroot=/home/nathan/secure-exec/registry/native/c/sysroot -L/home/nathan/secure-exec/experiments/wasm-gui/third_party/wasm-prefix/lib -L/home/nathan/secure-exec/registry/native/c/vendor/wasi-sdk/share/wasi-sysroot/lib/wasm32-wasip1 -lwasi-emulated-mman -lwasi-emulated-process-clocks conftest.c  >&5
configure:5211: $? = 0
configure:5224: result: yes
configure:5312: checking if /home/nathan/secure-exec/registry/native/c/vendor/wasi-sdk/bin/clang supports -Wformat=2
configure:5329: /home/nathan/secure-exec/registry/native/c/vendor/wasi-sdk/bin/clang -o conftest --target=wasm32-wasip1 --sysroot=/home/nathan/secure-exec/registry/native/c/sysroot -O2 -D_WASI_EMULATED_MMAN -D_WASI_EMULATED_PROCESS_CLOCKS -D_GNU_SOURCE -mllvm -wasm-enable-sjlj -Wno-error=implicit-function-declaration -Wno-error=int-conversion -Wno-int-conversion -I/home/nathan/secure-exec/experiments/wasm-gui/toolchain/compat-include -include /home/nathan/secure-exec/experiments/wasm-gui/toolchain/wasi-compat.h -Werror=unknown-warning-option -Werror=unused-command-line-argument -Wformat=2 --target=wasm32-wasip1 --sysroot=/home/nathan/secure-exec/registry/native/c/sysroot -I/home/nathan/secure-exec/experiments/wasm-gui/third_party/wasm-prefix/include -I/home/nathan/secure-exec/experiments/wasm-gui/toolchain/compat-include -include /home/nathan/secure-exec/experiments/wasm-gui/toolchain/wasi-compat.h --target=wasm32-wasip1 --sysroot=/home/nathan/secure-exec/registry/native/c/sysroot -L/home/nathan/secure-exec/experiments/wasm-gui/third_party/wasm-prefix/lib -L/home/nathan/secure-exec/registry/native/c/vendor/wasi-sdk/share/wasi-sysroot/lib/wasm32-wasip1 -lwasi-emulated-mman -lwasi-emulated-process-clocks conftest.c  >&5
configure:5329: $? = 0
configure:5342: result: yes
configure:5481: checking if /home/nathan/secure-exec/registry/native/c/vendor/wasi-sdk/bin/clang supports -Wstrict-prototypes
configure:5498: /home/nathan/secure-exec/registry/native/c/vendor/wasi-sdk/bin/clang -o conftest --target=wasm32-wasip1 --sysroot=/home/nathan/secure-exec/registry/native/c/sysroot -O2 -D_WASI_EMULATED_MMAN -D_WASI_EMULATED_PROCESS_CLOCKS -D_GNU_SOURCE -mllvm -wasm-enable-sjlj -Wno-error=implicit-function-declaration -Wno-error=int-conversion -Wno-int-conversion -I/home/nathan/secure-exec/experiments/wasm-gui/toolchain/compat-include -include /home/nathan/secure-exec/experiments/wasm-gui/toolchain/wasi-compat.h -Werror=unknown-warning-option -Werror=unused-command-line-argument -Wstrict-prototypes --target=wasm32-wasip1 --sysroot=/home/nathan/secure-exec/registry/native/c/sysroot -I/home/nathan/secure-exec/experiments/wasm-gui/third_party/wasm-prefix/include -I/home/nathan/secure-exec/experiments/wasm-gui/toolchain/compat-include -include /home/nathan/secure-exec/experiments/wasm-gui/toolchain/wasi-compat.h --target=wasm32-wasip1 --sysroot=/home/nathan/secure-exec/registry/native/c/sysroot -L/home/nathan/secure-exec/experiments/wasm-gui/third_party/wasm-prefix/lib -L/home/nathan/secure-exec/registry/native/c/vendor/wasi-sdk/share/wasi-sysroot/lib/wasm32-wasip1 -lwasi-emulated-mman -lwasi-emulated-process-clocks conftest.c  >&5
conftest.c:28:6: warning: a function declaration without a prototype is deprecated in all versions of C [-Wstrict-prototypes]
   28 | main ()
      |      ^
      |       void
1 warning generated.
configure:5498: $? = 0
configure:5511: result: yes
configure:5599: checking if /home/nathan/secure-exec/registry/native/c/vendor/wasi-sdk/bin/clang supports -Wmissing-prototypes
configure:5616: /home/nathan/secure-exec/registry/native/c/vendor/wasi-sdk/bin/clang -o conftest --target=wasm32-wasip1 --sysroot=/home/nathan/secure-exec/registry/native/c/sysroot -O2 -D_WASI_EMULATED_MMAN -D_WASI_EMULATED_PROCESS_CLOCKS -D_GNU_SOURCE -mllvm -wasm-enable-sjlj -Wno-error=implicit-function-declaration -Wno-error=int-conversion -Wno-int-conversion -I/home/nathan/secure-exec/experiments/wasm-gui/toolchain/compat-include -include /home/nathan/secure-exec/experiments/wasm-gui/toolchain/wasi-compat.h -Werror=unknown-warning-option -Werror=unused-command-line-argument -Wmissing-prototypes --target=wasm32-wasip1 --sysroot=/home/nathan/secure-exec/registry/native/c/sysroot -I/home/nathan/secure-exec/experiments/wasm-gui/third_party/wasm-prefix/include -I/home/nathan/secure-exec/experiments/wasm-gui/toolchain/compat-include -include /home/nathan/secure-exec/experiments/wasm-gui/toolchain/wasi-compat.h --target=wasm32-wasip1 --sysroot=/home/nathan/secure-exec/registry/native/c/sysroot -L/home/nathan/secure-exec/experiments/wasm-gui/third_party/wasm-prefix/lib -L/home/nathan/secure-exec/registry/native/c/vendor/wasi-sdk/share/wasi-sysroot/lib/wasm32-wasip1 -lwasi-emulated-mman -lwasi-emulated-process-clocks conftest.c  >&5
configure:5616: $? = 0
configure:5629: result: yes
configure:5717: checking if /home/nathan/secure-exec/registry/native/c/vendor/wasi-sdk/bin/clang supports -Wnested-externs
configure:5734: /home/nathan/secure-exec/registry/native/c/vendor/wasi-sdk/bin/clang -o conftest --target=wasm32-wasip1 --sysroot=/home/nathan/secure-exec/registry/native/c/sysroot -O2 -D_WASI_EMULATED_MMAN -D_WASI_EMULATED_PROCESS_CLOCKS -D_GNU_SOURCE -mllvm -wasm-enable-sjlj -Wno-error=implicit-function-declaration -Wno-error=int-conversion -Wno-int-conversion -I/home/nathan/secure-exec/experiments/wasm-gui/toolchain/compat-include -include /home/nathan/secure-exec/experiments/wasm-gui/toolchain/wasi-compat.h -Werror=unknown-warning-option -Werror=unused-command-line-argument -Wnested-externs --target=wasm32-wasip1 --sysroot=/home/nathan/secure-exec/registry/native/c/sysroot -I/home/nathan/secure-exec/experiments/wasm-gui/third_party/wasm-prefix/include -I/home/nathan/secure-exec/experiments/wasm-gui/toolchain/compat-include -include /home/nathan/secure-exec/experiments/wasm-gui/toolchain/wasi-compat.h --target=wasm32-wasip1 --sysroot=/home/nathan/secure-exec/registry/native/c/sysroot -L/home/nathan/secure-exec/experiments/wasm-gui/third_party/wasm-prefix/lib -L/home/nathan/secure-exec/registry/native/c/vendor/wasi-sdk/share/wasi-sysroot/lib/wasm32-wasip1 -lwasi-emulated-mman -lwasi-emulated-process-clocks conftest.c  >&5
configure:5734: $? = 0
configure:5747: result: yes
configure:5835: checking if /home/nathan/secure-exec/registry/native/c/vendor/wasi-sdk/bin/clang supports -Wbad-function-cast
configure:5852: /home/nathan/secure-exec/registry/native/c/vendor/wasi-sdk/bin/clang -o conftest --target=wasm32-wasip1 --sysroot=/home/nathan/secure-exec/registry/native/c/sysroot -O2 -D_WASI_EMULATED_MMAN -D_WASI_EMULATED_PROCESS_CLOCKS -D_GNU_SOURCE -mllvm -wasm-enable-sjlj -Wno-error=implicit-function-declaration -Wno-error=int-conversion -Wno-int-conversion -I/home/nathan/secure-exec/experiments/wasm-gui/toolchain/compat-include -include /home/nathan/secure-exec/experiments/wasm-gui/toolchain/wasi-compat.h -Werror=unknown-warning-option -Werror=unused-command-line-argument -Wbad-function-cast --target=wasm32-wasip1 --sysroot=/home/nathan/secure-exec/registry/native/c/sysroot -I/home/nathan/secure-exec/experiments/wasm-gui/third_party/wasm-prefix/include -I/home/nathan/secure-exec/experiments/wasm-gui/toolchain/compat-include -include /home/nathan/secure-exec/experiments/wasm-gui/toolchain/wasi-compat.h --target=wasm32-wasip1 --sysroot=/home/nathan/secure-exec/registry/native/c/sysroot -L/home/nathan/secure-exec/experiments/wasm-gui/third_party/wasm-prefix/lib -L/home/nathan/secure-exec/registry/native/c/vendor/wasi-sdk/share/wasi-sysroot/lib/wasm32-wasip1 -lwasi-emulated-mman -lwasi-emulated-process-clocks conftest.c  >&5
configure:5852: $? = 0
configure:5865: result: yes
configure:5953: checking if /home/nathan/secure-exec/registry/native/c/vendor/wasi-sdk/bin/clang supports -Wold-style-definition
configure:5970: /home/nathan/secure-exec/registry/native/c/vendor/wasi-sdk/bin/clang -o conftest --target=wasm32-wasip1 --sysroot=/home/nathan/secure-exec/registry/native/c/sysroot -O2 -D_WASI_EMULATED_MMAN -D_WASI_EMULATED_PROCESS_CLOCKS -D_GNU_SOURCE -mllvm -wasm-enable-sjlj -Wno-error=implicit-function-declaration -Wno-error=int-conversion -Wno-int-conversion -I/home/nathan/secure-exec/experiments/wasm-gui/toolchain/compat-include -include /home/nathan/secure-exec/experiments/wasm-gui/toolchain/wasi-compat.h -Werror=unknown-warning-option -Werror=unused-command-line-argument -Wold-style-definition --target=wasm32-wasip1 --sysroot=/home/nathan/secure-exec/registry/native/c/sysroot -I/home/nathan/secure-exec/experiments/wasm-gui/third_party/wasm-prefix/include -I/home/nathan/secure-exec/experiments/wasm-gui/toolchain/compat-include -include /home/nathan/secure-exec/experiments/wasm-gui/toolchain/wasi-compat.h --target=wasm32-wasip1 --sysroot=/home/nathan/secure-exec/registry/native/c/sysroot -L/home/nathan/secure-exec/experiments/wasm-gui/third_party/wasm-prefix/lib -L/home/nathan/secure-exec/registry/native/c/vendor/wasi-sdk/share/wasi-sysroot/lib/wasm32-wasip1 -lwasi-emulated-mman -lwasi-emulated-process-clocks conftest.c  >&5
configure:5970: $? = 0
configure:5983: result: yes
configure:6120: checking if /home/nathan/secure-exec/registry/native/c/vendor/wasi-sdk/bin/clang supports -Wdeclaration-after-statement
configure:6137: /home/nathan/secure-exec/registry/native/c/vendor/wasi-sdk/bin/clang -o conftest --target=wasm32-wasip1 --sysroot=/home/nathan/secure-exec/registry/native/c/sysroot -O2 -D_WASI_EMULATED_MMAN -D_WASI_EMULATED_PROCESS_CLOCKS -D_GNU_SOURCE -mllvm -wasm-enable-sjlj -Wno-error=implicit-function-declaration -Wno-error=int-conversion -Wno-int-conversion -I/home/nathan/secure-exec/experiments/wasm-gui/toolchain/compat-include -include /home/nathan/secure-exec/experiments/wasm-gui/toolchain/wasi-compat.h -Werror=unknown-warning-option -Werror=unused-command-line-argument -Wdeclaration-after-statement --target=wasm32-wasip1 --sysroot=/home/nathan/secure-exec/registry/native/c/sysroot -I/home/nathan/secure-exec/experiments/wasm-gui/third_party/wasm-prefix/include -I/home/nathan/secure-exec/experiments/wasm-gui/toolchain/compat-include -include /home/nathan/secure-exec/experiments/wasm-gui/toolchain/wasi-compat.h --target=wasm32-wasip1 --sysroot=/home/nathan/secure-exec/registry/native/c/sysroot -L/home/nathan/secure-exec/experiments/wasm-gui/third_party/wasm-prefix/lib -L/home/nathan/secure-exec/registry/native/c/vendor/wasi-sdk/share/wasi-sysroot/lib/wasm32-wasip1 -lwasi-emulated-mman -lwasi-emulated-process-clocks conftest.c  >&5
configure:6137: $? = 0
configure:6150: result: yes
configure:6242: checking if /home/nathan/secure-exec/registry/native/c/vendor/wasi-sdk/bin/clang supports -Wunused
configure:6259: /home/nathan/secure-exec/registry/native/c/vendor/wasi-sdk/bin/clang -o conftest --target=wasm32-wasip1 --sysroot=/home/nathan/secure-exec/registry/native/c/sysroot -O2 -D_WASI_EMULATED_MMAN -D_WASI_EMULATED_PROCESS_CLOCKS -D_GNU_SOURCE -mllvm -wasm-enable-sjlj -Wno-error=implicit-function-declaration -Wno-error=int-conversion -Wno-int-conversion -I/home/nathan/secure-exec/experiments/wasm-gui/toolchain/compat-include -include /home/nathan/secure-exec/experiments/wasm-gui/toolchain/wasi-compat.h -Werror=unknown-warning-option -Werror=unused-command-line-argument -Wunused --target=wasm32-wasip1 --sysroot=/home/nathan/secure-exec/registry/native/c/sysroot -I/home/nathan/secure-exec/experiments/wasm-gui/third_party/wasm-prefix/include -I/home/nathan/secure-exec/experiments/wasm-gui/toolchain/compat-include -include /home/nathan/secure-exec/experiments/wasm-gui/toolchain/wasi-compat.h --target=wasm32-wasip1 --sysroot=/home/nathan/secure-exec/registry/native/c/sysroot -L/home/nathan/secure-exec/experiments/wasm-gui/third_party/wasm-prefix/lib -L/home/nathan/secure-exec/registry/native/c/vendor/wasi-sdk/share/wasi-sysroot/lib/wasm32-wasip1 -lwasi-emulated-mman -lwasi-emulated-process-clocks conftest.c  >&5
configure:6259: $? = 0
configure:6272: result: yes
configure:6360: checking if /home/nathan/secure-exec/registry/native/c/vendor/wasi-sdk/bin/clang supports -Wuninitialized
configure:6377: /home/nathan/secure-exec/registry/native/c/vendor/wasi-sdk/bin/clang -o conftest --target=wasm32-wasip1 --sysroot=/home/nathan/secure-exec/registry/native/c/sysroot -O2 -D_WASI_EMULATED_MMAN -D_WASI_EMULATED_PROCESS_CLOCKS -D_GNU_SOURCE -mllvm -wasm-enable-sjlj -Wno-error=implicit-function-declaration -Wno-error=int-conversion -Wno-int-conversion -I/home/nathan/secure-exec/experiments/wasm-gui/toolchain/compat-include -include /home/nathan/secure-exec/experiments/wasm-gui/toolchain/wasi-compat.h -Werror=unknown-warning-option -Werror=unused-command-line-argument -Wuninitialized --target=wasm32-wasip1 --sysroot=/home/nathan/secure-exec/registry/native/c/sysroot -I/home/nathan/secure-exec/experiments/wasm-gui/third_party/wasm-prefix/include -I/home/nathan/secure-exec/experiments/wasm-gui/toolchain/compat-include -include /home/nathan/secure-exec/experiments/wasm-gui/toolchain/wasi-compat.h --target=wasm32-wasip1 --sysroot=/home/nathan/secure-exec/registry/native/c/sysroot -L/home/nathan/secure-exec/experiments/wasm-gui/third_party/wasm-prefix/lib -L/home/nathan/secure-exec/registry/native/c/vendor/wasi-sdk/share/wasi-sysroot/lib/wasm32-wasip1 -lwasi-emulated-mman -lwasi-emulated-process-clocks conftest.c  >&5
configure:6377: $? = 0
configure:6390: result: yes
configure:6478: checking if /home/nathan/secure-exec/registry/native/c/vendor/wasi-sdk/bin/clang supports -Wshadow
configure:6495: /home/nathan/secure-exec/registry/native/c/vendor/wasi-sdk/bin/clang -o conftest --target=wasm32-wasip1 --sysroot=/home/nathan/secure-exec/registry/native/c/sysroot -O2 -D_WASI_EMULATED_MMAN -D_WASI_EMULATED_PROCESS_CLOCKS -D_GNU_SOURCE -mllvm -wasm-enable-sjlj -Wno-error=implicit-function-declaration -Wno-error=int-conversion -Wno-int-conversion -I/home/nathan/secure-exec/experiments/wasm-gui/toolchain/compat-include -include /home/nathan/secure-exec/experiments/wasm-gui/toolchain/wasi-compat.h -Werror=unknown-warning-option -Werror=unused-command-line-argument -Wshadow --target=wasm32-wasip1 --sysroot=/home/nathan/secure-exec/registry/native/c/sysroot -I/home/nathan/secure-exec/experiments/wasm-gui/third_party/wasm-prefix/include -I/home/nathan/secure-exec/experiments/wasm-gui/toolchain/compat-include -include /home/nathan/secure-exec/experiments/wasm-gui/toolchain/wasi-compat.h --target=wasm32-wasip1 --sysroot=/home/nathan/secure-exec/registry/native/c/sysroot -L/home/nathan/secure-exec/experiments/wasm-gui/third_party/wasm-prefix/lib -L/home/nathan/secure-exec/registry/native/c/vendor/wasi-sdk/share/wasi-sysroot/lib/wasm32-wasip1 -lwasi-emulated-mman -lwasi-emulated-process-clocks conftest.c  >&5
configure:6495: $? = 0
configure:6508: result: yes
configure:6596: checking if /home/nathan/secure-exec/registry/native/c/vendor/wasi-sdk/bin/clang supports -Wmissing-noreturn
configure:6613: /home/nathan/secure-exec/registry/native/c/vendor/wasi-sdk/bin/clang -o conftest --target=wasm32-wasip1 --sysroot=/home/nathan/secure-exec/registry/native/c/sysroot -O2 -D_WASI_EMULATED_MMAN -D_WASI_EMULATED_PROCESS_CLOCKS -D_GNU_SOURCE -mllvm -wasm-enable-sjlj -Wno-error=implicit-function-declaration -Wno-error=int-conversion -Wno-int-conversion -I/home/nathan/secure-exec/experiments/wasm-gui/toolchain/compat-include -include /home/nathan/secure-exec/experiments/wasm-gui/toolchain/wasi-compat.h -Werror=unknown-warning-option -Werror=unused-command-line-argument -Wmissing-noreturn --target=wasm32-wasip1 --sysroot=/home/nathan/secure-exec/registry/native/c/sysroot -I/home/nathan/secure-exec/experiments/wasm-gui/third_party/wasm-prefix/include -I/home/nathan/secure-exec/experiments/wasm-gui/toolchain/compat-include -include /home/nathan/secure-exec/experiments/wasm-gui/toolchain/wasi-compat.h --target=wasm32-wasip1 --sysroot=/home/nathan/secure-exec/registry/native/c/sysroot -L/home/nathan/secure-exec/experiments/wasm-gui/third_party/wasm-prefix/lib -L/home/nathan/secure-exec/registry/native/c/vendor/wasi-sdk/share/wasi-sysroot/lib/wasm32-wasip1 -lwasi-emulated-mman -lwasi-emulated-process-clocks conftest.c  >&5
configure:6613: $? = 0
configure:6626: result: yes
configure:6714: checking if /home/nathan/secure-exec/registry/native/c/vendor/wasi-sdk/bin/clang supports -Wmissing-format-attribute
configure:6731: /home/nathan/secure-exec/registry/native/c/vendor/wasi-sdk/bin/clang -o conftest --target=wasm32-wasip1 --sysroot=/home/nathan/secure-exec/registry/native/c/sysroot -O2 -D_WASI_EMULATED_MMAN -D_WASI_EMULATED_PROCESS_CLOCKS -D_GNU_SOURCE -mllvm -wasm-enable-sjlj -Wno-error=implicit-function-declaration -Wno-error=int-conversion -Wno-int-conversion -I/home/nathan/secure-exec/experiments/wasm-gui/toolchain/compat-include -include /home/nathan/secure-exec/experiments/wasm-gui/toolchain/wasi-compat.h -Werror=unknown-warning-option -Werror=unused-command-line-argument -Wmissing-format-attribute --target=wasm32-wasip1 --sysroot=/home/nathan/secure-exec/registry/native/c/sysroot -I/home/nathan/secure-exec/experiments/wasm-gui/third_party/wasm-prefix/include -I/home/nathan/secure-exec/experiments/wasm-gui/toolchain/compat-include -include /home/nathan/secure-exec/experiments/wasm-gui/toolchain/wasi-compat.h --target=wasm32-wasip1 --sysroot=/home/nathan/secure-exec/registry/native/c/sysroot -L/home/nathan/secure-exec/experiments/wasm-gui/third_party/wasm-prefix/lib -L/home/nathan/secure-exec/registry/native/c/vendor/wasi-sdk/share/wasi-sysroot/lib/wasm32-wasip1 -lwasi-emulated-mman -lwasi-emulated-process-clocks conftest.c  >&5
configure:6731: $? = 0
configure:6744: result: yes
configure:6832: checking if /home/nathan/secure-exec/registry/native/c/vendor/wasi-sdk/bin/clang supports -Wredundant-decls
configure:6849: /home/nathan/secure-exec/registry/native/c/vendor/wasi-sdk/bin/clang -o conftest --target=wasm32-wasip1 --sysroot=/home/nathan/secure-exec/registry/native/c/sysroot -O2 -D_WASI_EMULATED_MMAN -D_WASI_EMULATED_PROCESS_CLOCKS -D_GNU_SOURCE -mllvm -wasm-enable-sjlj -Wno-error=implicit-function-declaration -Wno-error=int-conversion -Wno-int-conversion -I/home/nathan/secure-exec/experiments/wasm-gui/toolchain/compat-include -include /home/nathan/secure-exec/experiments/wasm-gui/toolchain/wasi-compat.h -Werror=unknown-warning-option -Werror=unused-command-line-argument -Wredundant-decls --target=wasm32-wasip1 --sysroot=/home/nathan/secure-exec/registry/native/c/sysroot -I/home/nathan/secure-exec/experiments/wasm-gui/third_party/wasm-prefix/include -I/home/nathan/secure-exec/experiments/wasm-gui/toolchain/compat-include -include /home/nathan/secure-exec/experiments/wasm-gui/toolchain/wasi-compat.h --target=wasm32-wasip1 --sysroot=/home/nathan/secure-exec/registry/native/c/sysroot -L/home/nathan/secure-exec/experiments/wasm-gui/third_party/wasm-prefix/lib -L/home/nathan/secure-exec/registry/native/c/vendor/wasi-sdk/share/wasi-sysroot/lib/wasm32-wasip1 -lwasi-emulated-mman -lwasi-emulated-process-clocks conftest.c  >&5
configure:6849: $? = 0
configure:6862: result: yes
configure:6950: checking if /home/nathan/secure-exec/registry/native/c/vendor/wasi-sdk/bin/clang supports -Wlogical-op
configure:6967: /home/nathan/secure-exec/registry/native/c/vendor/wasi-sdk/bin/clang -o conftest --target=wasm32-wasip1 --sysroot=/home/nathan/secure-exec/registry/native/c/sysroot -O2 -D_WASI_EMULATED_MMAN -D_WASI_EMULATED_PROCESS_CLOCKS -D_GNU_SOURCE -mllvm -wasm-enable-sjlj -Wno-error=implicit-function-declaration -Wno-error=int-conversion -Wno-int-conversion -I/home/nathan/secure-exec/experiments/wasm-gui/toolchain/compat-include -include /home/nathan/secure-exec/experiments/wasm-gui/toolchain/wasi-compat.h -Werror=unknown-warning-option -Werror=unused-command-line-argument -Wlogical-op --target=wasm32-wasip1 --sysroot=/home/nathan/secure-exec/registry/native/c/sysroot -I/home/nathan/secure-exec/experiments/wasm-gui/third_party/wasm-prefix/include -I/home/nathan/secure-exec/experiments/wasm-gui/toolchain/compat-include -include /home/nathan/secure-exec/experiments/wasm-gui/toolchain/wasi-compat.h --target=wasm32-wasip1 --sysroot=/home/nathan/secure-exec/registry/native/c/sysroot -L/home/nathan/secure-exec/experiments/wasm-gui/third_party/wasm-prefix/lib -L/home/nathan/secure-exec/registry/native/c/vendor/wasi-sdk/share/wasi-sysroot/lib/wasm32-wasip1 -lwasi-emulated-mman -lwasi-emulated-process-clocks conftest.c  >&5
error: unknown warning option '-Wlogical-op'; did you mean '-Wlong-long'? [-Werror,-Wunknown-warning-option]
configure:6967: $? = 1
configure: failed program was:
| /* confdefs.h */
| #define PACKAGE_NAME "twm"
| #define PACKAGE_TARNAME "twm"
| #define PACKAGE_VERSION "1.0.12"
| #define PACKAGE_STRING "twm 1.0.12"
| #define PACKAGE_BUGREPORT "https://gitlab.freedesktop.org/xorg/app/twm/issues"
| #define PACKAGE_URL ""
| #define STDC_HEADERS 1
| #define HAVE_SYS_TYPES_H 1
| #define HAVE_SYS_STAT_H 1
| #define HAVE_STDLIB_H 1
| #define HAVE_STRING_H 1
| #define HAVE_MEMORY_H 1
| #define HAVE_STRINGS_H 1
| #define HAVE_INTTYPES_H 1
| #define HAVE_STDINT_H 1
| #define HAVE_UNISTD_H 1
| #define __EXTENSIONS__ 1
| #define _ALL_SOURCE 1
| #define _GNU_SOURCE 1
| #define _POSIX_PTHREAD_SEMANTICS 1
| #define _TANDEM_SOURCE 1
| #define PACKAGE "twm"
| #define VERSION "1.0.12"
| /* end confdefs.h.  */
| int i;
| int
| main ()
| {
| 
|   ;
|   return 0;
| }
configure:6980: result: no
configure:7080: checking if /home/nathan/secure-exec/registry/native/c/vendor/wasi-sdk/bin/clang supports -Werror=implicit
configure:7097: /home/nathan/secure-exec/registry/native/c/vendor/wasi-sdk/bin/clang -o conftest --target=wasm32-wasip1 --sysroot=/home/nathan/secure-exec/registry/native/c/sysroot -O2 -D_WASI_EMULATED_MMAN -D_WASI_EMULATED_PROCESS_CLOCKS -D_GNU_SOURCE -mllvm -wasm-enable-sjlj -Wno-error=implicit-function-declaration -Wno-error=int-conversion -Wno-int-conversion -I/home/nathan/secure-exec/experiments/wasm-gui/toolchain/compat-include -include /home/nathan/secure-exec/experiments/wasm-gui/toolchain/wasi-compat.h -Werror=unknown-warning-option -Werror=unused-command-line-argument -Werror=implicit --target=wasm32-wasip1 --sysroot=/home/nathan/secure-exec/registry/native/c/sysroot -I/home/nathan/secure-exec/experiments/wasm-gui/third_party/wasm-prefix/include -I/home/nathan/secure-exec/experiments/wasm-gui/toolchain/compat-include -include /home/nathan/secure-exec/experiments/wasm-gui/toolchain/wasi-compat.h --target=wasm32-wasip1 --sysroot=/home/nathan/secure-exec/registry/native/c/sysroot -L/home/nathan/secure-exec/experiments/wasm-gui/third_party/wasm-prefix/lib -L/home/nathan/secure-exec/registry/native/c/vendor/wasi-sdk/share/wasi-sysroot/lib/wasm32-wasip1 -lwasi-emulated-mman -lwasi-emulated-process-clocks conftest.c  >&5
configure:7097: $? = 0
configure:7110: result: yes
configure:7247: checking if /home/nathan/secure-exec/registry/native/c/vendor/wasi-sdk/bin/clang supports -Werror=nonnull
configure:7264: /home/nathan/secure-exec/registry/native/c/vendor/wasi-sdk/bin/clang -o conftest --target=wasm32-wasip1 --sysroot=/home/nathan/secure-exec/registry/native/c/sysroot -O2 -D_WASI_EMULATED_MMAN -D_WASI_EMULATED_PROCESS_CLOCKS -D_GNU_SOURCE -mllvm -wasm-enable-sjlj -Wno-error=implicit-function-declaration -Wno-error=int-conversion -Wno-int-conversion -I/home/nathan/secure-exec/experiments/wasm-gui/toolchain/compat-include -include /home/nathan/secure-exec/experiments/wasm-gui/toolchain/wasi-compat.h -Werror=unknown-warning-option -Werror=unused-command-line-argument -Werror=nonnull --target=wasm32-wasip1 --sysroot=/home/nathan/secure-exec/registry/native/c/sysroot -I/home/nathan/secure-exec/experiments/wasm-gui/third_party/wasm-prefix/include -I/home/nathan/secure-exec/experiments/wasm-gui/toolchain/compat-include -include /home/nathan/secure-exec/experiments/wasm-gui/toolchain/wasi-compat.h --target=wasm32-wasip1 --sysroot=/home/nathan/secure-exec/registry/native/c/sysroot -L/home/nathan/secure-exec/experiments/wasm-gui/third_party/wasm-prefix/lib -L/home/nathan/secure-exec/registry/native/c/vendor/wasi-sdk/share/wasi-sysroot/lib/wasm32-wasip1 -lwasi-emulated-mman -lwasi-emulated-process-clocks conftest.c  >&5
configure:7264: $? = 0
configure:7277: result: yes
configure:7365: checking if /home/nathan/secure-exec/registry/native/c/vendor/wasi-sdk/bin/clang supports -Werror=init-self
configure:7382: /home/nathan/secure-exec/registry/native/c/vendor/wasi-sdk/bin/clang -o conftest --target=wasm32-wasip1 --sysroot=/home/nathan/secure-exec/registry/native/c/sysroot -O2 -D_WASI_EMULATED_MMAN -D_WASI_EMULATED_PROCESS_CLOCKS -D_GNU_SOURCE -mllvm -wasm-enable-sjlj -Wno-error=implicit-function-declaration -Wno-error=int-conversion -Wno-int-conversion -I/home/nathan/secure-exec/experiments/wasm-gui/toolchain/compat-include -include /home/nathan/secure-exec/experiments/wasm-gui/toolchain/wasi-compat.h -Werror=unknown-warning-option -Werror=unused-command-line-argument -Werror=init-self --target=wasm32-wasip1 --sysroot=/home/nathan/secure-exec/registry/native/c/sysroot -I/home/nathan/secure-exec/experiments/wasm-gui/third_party/wasm-prefix/include -I/home/nathan/secure-exec/experiments/wasm-gui/toolchain/compat-include -include /home/nathan/secure-exec/experiments/wasm-gui/toolchain/wasi-compat.h --target=wasm32-wasip1 --sysroot=/home/nathan/secure-exec/registry/native/c/sysroot -L/home/nathan/secure-exec/experiments/wasm-gui/third_party/wasm-prefix/lib -L/home/nathan/secure-exec/registry/native/c/vendor/wasi-sdk/share/wasi-sysroot/lib/wasm32-wasip1 -lwasi-emulated-mman -lwasi-emulated-process-clocks conftest.c  >&5
configure:7382: $? = 0
configure:7395: result: yes
configure:7483: checking if /home/nathan/secure-exec/registry/native/c/vendor/wasi-sdk/bin/clang supports -Werror=main
configure:7500: /home/nathan/secure-exec/registry/native/c/vendor/wasi-sdk/bin/clang -o conftest --target=wasm32-wasip1 --sysroot=/home/nathan/secure-exec/registry/native/c/sysroot -O2 -D_WASI_EMULATED_MMAN -D_WASI_EMULATED_PROCESS_CLOCKS -D_GNU_SOURCE -mllvm -wasm-enable-sjlj -Wno-error=implicit-function-declaration -Wno-error=int-conversion -Wno-int-conversion -I/home/nathan/secure-exec/experiments/wasm-gui/toolchain/compat-include -include /home/nathan/secure-exec/experiments/wasm-gui/toolchain/wasi-compat.h -Werror=unknown-warning-option -Werror=unused-command-line-argument -Werror=main --target=wasm32-wasip1 --sysroot=/home/nathan/secure-exec/registry/native/c/sysroot -I/home/nathan/secure-exec/experiments/wasm-gui/third_party/wasm-prefix/include -I/home/nathan/secure-exec/experiments/wasm-gui/toolchain/compat-include -include /home/nathan/secure-exec/experiments/wasm-gui/toolchain/wasi-compat.h --target=wasm32-wasip1 --sysroot=/home/nathan/secure-exec/registry/native/c/sysroot -L/home/nathan/secure-exec/experiments/wasm-gui/third_party/wasm-prefix/lib -L/home/nathan/secure-exec/registry/native/c/vendor/wasi-sdk/share/wasi-sysroot/lib/wasm32-wasip1 -lwasi-emulated-mman -lwasi-emulated-process-clocks conftest.c  >&5
configure:7500: $? = 0
configure:7513: result: yes
configure:7601: checking if /home/nathan/secure-exec/registry/native/c/vendor/wasi-sdk/bin/clang supports -Werror=missing-braces
configure:7618: /home/nathan/secure-exec/registry/native/c/vendor/wasi-sdk/bin/clang -o conftest --target=wasm32-wasip1 --sysroot=/home/nathan/secure-exec/registry/native/c/sysroot -O2 -D_WASI_EMULATED_MMAN -D_WASI_EMULATED_PROCESS_CLOCKS -D_GNU_SOURCE -mllvm -wasm-enable-sjlj -Wno-error=implicit-function-declaration -Wno-error=int-conversion -Wno-int-conversion -I/home/nathan/secure-exec/experiments/wasm-gui/toolchain/compat-include -include /home/nathan/secure-exec/experiments/wasm-gui/toolchain/wasi-compat.h -Werror=unknown-warning-option -Werror=unused-command-line-argument -Werror=missing-braces --target=wasm32-wasip1 --sysroot=/home/nathan/secure-exec/registry/native/c/sysroot -I/home/nathan/secure-exec/experiments/wasm-gui/third_party/wasm-prefix/include -I/home/nathan/secure-exec/experiments/wasm-gui/toolchain/compat-include -include /home/nathan/secure-exec/experiments/wasm-gui/toolchain/wasi-compat.h --target=wasm32-wasip1 --sysroot=/home/nathan/secure-exec/registry/native/c/sysroot -L/home/nathan/secure-exec/experiments/wasm-gui/third_party/wasm-prefix/lib -L/home/nathan/secure-exec/registry/native/c/vendor/wasi-sdk/share/wasi-sysroot/lib/wasm32-wasip1 -lwasi-emulated-mman -lwasi-emulated-process-clocks conftest.c  >&5
configure:7618: $? = 0
configure:7631: result: yes
configure:7719: checking if /home/nathan/secure-exec/registry/native/c/vendor/wasi-sdk/bin/clang supports -Werror=sequence-point
configure:7736: /home/nathan/secure-exec/registry/native/c/vendor/wasi-sdk/bin/clang -o conftest --target=wasm32-wasip1 --sysroot=/home/nathan/secure-exec/registry/native/c/sysroot -O2 -D_WASI_EMULATED_MMAN -D_WASI_EMULATED_PROCESS_CLOCKS -D_GNU_SOURCE -mllvm -wasm-enable-sjlj -Wno-error=implicit-function-declaration -Wno-error=int-conversion -Wno-int-conversion -I/home/nathan/secure-exec/experiments/wasm-gui/toolchain/compat-include -include /home/nathan/secure-exec/experiments/wasm-gui/toolchain/wasi-compat.h -Werror=unknown-warning-option -Werror=unused-command-line-argument -Werror=sequence-point --target=wasm32-wasip1 --sysroot=/home/nathan/secure-exec/registry/native/c/sysroot -I/home/nathan/secure-exec/experiments/wasm-gui/third_party/wasm-prefix/include -I/home/nathan/secure-exec/experiments/wasm-gui/toolchain/compat-include -include /home/nathan/secure-exec/experiments/wasm-gui/toolchain/wasi-compat.h --target=wasm32-wasip1 --sysroot=/home/nathan/secure-exec/registry/native/c/sysroot -L/home/nathan/secure-exec/experiments/wasm-gui/third_party/wasm-prefix/lib -L/home/nathan/secure-exec/registry/native/c/vendor/wasi-sdk/share/wasi-sysroot/lib/wasm32-wasip1 -lwasi-emulated-mman -lwasi-emulated-process-clocks conftest.c  >&5
configure:7736: $? = 0
configure:7749: result: yes
configure:7837: checking if /home/nathan/secure-exec/registry/native/c/vendor/wasi-sdk/bin/clang supports -Werror=return-type
configure:7854: /home/nathan/secure-exec/registry/native/c/vendor/wasi-sdk/bin/clang -o conftest --target=wasm32-wasip1 --sysroot=/home/nathan/secure-exec/registry/native/c/sysroot -O2 -D_WASI_EMULATED_MMAN -D_WASI_EMULATED_PROCESS_CLOCKS -D_GNU_SOURCE -mllvm -wasm-enable-sjlj -Wno-error=implicit-function-declaration -Wno-error=int-conversion -Wno-int-conversion -I/home/nathan/secure-exec/experiments/wasm-gui/toolchain/compat-include -include /home/nathan/secure-exec/experiments/wasm-gui/toolchain/wasi-compat.h -Werror=unknown-warning-option -Werror=unused-command-line-argument -Werror=return-type --target=wasm32-wasip1 --sysroot=/home/nathan/secure-exec/registry/native/c/sysroot -I/home/nathan/secure-exec/experiments/wasm-gui/third_party/wasm-prefix/include -I/home/nathan/secure-exec/experiments/wasm-gui/toolchain/compat-include -include /home/nathan/secure-exec/experiments/wasm-gui/toolchain/wasi-compat.h --target=wasm32-wasip1 --sysroot=/home/nathan/secure-exec/registry/native/c/sysroot -L/home/nathan/secure-exec/experiments/wasm-gui/third_party/wasm-prefix/lib -L/home/nathan/secure-exec/registry/native/c/vendor/wasi-sdk/share/wasi-sysroot/lib/wasm32-wasip1 -lwasi-emulated-mman -lwasi-emulated-process-clocks conftest.c  >&5
configure:7854: $? = 0
configure:7867: result: yes
configure:8004: checking if /home/nathan/secure-exec/registry/native/c/vendor/wasi-sdk/bin/clang supports -Werror=trigraphs
configure:8021: /home/nathan/secure-exec/registry/native/c/vendor/wasi-sdk/bin/clang -o conftest --target=wasm32-wasip1 --sysroot=/home/nathan/secure-exec/registry/native/c/sysroot -O2 -D_WASI_EMULATED_MMAN -D_WASI_EMULATED_PROCESS_CLOCKS -D_GNU_SOURCE -mllvm -wasm-enable-sjlj -Wno-error=implicit-function-declaration -Wno-error=int-conversion -Wno-int-conversion -I/home/nathan/secure-exec/experiments/wasm-gui/toolchain/compat-include -include /home/nathan/secure-exec/experiments/wasm-gui/toolchain/wasi-compat.h -Werror=unknown-warning-option -Werror=unused-command-line-argument -Werror=trigraphs --target=wasm32-wasip1 --sysroot=/home/nathan/secure-exec/registry/native/c/sysroot -I/home/nathan/secure-exec/experiments/wasm-gui/third_party/wasm-prefix/include -I/home/nathan/secure-exec/experiments/wasm-gui/toolchain/compat-include -include /home/nathan/secure-exec/experiments/wasm-gui/toolchain/wasi-compat.h --target=wasm32-wasip1 --sysroot=/home/nathan/secure-exec/registry/native/c/sysroot -L/home/nathan/secure-exec/experiments/wasm-gui/third_party/wasm-prefix/lib -L/home/nathan/secure-exec/registry/native/c/vendor/wasi-sdk/share/wasi-sysroot/lib/wasm32-wasip1 -lwasi-emulated-mman -lwasi-emulated-process-clocks conftest.c  >&5
configure:8021: $? = 0
configure:8034: result: yes
configure:8122: checking if /home/nathan/secure-exec/registry/native/c/vendor/wasi-sdk/bin/clang supports -Werror=array-bounds
configure:8139: /home/nathan/secure-exec/registry/native/c/vendor/wasi-sdk/bin/clang -o conftest --target=wasm32-wasip1 --sysroot=/home/nathan/secure-exec/registry/native/c/sysroot -O2 -D_WASI_EMULATED_MMAN -D_WASI_EMULATED_PROCESS_CLOCKS -D_GNU_SOURCE -mllvm -wasm-enable-sjlj -Wno-error=implicit-function-declaration -Wno-error=int-conversion -Wno-int-conversion -I/home/nathan/secure-exec/experiments/wasm-gui/toolchain/compat-include -include /home/nathan/secure-exec/experiments/wasm-gui/toolchain/wasi-compat.h -Werror=unknown-warning-option -Werror=unused-command-line-argument -Werror=array-bounds --target=wasm32-wasip1 --sysroot=/home/nathan/secure-exec/registry/native/c/sysroot -I/home/nathan/secure-exec/experiments/wasm-gui/third_party/wasm-prefix/include -I/home/nathan/secure-exec/experiments/wasm-gui/toolchain/compat-include -include /home/nathan/secure-exec/experiments/wasm-gui/toolchain/wasi-compat.h --target=wasm32-wasip1 --sysroot=/home/nathan/secure-exec/registry/native/c/sysroot -L/home/nathan/secure-exec/experiments/wasm-gui/third_party/wasm-prefix/lib -L/home/nathan/secure-exec/registry/native/c/vendor/wasi-sdk/share/wasi-sysroot/lib/wasm32-wasip1 -lwasi-emulated-mman -lwasi-emulated-process-clocks conftest.c  >&5
configure:8139: $? = 0
configure:8152: result: yes
configure:8240: checking if /home/nathan/secure-exec/registry/native/c/vendor/wasi-sdk/bin/clang supports -Werror=write-strings
configure:8257: /home/nathan/secure-exec/registry/native/c/vendor/wasi-sdk/bin/clang -o conftest --target=wasm32-wasip1 --sysroot=/home/nathan/secure-exec/registry/native/c/sysroot -O2 -D_WASI_EMULATED_MMAN -D_WASI_EMULATED_PROCESS_CLOCKS -D_GNU_SOURCE -mllvm -wasm-enable-sjlj -Wno-error=implicit-function-declaration -Wno-error=int-conversion -Wno-int-conversion -I/home/nathan/secure-exec/experiments/wasm-gui/toolchain/compat-include -include /home/nathan/secure-exec/experiments/wasm-gui/toolchain/wasi-compat.h -Werror=unknown-warning-option -Werror=unused-command-line-argument -Werror=write-strings --target=wasm32-wasip1 --sysroot=/home/nathan/secure-exec/registry/native/c/sysroot -I/home/nathan/secure-exec/experiments/wasm-gui/third_party/wasm-prefix/include -I/home/nathan/secure-exec/experiments/wasm-gui/toolchain/compat-include -include /home/nathan/secure-exec/experiments/wasm-gui/toolchain/wasi-compat.h --target=wasm32-wasip1 --sysroot=/home/nathan/secure-exec/registry/native/c/sysroot -L/home/nathan/secure-exec/experiments/wasm-gui/third_party/wasm-prefix/lib -L/home/nathan/secure-exec/registry/native/c/vendor/wasi-sdk/share/wasi-sysroot/lib/wasm32-wasip1 -lwasi-emulated-mman -lwasi-emulated-process-clocks conftest.c  >&5
configure:8257: $? = 0
configure:8270: result: yes
configure:8358: checking if /home/nathan/secure-exec/registry/native/c/vendor/wasi-sdk/bin/clang supports -Werror=address
configure:8375: /home/nathan/secure-exec/registry/native/c/vendor/wasi-sdk/bin/clang -o conftest --target=wasm32-wasip1 --sysroot=/home/nathan/secure-exec/registry/native/c/sysroot -O2 -D_WASI_EMULATED_MMAN -D_WASI_EMULATED_PROCESS_CLOCKS -D_GNU_SOURCE -mllvm -wasm-enable-sjlj -Wno-error=implicit-function-declaration -Wno-error=int-conversion -Wno-int-conversion -I/home/nathan/secure-exec/experiments/wasm-gui/toolchain/compat-include -include /home/nathan/secure-exec/experiments/wasm-gui/toolchain/wasi-compat.h -Werror=unknown-warning-option -Werror=unused-command-line-argument -Werror=address --target=wasm32-wasip1 --sysroot=/home/nathan/secure-exec/registry/native/c/sysroot -I/home/nathan/secure-exec/experiments/wasm-gui/third_party/wasm-prefix/include -I/home/nathan/secure-exec/experiments/wasm-gui/toolchain/compat-include -include /home/nathan/secure-exec/experiments/wasm-gui/toolchain/wasi-compat.h --target=wasm32-wasip1 --sysroot=/home/nathan/secure-exec/registry/native/c/sysroot -L/home/nathan/secure-exec/experiments/wasm-gui/third_party/wasm-prefix/lib -L/home/nathan/secure-exec/registry/native/c/vendor/wasi-sdk/share/wasi-sysroot/lib/wasm32-wasip1 -lwasi-emulated-mman -lwasi-emulated-process-clocks conftest.c  >&5
configure:8375: $? = 0
configure:8388: result: yes
configure:8476: checking if /home/nathan/secure-exec/registry/native/c/vendor/wasi-sdk/bin/clang supports -Werror=int-to-pointer-cast
configure:8493: /home/nathan/secure-exec/registry/native/c/vendor/wasi-sdk/bin/clang -o conftest --target=wasm32-wasip1 --sysroot=/home/nathan/secure-exec/registry/native/c/sysroot -O2 -D_WASI_EMULATED_MMAN -D_WASI_EMULATED_PROCESS_CLOCKS -D_GNU_SOURCE -mllvm -wasm-enable-sjlj -Wno-error=implicit-function-declaration -Wno-error=int-conversion -Wno-int-conversion -I/home/nathan/secure-exec/experiments/wasm-gui/toolchain/compat-include -include /home/nathan/secure-exec/experiments/wasm-gui/toolchain/wasi-compat.h -Werror=unknown-warning-option -Werror=unused-command-line-argument -Werror=int-to-pointer-cast --target=wasm32-wasip1 --sysroot=/home/nathan/secure-exec/registry/native/c/sysroot -I/home/nathan/secure-exec/experiments/wasm-gui/third_party/wasm-prefix/include -I/home/nathan/secure-exec/experiments/wasm-gui/toolchain/compat-include -include /home/nathan/secure-exec/experiments/wasm-gui/toolchain/wasi-compat.h --target=wasm32-wasip1 --sysroot=/home/nathan/secure-exec/registry/native/c/sysroot -L/home/nathan/secure-exec/experiments/wasm-gui/third_party/wasm-prefix/lib -L/home/nathan/secure-exec/registry/native/c/vendor/wasi-sdk/share/wasi-sysroot/lib/wasm32-wasip1 -lwasi-emulated-mman -lwasi-emulated-process-clocks conftest.c  >&5
configure:8493: $? = 0
configure:8506: result: yes
configure:8643: checking if /home/nathan/secure-exec/registry/native/c/vendor/wasi-sdk/bin/clang supports -Werror=pointer-to-int-cast
configure:8660: /home/nathan/secure-exec/registry/native/c/vendor/wasi-sdk/bin/clang -o conftest --target=wasm32-wasip1 --sysroot=/home/nathan/secure-exec/registry/native/c/sysroot -O2 -D_WASI_EMULATED_MMAN -D_WASI_EMULATED_PROCESS_CLOCKS -D_GNU_SOURCE -mllvm -wasm-enable-sjlj -Wno-error=implicit-function-declaration -Wno-error=int-conversion -Wno-int-conversion -I/home/nathan/secure-exec/experiments/wasm-gui/toolchain/compat-include -include /home/nathan/secure-exec/experiments/wasm-gui/toolchain/wasi-compat.h -Werror=unknown-warning-option -Werror=unused-command-line-argument -Werror=pointer-to-int-cast --target=wasm32-wasip1 --sysroot=/home/nathan/secure-exec/registry/native/c/sysroot -I/home/nathan/secure-exec/experiments/wasm-gui/third_party/wasm-prefix/include -I/home/nathan/secure-exec/experiments/wasm-gui/toolchain/compat-include -include /home/nathan/secure-exec/experiments/wasm-gui/toolchain/wasi-compat.h --target=wasm32-wasip1 --sysroot=/home/nathan/secure-exec/registry/native/c/sysroot -L/home/nathan/secure-exec/experiments/wasm-gui/third_party/wasm-prefix/lib -L/home/nathan/secure-exec/registry/native/c/vendor/wasi-sdk/share/wasi-sysroot/lib/wasm32-wasip1 -lwasi-emulated-mman -lwasi-emulated-process-clocks conftest.c  >&5
configure:8660: $? = 0
configure:8673: result: yes
configure:10331: checking if /home/nathan/secure-exec/registry/native/c/vendor/wasi-sdk/bin/clang supports -pedantic
configure:10348: /home/nathan/secure-exec/registry/native/c/vendor/wasi-sdk/bin/clang -o conftest --target=wasm32-wasip1 --sysroot=/home/nathan/secure-exec/registry/native/c/sysroot -O2 -D_WASI_EMULATED_MMAN -D_WASI_EMULATED_PROCESS_CLOCKS -D_GNU_SOURCE -mllvm -wasm-enable-sjlj -Wno-error=implicit-function-declaration -Wno-error=int-conversion -Wno-int-conversion -I/home/nathan/secure-exec/experiments/wasm-gui/toolchain/compat-include -include /home/nathan/secure-exec/experiments/wasm-gui/toolchain/wasi-compat.h -Werror=unknown-warning-option -Werror=unused-command-line-argument -pedantic --target=wasm32-wasip1 --sysroot=/home/nathan/secure-exec/registry/native/c/sysroot -I/home/nathan/secure-exec/experiments/wasm-gui/third_party/wasm-prefix/include -I/home/nathan/secure-exec/experiments/wasm-gui/toolchain/compat-include -include /home/nathan/secure-exec/experiments/wasm-gui/toolchain/wasi-compat.h --target=wasm32-wasip1 --sysroot=/home/nathan/secure-exec/registry/native/c/sysroot -L/home/nathan/secure-exec/experiments/wasm-gui/third_party/wasm-prefix/lib -L/home/nathan/secure-exec/registry/native/c/vendor/wasi-sdk/share/wasi-sysroot/lib/wasm32-wasip1 -lwasi-emulated-mman -lwasi-emulated-process-clocks conftest.c  >&5
conftest.c:28:6: warning: a function declaration without a prototype is deprecated in all versions of C [-Wstrict-prototypes]
   28 | main ()
      |      ^
      |       void
1 warning generated.
configure:10348: $? = 0
configure:10361: result: yes
configure:10449: checking if /home/nathan/secure-exec/registry/native/c/vendor/wasi-sdk/bin/clang supports -Werror
configure:10466: /home/nathan/secure-exec/registry/native/c/vendor/wasi-sdk/bin/clang -o conftest --target=wasm32-wasip1 --sysroot=/home/nathan/secure-exec/registry/native/c/sysroot -O2 -D_WASI_EMULATED_MMAN -D_WASI_EMULATED_PROCESS_CLOCKS -D_GNU_SOURCE -mllvm -wasm-enable-sjlj -Wno-error=implicit-function-declaration -Wno-error=int-conversion -Wno-int-conversion -I/home/nathan/secure-exec/experiments/wasm-gui/toolchain/compat-include -include /home/nathan/secure-exec/experiments/wasm-gui/toolchain/wasi-compat.h -Werror=unknown-warning-option -Werror=unused-command-line-argument -Werror --target=wasm32-wasip1 --sysroot=/home/nathan/secure-exec/registry/native/c/sysroot -I/home/nathan/secure-exec/experiments/wasm-gui/third_party/wasm-prefix/include -I/home/nathan/secure-exec/experiments/wasm-gui/toolchain/compat-include -include /home/nathan/secure-exec/experiments/wasm-gui/toolchain/wasi-compat.h --target=wasm32-wasip1 --sysroot=/home/nathan/secure-exec/registry/native/c/sysroot -L/home/nathan/secure-exec/experiments/wasm-gui/third_party/wasm-prefix/lib -L/home/nathan/secure-exec/registry/native/c/vendor/wasi-sdk/share/wasi-sysroot/lib/wasm32-wasip1 -lwasi-emulated-mman -lwasi-emulated-process-clocks conftest.c  >&5
configure:10466: $? = 0
configure:10479: result: yes
configure:10619: checking if /home/nathan/secure-exec/registry/native/c/vendor/wasi-sdk/bin/clang supports -Werror=attributes
configure:10636: /home/nathan/secure-exec/registry/native/c/vendor/wasi-sdk/bin/clang -o conftest --target=wasm32-wasip1 --sysroot=/home/nathan/secure-exec/registry/native/c/sysroot -O2 -D_WASI_EMULATED_MMAN -D_WASI_EMULATED_PROCESS_CLOCKS -D_GNU_SOURCE -mllvm -wasm-enable-sjlj -Wno-error=implicit-function-declaration -Wno-error=int-conversion -Wno-int-conversion -I/home/nathan/secure-exec/experiments/wasm-gui/toolchain/compat-include -include /home/nathan/secure-exec/experiments/wasm-gui/toolchain/wasi-compat.h -Werror=unknown-warning-option -Werror=unused-command-line-argument -Werror=attributes --target=wasm32-wasip1 --sysroot=/home/nathan/secure-exec/registry/native/c/sysroot -I/home/nathan/secure-exec/experiments/wasm-gui/third_party/wasm-prefix/include -I/home/nathan/secure-exec/experiments/wasm-gui/toolchain/compat-include -include /home/nathan/secure-exec/experiments/wasm-gui/toolchain/wasi-compat.h --target=wasm32-wasip1 --sysroot=/home/nathan/secure-exec/registry/native/c/sysroot -L/home/nathan/secure-exec/experiments/wasm-gui/third_party/wasm-prefix/lib -L/home/nathan/secure-exec/registry/native/c/vendor/wasi-sdk/share/wasi-sysroot/lib/wasm32-wasip1 -lwasi-emulated-mman -lwasi-emulated-process-clocks conftest.c  >&5
configure:10636: $? = 0
configure:10649: result: yes
configure:10813: checking whether make supports nested variables
configure:10830: result: yes
configure:10847: checking for bison
configure:10874: result: true
configure:10888: checking for true
configure:10906: found /usr/bin/true
configure:10918: result: /usr/bin/true
configure:10935: checking for flex
configure:10965: result: no
configure:10935: checking for lex
configure:10965: result: no
configure:11093: checking for mkstemp
configure:11093: /home/nathan/secure-exec/registry/native/c/vendor/wasi-sdk/bin/clang -o conftest --target=wasm32-wasip1 --sysroot=/home/nathan/secure-exec/registry/native/c/sysroot -O2 -D_WASI_EMULATED_MMAN -D_WASI_EMULATED_PROCESS_CLOCKS -D_GNU_SOURCE -mllvm -wasm-enable-sjlj -Wno-error=implicit-function-declaration -Wno-error=int-conversion -Wno-int-conversion -I/home/nathan/secure-exec/experiments/wasm-gui/toolchain/compat-include -include /home/nathan/secure-exec/experiments/wasm-gui/toolchain/wasi-compat.h --target=wasm32-wasip1 --sysroot=/home/nathan/secure-exec/registry/native/c/sysroot -I/home/nathan/secure-exec/experiments/wasm-gui/third_party/wasm-prefix/include -I/home/nathan/secure-exec/experiments/wasm-gui/toolchain/compat-include -include /home/nathan/secure-exec/experiments/wasm-gui/toolchain/wasi-compat.h --target=wasm32-wasip1 --sysroot=/home/nathan/secure-exec/registry/native/c/sysroot -L/home/nathan/secure-exec/experiments/wasm-gui/third_party/wasm-prefix/lib -L/home/nathan/secure-exec/registry/native/c/vendor/wasi-sdk/share/wasi-sysroot/lib/wasm32-wasip1 -lwasi-emulated-mman -lwasi-emulated-process-clocks conftest.c  >&5
wasm-ld: error: /tmp/conftest-6bc7f4.o: undefined symbol: mkstemp
clang: error: linker command failed with exit code 1 (use -v to see invocation)
configure:11093: $? = 1
configure: failed program was:
| /* confdefs.h */
| #define PACKAGE_NAME "twm"
| #define PACKAGE_TARNAME "twm"
| #define PACKAGE_VERSION "1.0.12"
| #define PACKAGE_STRING "twm 1.0.12"
| #define PACKAGE_BUGREPORT "https://gitlab.freedesktop.org/xorg/app/twm/issues"
| #define PACKAGE_URL ""
| #define STDC_HEADERS 1
| #define HAVE_SYS_TYPES_H 1
| #define HAVE_SYS_STAT_H 1
| #define HAVE_STDLIB_H 1
| #define HAVE_STRING_H 1
| #define HAVE_MEMORY_H 1
| #define HAVE_STRINGS_H 1
| #define HAVE_INTTYPES_H 1
| #define HAVE_STDINT_H 1
| #define HAVE_UNISTD_H 1
| #define __EXTENSIONS__ 1
| #define _ALL_SOURCE 1
| #define _GNU_SOURCE 1
| #define _POSIX_PTHREAD_SEMANTICS 1
| #define _TANDEM_SOURCE 1
| #define PACKAGE "twm"
| #define VERSION "1.0.12"
| #define PACKAGE_VERSION_MAJOR 1
| #define PACKAGE_VERSION_MINOR 0
| #define PACKAGE_VERSION_PATCHLEVEL 12
| /* end confdefs.h.  */
| /* Define mkstemp to an innocuous variant, in case <limits.h> declares mkstemp.
|    For example, HP-UX 11i <limits.h> declares gettimeofday.  */
| #define mkstemp innocuous_mkstemp
| 
| /* System header to define __stub macros and hopefully few prototypes,
|     which can conflict with char mkstemp (); below.
|     Prefer <limits.h> to <assert.h> if __STDC__ is defined, since
|     <limits.h> exists even on freestanding compilers.  */
| 
| #ifdef __STDC__
| # include <limits.h>
| #else
| # include <assert.h>
| #endif
| 
| #undef mkstemp
| 
| /* Override any GCC internal prototype to avoid an error.
|    Use char because int might match the return type of a GCC
|    builtin and then its argument prototype would still apply.  */
| #ifdef __cplusplus
| extern "C"
| #endif
| char mkstemp ();
| /* The GNU C library defines this for functions which it implements
|     to always fail with ENOSYS.  Some functions are actually named
|     something starting with __ and the normal name is an alias.  */
| #if defined __stub_mkstemp || defined __stub___mkstemp
| choke me
| #endif
| 
| int
| main ()
| {
| return mkstemp ();
|   ;
|   return 0;
| }
configure:11093: result: no
configure:11106: checking for TWM
configure:11113: $PKG_CONFIG --exists --print-errors "x11 xext xt xmu ice sm xproto >= 7.0.17"
configure:11116: $? = 0
configure:11130: $PKG_CONFIG --exists --print-errors "x11 xext xt xmu ice sm xproto >= 7.0.17"
configure:11133: $? = 0
configure:11191: result: yes
configure:11197: checking for XRANDR
configure:11204: $PKG_CONFIG --exists --print-errors "xrandr"
Package xrandr was not found in the pkg-config search path.
Perhaps you should add the directory containing `xrandr.pc'
to the PKG_CONFIG_PATH environment variable
Package 'xrandr', required by 'virtual:world', not found
configure:11207: $? = 1
configure:11221: $PKG_CONFIG --exists --print-errors "xrandr"
Package xrandr was not found in the pkg-config search path.
Perhaps you should add the directory containing `xrandr.pc'
to the PKG_CONFIG_PATH environment variable
Package 'xrandr', required by 'virtual:world', not found
configure:11224: $? = 1
configure:11238: result: no
Package 'xrandr', required by 'virtual:world', not found
configure:11375: checking that generated files are newer than configure
configure:11381: result: done
configure:11404: creating ./config.status

## ---------------------- ##
## Running config.status. ##
## ---------------------- ##

This file was extended by twm config.status 1.0.12, which was
generated by GNU Autoconf 2.69.  Invocation command line was

  CONFIG_FILES    = 
  CONFIG_HEADERS  = 
  CONFIG_LINKS    = 
  CONFIG_COMMANDS = 
  $ ./config.status 

on nathan-dev

config.status:922: creating Makefile
config.status:922: creating src/Makefile
config.status:922: creating man/Makefile
config.status:922: creating config.h
config.status:1151: executing depfiles commands
configure:12718: WARNING: unrecognized options: --enable-static, --disable-shared, --disable-malloc0returnsnull, --disable-docs, --without-xsltproc

## ---------------- ##
## Cache variables. ##
## ---------------- ##

ac_cv_build=x86_64-pc-linux-gnux32
ac_cv_c_compiler_gnu=yes
ac_cv_env_CC_set=set
ac_cv_env_CC_value=/home/nathan/secure-exec/registry/native/c/vendor/wasi-sdk/bin/clang
ac_cv_env_CFLAGS_set=set
ac_cv_env_CFLAGS_value='--target=wasm32-wasip1 --sysroot=/home/nathan/secure-exec/registry/native/c/sysroot -O2 -D_WASI_EMULATED_MMAN -D_WASI_EMULATED_PROCESS_CLOCKS -D_GNU_SOURCE -mllvm -wasm-enable-sjlj -Wno-error=implicit-function-declaration -Wno-error=int-conversion -Wno-int-conversion -I/home/nathan/secure-exec/experiments/wasm-gui/toolchain/compat-include -include /home/nathan/secure-exec/experiments/wasm-gui/toolchain/wasi-compat.h'
ac_cv_env_CPPFLAGS_set=set
ac_cv_env_CPPFLAGS_value='--target=wasm32-wasip1 --sysroot=/home/nathan/secure-exec/registry/native/c/sysroot -I/home/nathan/secure-exec/experiments/wasm-gui/third_party/wasm-prefix/include -I/home/nathan/secure-exec/experiments/wasm-gui/toolchain/compat-include -include /home/nathan/secure-exec/experiments/wasm-gui/toolchain/wasi-compat.h'
ac_cv_env_CPP_set=
ac_cv_env_CPP_value=
ac_cv_env_LDFLAGS_set=set
ac_cv_env_LDFLAGS_value='--target=wasm32-wasip1 --sysroot=/home/nathan/secure-exec/registry/native/c/sysroot -L/home/nathan/secure-exec/experiments/wasm-gui/third_party/wasm-prefix/lib -L/home/nathan/secure-exec/registry/native/c/vendor/wasi-sdk/share/wasi-sysroot/lib/wasm32-wasip1 -lwasi-emulated-mman -lwasi-emulated-process-clocks'
ac_cv_env_LIBS_set=
ac_cv_env_LIBS_value=
ac_cv_env_PKG_CONFIG_LIBDIR_set=set
ac_cv_env_PKG_CONFIG_LIBDIR_value=/home/nathan/secure-exec/experiments/wasm-gui/third_party/wasm-prefix/lib/pkgconfig:/home/nathan/secure-exec/experiments/wasm-gui/third_party/wasm-prefix/share/pkgconfig
ac_cv_env_PKG_CONFIG_PATH_set=set
ac_cv_env_PKG_CONFIG_PATH_value=
ac_cv_env_PKG_CONFIG_set=
ac_cv_env_PKG_CONFIG_value=
ac_cv_env_TWM_CFLAGS_set=
ac_cv_env_TWM_CFLAGS_value=
ac_cv_env_TWM_LIBS_set=
ac_cv_env_TWM_LIBS_value=
ac_cv_env_XRANDR_CFLAGS_set=
ac_cv_env_XRANDR_CFLAGS_value=
ac_cv_env_XRANDR_LIBS_set=
ac_cv_env_XRANDR_LIBS_value=
ac_cv_env_YACC_set=set
ac_cv_env_YACC_value=true
ac_cv_env_YFLAGS_set=
ac_cv_env_YFLAGS_value=
ac_cv_env_build_alias_set=
ac_cv_env_build_alias_value=
ac_cv_env_host_alias_set=set
ac_cv_env_host_alias_value=wasm32-wasi
ac_cv_env_target_alias_set=
ac_cv_env_target_alias_value=
ac_cv_func_mkstemp=no
ac_cv_have_decl___INTEL_COMPILER=no
ac_cv_have_decl___SUNPRO_C=no
ac_cv_have_decl___clang__=yes
ac_cv_header_inttypes_h=yes
ac_cv_header_memory_h=yes
ac_cv_header_minix_config_h=no
ac_cv_header_stdc=yes
ac_cv_header_stdint_h=yes
ac_cv_header_stdlib_h=yes
ac_cv_header_string_h=yes
ac_cv_header_strings_h=yes
ac_cv_header_sys_stat_h=yes
ac_cv_header_sys_types_h=yes
ac_cv_header_unistd_h=yes
ac_cv_host=wasm32-unknown-wasi
ac_cv_objext=o
ac_cv_path_EGREP='/usr/bin/grep -E'
ac_cv_path_GREP=/usr/bin/grep
ac_cv_path_SED=/usr/bin/sed
ac_cv_path_YACC_INST=/usr/bin/true
ac_cv_path_ac_pt_PKG_CONFIG=/usr/bin/pkg-config
ac_cv_path_install='/usr/bin/install -c'
ac_cv_path_mkdir=/usr/bin/mkdir
ac_cv_prog_AWK=mawk
ac_cv_prog_CC=/home/nathan/secure-exec/registry/native/c/vendor/wasi-sdk/bin/clang
ac_cv_prog_CPP='/home/nathan/secure-exec/registry/native/c/vendor/wasi-sdk/bin/clang -E'
ac_cv_prog_YACC=true
ac_cv_prog_ac_ct_STRIP=strip
ac_cv_prog_cc_c89=
ac_cv_prog_cc_c99=
ac_cv_prog_cc_g=yes
ac_cv_prog_make_make_set=yes
ac_cv_safe_to_define___extensions__=yes
am_cv_CC_dependencies_compiler_type=gcc3
am_cv_make_support_nested_variables=yes
am_cv_prog_cc_c_o=yes
pkg_cv_TWM_CFLAGS='-I/home/nathan/secure-exec/experiments/wasm-gui/third_party/wasm-prefix/include '
pkg_cv_TWM_LIBS='-L/home/nathan/secure-exec/experiments/wasm-gui/third_party/wasm-prefix/lib -lXext -lXmu -lXt -lX11 -lICE -lSM '
xorg_cv_cc_flag__Wall=yes
xorg_cv_cc_flag__Wbad_function_cast=yes
xorg_cv_cc_flag__Wdeclaration_after_statement=yes
xorg_cv_cc_flag__Werror=yes
xorg_cv_cc_flag__Werror_address=yes
xorg_cv_cc_flag__Werror_array_bounds=yes
xorg_cv_cc_flag__Werror_attributes=yes
xorg_cv_cc_flag__Werror_implicit=yes
xorg_cv_cc_flag__Werror_init_self=yes
xorg_cv_cc_flag__Werror_int_to_pointer_cast=yes
xorg_cv_cc_flag__Werror_main=yes
xorg_cv_cc_flag__Werror_missing_braces=yes
xorg_cv_cc_flag__Werror_nonnull=yes
xorg_cv_cc_flag__Werror_pointer_to_int_cast=yes
xorg_cv_cc_flag__Werror_return_type=yes
xorg_cv_cc_flag__Werror_sequence_point=yes
xorg_cv_cc_flag__Werror_trigraphs=yes
xorg_cv_cc_flag__Werror_write_strings=yes
xorg_cv_cc_flag__Wformat_2=yes
xorg_cv_cc_flag__Wlogical_op=no
xorg_cv_cc_flag__Wmissing_declarations=yes
xorg_cv_cc_flag__Wmissing_format_attribute=yes
xorg_cv_cc_flag__Wmissing_noreturn=yes
xorg_cv_cc_flag__Wmissing_prototypes=yes
xorg_cv_cc_flag__Wnested_externs=yes
xorg_cv_cc_flag__Wold_style_definition=yes
xorg_cv_cc_flag__Wpointer_arith=yes
xorg_cv_cc_flag__Wredundant_decls=yes
xorg_cv_cc_flag__Wshadow=yes
xorg_cv_cc_flag__Wstrict_prototypes=yes
xorg_cv_cc_flag__Wuninitialized=yes
xorg_cv_cc_flag__Wunused=yes
xorg_cv_cc_flag__pedantic=yes
xorg_cv_cc_flag_unknown_warning_option=yes
xorg_cv_cc_flag_unused_command_line_argument=yes

## ----------------- ##
## Output variables. ##
## ----------------- ##

ACLOCAL='${SHELL} /home/nathan/secure-exec/experiments/wasm-gui/third_party/twm/missing aclocal-1.15'
ADMIN_MAN_DIR='$(mandir)/man$(ADMIN_MAN_SUFFIX)'
ADMIN_MAN_SUFFIX='8'
AMDEPBACKSLASH='\'
AMDEP_FALSE='#'
AMDEP_TRUE=''
AMTAR='$${TAR-tar}'
AM_BACKSLASH='\'
AM_DEFAULT_V='$(AM_DEFAULT_VERBOSITY)'
AM_DEFAULT_VERBOSITY='0'
AM_V='$(V)'
APP_MAN_DIR='$(mandir)/man$(APP_MAN_SUFFIX)'
APP_MAN_SUFFIX='1'
AUTOCONF='${SHELL} /home/nathan/secure-exec/experiments/wasm-gui/third_party/twm/missing autoconf'
AUTOHEADER='${SHELL} /home/nathan/secure-exec/experiments/wasm-gui/third_party/twm/missing autoheader'
AUTOMAKE='${SHELL} /home/nathan/secure-exec/experiments/wasm-gui/third_party/twm/missing automake-1.15'
AWK='mawk'
BASE_CFLAGS=' -Wall -Wpointer-arith -Wmissing-declarations -Wformat=2 -Wstrict-prototypes -Wmissing-prototypes -Wnested-externs -Wbad-function-cast -Wold-style-definition -Wdeclaration-after-statement -Wunused -Wuninitialized -Wshadow -Wmissing-noreturn -Wmissing-format-attribute -Wredundant-decls -Werror=implicit -Werror=nonnull -Werror=init-self -Werror=main -Werror=missing-braces -Werror=sequence-point -Werror=return-type -Werror=trigraphs -Werror=array-bounds -Werror=write-strings -Werror=address -Werror=int-to-pointer-cast -Werror=pointer-to-int-cast'
CC='/home/nathan/secure-exec/registry/native/c/vendor/wasi-sdk/bin/clang'
CCDEPMODE='depmode=gcc3'
CFLAGS='--target=wasm32-wasip1 --sysroot=/home/nathan/secure-exec/registry/native/c/sysroot -O2 -D_WASI_EMULATED_MMAN -D_WASI_EMULATED_PROCESS_CLOCKS -D_GNU_SOURCE -mllvm -wasm-enable-sjlj -Wno-error=implicit-function-declaration -Wno-error=int-conversion -Wno-int-conversion -I/home/nathan/secure-exec/experiments/wasm-gui/toolchain/compat-include -include /home/nathan/secure-exec/experiments/wasm-gui/toolchain/wasi-compat.h'
CHANGELOG_CMD='(GIT_DIR=$(top_srcdir)/.git git log > $(top_srcdir)/.changelog.tmp && mv $(top_srcdir)/.changelog.tmp $(top_srcdir)/ChangeLog) || (rm -f $(top_srcdir)/.changelog.tmp; touch $(top_srcdir)/ChangeLog; echo '\''git directory not found: installing possibly empty changelog.'\'' >&2)'
CPP='/home/nathan/secure-exec/registry/native/c/vendor/wasi-sdk/bin/clang -E'
CPPFLAGS='--target=wasm32-wasip1 --sysroot=/home/nathan/secure-exec/registry/native/c/sysroot -I/home/nathan/secure-exec/experiments/wasm-gui/third_party/wasm-prefix/include -I/home/nathan/secure-exec/experiments/wasm-gui/toolchain/compat-include -include /home/nathan/secure-exec/experiments/wasm-gui/toolchain/wasi-compat.h'
CWARNFLAGS=' -Wall -Wpointer-arith -Wmissing-declarations -Wformat=2 -Wstrict-prototypes -Wmissing-prototypes -Wnested-externs -Wbad-function-cast -Wold-style-definition -Wdeclaration-after-statement -Wunused -Wuninitialized -Wshadow -Wmissing-noreturn -Wmissing-format-attribute -Wredundant-decls -Werror=implicit -Werror=nonnull -Werror=init-self -Werror=main -Werror=missing-braces -Werror=sequence-point -Werror=return-type -Werror=trigraphs -Werror=array-bounds -Werror=write-strings -Werror=address -Werror=int-to-pointer-cast -Werror=pointer-to-int-cast -fno-strict-aliasing'
CYGPATH_W='echo'
DEFS='-DHAVE_CONFIG_H'
DEPDIR='.deps'
DRIVER_MAN_DIR='$(mandir)/man$(DRIVER_MAN_SUFFIX)'
DRIVER_MAN_SUFFIX='4'
ECHO_C=''
ECHO_N='-n'
ECHO_T=''
EGREP='/usr/bin/grep -E'
EXEEXT=''
FILE_MAN_DIR='$(mandir)/man$(FILE_MAN_SUFFIX)'
FILE_MAN_SUFFIX='5'
GREP='/usr/bin/grep'
INSTALL_CMD='(cp -f /home/nathan/secure-exec/experiments/wasm-gui/third_party/wasm-prefix/share/util-macros/INSTALL $(top_srcdir)/.INSTALL.tmp && mv $(top_srcdir)/.INSTALL.tmp $(top_srcdir)/INSTALL) || (rm -f $(top_srcdir)/.INSTALL.tmp; touch $(top_srcdir)/INSTALL; echo '\''util-macros "pkgdatadir" from xorg-macros.pc not found: installing possibly empty INSTALL.'\'' >&2)'
INSTALL_DATA='${INSTALL} -m 644'
INSTALL_PROGRAM='${INSTALL}'
INSTALL_SCRIPT='${INSTALL}'
INSTALL_STRIP_PROGRAM='$(install_sh) -c -s'
LDFLAGS='--target=wasm32-wasip1 --sysroot=/home/nathan/secure-exec/registry/native/c/sysroot -L/home/nathan/secure-exec/experiments/wasm-gui/third_party/wasm-prefix/lib -L/home/nathan/secure-exec/registry/native/c/vendor/wasi-sdk/share/wasi-sysroot/lib/wasm32-wasip1 -lwasi-emulated-mman -lwasi-emulated-process-clocks'
LEX=':'
LEXLIB=''
LEX_OUTPUT_ROOT=''
LIBOBJS=''
LIBS=''
LIB_MAN_DIR='$(mandir)/man$(LIB_MAN_SUFFIX)'
LIB_MAN_SUFFIX='3'
LTLIBOBJS=''
MAKEINFO='${SHELL} /home/nathan/secure-exec/experiments/wasm-gui/third_party/twm/missing makeinfo'
MAN_SUBSTS='	-e '\''s|__vendorversion__|"$(PACKAGE_STRING)" "$(XORG_MAN_PAGE)"|'\'' 	-e '\''s|__xorgversion__|"$(PACKAGE_STRING)" "$(XORG_MAN_PAGE)"|'\'' 	-e '\''s|__xservername__|Xorg|g'\'' 	-e '\''s|__xconfigfile__|xorg.conf|g'\'' 	-e '\''s|__projectroot__|$(prefix)|g'\'' 	-e '\''s|__apploaddir__|$(appdefaultdir)|g'\'' 	-e '\''s|__appmansuffix__|$(APP_MAN_SUFFIX)|g'\'' 	-e '\''s|__drivermansuffix__|$(DRIVER_MAN_SUFFIX)|g'\'' 	-e '\''s|__adminmansuffix__|$(ADMIN_MAN_SUFFIX)|g'\'' 	-e '\''s|__libmansuffix__|$(LIB_MAN_SUFFIX)|g'\'' 	-e '\''s|__miscmansuffix__|$(MISC_MAN_SUFFIX)|g'\'' 	-e '\''s|__filemansuffix__|$(FILE_MAN_SUFFIX)|g'\'''
MISC_MAN_DIR='$(mandir)/man$(MISC_MAN_SUFFIX)'
MISC_MAN_SUFFIX='7'
MKDIR_P='/usr/bin/mkdir -p'
OBJEXT='o'
PACKAGE='twm'
PACKAGE_BUGREPORT='https://gitlab.freedesktop.org/xorg/app/twm/issues'
PACKAGE_NAME='twm'
PACKAGE_STRING='twm 1.0.12'
PACKAGE_TARNAME='twm'
PACKAGE_URL=''
PACKAGE_VERSION='1.0.12'
PATH_SEPARATOR=':'
PKG_CONFIG='/usr/bin/pkg-config'
PKG_CONFIG_LIBDIR='/home/nathan/secure-exec/experiments/wasm-gui/third_party/wasm-prefix/lib/pkgconfig:/home/nathan/secure-exec/experiments/wasm-gui/third_party/wasm-prefix/share/pkgconfig'
PKG_CONFIG_PATH=''
SED='/usr/bin/sed'
SET_MAKE=''
SHELL='/bin/bash'
STRICT_CFLAGS=' -pedantic -Werror -Werror=attributes'
STRIP='strip'
TWM_CFLAGS='-I/home/nathan/secure-exec/experiments/wasm-gui/third_party/wasm-prefix/include '
TWM_LIBS='-L/home/nathan/secure-exec/experiments/wasm-gui/third_party/wasm-prefix/lib -lXext -lXmu -lXt -lX11 -lICE -lSM '
VERSION='1.0.12'
XORG_MAN_PAGE='X Version 11'
XRANDR_CFLAGS=''
XRANDR_LIBS=''
YACC='true'
YACC_INST='/usr/bin/true'
YFLAGS=''
ac_ct_CC=''
am__EXEEXT_FALSE=''
am__EXEEXT_TRUE='#'
am__fastdepCC_FALSE='#'
am__fastdepCC_TRUE=''
am__include='include'
am__isrc=''
am__leading_dot='.'
am__nodep='_no'
am__quote=''
am__tar='$${TAR-tar} chof - "$$tardir"'
am__untar='$${TAR-tar} xf -'
bindir='${exec_prefix}/bin'
build='x86_64-pc-linux-gnux32'
build_alias=''
build_cpu='x86_64'
build_os='linux-gnux32'
build_vendor='pc'
datadir='${datarootdir}'
datarootdir='${prefix}/share'
docdir='${datarootdir}/doc/${PACKAGE_TARNAME}'
dvidir='${docdir}'
exec_prefix='${prefix}'
host='wasm32-unknown-wasi'
host_alias='wasm32-wasi'
host_cpu='wasm32'
host_os='wasi'
host_vendor='unknown'
htmldir='${docdir}'
includedir='${prefix}/include'
infodir='${datarootdir}/info'
install_sh='${SHELL} /home/nathan/secure-exec/experiments/wasm-gui/third_party/twm/install-sh'
libdir='${exec_prefix}/lib'
libexecdir='${exec_prefix}/libexec'
localedir='${datarootdir}/locale'
localstatedir='${prefix}/var'
mandir='${datarootdir}/man'
mkdir_p='$(MKDIR_P)'
oldincludedir='/usr/include'
pdfdir='${docdir}'
prefix='/home/nathan/secure-exec/experiments/wasm-gui/third_party/wasm-prefix'
program_transform_name='s,x,x,'
psdir='${docdir}'
sbindir='${exec_prefix}/sbin'
sharedstatedir='${prefix}/com'
sysconfdir='${prefix}/etc'
target_alias=''

## ----------- ##
## confdefs.h. ##
## ----------- ##

/* confdefs.h */
#define PACKAGE_NAME "twm"
#define PACKAGE_TARNAME "twm"
#define PACKAGE_VERSION "1.0.12"
#define PACKAGE_STRING "twm 1.0.12"
#define PACKAGE_BUGREPORT "https://gitlab.freedesktop.org/xorg/app/twm/issues"
#define PACKAGE_URL ""
#define STDC_HEADERS 1
#define HAVE_SYS_TYPES_H 1
#define HAVE_SYS_STAT_H 1
#define HAVE_STDLIB_H 1
#define HAVE_STRING_H 1
#define HAVE_MEMORY_H 1
#define HAVE_STRINGS_H 1
#define HAVE_INTTYPES_H 1
#define HAVE_STDINT_H 1
#define HAVE_UNISTD_H 1
#define __EXTENSIONS__ 1
#define _ALL_SOURCE 1
#define _GNU_SOURCE 1
#define _POSIX_PTHREAD_SEMANTICS 1
#define _TANDEM_SOURCE 1
#define PACKAGE "twm"
#define VERSION "1.0.12"
#define PACKAGE_VERSION_MAJOR 1
#define PACKAGE_VERSION_MINOR 0
#define PACKAGE_VERSION_PATCHLEVEL 12

configure: exit 0
