This file contains any messages produced by compilers while
running configure, to aid debugging if configure makes a mistake.

It was created by xfconf configure 4.18.3, which was
generated by GNU Autoconf 2.71.  Invocation command line was

  $ ./configure --host=wasm32-wasi --prefix=/home/nathan/secure-exec-wasmgui/experiments/wasm-gui/third_party/wasm-prefix-threads --enable-static --disable-shared --disable-malloc0returnsnull --enable-static --disable-shared --disable-gtk-doc --disable-gtk-doc-html --disable-nls --disable-debug --disable-gobject-introspection --disable-vala

## --------- ##
## Platform. ##
## --------- ##

hostname = nathan-dev
uname -m = x86_64
uname -r = 6.1.0-41-amd64
uname -s = Linux
uname -v = #1 SMP PREEMPT_DYNAMIC Debian 6.1.158-1 (2025-11-09)

/usr/bin/uname -p = unknown
/bin/uname -X     = unknown

/bin/arch              = x86_64
/usr/bin/arch -k       = unknown
/usr/convex/getsysinfo = unknown
/usr/bin/hostinfo      = unknown
/bin/machine           = unknown
/usr/bin/oslevel       = unknown
/bin/universe          = unknown

PATH: /home/nathan/secure-exec-wasmgui/experiments/wasm-gui/toolchain/host-bin/
PATH: /home/linuxbrew/.linuxbrew/bin/
PATH: /home/nathan/misc/bun/bin/
PATH: /home/nathan/.bun/bin/
PATH: /home/nathan/.bun/bin/
PATH: /home/nathan/.bun/bin/
PATH: /home/nathan/.bun/bin/
PATH: /home/nathan/.wasmer/bin/
PATH: /home/nathan/.opencode/bin/
PATH: /home/nathan/.local/bin/
PATH: /home/nathan/.bun/bin/
PATH: /home/nathan/.cargo/bin/
PATH: /home/nathan/.nix-profile/bin/
PATH: /nix/var/nix/profiles/default/bin/
PATH: /home/linuxbrew/.linuxbrew/bin/
PATH: /home/linuxbrew/.linuxbrew/sbin/
PATH: /home/nathan/.local/bin/
PATH: /home/linuxbrew/.linuxbrew/opt/rustup/bin/
PATH: /home/nathan/.local/bin/
PATH: /home/nathan/.atuin/bin/
PATH: /home/nathan/misc/bun/bin/
PATH: /home/nathan/.bun/bin/
PATH: /home/nathan/.bun/bin/
PATH: /home/nathan/.bun/bin/
PATH: /home/nathan/.bun/bin/
PATH: /home/nathan/.wasmer/bin/
PATH: /home/nathan/.deno/bin/
PATH: /home/nathan/.opencode/bin/
PATH: /home/nathan/.local/bin/
PATH: /home/nathan/.bun/bin/
PATH: /home/nathan/.cargo/bin/
PATH: /home/nathan/.nix-profile/bin/
PATH: /nix/var/nix/profiles/default/bin/
PATH: /tmp/pnpm/
PATH: /home/linuxbrew/.linuxbrew/bin/
PATH: /home/linuxbrew/.linuxbrew/sbin/
PATH: /home/nathan/.nvm/versions/node/v24.13.0/bin/
PATH: /home/nathan/.nix-profile/bin/
PATH: /nix/var/nix/profiles/default/bin/
PATH: /usr/local/bin/
PATH: /usr/bin/
PATH: /bin/
PATH: /usr/local/games/
PATH: /usr/games/


## ----------- ##
## Core tests. ##
## ----------- ##

configure:2782: looking for aux files: config.guess config.sub ltmain.sh compile missing install-sh
configure:2795:  trying ./
configure:2824:   ./config.guess found
configure:2824:   ./config.sub found
configure:2824:   ./ltmain.sh found
configure:2824:   ./compile found
configure:2824:   ./missing found
configure:2806:   ./install-sh found
configure:2956: checking for a BSD-compatible install
configure:3029: result: /usr/bin/install -c
configure:3040: checking whether build environment is sane
configure:3095: result: yes
configure:3151: checking for wasm32-wasi-strip
configure:3186: result: no
configure:3196: checking for strip
configure:3217: found /home/linuxbrew/.linuxbrew/bin/strip
configure:3228: result: strip
configure:3254: checking for a race-free mkdir -p
configure:3298: result: /usr/bin/mkdir -p
configure:3305: checking for gawk
configure:3340: result: no
configure:3305: checking for mawk
configure:3326: found /usr/bin/mawk
configure:3337: result: mawk
configure:3348: checking whether make sets $(MAKE)
configure:3371: result: yes
configure:3401: checking whether make supports nested variables
configure:3419: result: yes
configure:3504: checking whether UID '1000' is supported by ustar format
configure:3507: result: yes
configure:3514: checking whether GID '1000' is supported by ustar format
configure:3517: result: yes
configure:3525: checking how to create a ustar tar archive
configure:3536: tar --version
tar (GNU tar) 1.34
Copyright (C) 2021 Free Software Foundation, Inc.
License GPLv3+: GNU GPL version 3 or later <https://gnu.org/licenses/gpl.html>.
This is free software: you are free to change and redistribute it.
There is NO WARRANTY, to the extent permitted by law.

Written by John Gilmore and Jay Fenlason.
configure:3539: $? = 0
configure:3579: tardir=conftest.dir && eval tar --format=ustar -chf - "$tardir" >conftest.tar
configure:3582: $? = 0
configure:3586: tar -xf - <conftest.tar
configure:3589: $? = 0
configure:3591: cat conftest.dir/file
GrepMe
configure:3594: $? = 0
configure:3608: result: gnutar
configure:3675: checking whether to enable maintainer-specific portions of Makefiles
configure:3685: result: no
configure:3710: checking whether make supports nested variables
configure:3728: result: yes
configure:3769: checking for wasm32-wasi-gcc
configure:3801: result: /home/nathan/secure-exec-wasmgui/experiments/wasm-gui/toolchain/clang-wasi-wrap.sh
configure:4199: checking for C compiler version
configure:4208: /home/nathan/secure-exec-wasmgui/experiments/wasm-gui/toolchain/clang-wasi-wrap.sh --version >&5
clang version 19.1.5-wasi-sdk (https://github.com/llvm/llvm-project ab4b5a2db582958af1ee308a790cfdb42bd24720)
Target: wasm32-unknown-wasi
Thread model: posix
InstalledDir: /home/nathan/secure-exec/registry/native/c/vendor/wasi-sdk/bin
configure:4219: $? = 0
configure:4208: /home/nathan/secure-exec-wasmgui/experiments/wasm-gui/toolchain/clang-wasi-wrap.sh -v >&5
clang version 19.1.5-wasi-sdk (https://github.com/llvm/llvm-project ab4b5a2db582958af1ee308a790cfdb42bd24720)
Target: wasm32-unknown-wasi
Thread model: posix
InstalledDir: /home/nathan/secure-exec/registry/native/c/vendor/wasi-sdk/bin
configure:4219: $? = 0
configure:4208: /home/nathan/secure-exec-wasmgui/experiments/wasm-gui/toolchain/clang-wasi-wrap.sh -V >&5
clang: error: argument to '-V' is missing (expected 1 value)
clang: error: no input files
configure:4219: $? = 1
configure:4208: /home/nathan/secure-exec-wasmgui/experiments/wasm-gui/toolchain/clang-wasi-wrap.sh -qversion >&5
clang: error: unknown argument '-qversion'; did you mean '--version'?
clang: error: no input files
configure:4219: $? = 1
configure:4208: /home/nathan/secure-exec-wasmgui/experiments/wasm-gui/toolchain/clang-wasi-wrap.sh -version >&5
clang: error: unknown argument '-version'; did you mean '--version'?
clang: error: no input files
configure:4219: $? = 1
configure:4239: checking whether the C compiler works
configure:4261: /home/nathan/secure-exec-wasmgui/experiments/wasm-gui/toolchain/clang-wasi-wrap.sh --target=wasm32-wasip1-threads --sysroot=/home/nathan/secure-exec/registry/native/c/vendor/wasi-sdk/share/wasi-sysroot -O2 -pthread -matomics -mbulk-memory -DSECURE_EXEC_WASM_THREADS -D_WASI_EMULATED_SIGNAL -D_WASI_EMULATED_MMAN -D_WASI_EMULATED_PROCESS_CLOCKS -D_GNU_SOURCE -mllvm -wasm-enable-sjlj -Wno-error=implicit-function-declaration -Wno-error=int-conversion -Wno-int-conversion -I/home/nathan/secure-exec-wasmgui/experiments/wasm-gui/toolchain/compat-include -include /home/nathan/secure-exec-wasmgui/experiments/wasm-gui/toolchain/wasi-compat.h -I/home/nathan/secure-exec-wasmgui/experiments/wasm-gui/third_party/wasm-prefix-threads/include --target=wasm32-wasip1-threads --sysroot=/home/nathan/secure-exec/registry/native/c/vendor/wasi-sdk/share/wasi-sysroot -I/home/nathan/secure-exec-wasmgui/experiments/wasm-gui/third_party/wasm-prefix-threads/include -I/home/nathan/secure-exec-wasmgui/experiments/wasm-gui/toolchain/compat-include -include /home/nathan/secure-exec-wasmgui/experiments/wasm-gui/toolchain/wasi-compat.h --target=wasm32-wasip1-threads --sysroot=/home/nathan/secure-exec/registry/native/c/vendor/wasi-sdk/share/wasi-sysroot -Wl,--shared-memory -Wl,--import-memory -Wl,--export-memory -Wl,--max-memory=536870912 -Wl,--export=wasi_thread_start -Wl,--no-check-features -lwasi-emulated-signal -L/home/nathan/secure-exec-wasmgui/experiments/wasm-gui/third_party/wasm-prefix-threads/lib -L/home/nathan/secure-exec/registry/native/c/vendor/wasi-sdk/share/wasi-sysroot/lib/wasm32-wasip1-threads -lwasi-emulated-mman -lwasi-emulated-process-clocks -L/home/nathan/secure-exec-wasmgui/experiments/wasm-gui/third_party/wasm-prefix-threads/lib -lhostcompat conftest.c  >&5
configure:4265: $? = 0
configure:4315: result: yes
configure:4318: checking for C compiler default output file name
configure:4320: result: a.out
configure:4326: checking for suffix of executables
configure:4333: /home/nathan/secure-exec-wasmgui/experiments/wasm-gui/toolchain/clang-wasi-wrap.sh -o conftest --target=wasm32-wasip1-threads --sysroot=/home/nathan/secure-exec/registry/native/c/vendor/wasi-sdk/share/wasi-sysroot -O2 -pthread -matomics -mbulk-memory -DSECURE_EXEC_WASM_THREADS -D_WASI_EMULATED_SIGNAL -D_WASI_EMULATED_MMAN -D_WASI_EMULATED_PROCESS_CLOCKS -D_GNU_SOURCE -mllvm -wasm-enable-sjlj -Wno-error=implicit-function-declaration -Wno-error=int-conversion -Wno-int-conversion -I/home/nathan/secure-exec-wasmgui/experiments/wasm-gui/toolchain/compat-include -include /home/nathan/secure-exec-wasmgui/experiments/wasm-gui/toolchain/wasi-compat.h -I/home/nathan/secure-exec-wasmgui/experiments/wasm-gui/third_party/wasm-prefix-threads/include --target=wasm32-wasip1-threads --sysroot=/home/nathan/secure-exec/registry/native/c/vendor/wasi-sdk/share/wasi-sysroot -I/home/nathan/secure-exec-wasmgui/experiments/wasm-gui/third_party/wasm-prefix-threads/include -I/home/nathan/secure-exec-wasmgui/experiments/wasm-gui/toolchain/compat-include -include /home/nathan/secure-exec-wasmgui/experiments/wasm-gui/toolchain/wasi-compat.h --target=wasm32-wasip1-threads --sysroot=/home/nathan/secure-exec/registry/native/c/vendor/wasi-sdk/share/wasi-sysroot -Wl,--shared-memory -Wl,--import-memory -Wl,--export-memory -Wl,--max-memory=536870912 -Wl,--export=wasi_thread_start -Wl,--no-check-features -lwasi-emulated-signal -L/home/nathan/secure-exec-wasmgui/experiments/wasm-gui/third_party/wasm-prefix-threads/lib -L/home/nathan/secure-exec/registry/native/c/vendor/wasi-sdk/share/wasi-sysroot/lib/wasm32-wasip1-threads -lwasi-emulated-mman -lwasi-emulated-process-clocks -L/home/nathan/secure-exec-wasmgui/experiments/wasm-gui/third_party/wasm-prefix-threads/lib -lhostcompat conftest.c  >&5
configure:4337: $? = 0
configure:4360: result: 
configure:4382: checking whether we are cross compiling
configure:4390: /home/nathan/secure-exec-wasmgui/experiments/wasm-gui/toolchain/clang-wasi-wrap.sh -o conftest --target=wasm32-wasip1-threads --sysroot=/home/nathan/secure-exec/registry/native/c/vendor/wasi-sdk/share/wasi-sysroot -O2 -pthread -matomics -mbulk-memory -DSECURE_EXEC_WASM_THREADS -D_WASI_EMULATED_SIGNAL -D_WASI_EMULATED_MMAN -D_WASI_EMULATED_PROCESS_CLOCKS -D_GNU_SOURCE -mllvm -wasm-enable-sjlj -Wno-error=implicit-function-declaration -Wno-error=int-conversion -Wno-int-conversion -I/home/nathan/secure-exec-wasmgui/experiments/wasm-gui/toolchain/compat-include -include /home/nathan/secure-exec-wasmgui/experiments/wasm-gui/toolchain/wasi-compat.h -I/home/nathan/secure-exec-wasmgui/experiments/wasm-gui/third_party/wasm-prefix-threads/include --target=wasm32-wasip1-threads --sysroot=/home/nathan/secure-exec/registry/native/c/vendor/wasi-sdk/share/wasi-sysroot -I/home/nathan/secure-exec-wasmgui/experiments/wasm-gui/third_party/wasm-prefix-threads/include -I/home/nathan/secure-exec-wasmgui/experiments/wasm-gui/toolchain/compat-include -include /home/nathan/secure-exec-wasmgui/experiments/wasm-gui/toolchain/wasi-compat.h --target=wasm32-wasip1-threads --sysroot=/home/nathan/secure-exec/registry/native/c/vendor/wasi-sdk/share/wasi-sysroot -Wl,--shared-memory -Wl,--import-memory -Wl,--export-memory -Wl,--max-memory=536870912 -Wl,--export=wasi_thread_start -Wl,--no-check-features -lwasi-emulated-signal -L/home/nathan/secure-exec-wasmgui/experiments/wasm-gui/third_party/wasm-prefix-threads/lib -L/home/nathan/secure-exec/registry/native/c/vendor/wasi-sdk/share/wasi-sysroot/lib/wasm32-wasip1-threads -lwasi-emulated-mman -lwasi-emulated-process-clocks -L/home/nathan/secure-exec-wasmgui/experiments/wasm-gui/third_party/wasm-prefix-threads/lib -lhostcompat conftest.c  >&5
configure:4394: $? = 0
configure:4401: ./conftest
./configure: line 4403: ./conftest: cannot execute binary file: Exec format error
configure:4405: $? = 126
configure:4420: result: yes
configure:4425: checking for suffix of object files
configure:4448: /home/nathan/secure-exec-wasmgui/experiments/wasm-gui/toolchain/clang-wasi-wrap.sh -c --target=wasm32-wasip1-threads --sysroot=/home/nathan/secure-exec/registry/native/c/vendor/wasi-sdk/share/wasi-sysroot -O2 -pthread -matomics -mbulk-memory -DSECURE_EXEC_WASM_THREADS -D_WASI_EMULATED_SIGNAL -D_WASI_EMULATED_MMAN -D_WASI_EMULATED_PROCESS_CLOCKS -D_GNU_SOURCE -mllvm -wasm-enable-sjlj -Wno-error=implicit-function-declaration -Wno-error=int-conversion -Wno-int-conversion -I/home/nathan/secure-exec-wasmgui/experiments/wasm-gui/toolchain/compat-include -include /home/nathan/secure-exec-wasmgui/experiments/wasm-gui/toolchain/wasi-compat.h -I/home/nathan/secure-exec-wasmgui/experiments/wasm-gui/third_party/wasm-prefix-threads/include --target=wasm32-wasip1-threads --sysroot=/home/nathan/secure-exec/registry/native/c/vendor/wasi-sdk/share/wasi-sysroot -I/home/nathan/secure-exec-wasmgui/experiments/wasm-gui/third_party/wasm-prefix-threads/include -I/home/nathan/secure-exec-wasmgui/experiments/wasm-gui/toolchain/compat-include -include /home/nathan/secure-exec-wasmgui/experiments/wasm-gui/toolchain/wasi-compat.h conftest.c >&5
configure:4452: $? = 0
configure:4474: result: o
configure:4478: checking whether the compiler supports GNU C
configure:4498: /home/nathan/secure-exec-wasmgui/experiments/wasm-gui/toolchain/clang-wasi-wrap.sh -c --target=wasm32-wasip1-threads --sysroot=/home/nathan/secure-exec/registry/native/c/vendor/wasi-sdk/share/wasi-sysroot -O2 -pthread -matomics -mbulk-memory -DSECURE_EXEC_WASM_THREADS -D_WASI_EMULATED_SIGNAL -D_WASI_EMULATED_MMAN -D_WASI_EMULATED_PROCESS_CLOCKS -D_GNU_SOURCE -mllvm -wasm-enable-sjlj -Wno-error=implicit-function-declaration -Wno-error=int-conversion -Wno-int-conversion -I/home/nathan/secure-exec-wasmgui/experiments/wasm-gui/toolchain/compat-include -include /home/nathan/secure-exec-wasmgui/experiments/wasm-gui/toolchain/wasi-compat.h -I/home/nathan/secure-exec-wasmgui/experiments/wasm-gui/third_party/wasm-prefix-threads/include --target=wasm32-wasip1-threads --sysroot=/home/nathan/secure-exec/registry/native/c/vendor/wasi-sdk/share/wasi-sysroot -I/home/nathan/secure-exec-wasmgui/experiments/wasm-gui/third_party/wasm-prefix-threads/include -I/home/nathan/secure-exec-wasmgui/experiments/wasm-gui/toolchain/compat-include -include /home/nathan/secure-exec-wasmgui/experiments/wasm-gui/toolchain/wasi-compat.h conftest.c >&5
configure:4498: $? = 0
configure:4508: result: yes
configure:4519: checking whether /home/nathan/secure-exec-wasmgui/experiments/wasm-gui/toolchain/clang-wasi-wrap.sh accepts -g
configure:4540: /home/nathan/secure-exec-wasmgui/experiments/wasm-gui/toolchain/clang-wasi-wrap.sh -c -g --target=wasm32-wasip1-threads --sysroot=/home/nathan/secure-exec/registry/native/c/vendor/wasi-sdk/share/wasi-sysroot -I/home/nathan/secure-exec-wasmgui/experiments/wasm-gui/third_party/wasm-prefix-threads/include -I/home/nathan/secure-exec-wasmgui/experiments/wasm-gui/toolchain/compat-include -include /home/nathan/secure-exec-wasmgui/experiments/wasm-gui/toolchain/wasi-compat.h conftest.c >&5
configure:4540: $? = 0
configure:4584: result: yes
configure:4604: checking for /home/nathan/secure-exec-wasmgui/experiments/wasm-gui/toolchain/clang-wasi-wrap.sh option to enable C11 features
configure:4619: /home/nathan/secure-exec-wasmgui/experiments/wasm-gui/toolchain/clang-wasi-wrap.sh  -c --target=wasm32-wasip1-threads --sysroot=/home/nathan/secure-exec/registry/native/c/vendor/wasi-sdk/share/wasi-sysroot -O2 -pthread -matomics -mbulk-memory -DSECURE_EXEC_WASM_THREADS -D_WASI_EMULATED_SIGNAL -D_WASI_EMULATED_MMAN -D_WASI_EMULATED_PROCESS_CLOCKS -D_GNU_SOURCE -mllvm -wasm-enable-sjlj -Wno-error=implicit-function-declaration -Wno-error=int-conversion -Wno-int-conversion -I/home/nathan/secure-exec-wasmgui/experiments/wasm-gui/toolchain/compat-include -include /home/nathan/secure-exec-wasmgui/experiments/wasm-gui/toolchain/wasi-compat.h -I/home/nathan/secure-exec-wasmgui/experiments/wasm-gui/third_party/wasm-prefix-threads/include --target=wasm32-wasip1-threads --sysroot=/home/nathan/secure-exec/registry/native/c/vendor/wasi-sdk/share/wasi-sysroot -I/home/nathan/secure-exec-wasmgui/experiments/wasm-gui/third_party/wasm-prefix-threads/include -I/home/nathan/secure-exec-wasmgui/experiments/wasm-gui/toolchain/compat-include -include /home/nathan/secure-exec-wasmgui/experiments/wasm-gui/toolchain/wasi-compat.h conftest.c >&5
conftest.c:25:14: warning: a function definition without a prototype is deprecated in all versions of C and is not supported in C23 [-Wdeprecated-non-prototype]
   25 | static char *e (p, i)
      |              ^
1 warning generated.
configure:4619: $? = 0
configure:4637: result: none needed
configure:4753: checking whether /home/nathan/secure-exec-wasmgui/experiments/wasm-gui/toolchain/clang-wasi-wrap.sh understands -c and -o together
configure:4776: /home/nathan/secure-exec-wasmgui/experiments/wasm-gui/toolchain/clang-wasi-wrap.sh -c conftest.c -o conftest2.o
configure:4779: $? = 0
configure:4776: /home/nathan/secure-exec-wasmgui/experiments/wasm-gui/toolchain/clang-wasi-wrap.sh -c conftest.c -o conftest2.o
configure:4779: $? = 0
configure:4791: result: yes
configure:4811: checking whether make supports the include directive
configure:4826: make -f confmf.GNU && cat confinc.out
this is the am__doit target
configure:4829: $? = 0
configure:4848: result: yes (GNU style)
configure:4874: checking dependency style of /home/nathan/secure-exec-wasmgui/experiments/wasm-gui/toolchain/clang-wasi-wrap.sh
configure:4986: result: gcc3
configure:5003: checking whether make sets $(MAKE)
configure:5026: result: yes
configure:5035: checking whether ln -s works
configure:5039: result: yes
configure:5046: checking for a sed that does not truncate output
configure:5116: result: /usr/bin/sed
configure:5123: checking whether NLS is requested
configure:5133: result: no
configure:5151: checking for intltool >= 0.35.0
configure:5153: result: 0.51.0 found
configure:5161: checking for intltool-update
configure:5184: found /home/nathan/secure-exec-wasmgui/experiments/wasm-gui/toolchain/host-bin/intltool-update
configure:5196: result: /home/nathan/secure-exec-wasmgui/experiments/wasm-gui/toolchain/host-bin/intltool-update
configure:5206: checking for intltool-merge
configure:5229: found /home/nathan/secure-exec-wasmgui/experiments/wasm-gui/toolchain/host-bin/intltool-merge
configure:5241: result: /home/nathan/secure-exec-wasmgui/experiments/wasm-gui/toolchain/host-bin/intltool-merge
configure:5251: checking for intltool-extract
configure:5274: found /home/nathan/secure-exec-wasmgui/experiments/wasm-gui/toolchain/host-bin/intltool-extract
configure:5286: result: /home/nathan/secure-exec-wasmgui/experiments/wasm-gui/toolchain/host-bin/intltool-extract
configure:5440: checking for xgettext
configure:5463: found /home/nathan/secure-exec-wasmgui/experiments/wasm-gui/toolchain/host-bin/xgettext
configure:5475: result: /home/nathan/secure-exec-wasmgui/experiments/wasm-gui/toolchain/host-bin/xgettext
configure:5485: checking for msgmerge
configure:5508: found /home/nathan/secure-exec-wasmgui/experiments/wasm-gui/toolchain/host-bin/msgmerge
configure:5520: result: /home/nathan/secure-exec-wasmgui/experiments/wasm-gui/toolchain/host-bin/msgmerge
configure:5530: checking for msgfmt
configure:5553: found /home/nathan/secure-exec-wasmgui/experiments/wasm-gui/toolchain/host-bin/msgfmt
configure:5565: result: /home/nathan/secure-exec-wasmgui/experiments/wasm-gui/toolchain/host-bin/msgfmt
configure:5575: checking for gmsgfmt
configure:5611: result: /home/nathan/secure-exec-wasmgui/experiments/wasm-gui/toolchain/host-bin/msgfmt
configure:5631: checking for perl
configure:5654: found /home/linuxbrew/.linuxbrew/bin/perl
configure:5666: result: /home/linuxbrew/.linuxbrew/bin/perl
configure:5677: checking for perl >= 5.8.1
configure:5684: result: 5.42.2
configure:5688: checking for XML::Parser
configure:5691: result: ok
configure:5738: checking build system type
configure:5753: result: x86_64-pc-linux-gnux32
configure:5773: checking host system type
configure:5787: result: wasm32-unknown-wasi
configure:5828: checking how to print strings
configure:5855: result: printf
configure:5876: checking for a sed that does not truncate output
configure:5946: result: /usr/bin/sed
configure:5964: checking for grep that handles long lines and -e
configure:6028: result: /usr/bin/grep
configure:6033: checking for egrep
configure:6101: result: /usr/bin/grep -E
configure:6106: checking for fgrep
configure:6174: result: /usr/bin/grep -F
configure:6210: checking for ld used by /home/nathan/secure-exec-wasmgui/experiments/wasm-gui/toolchain/clang-wasi-wrap.sh
configure:6278: result: /home/linuxbrew/.linuxbrew/bin/ld
configure:6285: checking if the linker (/home/linuxbrew/.linuxbrew/bin/ld) is GNU ld
configure:6301: result: yes
configure:6313: checking for BSD- or MS-compatible name lister (nm)
configure:6368: result: no
configure:6382: checking for wasm32-wasi-dumpbin
configure:6417: result: no
configure:6382: checking for wasm32-wasi-link
configure:6417: result: no
configure:6431: checking for dumpbin
configure:6466: result: no
configure:6431: checking for link
configure:6452: found /usr/bin/link
configure:6463: result: link -dump
configure:6479: WARNING: using cross tools not prefixed with host triplet
configure:6508: checking the name lister (nm) interface
configure:6516: /home/nathan/secure-exec-wasmgui/experiments/wasm-gui/toolchain/clang-wasi-wrap.sh -c --target=wasm32-wasip1-threads --sysroot=/home/nathan/secure-exec/registry/native/c/vendor/wasi-sdk/share/wasi-sysroot -O2 -pthread -matomics -mbulk-memory -DSECURE_EXEC_WASM_THREADS -D_WASI_EMULATED_SIGNAL -D_WASI_EMULATED_MMAN -D_WASI_EMULATED_PROCESS_CLOCKS -D_GNU_SOURCE -mllvm -wasm-enable-sjlj -Wno-error=implicit-function-declaration -Wno-error=int-conversion -Wno-int-conversion -I/home/nathan/secure-exec-wasmgui/experiments/wasm-gui/toolchain/compat-include -include /home/nathan/secure-exec-wasmgui/experiments/wasm-gui/toolchain/wasi-compat.h -I/home/nathan/secure-exec-wasmgui/experiments/wasm-gui/third_party/wasm-prefix-threads/include --target=wasm32-wasip1-threads --sysroot=/home/nathan/secure-exec/registry/native/c/vendor/wasi-sdk/share/wasi-sysroot -I/home/nathan/secure-exec-wasmgui/experiments/wasm-gui/third_party/wasm-prefix-threads/include -I/home/nathan/secure-exec-wasmgui/experiments/wasm-gui/toolchain/compat-include -include /home/nathan/secure-exec-wasmgui/experiments/wasm-gui/toolchain/wasi-compat.h conftest.c >&5
configure:6519: nm "conftest.o"
nm: conftest.o: file format not recognized
configure:6522: output
configure:6529: result: BSD nm
configure:6533: checking the maximum length of command line arguments
configure:6665: result: 1572864
configure:6713: checking how to convert x86_64-pc-linux-gnux32 file names to wasm32-unknown-wasi format
configure:6754: result: func_convert_file_noop
configure:6761: checking how to convert x86_64-pc-linux-gnux32 file names to toolchain format
configure:6782: result: func_convert_file_noop
configure:6789: checking for /home/linuxbrew/.linuxbrew/bin/ld option to reload object files
configure:6797: result: -r
configure:6831: checking for wasm32-wasi-file
configure:6866: result: no
configure:6876: checking for file
configure:6897: found /usr/bin/file
configure:6908: result: file
configure:6939: checking for wasm32-wasi-objdump
configure:6974: result: no
configure:6984: checking for objdump
configure:7005: found /home/linuxbrew/.linuxbrew/bin/objdump
configure:7016: result: objdump
configure:7048: checking how to recognize dependent libraries
configure:7249: result: unknown
configure:7294: checking for wasm32-wasi-dlltool
configure:7329: result: no
configure:7339: checking for dlltool
configure:7360: found /home/linuxbrew/.linuxbrew/bin/dlltool
configure:7371: result: dlltool
configure:7404: checking how to associate runtime and link libraries
configure:7432: result: printf %s\n
configure:7449: checking for wasm32-wasi-ar
configure:7481: result: /home/nathan/secure-exec/registry/native/c/vendor/wasi-sdk/bin/llvm-ar
configure:7583: checking for archiver @FILE support
configure:7601: /home/nathan/secure-exec-wasmgui/experiments/wasm-gui/toolchain/clang-wasi-wrap.sh -c --target=wasm32-wasip1-threads --sysroot=/home/nathan/secure-exec/registry/native/c/vendor/wasi-sdk/share/wasi-sysroot -O2 -pthread -matomics -mbulk-memory -DSECURE_EXEC_WASM_THREADS -D_WASI_EMULATED_SIGNAL -D_WASI_EMULATED_MMAN -D_WASI_EMULATED_PROCESS_CLOCKS -D_GNU_SOURCE -mllvm -wasm-enable-sjlj -Wno-error=implicit-function-declaration -Wno-error=int-conversion -Wno-int-conversion -I/home/nathan/secure-exec-wasmgui/experiments/wasm-gui/toolchain/compat-include -include /home/nathan/secure-exec-wasmgui/experiments/wasm-gui/toolchain/wasi-compat.h -I/home/nathan/secure-exec-wasmgui/experiments/wasm-gui/third_party/wasm-prefix-threads/include --target=wasm32-wasip1-threads --sysroot=/home/nathan/secure-exec/registry/native/c/vendor/wasi-sdk/share/wasi-sysroot -I/home/nathan/secure-exec-wasmgui/experiments/wasm-gui/third_party/wasm-prefix-threads/include -I/home/nathan/secure-exec-wasmgui/experiments/wasm-gui/toolchain/compat-include -include /home/nathan/secure-exec-wasmgui/experiments/wasm-gui/toolchain/wasi-compat.h conftest.c >&5
configure:7601: $? = 0
configure:7605: /home/nathan/secure-exec/registry/native/c/vendor/wasi-sdk/bin/llvm-ar cr libconftest.a @conftest.lst >&5
configure:7608: $? = 0
configure:7613: /home/nathan/secure-exec/registry/native/c/vendor/wasi-sdk/bin/llvm-ar cr libconftest.a @conftest.lst >&5
/home/nathan/secure-exec/registry/native/c/vendor/wasi-sdk/bin/llvm-ar: error: conftest.o: No such file or directory
configure:7616: $? = 1
configure:7628: result: @
configure:7646: checking for wasm32-wasi-strip
configure:7678: result: strip
configure:7755: checking for wasm32-wasi-ranlib
configure:7787: result: /home/nathan/secure-exec/registry/native/c/vendor/wasi-sdk/bin/llvm-ranlib
configure:7934: checking command to parse nm output from /home/nathan/secure-exec-wasmgui/experiments/wasm-gui/toolchain/clang-wasi-wrap.sh object
configure:8088: /home/nathan/secure-exec-wasmgui/experiments/wasm-gui/toolchain/clang-wasi-wrap.sh -c --target=wasm32-wasip1-threads --sysroot=/home/nathan/secure-exec/registry/native/c/vendor/wasi-sdk/share/wasi-sysroot -O2 -pthread -matomics -mbulk-memory -DSECURE_EXEC_WASM_THREADS -D_WASI_EMULATED_SIGNAL -D_WASI_EMULATED_MMAN -D_WASI_EMULATED_PROCESS_CLOCKS -D_GNU_SOURCE -mllvm -wasm-enable-sjlj -Wno-error=implicit-function-declaration -Wno-error=int-conversion -Wno-int-conversion -I/home/nathan/secure-exec-wasmgui/experiments/wasm-gui/toolchain/compat-include -include /home/nathan/secure-exec-wasmgui/experiments/wasm-gui/toolchain/wasi-compat.h -I/home/nathan/secure-exec-wasmgui/experiments/wasm-gui/third_party/wasm-prefix-threads/include --target=wasm32-wasip1-threads --sysroot=/home/nathan/secure-exec/registry/native/c/vendor/wasi-sdk/share/wasi-sysroot -I/home/nathan/secure-exec-wasmgui/experiments/wasm-gui/third_party/wasm-prefix-threads/include -I/home/nathan/secure-exec-wasmgui/experiments/wasm-gui/toolchain/compat-include -include /home/nathan/secure-exec-wasmgui/experiments/wasm-gui/toolchain/wasi-compat.h conftest.c >&5
configure:8091: $? = 0
configure:8095: nm conftest.o \| /usr/bin/sed -n -e 's/^.*[ ]\([ABCDGIRSTW][ABCDGIRSTW]*\)[ ][ ]*\([_A-Za-z][_A-Za-z0-9]*\)$/\1 \2 \2/p' | /usr/bin/sed '/ __gnu_lto/d' \> conftest.nm
nm: conftest.o: file format not recognized
configure:8098: $? = 0
cannot run /usr/bin/sed -n -e 's/^.*[	 ]\([ABCDGIRSTW][ABCDGIRSTW]*\)[	 ][	 ]*\([_A-Za-z][_A-Za-z0-9]*\)$/\1 \2 \2/p' | /usr/bin/sed '/ __gnu_lto/d'
configure:8088: /home/nathan/secure-exec-wasmgui/experiments/wasm-gui/toolchain/clang-wasi-wrap.sh -c --target=wasm32-wasip1-threads --sysroot=/home/nathan/secure-exec/registry/native/c/vendor/wasi-sdk/share/wasi-sysroot -O2 -pthread -matomics -mbulk-memory -DSECURE_EXEC_WASM_THREADS -D_WASI_EMULATED_SIGNAL -D_WASI_EMULATED_MMAN -D_WASI_EMULATED_PROCESS_CLOCKS -D_GNU_SOURCE -mllvm -wasm-enable-sjlj -Wno-error=implicit-function-declaration -Wno-error=int-conversion -Wno-int-conversion -I/home/nathan/secure-exec-wasmgui/experiments/wasm-gui/toolchain/compat-include -include /home/nathan/secure-exec-wasmgui/experiments/wasm-gui/toolchain/wasi-compat.h -I/home/nathan/secure-exec-wasmgui/experiments/wasm-gui/third_party/wasm-prefix-threads/include --target=wasm32-wasip1-threads --sysroot=/home/nathan/secure-exec/registry/native/c/vendor/wasi-sdk/share/wasi-sysroot -I/home/nathan/secure-exec-wasmgui/experiments/wasm-gui/third_party/wasm-prefix-threads/include -I/home/nathan/secure-exec-wasmgui/experiments/wasm-gui/toolchain/compat-include -include /home/nathan/secure-exec-wasmgui/experiments/wasm-gui/toolchain/wasi-compat.h conftest.c >&5
configure:8091: $? = 0
configure:8095: nm conftest.o \| /usr/bin/sed -n -e 's/^.*[ ]\([ABCDGIRSTW][ABCDGIRSTW]*\)[ ][ ]*_\([_A-Za-z][_A-Za-z0-9]*\)$/\1 _\2 \2/p' | /usr/bin/sed '/ __gnu_lto/d' \> conftest.nm
nm: conftest.o: file format not recognized
configure:8098: $? = 0
cannot run /usr/bin/sed -n -e 's/^.*[	 ]\([ABCDGIRSTW][ABCDGIRSTW]*\)[	 ][	 ]*_\([_A-Za-z][_A-Za-z0-9]*\)$/\1 _\2 \2/p' | /usr/bin/sed '/ __gnu_lto/d'
configure:8202: result: failed
configure:8252: checking for sysroot
configure:8283: result: no
configure:8290: checking for a working dd
configure:8334: result: /usr/bin/dd
configure:8338: checking how to truncate binary pipes
configure:8354: result: /usr/bin/dd bs=4096 count=1
configure:8646: checking for wasm32-wasi-mt
configure:8681: result: no
configure:8691: checking for mt
configure:8712: found /usr/bin/mt
configure:8723: result: mt
configure:8746: checking if mt is a manifest tool
configure:8753: mt '-?'
configure:8761: result: no
configure:9486: checking for stdio.h
configure:9486: /home/nathan/secure-exec-wasmgui/experiments/wasm-gui/toolchain/clang-wasi-wrap.sh -c --target=wasm32-wasip1-threads --sysroot=/home/nathan/secure-exec/registry/native/c/vendor/wasi-sdk/share/wasi-sysroot -O2 -pthread -matomics -mbulk-memory -DSECURE_EXEC_WASM_THREADS -D_WASI_EMULATED_SIGNAL -D_WASI_EMULATED_MMAN -D_WASI_EMULATED_PROCESS_CLOCKS -D_GNU_SOURCE -mllvm -wasm-enable-sjlj -Wno-error=implicit-function-declaration -Wno-error=int-conversion -Wno-int-conversion -I/home/nathan/secure-exec-wasmgui/experiments/wasm-gui/toolchain/compat-include -include /home/nathan/secure-exec-wasmgui/experiments/wasm-gui/toolchain/wasi-compat.h -I/home/nathan/secure-exec-wasmgui/experiments/wasm-gui/third_party/wasm-prefix-threads/include --target=wasm32-wasip1-threads --sysroot=/home/nathan/secure-exec/registry/native/c/vendor/wasi-sdk/share/wasi-sysroot -I/home/nathan/secure-exec-wasmgui/experiments/wasm-gui/third_party/wasm-prefix-threads/include -I/home/nathan/secure-exec-wasmgui/experiments/wasm-gui/toolchain/compat-include -include /home/nathan/secure-exec-wasmgui/experiments/wasm-gui/toolchain/wasi-compat.h conftest.c >&5
configure:9486: $? = 0
configure:9486: result: yes
configure:9486: checking for stdlib.h
configure:9486: /home/nathan/secure-exec-wasmgui/experiments/wasm-gui/toolchain/clang-wasi-wrap.sh -c --target=wasm32-wasip1-threads --sysroot=/home/nathan/secure-exec/registry/native/c/vendor/wasi-sdk/share/wasi-sysroot -O2 -pthread -matomics -mbulk-memory -DSECURE_EXEC_WASM_THREADS -D_WASI_EMULATED_SIGNAL -D_WASI_EMULATED_MMAN -D_WASI_EMULATED_PROCESS_CLOCKS -D_GNU_SOURCE -mllvm -wasm-enable-sjlj -Wno-error=implicit-function-declaration -Wno-error=int-conversion -Wno-int-conversion -I/home/nathan/secure-exec-wasmgui/experiments/wasm-gui/toolchain/compat-include -include /home/nathan/secure-exec-wasmgui/experiments/wasm-gui/toolchain/wasi-compat.h -I/home/nathan/secure-exec-wasmgui/experiments/wasm-gui/third_party/wasm-prefix-threads/include --target=wasm32-wasip1-threads --sysroot=/home/nathan/secure-exec/registry/native/c/vendor/wasi-sdk/share/wasi-sysroot -I/home/nathan/secure-exec-wasmgui/experiments/wasm-gui/third_party/wasm-prefix-threads/include -I/home/nathan/secure-exec-wasmgui/experiments/wasm-gui/toolchain/compat-include -include /home/nathan/secure-exec-wasmgui/experiments/wasm-gui/toolchain/wasi-compat.h conftest.c >&5
configure:9486: $? = 0
configure:9486: result: yes
configure:9486: checking for string.h
configure:9486: /home/nathan/secure-exec-wasmgui/experiments/wasm-gui/toolchain/clang-wasi-wrap.sh -c --target=wasm32-wasip1-threads --sysroot=/home/nathan/secure-exec/registry/native/c/vendor/wasi-sdk/share/wasi-sysroot -O2 -pthread -matomics -mbulk-memory -DSECURE_EXEC_WASM_THREADS -D_WASI_EMULATED_SIGNAL -D_WASI_EMULATED_MMAN -D_WASI_EMULATED_PROCESS_CLOCKS -D_GNU_SOURCE -mllvm -wasm-enable-sjlj -Wno-error=implicit-function-declaration -Wno-error=int-conversion -Wno-int-conversion -I/home/nathan/secure-exec-wasmgui/experiments/wasm-gui/toolchain/compat-include -include /home/nathan/secure-exec-wasmgui/experiments/wasm-gui/toolchain/wasi-compat.h -I/home/nathan/secure-exec-wasmgui/experiments/wasm-gui/third_party/wasm-prefix-threads/include --target=wasm32-wasip1-threads --sysroot=/home/nathan/secure-exec/registry/native/c/vendor/wasi-sdk/share/wasi-sysroot -I/home/nathan/secure-exec-wasmgui/experiments/wasm-gui/third_party/wasm-prefix-threads/include -I/home/nathan/secure-exec-wasmgui/experiments/wasm-gui/toolchain/compat-include -include /home/nathan/secure-exec-wasmgui/experiments/wasm-gui/toolchain/wasi-compat.h conftest.c >&5
configure:9486: $? = 0
configure:9486: result: yes
configure:9486: checking for inttypes.h
configure:9486: /home/nathan/secure-exec-wasmgui/experiments/wasm-gui/toolchain/clang-wasi-wrap.sh -c --target=wasm32-wasip1-threads --sysroot=/home/nathan/secure-exec/registry/native/c/vendor/wasi-sdk/share/wasi-sysroot -O2 -pthread -matomics -mbulk-memory -DSECURE_EXEC_WASM_THREADS -D_WASI_EMULATED_SIGNAL -D_WASI_EMULATED_MMAN -D_WASI_EMULATED_PROCESS_CLOCKS -D_GNU_SOURCE -mllvm -wasm-enable-sjlj -Wno-error=implicit-function-declaration -Wno-error=int-conversion -Wno-int-conversion -I/home/nathan/secure-exec-wasmgui/experiments/wasm-gui/toolchain/compat-include -include /home/nathan/secure-exec-wasmgui/experiments/wasm-gui/toolchain/wasi-compat.h -I/home/nathan/secure-exec-wasmgui/experiments/wasm-gui/third_party/wasm-prefix-threads/include --target=wasm32-wasip1-threads --sysroot=/home/nathan/secure-exec/registry/native/c/vendor/wasi-sdk/share/wasi-sysroot -I/home/nathan/secure-exec-wasmgui/experiments/wasm-gui/third_party/wasm-prefix-threads/include -I/home/nathan/secure-exec-wasmgui/experiments/wasm-gui/toolchain/compat-include -include /home/nathan/secure-exec-wasmgui/experiments/wasm-gui/toolchain/wasi-compat.h conftest.c >&5
configure:9486: $? = 0
configure:9486: result: yes
configure:9486: checking for stdint.h
configure:9486: /home/nathan/secure-exec-wasmgui/experiments/wasm-gui/toolchain/clang-wasi-wrap.sh -c --target=wasm32-wasip1-threads --sysroot=/home/nathan/secure-exec/registry/native/c/vendor/wasi-sdk/share/wasi-sysroot -O2 -pthread -matomics -mbulk-memory -DSECURE_EXEC_WASM_THREADS -D_WASI_EMULATED_SIGNAL -D_WASI_EMULATED_MMAN -D_WASI_EMULATED_PROCESS_CLOCKS -D_GNU_SOURCE -mllvm -wasm-enable-sjlj -Wno-error=implicit-function-declaration -Wno-error=int-conversion -Wno-int-conversion -I/home/nathan/secure-exec-wasmgui/experiments/wasm-gui/toolchain/compat-include -include /home/nathan/secure-exec-wasmgui/experiments/wasm-gui/toolchain/wasi-compat.h -I/home/nathan/secure-exec-wasmgui/experiments/wasm-gui/third_party/wasm-prefix-threads/include --target=wasm32-wasip1-threads --sysroot=/home/nathan/secure-exec/registry/native/c/vendor/wasi-sdk/share/wasi-sysroot -I/home/nathan/secure-exec-wasmgui/experiments/wasm-gui/third_party/wasm-prefix-threads/include -I/home/nathan/secure-exec-wasmgui/experiments/wasm-gui/toolchain/compat-include -include /home/nathan/secure-exec-wasmgui/experiments/wasm-gui/toolchain/wasi-compat.h conftest.c >&5
configure:9486: $? = 0
configure:9486: result: yes
configure:9486: checking for strings.h
configure:9486: /home/nathan/secure-exec-wasmgui/experiments/wasm-gui/toolchain/clang-wasi-wrap.sh -c --target=wasm32-wasip1-threads --sysroot=/home/nathan/secure-exec/registry/native/c/vendor/wasi-sdk/share/wasi-sysroot -O2 -pthread -matomics -mbulk-memory -DSECURE_EXEC_WASM_THREADS -D_WASI_EMULATED_SIGNAL -D_WASI_EMULATED_MMAN -D_WASI_EMULATED_PROCESS_CLOCKS -D_GNU_SOURCE -mllvm -wasm-enable-sjlj -Wno-error=implicit-function-declaration -Wno-error=int-conversion -Wno-int-conversion -I/home/nathan/secure-exec-wasmgui/experiments/wasm-gui/toolchain/compat-include -include /home/nathan/secure-exec-wasmgui/experiments/wasm-gui/toolchain/wasi-compat.h -I/home/nathan/secure-exec-wasmgui/experiments/wasm-gui/third_party/wasm-prefix-threads/include --target=wasm32-wasip1-threads --sysroot=/home/nathan/secure-exec/registry/native/c/vendor/wasi-sdk/share/wasi-sysroot -I/home/nathan/secure-exec-wasmgui/experiments/wasm-gui/third_party/wasm-prefix-threads/include -I/home/nathan/secure-exec-wasmgui/experiments/wasm-gui/toolchain/compat-include -include /home/nathan/secure-exec-wasmgui/experiments/wasm-gui/toolchain/wasi-compat.h conftest.c >&5
configure:9486: $? = 0
configure:9486: result: yes
configure:9486: checking for sys/stat.h
configure:9486: /home/nathan/secure-exec-wasmgui/experiments/wasm-gui/toolchain/clang-wasi-wrap.sh -c --target=wasm32-wasip1-threads --sysroot=/home/nathan/secure-exec/registry/native/c/vendor/wasi-sdk/share/wasi-sysroot -O2 -pthread -matomics -mbulk-memory -DSECURE_EXEC_WASM_THREADS -D_WASI_EMULATED_SIGNAL -D_WASI_EMULATED_MMAN -D_WASI_EMULATED_PROCESS_CLOCKS -D_GNU_SOURCE -mllvm -wasm-enable-sjlj -Wno-error=implicit-function-declaration -Wno-error=int-conversion -Wno-int-conversion -I/home/nathan/secure-exec-wasmgui/experiments/wasm-gui/toolchain/compat-include -include /home/nathan/secure-exec-wasmgui/experiments/wasm-gui/toolchain/wasi-compat.h -I/home/nathan/secure-exec-wasmgui/experiments/wasm-gui/third_party/wasm-prefix-threads/include --target=wasm32-wasip1-threads --sysroot=/home/nathan/secure-exec/registry/native/c/vendor/wasi-sdk/share/wasi-sysroot -I/home/nathan/secure-exec-wasmgui/experiments/wasm-gui/third_party/wasm-prefix-threads/include -I/home/nathan/secure-exec-wasmgui/experiments/wasm-gui/toolchain/compat-include -include /home/nathan/secure-exec-wasmgui/experiments/wasm-gui/toolchain/wasi-compat.h conftest.c >&5
configure:9486: $? = 0
configure:9486: result: yes
configure:9486: checking for sys/types.h
configure:9486: /home/nathan/secure-exec-wasmgui/experiments/wasm-gui/toolchain/clang-wasi-wrap.sh -c --target=wasm32-wasip1-threads --sysroot=/home/nathan/secure-exec/registry/native/c/vendor/wasi-sdk/share/wasi-sysroot -O2 -pthread -matomics -mbulk-memory -DSECURE_EXEC_WASM_THREADS -D_WASI_EMULATED_SIGNAL -D_WASI_EMULATED_MMAN -D_WASI_EMULATED_PROCESS_CLOCKS -D_GNU_SOURCE -mllvm -wasm-enable-sjlj -Wno-error=implicit-function-declaration -Wno-error=int-conversion -Wno-int-conversion -I/home/nathan/secure-exec-wasmgui/experiments/wasm-gui/toolchain/compat-include -include /home/nathan/secure-exec-wasmgui/experiments/wasm-gui/toolchain/wasi-compat.h -I/home/nathan/secure-exec-wasmgui/experiments/wasm-gui/third_party/wasm-prefix-threads/include --target=wasm32-wasip1-threads --sysroot=/home/nathan/secure-exec/registry/native/c/vendor/wasi-sdk/share/wasi-sysroot -I/home/nathan/secure-exec-wasmgui/experiments/wasm-gui/third_party/wasm-prefix-threads/include -I/home/nathan/secure-exec-wasmgui/experiments/wasm-gui/toolchain/compat-include -include /home/nathan/secure-exec-wasmgui/experiments/wasm-gui/toolchain/wasi-compat.h conftest.c >&5
configure:9486: $? = 0
configure:9486: result: yes
configure:9486: checking for unistd.h
configure:9486: /home/nathan/secure-exec-wasmgui/experiments/wasm-gui/toolchain/clang-wasi-wrap.sh -c --target=wasm32-wasip1-threads --sysroot=/home/nathan/secure-exec/registry/native/c/vendor/wasi-sdk/share/wasi-sysroot -O2 -pthread -matomics -mbulk-memory -DSECURE_EXEC_WASM_THREADS -D_WASI_EMULATED_SIGNAL -D_WASI_EMULATED_MMAN -D_WASI_EMULATED_PROCESS_CLOCKS -D_GNU_SOURCE -mllvm -wasm-enable-sjlj -Wno-error=implicit-function-declaration -Wno-error=int-conversion -Wno-int-conversion -I/home/nathan/secure-exec-wasmgui/experiments/wasm-gui/toolchain/compat-include -include /home/nathan/secure-exec-wasmgui/experiments/wasm-gui/toolchain/wasi-compat.h -I/home/nathan/secure-exec-wasmgui/experiments/wasm-gui/third_party/wasm-prefix-threads/include --target=wasm32-wasip1-threads --sysroot=/home/nathan/secure-exec/registry/native/c/vendor/wasi-sdk/share/wasi-sysroot -I/home/nathan/secure-exec-wasmgui/experiments/wasm-gui/third_party/wasm-prefix-threads/include -I/home/nathan/secure-exec-wasmgui/experiments/wasm-gui/toolchain/compat-include -include /home/nathan/secure-exec-wasmgui/experiments/wasm-gui/toolchain/wasi-compat.h conftest.c >&5
configure:9486: $? = 0
configure:9486: result: yes
configure:9511: checking for dlfcn.h
configure:9511: /home/nathan/secure-exec-wasmgui/experiments/wasm-gui/toolchain/clang-wasi-wrap.sh -c --target=wasm32-wasip1-threads --sysroot=/home/nathan/secure-exec/registry/native/c/vendor/wasi-sdk/share/wasi-sysroot -O2 -pthread -matomics -mbulk-memory -DSECURE_EXEC_WASM_THREADS -D_WASI_EMULATED_SIGNAL -D_WASI_EMULATED_MMAN -D_WASI_EMULATED_PROCESS_CLOCKS -D_GNU_SOURCE -mllvm -wasm-enable-sjlj -Wno-error=implicit-function-declaration -Wno-error=int-conversion -Wno-int-conversion -I/home/nathan/secure-exec-wasmgui/experiments/wasm-gui/toolchain/compat-include -include /home/nathan/secure-exec-wasmgui/experiments/wasm-gui/toolchain/wasi-compat.h -I/home/nathan/secure-exec-wasmgui/experiments/wasm-gui/third_party/wasm-prefix-threads/include --target=wasm32-wasip1-threads --sysroot=/home/nathan/secure-exec/registry/native/c/vendor/wasi-sdk/share/wasi-sysroot -I/home/nathan/secure-exec-wasmgui/experiments/wasm-gui/third_party/wasm-prefix-threads/include -I/home/nathan/secure-exec-wasmgui/experiments/wasm-gui/toolchain/compat-include -include /home/nathan/secure-exec-wasmgui/experiments/wasm-gui/toolchain/wasi-compat.h conftest.c >&5
configure:9511: $? = 0
configure:9511: result: yes
configure:9769: checking for objdir
configure:9785: result: .libs
configure:10049: checking if /home/nathan/secure-exec-wasmgui/experiments/wasm-gui/toolchain/clang-wasi-wrap.sh supports -fno-rtti -fno-exceptions
configure:10068: /home/nathan/secure-exec-wasmgui/experiments/wasm-gui/toolchain/clang-wasi-wrap.sh -c --target=wasm32-wasip1-threads --sysroot=/home/nathan/secure-exec/registry/native/c/vendor/wasi-sdk/share/wasi-sysroot -O2 -pthread -matomics -mbulk-memory -DSECURE_EXEC_WASM_THREADS -D_WASI_EMULATED_SIGNAL -D_WASI_EMULATED_MMAN -D_WASI_EMULATED_PROCESS_CLOCKS -D_GNU_SOURCE -mllvm -wasm-enable-sjlj -Wno-error=implicit-function-declaration -Wno-error=int-conversion -Wno-int-conversion -I/home/nathan/secure-exec-wasmgui/experiments/wasm-gui/toolchain/compat-include -include /home/nathan/secure-exec-wasmgui/experiments/wasm-gui/toolchain/wasi-compat.h -I/home/nathan/secure-exec-wasmgui/experiments/wasm-gui/third_party/wasm-prefix-threads/include --target=wasm32-wasip1-threads --sysroot=/home/nathan/secure-exec/registry/native/c/vendor/wasi-sdk/share/wasi-sysroot -I/home/nathan/secure-exec-wasmgui/experiments/wasm-gui/third_party/wasm-prefix-threads/include -I/home/nathan/secure-exec-wasmgui/experiments/wasm-gui/toolchain/compat-include -include /home/nathan/secure-exec-wasmgui/experiments/wasm-gui/toolchain/wasi-compat.h -fno-rtti -fno-exceptions conftest.c >&5
configure:10072: $? = 0
configure:10085: result: yes
configure:10443: checking for /home/nathan/secure-exec-wasmgui/experiments/wasm-gui/toolchain/clang-wasi-wrap.sh option to produce PIC
configure:10451: result: -fPIC -DPIC
configure:10459: checking if /home/nathan/secure-exec-wasmgui/experiments/wasm-gui/toolchain/clang-wasi-wrap.sh PIC flag -fPIC -DPIC works
configure:10478: /home/nathan/secure-exec-wasmgui/experiments/wasm-gui/toolchain/clang-wasi-wrap.sh -c --target=wasm32-wasip1-threads --sysroot=/home/nathan/secure-exec/registry/native/c/vendor/wasi-sdk/share/wasi-sysroot -O2 -pthread -matomics -mbulk-memory -DSECURE_EXEC_WASM_THREADS -D_WASI_EMULATED_SIGNAL -D_WASI_EMULATED_MMAN -D_WASI_EMULATED_PROCESS_CLOCKS -D_GNU_SOURCE -mllvm -wasm-enable-sjlj -Wno-error=implicit-function-declaration -Wno-error=int-conversion -Wno-int-conversion -I/home/nathan/secure-exec-wasmgui/experiments/wasm-gui/toolchain/compat-include -include /home/nathan/secure-exec-wasmgui/experiments/wasm-gui/toolchain/wasi-compat.h -I/home/nathan/secure-exec-wasmgui/experiments/wasm-gui/third_party/wasm-prefix-threads/include --target=wasm32-wasip1-threads --sysroot=/home/nathan/secure-exec/registry/native/c/vendor/wasi-sdk/share/wasi-sysroot -I/home/nathan/secure-exec-wasmgui/experiments/wasm-gui/third_party/wasm-prefix-threads/include -I/home/nathan/secure-exec-wasmgui/experiments/wasm-gui/toolchain/compat-include -include /home/nathan/secure-exec-wasmgui/experiments/wasm-gui/toolchain/wasi-compat.h -fPIC -DPIC -DPIC conftest.c >&5
configure:10482: $? = 0
configure:10495: result: yes
configure:10524: checking if /home/nathan/secure-exec-wasmgui/experiments/wasm-gui/toolchain/clang-wasi-wrap.sh static flag -static works
configure:10553: result: yes
configure:10568: checking if /home/nathan/secure-exec-wasmgui/experiments/wasm-gui/toolchain/clang-wasi-wrap.sh supports -c -o file.o
configure:10590: /home/nathan/secure-exec-wasmgui/experiments/wasm-gui/toolchain/clang-wasi-wrap.sh -c --target=wasm32-wasip1-threads --sysroot=/home/nathan/secure-exec/registry/native/c/vendor/wasi-sdk/share/wasi-sysroot -O2 -pthread -matomics -mbulk-memory -DSECURE_EXEC_WASM_THREADS -D_WASI_EMULATED_SIGNAL -D_WASI_EMULATED_MMAN -D_WASI_EMULATED_PROCESS_CLOCKS -D_GNU_SOURCE -mllvm -wasm-enable-sjlj -Wno-error=implicit-function-declaration -Wno-error=int-conversion -Wno-int-conversion -I/home/nathan/secure-exec-wasmgui/experiments/wasm-gui/toolchain/compat-include -include /home/nathan/secure-exec-wasmgui/experiments/wasm-gui/toolchain/wasi-compat.h -I/home/nathan/secure-exec-wasmgui/experiments/wasm-gui/third_party/wasm-prefix-threads/include --target=wasm32-wasip1-threads --sysroot=/home/nathan/secure-exec/registry/native/c/vendor/wasi-sdk/share/wasi-sysroot -I/home/nathan/secure-exec-wasmgui/experiments/wasm-gui/third_party/wasm-prefix-threads/include -I/home/nathan/secure-exec-wasmgui/experiments/wasm-gui/toolchain/compat-include -include /home/nathan/secure-exec-wasmgui/experiments/wasm-gui/toolchain/wasi-compat.h -o out/conftest2.o conftest.c >&5
configure:10594: $? = 0
configure:10616: result: yes
configure:10624: checking if /home/nathan/secure-exec-wasmgui/experiments/wasm-gui/toolchain/clang-wasi-wrap.sh supports -c -o file.o
configure:10672: result: yes
configure:10705: checking whether the /home/nathan/secure-exec-wasmgui/experiments/wasm-gui/toolchain/clang-wasi-wrap.sh linker (/home/linuxbrew/.linuxbrew/bin/ld) supports shared libraries
configure:11973: result: yes
configure:12214: checking dynamic linker characteristics
configure:13035: result: no
configure:13157: checking how to hardcode library paths into programs
configure:13182: result: immediate
configure:13734: checking whether stripping libraries is possible
configure:13743: result: yes
configure:13785: checking if libtool supports shared libraries
configure:13787: result: no
configure:13790: checking whether to build shared libraries
configure:13815: result: no
configure:13818: checking whether to build static libraries
configure:13822: result: yes
configure:13860: checking for errno.h
configure:13860: /home/nathan/secure-exec-wasmgui/experiments/wasm-gui/toolchain/clang-wasi-wrap.sh -c --target=wasm32-wasip1-threads --sysroot=/home/nathan/secure-exec/registry/native/c/vendor/wasi-sdk/share/wasi-sysroot -O2 -pthread -matomics -mbulk-memory -DSECURE_EXEC_WASM_THREADS -D_WASI_EMULATED_SIGNAL -D_WASI_EMULATED_MMAN -D_WASI_EMULATED_PROCESS_CLOCKS -D_GNU_SOURCE -mllvm -wasm-enable-sjlj -Wno-error=implicit-function-declaration -Wno-error=int-conversion -Wno-int-conversion -I/home/nathan/secure-exec-wasmgui/experiments/wasm-gui/toolchain/compat-include -include /home/nathan/secure-exec-wasmgui/experiments/wasm-gui/toolchain/wasi-compat.h -I/home/nathan/secure-exec-wasmgui/experiments/wasm-gui/third_party/wasm-prefix-threads/include --target=wasm32-wasip1-threads --sysroot=/home/nathan/secure-exec/registry/native/c/vendor/wasi-sdk/share/wasi-sysroot -I/home/nathan/secure-exec-wasmgui/experiments/wasm-gui/third_party/wasm-prefix-threads/include -I/home/nathan/secure-exec-wasmgui/experiments/wasm-gui/toolchain/compat-include -include /home/nathan/secure-exec-wasmgui/experiments/wasm-gui/toolchain/wasi-compat.h conftest.c >&5
configure:13860: $? = 0
configure:13860: result: yes
configure:13866: checking for fcntl.h
configure:13866: /home/nathan/secure-exec-wasmgui/experiments/wasm-gui/toolchain/clang-wasi-wrap.sh -c --target=wasm32-wasip1-threads --sysroot=/home/nathan/secure-exec/registry/native/c/vendor/wasi-sdk/share/wasi-sysroot -O2 -pthread -matomics -mbulk-memory -DSECURE_EXEC_WASM_THREADS -D_WASI_EMULATED_SIGNAL -D_WASI_EMULATED_MMAN -D_WASI_EMULATED_PROCESS_CLOCKS -D_GNU_SOURCE -mllvm -wasm-enable-sjlj -Wno-error=implicit-function-declaration -Wno-error=int-conversion -Wno-int-conversion -I/home/nathan/secure-exec-wasmgui/experiments/wasm-gui/toolchain/compat-include -include /home/nathan/secure-exec-wasmgui/experiments/wasm-gui/toolchain/wasi-compat.h -I/home/nathan/secure-exec-wasmgui/experiments/wasm-gui/third_party/wasm-prefix-threads/include --target=wasm32-wasip1-threads --sysroot=/home/nathan/secure-exec/registry/native/c/vendor/wasi-sdk/share/wasi-sysroot -I/home/nathan/secure-exec-wasmgui/experiments/wasm-gui/third_party/wasm-prefix-threads/include -I/home/nathan/secure-exec-wasmgui/experiments/wasm-gui/toolchain/compat-include -include /home/nathan/secure-exec-wasmgui/experiments/wasm-gui/toolchain/wasi-compat.h conftest.c >&5
configure:13866: $? = 0
configure:13866: result: yes
configure:13872: checking for grp.h
configure:13872: /home/nathan/secure-exec-wasmgui/experiments/wasm-gui/toolchain/clang-wasi-wrap.sh -c --target=wasm32-wasip1-threads --sysroot=/home/nathan/secure-exec/registry/native/c/vendor/wasi-sdk/share/wasi-sysroot -O2 -pthread -matomics -mbulk-memory -DSECURE_EXEC_WASM_THREADS -D_WASI_EMULATED_SIGNAL -D_WASI_EMULATED_MMAN -D_WASI_EMULATED_PROCESS_CLOCKS -D_GNU_SOURCE -mllvm -wasm-enable-sjlj -Wno-error=implicit-function-declaration -Wno-error=int-conversion -Wno-int-conversion -I/home/nathan/secure-exec-wasmgui/experiments/wasm-gui/toolchain/compat-include -include /home/nathan/secure-exec-wasmgui/experiments/wasm-gui/toolchain/wasi-compat.h -I/home/nathan/secure-exec-wasmgui/experiments/wasm-gui/third_party/wasm-prefix-threads/include --target=wasm32-wasip1-threads --sysroot=/home/nathan/secure-exec/registry/native/c/vendor/wasi-sdk/share/wasi-sysroot -I/home/nathan/secure-exec-wasmgui/experiments/wasm-gui/third_party/wasm-prefix-threads/include -I/home/nathan/secure-exec-wasmgui/experiments/wasm-gui/toolchain/compat-include -include /home/nathan/secure-exec-wasmgui/experiments/wasm-gui/toolchain/wasi-compat.h conftest.c >&5
configure:13872: $? = 0
configure:13872: result: yes
configure:13878: checking for locale.h
configure:13878: /home/nathan/secure-exec-wasmgui/experiments/wasm-gui/toolchain/clang-wasi-wrap.sh -c --target=wasm32-wasip1-threads --sysroot=/home/nathan/secure-exec/registry/native/c/vendor/wasi-sdk/share/wasi-sysroot -O2 -pthread -matomics -mbulk-memory -DSECURE_EXEC_WASM_THREADS -D_WASI_EMULATED_SIGNAL -D_WASI_EMULATED_MMAN -D_WASI_EMULATED_PROCESS_CLOCKS -D_GNU_SOURCE -mllvm -wasm-enable-sjlj -Wno-error=implicit-function-declaration -Wno-error=int-conversion -Wno-int-conversion -I/home/nathan/secure-exec-wasmgui/experiments/wasm-gui/toolchain/compat-include -include /home/nathan/secure-exec-wasmgui/experiments/wasm-gui/toolchain/wasi-compat.h -I/home/nathan/secure-exec-wasmgui/experiments/wasm-gui/third_party/wasm-prefix-threads/include --target=wasm32-wasip1-threads --sysroot=/home/nathan/secure-exec/registry/native/c/vendor/wasi-sdk/share/wasi-sysroot -I/home/nathan/secure-exec-wasmgui/experiments/wasm-gui/third_party/wasm-prefix-threads/include -I/home/nathan/secure-exec-wasmgui/experiments/wasm-gui/toolchain/compat-include -include /home/nathan/secure-exec-wasmgui/experiments/wasm-gui/toolchain/wasi-compat.h conftest.c >&5
configure:13878: $? = 0
configure:13878: result: yes
configure:13884: checking for signal.h
configure:13884: /home/nathan/secure-exec-wasmgui/experiments/wasm-gui/toolchain/clang-wasi-wrap.sh -c --target=wasm32-wasip1-threads --sysroot=/home/nathan/secure-exec/registry/native/c/vendor/wasi-sdk/share/wasi-sysroot -O2 -pthread -matomics -mbulk-memory -DSECURE_EXEC_WASM_THREADS -D_WASI_EMULATED_SIGNAL -D_WASI_EMULATED_MMAN -D_WASI_EMULATED_PROCESS_CLOCKS -D_GNU_SOURCE -mllvm -wasm-enable-sjlj -Wno-error=implicit-function-declaration -Wno-error=int-conversion -Wno-int-conversion -I/home/nathan/secure-exec-wasmgui/experiments/wasm-gui/toolchain/compat-include -include /home/nathan/secure-exec-wasmgui/experiments/wasm-gui/toolchain/wasi-compat.h -I/home/nathan/secure-exec-wasmgui/experiments/wasm-gui/third_party/wasm-prefix-threads/include --target=wasm32-wasip1-threads --sysroot=/home/nathan/secure-exec/registry/native/c/vendor/wasi-sdk/share/wasi-sysroot -I/home/nathan/secure-exec-wasmgui/experiments/wasm-gui/third_party/wasm-prefix-threads/include -I/home/nathan/secure-exec-wasmgui/experiments/wasm-gui/toolchain/compat-include -include /home/nathan/secure-exec-wasmgui/experiments/wasm-gui/toolchain/wasi-compat.h conftest.c >&5
configure:13884: $? = 0
configure:13884: result: yes
configure:13890: checking for stdlib.h
configure:13890: result: yes
configure:13896: checking for string.h
configure:13896: result: yes
configure:13902: checking for sys/stat.h
configure:13902: result: yes
configure:13908: checking for sys/time.h
configure:13908: /home/nathan/secure-exec-wasmgui/experiments/wasm-gui/toolchain/clang-wasi-wrap.sh -c --target=wasm32-wasip1-threads --sysroot=/home/nathan/secure-exec/registry/native/c/vendor/wasi-sdk/share/wasi-sysroot -O2 -pthread -matomics -mbulk-memory -DSECURE_EXEC_WASM_THREADS -D_WASI_EMULATED_SIGNAL -D_WASI_EMULATED_MMAN -D_WASI_EMULATED_PROCESS_CLOCKS -D_GNU_SOURCE -mllvm -wasm-enable-sjlj -Wno-error=implicit-function-declaration -Wno-error=int-conversion -Wno-int-conversion -I/home/nathan/secure-exec-wasmgui/experiments/wasm-gui/toolchain/compat-include -include /home/nathan/secure-exec-wasmgui/experiments/wasm-gui/toolchain/wasi-compat.h -I/home/nathan/secure-exec-wasmgui/experiments/wasm-gui/third_party/wasm-prefix-threads/include --target=wasm32-wasip1-threads --sysroot=/home/nathan/secure-exec/registry/native/c/vendor/wasi-sdk/share/wasi-sysroot -I/home/nathan/secure-exec-wasmgui/experiments/wasm-gui/third_party/wasm-prefix-threads/include -I/home/nathan/secure-exec-wasmgui/experiments/wasm-gui/toolchain/compat-include -include /home/nathan/secure-exec-wasmgui/experiments/wasm-gui/toolchain/wasi-compat.h conftest.c >&5
configure:13908: $? = 0
configure:13908: result: yes
configure:13914: checking for sys/types.h
configure:13914: result: yes
configure:13920: checking for sys/wait.h
configure:13920: /home/nathan/secure-exec-wasmgui/experiments/wasm-gui/toolchain/clang-wasi-wrap.sh -c --target=wasm32-wasip1-threads --sysroot=/home/nathan/secure-exec/registry/native/c/vendor/wasi-sdk/share/wasi-sysroot -O2 -pthread -matomics -mbulk-memory -DSECURE_EXEC_WASM_THREADS -D_WASI_EMULATED_SIGNAL -D_WASI_EMULATED_MMAN -D_WASI_EMULATED_PROCESS_CLOCKS -D_GNU_SOURCE -mllvm -wasm-enable-sjlj -Wno-error=implicit-function-declaration -Wno-error=int-conversion -Wno-int-conversion -I/home/nathan/secure-exec-wasmgui/experiments/wasm-gui/toolchain/compat-include -include /home/nathan/secure-exec-wasmgui/experiments/wasm-gui/toolchain/wasi-compat.h -I/home/nathan/secure-exec-wasmgui/experiments/wasm-gui/third_party/wasm-prefix-threads/include --target=wasm32-wasip1-threads --sysroot=/home/nathan/secure-exec/registry/native/c/vendor/wasi-sdk/share/wasi-sysroot -I/home/nathan/secure-exec-wasmgui/experiments/wasm-gui/third_party/wasm-prefix-threads/include -I/home/nathan/secure-exec-wasmgui/experiments/wasm-gui/toolchain/compat-include -include /home/nathan/secure-exec-wasmgui/experiments/wasm-gui/toolchain/wasi-compat.h conftest.c >&5
configure:13920: $? = 0
configure:13920: result: yes
configure:13926: checking for unistd.h
configure:13926: result: yes
configure:13933: checking for fdatasync
configure:13933: /home/nathan/secure-exec-wasmgui/experiments/wasm-gui/toolchain/clang-wasi-wrap.sh -o conftest --target=wasm32-wasip1-threads --sysroot=/home/nathan/secure-exec/registry/native/c/vendor/wasi-sdk/share/wasi-sysroot -O2 -pthread -matomics -mbulk-memory -DSECURE_EXEC_WASM_THREADS -D_WASI_EMULATED_SIGNAL -D_WASI_EMULATED_MMAN -D_WASI_EMULATED_PROCESS_CLOCKS -D_GNU_SOURCE -mllvm -wasm-enable-sjlj -Wno-error=implicit-function-declaration -Wno-error=int-conversion -Wno-int-conversion -I/home/nathan/secure-exec-wasmgui/experiments/wasm-gui/toolchain/compat-include -include /home/nathan/secure-exec-wasmgui/experiments/wasm-gui/toolchain/wasi-compat.h -I/home/nathan/secure-exec-wasmgui/experiments/wasm-gui/third_party/wasm-prefix-threads/include --target=wasm32-wasip1-threads --sysroot=/home/nathan/secure-exec/registry/native/c/vendor/wasi-sdk/share/wasi-sysroot -I/home/nathan/secure-exec-wasmgui/experiments/wasm-gui/third_party/wasm-prefix-threads/include -I/home/nathan/secure-exec-wasmgui/experiments/wasm-gui/toolchain/compat-include -include /home/nathan/secure-exec-wasmgui/experiments/wasm-gui/toolchain/wasi-compat.h --target=wasm32-wasip1-threads --sysroot=/home/nathan/secure-exec/registry/native/c/vendor/wasi-sdk/share/wasi-sysroot -Wl,--shared-memory -Wl,--import-memory -Wl,--export-memory -Wl,--max-memory=536870912 -Wl,--export=wasi_thread_start -Wl,--no-check-features -lwasi-emulated-signal -L/home/nathan/secure-exec-wasmgui/experiments/wasm-gui/third_party/wasm-prefix-threads/lib -L/home/nathan/secure-exec/registry/native/c/vendor/wasi-sdk/share/wasi-sysroot/lib/wasm32-wasip1-threads -lwasi-emulated-mman -lwasi-emulated-process-clocks -L/home/nathan/secure-exec-wasmgui/experiments/wasm-gui/third_party/wasm-prefix-threads/lib -lhostcompat conftest.c  >&5
wasm-ld: warning: function signature mismatch: fdatasync
>>> defined as () -> i32 in /tmp/conftest-5c72f8.o
>>> defined as (i32) -> i32 in /home/nathan/secure-exec/registry/native/c/vendor/wasi-sdk/share/wasi-sysroot/lib/wasm32-wasip1-threads/libc.a(fdatasync.o)
configure:13933: $? = 0
configure:13933: result: yes
configure:13939: checking for fsync
configure:13939: /home/nathan/secure-exec-wasmgui/experiments/wasm-gui/toolchain/clang-wasi-wrap.sh -o conftest --target=wasm32-wasip1-threads --sysroot=/home/nathan/secure-exec/registry/native/c/vendor/wasi-sdk/share/wasi-sysroot -O2 -pthread -matomics -mbulk-memory -DSECURE_EXEC_WASM_THREADS -D_WASI_EMULATED_SIGNAL -D_WASI_EMULATED_MMAN -D_WASI_EMULATED_PROCESS_CLOCKS -D_GNU_SOURCE -mllvm -wasm-enable-sjlj -Wno-error=implicit-function-declaration -Wno-error=int-conversion -Wno-int-conversion -I/home/nathan/secure-exec-wasmgui/experiments/wasm-gui/toolchain/compat-include -include /home/nathan/secure-exec-wasmgui/experiments/wasm-gui/toolchain/wasi-compat.h -I/home/nathan/secure-exec-wasmgui/experiments/wasm-gui/third_party/wasm-prefix-threads/include --target=wasm32-wasip1-threads --sysroot=/home/nathan/secure-exec/registry/native/c/vendor/wasi-sdk/share/wasi-sysroot -I/home/nathan/secure-exec-wasmgui/experiments/wasm-gui/third_party/wasm-prefix-threads/include -I/home/nathan/secure-exec-wasmgui/experiments/wasm-gui/toolchain/compat-include -include /home/nathan/secure-exec-wasmgui/experiments/wasm-gui/toolchain/wasi-compat.h --target=wasm32-wasip1-threads --sysroot=/home/nathan/secure-exec/registry/native/c/vendor/wasi-sdk/share/wasi-sysroot -Wl,--shared-memory -Wl,--import-memory -Wl,--export-memory -Wl,--max-memory=536870912 -Wl,--export=wasi_thread_start -Wl,--no-check-features -lwasi-emulated-signal -L/home/nathan/secure-exec-wasmgui/experiments/wasm-gui/third_party/wasm-prefix-threads/lib -L/home/nathan/secure-exec/registry/native/c/vendor/wasi-sdk/share/wasi-sysroot/lib/wasm32-wasip1-threads -lwasi-emulated-mman -lwasi-emulated-process-clocks -L/home/nathan/secure-exec-wasmgui/experiments/wasm-gui/third_party/wasm-prefix-threads/lib -lhostcompat conftest.c  >&5
wasm-ld: warning: function signature mismatch: fsync
>>> defined as () -> i32 in /tmp/conftest-3534f1.o
>>> defined as (i32) -> i32 in /home/nathan/secure-exec/registry/native/c/vendor/wasi-sdk/share/wasi-sysroot/lib/wasm32-wasip1-threads/libc.a(fsync.o)
configure:13939: $? = 0
configure:13939: result: yes
configure:13945: checking for setlocale
configure:13945: /home/nathan/secure-exec-wasmgui/experiments/wasm-gui/toolchain/clang-wasi-wrap.sh -o conftest --target=wasm32-wasip1-threads --sysroot=/home/nathan/secure-exec/registry/native/c/vendor/wasi-sdk/share/wasi-sysroot -O2 -pthread -matomics -mbulk-memory -DSECURE_EXEC_WASM_THREADS -D_WASI_EMULATED_SIGNAL -D_WASI_EMULATED_MMAN -D_WASI_EMULATED_PROCESS_CLOCKS -D_GNU_SOURCE -mllvm -wasm-enable-sjlj -Wno-error=implicit-function-declaration -Wno-error=int-conversion -Wno-int-conversion -I/home/nathan/secure-exec-wasmgui/experiments/wasm-gui/toolchain/compat-include -include /home/nathan/secure-exec-wasmgui/experiments/wasm-gui/toolchain/wasi-compat.h -I/home/nathan/secure-exec-wasmgui/experiments/wasm-gui/third_party/wasm-prefix-threads/include --target=wasm32-wasip1-threads --sysroot=/home/nathan/secure-exec/registry/native/c/vendor/wasi-sdk/share/wasi-sysroot -I/home/nathan/secure-exec-wasmgui/experiments/wasm-gui/third_party/wasm-prefix-threads/include -I/home/nathan/secure-exec-wasmgui/experiments/wasm-gui/toolchain/compat-include -include /home/nathan/secure-exec-wasmgui/experiments/wasm-gui/toolchain/wasi-compat.h --target=wasm32-wasip1-threads --sysroot=/home/nathan/secure-exec/registry/native/c/vendor/wasi-sdk/share/wasi-sysroot -Wl,--shared-memory -Wl,--import-memory -Wl,--export-memory -Wl,--max-memory=536870912 -Wl,--export=wasi_thread_start -Wl,--no-check-features -lwasi-emulated-signal -L/home/nathan/secure-exec-wasmgui/experiments/wasm-gui/third_party/wasm-prefix-threads/lib -L/home/nathan/secure-exec/registry/native/c/vendor/wasi-sdk/share/wasi-sysroot/lib/wasm32-wasip1-threads -lwasi-emulated-mman -lwasi-emulated-process-clocks -L/home/nathan/secure-exec-wasmgui/experiments/wasm-gui/third_party/wasm-prefix-threads/lib -lhostcompat conftest.c  >&5
wasm-ld: warning: function signature mismatch: setlocale
>>> defined as () -> i32 in /tmp/conftest-a898c6.o
>>> defined as (i32, i32) -> i32 in /home/nathan/secure-exec/registry/native/c/vendor/wasi-sdk/share/wasi-sysroot/lib/wasm32-wasip1-threads/libc.a(setlocale.o)
configure:13945: $? = 0
configure:13945: result: yes
configure:13969: checking for bind_textdomain_codeset
configure:13969: /home/nathan/secure-exec-wasmgui/experiments/wasm-gui/toolchain/clang-wasi-wrap.sh -o conftest --target=wasm32-wasip1-threads --sysroot=/home/nathan/secure-exec/registry/native/c/vendor/wasi-sdk/share/wasi-sysroot -O2 -pthread -matomics -mbulk-memory -DSECURE_EXEC_WASM_THREADS -D_WASI_EMULATED_SIGNAL -D_WASI_EMULATED_MMAN -D_WASI_EMULATED_PROCESS_CLOCKS -D_GNU_SOURCE -mllvm -wasm-enable-sjlj -Wno-error=implicit-function-declaration -Wno-error=int-conversion -Wno-int-conversion -I/home/nathan/secure-exec-wasmgui/experiments/wasm-gui/toolchain/compat-include -include /home/nathan/secure-exec-wasmgui/experiments/wasm-gui/toolchain/wasi-compat.h -I/home/nathan/secure-exec-wasmgui/experiments/wasm-gui/third_party/wasm-prefix-threads/include --target=wasm32-wasip1-threads --sysroot=/home/nathan/secure-exec/registry/native/c/vendor/wasi-sdk/share/wasi-sysroot -I/home/nathan/secure-exec-wasmgui/experiments/wasm-gui/third_party/wasm-prefix-threads/include -I/home/nathan/secure-exec-wasmgui/experiments/wasm-gui/toolchain/compat-include -include /home/nathan/secure-exec-wasmgui/experiments/wasm-gui/toolchain/wasi-compat.h --target=wasm32-wasip1-threads --sysroot=/home/nathan/secure-exec/registry/native/c/vendor/wasi-sdk/share/wasi-sysroot -Wl,--shared-memory -Wl,--import-memory -Wl,--export-memory -Wl,--max-memory=536870912 -Wl,--export=wasi_thread_start -Wl,--no-check-features -lwasi-emulated-signal -L/home/nathan/secure-exec-wasmgui/experiments/wasm-gui/third_party/wasm-prefix-threads/lib -L/home/nathan/secure-exec/registry/native/c/vendor/wasi-sdk/share/wasi-sysroot/lib/wasm32-wasip1-threads -lwasi-emulated-mman -lwasi-emulated-process-clocks -L/home/nathan/secure-exec-wasmgui/experiments/wasm-gui/third_party/wasm-prefix-threads/lib -lhostcompat conftest.c  >&5
wasm-ld: error: /tmp/conftest-cab937.o: undefined symbol: bind_textdomain_codeset
clang: error: linker command failed with exit code 1 (use -v to see invocation)
configure:13969: $? = 1
configure: failed program was:
| /* confdefs.h */
| #define PACKAGE_NAME "xfconf"
| #define PACKAGE_TARNAME "xfconf"
| #define PACKAGE_VERSION "4.18.3"
| #define PACKAGE_STRING "xfconf 4.18.3"
| #define PACKAGE_BUGREPORT "https://gitlab.xfce.org/xfce/xfconf"
| #define PACKAGE_URL ""
| #define PACKAGE "xfconf"
| #define VERSION "4.18.3"
| #define HAVE_STDIO_H 1
| #define HAVE_STDLIB_H 1
| #define HAVE_STRING_H 1
| #define HAVE_INTTYPES_H 1
| #define HAVE_STDINT_H 1
| #define HAVE_STRINGS_H 1
| #define HAVE_SYS_STAT_H 1
| #define HAVE_SYS_TYPES_H 1
| #define HAVE_UNISTD_H 1
| #define STDC_HEADERS 1
| #define HAVE_DLFCN_H 1
| #define LT_OBJDIR ".libs/"
| #define HAVE_ERRNO_H 1
| #define HAVE_FCNTL_H 1
| #define HAVE_GRP_H 1
| #define HAVE_LOCALE_H 1
| #define HAVE_SIGNAL_H 1
| #define HAVE_STDLIB_H 1
| #define HAVE_STRING_H 1
| #define HAVE_SYS_STAT_H 1
| #define HAVE_SYS_TIME_H 1
| #define HAVE_SYS_TYPES_H 1
| #define HAVE_SYS_WAIT_H 1
| #define HAVE_UNISTD_H 1
| #define HAVE_FDATASYNC 1
| #define HAVE_FSYNC 1
| #define HAVE_SETLOCALE 1
| #define GETTEXT_PACKAGE "xfconf"
| /* end confdefs.h.  */
| /* Define bind_textdomain_codeset to an innocuous variant, in case <limits.h> declares bind_textdomain_codeset.
|    For example, HP-UX 11i <limits.h> declares gettimeofday.  */
| #define bind_textdomain_codeset innocuous_bind_textdomain_codeset
| 
| /* System header to define __stub macros and hopefully few prototypes,
|    which can conflict with char bind_textdomain_codeset (); below.  */
| 
| #include <limits.h>
| #undef bind_textdomain_codeset
| 
| /* Override any GCC internal prototype to avoid an error.
|    Use char because int might match the return type of a GCC
|    builtin and then its argument prototype would still apply.  */
| #ifdef __cplusplus
| extern "C"
| #endif
| char bind_textdomain_codeset ();
| /* The GNU C library defines this for functions which it implements
|     to always fail with ENOSYS.  Some functions are actually named
|     something starting with __ and the normal name is an alias.  */
| #if defined __stub_bind_textdomain_codeset || defined __stub___bind_textdomain_codeset
| choke me
| #endif
| 
| int
| main (void)
| {
| return bind_textdomain_codeset ();
|   ;
|   return 0;
| }
configure:13969: result: no
configure:13976: checking for locales directory
configure:13993: result: ${prefix}/share/locale
configure:14001: checking for gdbus-codegen
configure:14024: found /home/linuxbrew/.linuxbrew/bin/gdbus-codegen
configure:14037: result: /home/linuxbrew/.linuxbrew/bin/gdbus-codegen
configure:14081: checking for wasm32-wasi-pkg-config
configure:14119: result: no
configure:14129: checking for pkg-config
configure:14152: found /usr/bin/pkg-config
configure:14164: result: /usr/bin/pkg-config
configure:14189: checking pkg-config is at least version 0.9.0
configure:14192: result: yes
configure:14214: checking for gobject-2.0 >= 2.66.0
configure:14218: result: 2.78.4
configure:14221: checking GLIB_CFLAGS
configure:14224: result: -I/home/nathan/secure-exec-wasmgui/experiments/wasm-gui/third_party/wasm-prefix-threads/include -I/home/nathan/secure-exec-wasmgui/experiments/wasm-gui/third_party/wasm-prefix-threads/include/glib-2.0 -pthread -I/home/nathan/secure-exec-wasmgui/experiments/wasm-gui/third_party/wasm-prefix-threads/lib/glib-2.0/include -DPCRE2_STATIC 
configure:14227: checking GLIB_LIBS
configure:14230: result: -L/home/nathan/secure-exec-wasmgui/experiments/wasm-gui/third_party/wasm-prefix-threads/lib -lgobject-2.0 -lglib-2.0 -lintl -lm -pthread -lpcre2-8 -lffi 
configure:14247: setting GLIB_VERSION_MAX_ALLOWED and GLIB_VERSION_MIN_REQUIRED according to 2.66.0
configure:14306: checking for wasm32-wasi-pkg-config
configure:14341: result: /usr/bin/pkg-config
configure:14414: checking pkg-config is at least version 0.9.0
configure:14417: result: yes
configure:14439: checking for gio-2.0 >= 2.66.0
configure:14443: result: 2.78.4
configure:14446: checking GIO_CFLAGS
configure:14449: result: -I/home/nathan/secure-exec-wasmgui/experiments/wasm-gui/third_party/wasm-prefix-threads/include -I/home/nathan/secure-exec-wasmgui/experiments/wasm-gui/third_party/wasm-prefix-threads/include/glib-2.0 -I/home/nathan/secure-exec-wasmgui/experiments/wasm-gui/third_party/wasm-prefix-threads/lib/glib-2.0/include -pthread -DPCRE2_STATIC 
configure:14452: checking GIO_LIBS
configure:14455: result: -L/home/nathan/secure-exec-wasmgui/experiments/wasm-gui/third_party/wasm-prefix-threads/lib -lgio-2.0 -lgobject-2.0 -lffi -lgmodule-2.0 -lintl -lglib-2.0 -lintl -lm -pthread -lpcre2-8 -lz 
configure:14519: checking for wasm32-wasi-pkg-config
configure:14554: result: /usr/bin/pkg-config
configure:14627: checking pkg-config is at least version 0.9.0
configure:14630: result: yes
configure:14652: checking for gio-unix-2.0 >= 2.66.0
configure:14656: result: 2.78.4
configure:14659: checking GIO_UNIX_CFLAGS
configure:14662: result: -I/home/nathan/secure-exec-wasmgui/experiments/wasm-gui/third_party/wasm-prefix-threads/include/gio-unix-2.0 -I/home/nathan/secure-exec-wasmgui/experiments/wasm-gui/third_party/wasm-prefix-threads/include -I/home/nathan/secure-exec-wasmgui/experiments/wasm-gui/third_party/wasm-prefix-threads/include/glib-2.0 -I/home/nathan/secure-exec-wasmgui/experiments/wasm-gui/third_party/wasm-prefix-threads/lib/glib-2.0/include -pthread -DPCRE2_STATIC 
configure:14665: checking GIO_UNIX_LIBS
configure:14668: result: -L/home/nathan/secure-exec-wasmgui/experiments/wasm-gui/third_party/wasm-prefix-threads/lib -lgio-2.0 -lgobject-2.0 -lffi -lgmodule-2.0 -lintl -lglib-2.0 -lintl -lm -pthread -lpcre2-8 -lz 
configure:14732: checking for wasm32-wasi-pkg-config
configure:14767: result: /usr/bin/pkg-config
configure:14840: checking pkg-config is at least version 0.9.0
configure:14843: result: yes
configure:14865: checking for gthread-2.0 >= 2.66.0
configure:14869: result: 2.78.4
configure:14872: checking GTHREAD_CFLAGS
configure:14875: result: -I/home/nathan/secure-exec-wasmgui/experiments/wasm-gui/third_party/wasm-prefix-threads/include -I/home/nathan/secure-exec-wasmgui/experiments/wasm-gui/third_party/wasm-prefix-threads/include/glib-2.0 -pthread -I/home/nathan/secure-exec-wasmgui/experiments/wasm-gui/third_party/wasm-prefix-threads/lib/glib-2.0/include -DPCRE2_STATIC 
configure:14878: checking GTHREAD_LIBS
configure:14881: result: -L/home/nathan/secure-exec-wasmgui/experiments/wasm-gui/third_party/wasm-prefix-threads/lib -lgthread-2.0 -lintl -lglib-2.0 -lintl -lm -pthread -lpcre2-8 
configure:14945: checking for wasm32-wasi-pkg-config
configure:14980: result: /usr/bin/pkg-config
configure:15053: checking pkg-config is at least version 0.9.0
configure:15056: result: yes
configure:15078: checking for libxfce4util-1.0 >= 4.17.3
configure:15082: result: 4.18.2
configure:15085: checking LIBXFCE4UTIL_CFLAGS
configure:15088: result: -I/home/nathan/secure-exec-wasmgui/experiments/wasm-gui/third_party/wasm-prefix-threads/include/xfce4 -I/home/nathan/secure-exec-wasmgui/experiments/wasm-gui/third_party/wasm-prefix-threads/include/glib-2.0 -pthread -I/home/nathan/secure-exec-wasmgui/experiments/wasm-gui/third_party/wasm-prefix-threads/lib/glib-2.0/include -I/home/nathan/secure-exec-wasmgui/experiments/wasm-gui/third_party/wasm-prefix-threads/include -DPCRE2_STATIC 
configure:15091: checking LIBXFCE4UTIL_LIBS
configure:15094: result: -L/home/nathan/secure-exec-wasmgui/experiments/wasm-gui/third_party/wasm-prefix-threads/lib -lxfce4util -lglib-2.0 -lintl -lm -pthread -lpcre2-8 
configure:15146: checking for perl5.8
configure:15184: result: no
configure:15146: checking for perl5.6
configure:15184: result: no
configure:15146: checking for perl5
configure:15184: result: no
configure:15146: checking for perl
configure:15169: found /home/linuxbrew/.linuxbrew/bin/perl
configure:15181: result: /home/linuxbrew/.linuxbrew/bin/perl
configure:15201: checking alignment of guchar
configure:15207: /home/nathan/secure-exec-wasmgui/experiments/wasm-gui/toolchain/clang-wasi-wrap.sh -c --target=wasm32-wasip1-threads --sysroot=/home/nathan/secure-exec/registry/native/c/vendor/wasi-sdk/share/wasi-sysroot -O2 -pthread -matomics -mbulk-memory -DSECURE_EXEC_WASM_THREADS -D_WASI_EMULATED_SIGNAL -D_WASI_EMULATED_MMAN -D_WASI_EMULATED_PROCESS_CLOCKS -D_GNU_SOURCE -mllvm -wasm-enable-sjlj -Wno-error=implicit-function-declaration -Wno-error=int-conversion -Wno-int-conversion -I/home/nathan/secure-exec-wasmgui/experiments/wasm-gui/toolchain/compat-include -include /home/nathan/secure-exec-wasmgui/experiments/wasm-gui/toolchain/wasi-compat.h -I/home/nathan/secure-exec-wasmgui/experiments/wasm-gui/third_party/wasm-prefix-threads/include -I/home/nathan/secure-exec-wasmgui/experiments/wasm-gui/third_party/wasm-prefix-threads/include -I/home/nathan/secure-exec-wasmgui/experiments/wasm-gui/third_party/wasm-prefix-threads/include/glib-2.0 -pthread -I/home/nathan/secure-exec-wasmgui/experiments/wasm-gui/third_party/wasm-prefix-threads/lib/glib-2.0/include -DPCRE2_STATIC  --target=wasm32-wasip1-threads --sysroot=/home/nathan/secure-exec/registry/native/c/vendor/wasi-sdk/share/wasi-sysroot -I/home/nathan/secure-exec-wasmgui/experiments/wasm-gui/third_party/wasm-prefix-threads/include -I/home/nathan/secure-exec-wasmgui/experiments/wasm-gui/toolchain/compat-include -include /home/nathan/secure-exec-wasmgui/experiments/wasm-gui/toolchain/wasi-compat.h conftest.c >&5
configure:15207: $? = 0
configure:15207: /home/nathan/secure-exec-wasmgui/experiments/wasm-gui/toolchain/clang-wasi-wrap.sh -c --target=wasm32-wasip1-threads --sysroot=/home/nathan/secure-exec/registry/native/c/vendor/wasi-sdk/share/wasi-sysroot -O2 -pthread -matomics -mbulk-memory -DSECURE_EXEC_WASM_THREADS -D_WASI_EMULATED_SIGNAL -D_WASI_EMULATED_MMAN -D_WASI_EMULATED_PROCESS_CLOCKS -D_GNU_SOURCE -mllvm -wasm-enable-sjlj -Wno-error=implicit-function-declaration -Wno-error=int-conversion -Wno-int-conversion -I/home/nathan/secure-exec-wasmgui/experiments/wasm-gui/toolchain/compat-include -include /home/nathan/secure-exec-wasmgui/experiments/wasm-gui/toolchain/wasi-compat.h -I/home/nathan/secure-exec-wasmgui/experiments/wasm-gui/third_party/wasm-prefix-threads/include -I/home/nathan/secure-exec-wasmgui/experiments/wasm-gui/third_party/wasm-prefix-threads/include -I/home/nathan/secure-exec-wasmgui/experiments/wasm-gui/third_party/wasm-prefix-threads/include/glib-2.0 -pthread -I/home/nathan/secure-exec-wasmgui/experiments/wasm-gui/third_party/wasm-prefix-threads/lib/glib-2.0/include -DPCRE2_STATIC  --target=wasm32-wasip1-threads --sysroot=/home/nathan/secure-exec/registry/native/c/vendor/wasi-sdk/share/wasi-sysroot -I/home/nathan/secure-exec-wasmgui/experiments/wasm-gui/third_party/wasm-prefix-threads/include -I/home/nathan/secure-exec-wasmgui/experiments/wasm-gui/toolchain/compat-include -include /home/nathan/secure-exec-wasmgui/experiments/wasm-gui/toolchain/wasi-compat.h conftest.c >&5
conftest.c:50:24: error: 'test_array' declared as an array with a negative size
   50 | static int test_array [1 - 2 * !(((long int) offsetof (ac__type_alignof_, y)) <= 0)];
      |                        ^~~~~~~~~~~~~~~~~~~~~~~~~~~~~~~~~~~~~~~~~~~~~~~~~~~~~~~~~~~~
1 error generated.
configure:15207: $? = 1
configure: failed program was:
| /* confdefs.h */
| #define PACKAGE_NAME "xfconf"
| #define PACKAGE_TARNAME "xfconf"
| #define PACKAGE_VERSION "4.18.3"
| #define PACKAGE_STRING "xfconf 4.18.3"
| #define PACKAGE_BUGREPORT "https://gitlab.xfce.org/xfce/xfconf"
| #define PACKAGE_URL ""
| #define PACKAGE "xfconf"
| #define VERSION "4.18.3"
| #define HAVE_STDIO_H 1
| #define HAVE_STDLIB_H 1
| #define HAVE_STRING_H 1
| #define HAVE_INTTYPES_H 1
| #define HAVE_STDINT_H 1
| #define HAVE_STRINGS_H 1
| #define HAVE_SYS_STAT_H 1
| #define HAVE_SYS_TYPES_H 1
| #define HAVE_UNISTD_H 1
| #define STDC_HEADERS 1
| #define HAVE_DLFCN_H 1
| #define LT_OBJDIR ".libs/"
| #define HAVE_ERRNO_H 1
| #define HAVE_FCNTL_H 1
| #define HAVE_GRP_H 1
| #define HAVE_LOCALE_H 1
| #define HAVE_SIGNAL_H 1
| #define HAVE_STDLIB_H 1
| #define HAVE_STRING_H 1
| #define HAVE_SYS_STAT_H 1
| #define HAVE_SYS_TIME_H 1
| #define HAVE_SYS_TYPES_H 1
| #define HAVE_SYS_WAIT_H 1
| #define HAVE_UNISTD_H 1
| #define HAVE_FDATASYNC 1
| #define HAVE_FSYNC 1
| #define HAVE_SETLOCALE 1
| #define GETTEXT_PACKAGE "xfconf"
| #define XFCONF_SERVICE_NAME_PREFIX "org.xfce"
| #define XFCONF_SERVICE_PATH_PREFIX "/org/xfce"
| #define G_LOG_USE_STRUCTURED 1
| #define GLIB_VERSION_MAX_ALLOWED GLIB_VERSION_2_66
| #define GLIB_VERSION_MIN_REQUIRED GLIB_VERSION_2_66
| /* end confdefs.h.  */
| #include <glib.h>
| 
| typedef struct { char x; guchar y; } ac__type_alignof_;
| int
| main (void)
| {
| static int test_array [1 - 2 * !(((long int) offsetof (ac__type_alignof_, y)) <= 0)];
| test_array [0] = 0;
| return test_array [0];
| 
|   ;
|   return 0;
| }
configure:15207: /home/nathan/secure-exec-wasmgui/experiments/wasm-gui/toolchain/clang-wasi-wrap.sh -c --target=wasm32-wasip1-threads --sysroot=/home/nathan/secure-exec/registry/native/c/vendor/wasi-sdk/share/wasi-sysroot -O2 -pthread -matomics -mbulk-memory -DSECURE_EXEC_WASM_THREADS -D_WASI_EMULATED_SIGNAL -D_WASI_EMULATED_MMAN -D_WASI_EMULATED_PROCESS_CLOCKS -D_GNU_SOURCE -mllvm -wasm-enable-sjlj -Wno-error=implicit-function-declaration -Wno-error=int-conversion -Wno-int-conversion -I/home/nathan/secure-exec-wasmgui/experiments/wasm-gui/toolchain/compat-include -include /home/nathan/secure-exec-wasmgui/experiments/wasm-gui/toolchain/wasi-compat.h -I/home/nathan/secure-exec-wasmgui/experiments/wasm-gui/third_party/wasm-prefix-threads/include -I/home/nathan/secure-exec-wasmgui/experiments/wasm-gui/third_party/wasm-prefix-threads/include -I/home/nathan/secure-exec-wasmgui/experiments/wasm-gui/third_party/wasm-prefix-threads/include/glib-2.0 -pthread -I/home/nathan/secure-exec-wasmgui/experiments/wasm-gui/third_party/wasm-prefix-threads/lib/glib-2.0/include -DPCRE2_STATIC  --target=wasm32-wasip1-threads --sysroot=/home/nathan/secure-exec/registry/native/c/vendor/wasi-sdk/share/wasi-sysroot -I/home/nathan/secure-exec-wasmgui/experiments/wasm-gui/third_party/wasm-prefix-threads/include -I/home/nathan/secure-exec-wasmgui/experiments/wasm-gui/toolchain/compat-include -include /home/nathan/secure-exec-wasmgui/experiments/wasm-gui/toolchain/wasi-compat.h conftest.c >&5
configure:15207: $? = 0
configure:15224: result: 1
configure:15242: checking alignment of gchar
configure:15248: /home/nathan/secure-exec-wasmgui/experiments/wasm-gui/toolchain/clang-wasi-wrap.sh -c --target=wasm32-wasip1-threads --sysroot=/home/nathan/secure-exec/registry/native/c/vendor/wasi-sdk/share/wasi-sysroot -O2 -pthread -matomics -mbulk-memory -DSECURE_EXEC_WASM_THREADS -D_WASI_EMULATED_SIGNAL -D_WASI_EMULATED_MMAN -D_WASI_EMULATED_PROCESS_CLOCKS -D_GNU_SOURCE -mllvm -wasm-enable-sjlj -Wno-error=implicit-function-declaration -Wno-error=int-conversion -Wno-int-conversion -I/home/nathan/secure-exec-wasmgui/experiments/wasm-gui/toolchain/compat-include -include /home/nathan/secure-exec-wasmgui/experiments/wasm-gui/toolchain/wasi-compat.h -I/home/nathan/secure-exec-wasmgui/experiments/wasm-gui/third_party/wasm-prefix-threads/include -I/home/nathan/secure-exec-wasmgui/experiments/wasm-gui/third_party/wasm-prefix-threads/include -I/home/nathan/secure-exec-wasmgui/experiments/wasm-gui/third_party/wasm-prefix-threads/include/glib-2.0 -pthread -I/home/nathan/secure-exec-wasmgui/experiments/wasm-gui/third_party/wasm-prefix-threads/lib/glib-2.0/include -DPCRE2_STATIC  --target=wasm32-wasip1-threads --sysroot=/home/nathan/secure-exec/registry/native/c/vendor/wasi-sdk/share/wasi-sysroot -I/home/nathan/secure-exec-wasmgui/experiments/wasm-gui/third_party/wasm-prefix-threads/include -I/home/nathan/secure-exec-wasmgui/experiments/wasm-gui/toolchain/compat-include -include /home/nathan/secure-exec-wasmgui/experiments/wasm-gui/toolchain/wasi-compat.h conftest.c >&5
configure:15248: $? = 0
configure:15248: /home/nathan/secure-exec-wasmgui/experiments/wasm-gui/toolchain/clang-wasi-wrap.sh -c --target=wasm32-wasip1-threads --sysroot=/home/nathan/secure-exec/registry/native/c/vendor/wasi-sdk/share/wasi-sysroot -O2 -pthread -matomics -mbulk-memory -DSECURE_EXEC_WASM_THREADS -D_WASI_EMULATED_SIGNAL -D_WASI_EMULATED_MMAN -D_WASI_EMULATED_PROCESS_CLOCKS -D_GNU_SOURCE -mllvm -wasm-enable-sjlj -Wno-error=implicit-function-declaration -Wno-error=int-conversion -Wno-int-conversion -I/home/nathan/secure-exec-wasmgui/experiments/wasm-gui/toolchain/compat-include -include /home/nathan/secure-exec-wasmgui/experiments/wasm-gui/toolchain/wasi-compat.h -I/home/nathan/secure-exec-wasmgui/experiments/wasm-gui/third_party/wasm-prefix-threads/include -I/home/nathan/secure-exec-wasmgui/experiments/wasm-gui/third_party/wasm-prefix-threads/include -I/home/nathan/secure-exec-wasmgui/experiments/wasm-gui/third_party/wasm-prefix-threads/include/glib-2.0 -pthread -I/home/nathan/secure-exec-wasmgui/experiments/wasm-gui/third_party/wasm-prefix-threads/lib/glib-2.0/include -DPCRE2_STATIC  --target=wasm32-wasip1-threads --sysroot=/home/nathan/secure-exec/registry/native/c/vendor/wasi-sdk/share/wasi-sysroot -I/home/nathan/secure-exec-wasmgui/experiments/wasm-gui/third_party/wasm-prefix-threads/include -I/home/nathan/secure-exec-wasmgui/experiments/wasm-gui/toolchain/compat-include -include /home/nathan/secure-exec-wasmgui/experiments/wasm-gui/toolchain/wasi-compat.h conftest.c >&5
conftest.c:51:24: error: 'test_array' declared as an array with a negative size
   51 | static int test_array [1 - 2 * !(((long int) offsetof (ac__type_alignof_, y)) <= 0)];
      |                        ^~~~~~~~~~~~~~~~~~~~~~~~~~~~~~~~~~~~~~~~~~~~~~~~~~~~~~~~~~~~
1 error generated.
configure:15248: $? = 1
configure: failed program was:
| /* confdefs.h */
| #define PACKAGE_NAME "xfconf"
| #define PACKAGE_TARNAME "xfconf"
| #define PACKAGE_VERSION "4.18.3"
| #define PACKAGE_STRING "xfconf 4.18.3"
| #define PACKAGE_BUGREPORT "https://gitlab.xfce.org/xfce/xfconf"
| #define PACKAGE_URL ""
| #define PACKAGE "xfconf"
| #define VERSION "4.18.3"
| #define HAVE_STDIO_H 1
| #define HAVE_STDLIB_H 1
| #define HAVE_STRING_H 1
| #define HAVE_INTTYPES_H 1
| #define HAVE_STDINT_H 1
| #define HAVE_STRINGS_H 1
| #define HAVE_SYS_STAT_H 1
| #define HAVE_SYS_TYPES_H 1
| #define HAVE_UNISTD_H 1
| #define STDC_HEADERS 1
| #define HAVE_DLFCN_H 1
| #define LT_OBJDIR ".libs/"
| #define HAVE_ERRNO_H 1
| #define HAVE_FCNTL_H 1
| #define HAVE_GRP_H 1
| #define HAVE_LOCALE_H 1
| #define HAVE_SIGNAL_H 1
| #define HAVE_STDLIB_H 1
| #define HAVE_STRING_H 1
| #define HAVE_SYS_STAT_H 1
| #define HAVE_SYS_TIME_H 1
| #define HAVE_SYS_TYPES_H 1
| #define HAVE_SYS_WAIT_H 1
| #define HAVE_UNISTD_H 1
| #define HAVE_FDATASYNC 1
| #define HAVE_FSYNC 1
| #define HAVE_SETLOCALE 1
| #define GETTEXT_PACKAGE "xfconf"
| #define XFCONF_SERVICE_NAME_PREFIX "org.xfce"
| #define XFCONF_SERVICE_PATH_PREFIX "/org/xfce"
| #define G_LOG_USE_STRUCTURED 1
| #define GLIB_VERSION_MAX_ALLOWED GLIB_VERSION_2_66
| #define GLIB_VERSION_MIN_REQUIRED GLIB_VERSION_2_66
| #define ALIGNOF_GUCHAR 1
| /* end confdefs.h.  */
| #include <glib.h>
| 
| typedef struct { char x; gchar y; } ac__type_alignof_;
| int
| main (void)
| {
| static int test_array [1 - 2 * !(((long int) offsetof (ac__type_alignof_, y)) <= 0)];
| test_array [0] = 0;
| return test_array [0];
| 
|   ;
|   return 0;
| }
configure:15248: /home/nathan/secure-exec-wasmgui/experiments/wasm-gui/toolchain/clang-wasi-wrap.sh -c --target=wasm32-wasip1-threads --sysroot=/home/nathan/secure-exec/registry/native/c/vendor/wasi-sdk/share/wasi-sysroot -O2 -pthread -matomics -mbulk-memory -DSECURE_EXEC_WASM_THREADS -D_WASI_EMULATED_SIGNAL -D_WASI_EMULATED_MMAN -D_WASI_EMULATED_PROCESS_CLOCKS -D_GNU_SOURCE -mllvm -wasm-enable-sjlj -Wno-error=implicit-function-declaration -Wno-error=int-conversion -Wno-int-conversion -I/home/nathan/secure-exec-wasmgui/experiments/wasm-gui/toolchain/compat-include -include /home/nathan/secure-exec-wasmgui/experiments/wasm-gui/toolchain/wasi-compat.h -I/home/nathan/secure-exec-wasmgui/experiments/wasm-gui/third_party/wasm-prefix-threads/include -I/home/nathan/secure-exec-wasmgui/experiments/wasm-gui/third_party/wasm-prefix-threads/include -I/home/nathan/secure-exec-wasmgui/experiments/wasm-gui/third_party/wasm-prefix-threads/include/glib-2.0 -pthread -I/home/nathan/secure-exec-wasmgui/experiments/wasm-gui/third_party/wasm-prefix-threads/lib/glib-2.0/include -DPCRE2_STATIC  --target=wasm32-wasip1-threads --sysroot=/home/nathan/secure-exec/registry/native/c/vendor/wasi-sdk/share/wasi-sysroot -I/home/nathan/secure-exec-wasmgui/experiments/wasm-gui/third_party/wasm-prefix-threads/include -I/home/nathan/secure-exec-wasmgui/experiments/wasm-gui/toolchain/compat-include -include /home/nathan/secure-exec-wasmgui/experiments/wasm-gui/toolchain/wasi-compat.h conftest.c >&5
configure:15248: $? = 0
configure:15265: result: 1
configure:15283: checking alignment of guint16
configure:15289: /home/nathan/secure-exec-wasmgui/experiments/wasm-gui/toolchain/clang-wasi-wrap.sh -c --target=wasm32-wasip1-threads --sysroot=/home/nathan/secure-exec/registry/native/c/vendor/wasi-sdk/share/wasi-sysroot -O2 -pthread -matomics -mbulk-memory -DSECURE_EXEC_WASM_THREADS -D_WASI_EMULATED_SIGNAL -D_WASI_EMULATED_MMAN -D_WASI_EMULATED_PROCESS_CLOCKS -D_GNU_SOURCE -mllvm -wasm-enable-sjlj -Wno-error=implicit-function-declaration -Wno-error=int-conversion -Wno-int-conversion -I/home/nathan/secure-exec-wasmgui/experiments/wasm-gui/toolchain/compat-include -include /home/nathan/secure-exec-wasmgui/experiments/wasm-gui/toolchain/wasi-compat.h -I/home/nathan/secure-exec-wasmgui/experiments/wasm-gui/third_party/wasm-prefix-threads/include -I/home/nathan/secure-exec-wasmgui/experiments/wasm-gui/third_party/wasm-prefix-threads/include -I/home/nathan/secure-exec-wasmgui/experiments/wasm-gui/third_party/wasm-prefix-threads/include/glib-2.0 -pthread -I/home/nathan/secure-exec-wasmgui/experiments/wasm-gui/third_party/wasm-prefix-threads/lib/glib-2.0/include -DPCRE2_STATIC  --target=wasm32-wasip1-threads --sysroot=/home/nathan/secure-exec/registry/native/c/vendor/wasi-sdk/share/wasi-sysroot -I/home/nathan/secure-exec-wasmgui/experiments/wasm-gui/third_party/wasm-prefix-threads/include -I/home/nathan/secure-exec-wasmgui/experiments/wasm-gui/toolchain/compat-include -include /home/nathan/secure-exec-wasmgui/experiments/wasm-gui/toolchain/wasi-compat.h conftest.c >&5
configure:15289: $? = 0
configure:15289: /home/nathan/secure-exec-wasmgui/experiments/wasm-gui/toolchain/clang-wasi-wrap.sh -c --target=wasm32-wasip1-threads --sysroot=/home/nathan/secure-exec/registry/native/c/vendor/wasi-sdk/share/wasi-sysroot -O2 -pthread -matomics -mbulk-memory -DSECURE_EXEC_WASM_THREADS -D_WASI_EMULATED_SIGNAL -D_WASI_EMULATED_MMAN -D_WASI_EMULATED_PROCESS_CLOCKS -D_GNU_SOURCE -mllvm -wasm-enable-sjlj -Wno-error=implicit-function-declaration -Wno-error=int-conversion -Wno-int-conversion -I/home/nathan/secure-exec-wasmgui/experiments/wasm-gui/toolchain/compat-include -include /home/nathan/secure-exec-wasmgui/experiments/wasm-gui/toolchain/wasi-compat.h -I/home/nathan/secure-exec-wasmgui/experiments/wasm-gui/third_party/wasm-prefix-threads/include -I/home/nathan/secure-exec-wasmgui/experiments/wasm-gui/third_party/wasm-prefix-threads/include -I/home/nathan/secure-exec-wasmgui/experiments/wasm-gui/third_party/wasm-prefix-threads/include/glib-2.0 -pthread -I/home/nathan/secure-exec-wasmgui/experiments/wasm-gui/third_party/wasm-prefix-threads/lib/glib-2.0/include -DPCRE2_STATIC  --target=wasm32-wasip1-threads --sysroot=/home/nathan/secure-exec/registry/native/c/vendor/wasi-sdk/share/wasi-sysroot -I/home/nathan/secure-exec-wasmgui/experiments/wasm-gui/third_party/wasm-prefix-threads/include -I/home/nathan/secure-exec-wasmgui/experiments/wasm-gui/toolchain/compat-include -include /home/nathan/secure-exec-wasmgui/experiments/wasm-gui/toolchain/wasi-compat.h conftest.c >&5
conftest.c:52:24: error: 'test_array' declared as an array with a negative size
   52 | static int test_array [1 - 2 * !(((long int) offsetof (ac__type_alignof_, y)) <= 0)];
      |                        ^~~~~~~~~~~~~~~~~~~~~~~~~~~~~~~~~~~~~~~~~~~~~~~~~~~~~~~~~~~~
1 error generated.
configure:15289: $? = 1
configure: failed program was:
| /* confdefs.h */
| #define PACKAGE_NAME "xfconf"
| #define PACKAGE_TARNAME "xfconf"
| #define PACKAGE_VERSION "4.18.3"
| #define PACKAGE_STRING "xfconf 4.18.3"
| #define PACKAGE_BUGREPORT "https://gitlab.xfce.org/xfce/xfconf"
| #define PACKAGE_URL ""
| #define PACKAGE "xfconf"
| #define VERSION "4.18.3"
| #define HAVE_STDIO_H 1
| #define HAVE_STDLIB_H 1
| #define HAVE_STRING_H 1
| #define HAVE_INTTYPES_H 1
| #define HAVE_STDINT_H 1
| #define HAVE_STRINGS_H 1
| #define HAVE_SYS_STAT_H 1
| #define HAVE_SYS_TYPES_H 1
| #define HAVE_UNISTD_H 1
| #define STDC_HEADERS 1
| #define HAVE_DLFCN_H 1
| #define LT_OBJDIR ".libs/"
| #define HAVE_ERRNO_H 1
| #define HAVE_FCNTL_H 1
| #define HAVE_GRP_H 1
| #define HAVE_LOCALE_H 1
| #define HAVE_SIGNAL_H 1
| #define HAVE_STDLIB_H 1
| #define HAVE_STRING_H 1
| #define HAVE_SYS_STAT_H 1
| #define HAVE_SYS_TIME_H 1
| #define HAVE_SYS_TYPES_H 1
| #define HAVE_SYS_WAIT_H 1
| #define HAVE_UNISTD_H 1
| #define HAVE_FDATASYNC 1
| #define HAVE_FSYNC 1
| #define HAVE_SETLOCALE 1
| #define GETTEXT_PACKAGE "xfconf"
| #define XFCONF_SERVICE_NAME_PREFIX "org.xfce"
| #define XFCONF_SERVICE_PATH_PREFIX "/org/xfce"
| #define G_LOG_USE_STRUCTURED 1
| #define GLIB_VERSION_MAX_ALLOWED GLIB_VERSION_2_66
| #define GLIB_VERSION_MIN_REQUIRED GLIB_VERSION_2_66
| #define ALIGNOF_GUCHAR 1
| #define ALIGNOF_GCHAR 1
| /* end confdefs.h.  */
| #include <glib.h>
| 
| typedef struct { char x; guint16 y; } ac__type_alignof_;
| int
| main (void)
| {
| static int test_array [1 - 2 * !(((long int) offsetof (ac__type_alignof_, y)) <= 0)];
| test_array [0] = 0;
| return test_array [0];
| 
|   ;
|   return 0;
| }
configure:15289: /home/nathan/secure-exec-wasmgui/experiments/wasm-gui/toolchain/clang-wasi-wrap.sh -c --target=wasm32-wasip1-threads --sysroot=/home/nathan/secure-exec/registry/native/c/vendor/wasi-sdk/share/wasi-sysroot -O2 -pthread -matomics -mbulk-memory -DSECURE_EXEC_WASM_THREADS -D_WASI_EMULATED_SIGNAL -D_WASI_EMULATED_MMAN -D_WASI_EMULATED_PROCESS_CLOCKS -D_GNU_SOURCE -mllvm -wasm-enable-sjlj -Wno-error=implicit-function-declaration -Wno-error=int-conversion -Wno-int-conversion -I/home/nathan/secure-exec-wasmgui/experiments/wasm-gui/toolchain/compat-include -include /home/nathan/secure-exec-wasmgui/experiments/wasm-gui/toolchain/wasi-compat.h -I/home/nathan/secure-exec-wasmgui/experiments/wasm-gui/third_party/wasm-prefix-threads/include -I/home/nathan/secure-exec-wasmgui/experiments/wasm-gui/third_party/wasm-prefix-threads/include -I/home/nathan/secure-exec-wasmgui/experiments/wasm-gui/third_party/wasm-prefix-threads/include/glib-2.0 -pthread -I/home/nathan/secure-exec-wasmgui/experiments/wasm-gui/third_party/wasm-prefix-threads/lib/glib-2.0/include -DPCRE2_STATIC  --target=wasm32-wasip1-threads --sysroot=/home/nathan/secure-exec/registry/native/c/vendor/wasi-sdk/share/wasi-sysroot -I/home/nathan/secure-exec-wasmgui/experiments/wasm-gui/third_party/wasm-prefix-threads/include -I/home/nathan/secure-exec-wasmgui/experiments/wasm-gui/toolchain/compat-include -include /home/nathan/secure-exec-wasmgui/experiments/wasm-gui/toolchain/wasi-compat.h conftest.c >&5
conftest.c:52:24: error: 'test_array' declared as an array with a negative size
   52 | static int test_array [1 - 2 * !(((long int) offsetof (ac__type_alignof_, y)) <= 1)];
      |                        ^~~~~~~~~~~~~~~~~~~~~~~~~~~~~~~~~~~~~~~~~~~~~~~~~~~~~~~~~~~~
1 error generated.
configure:15289: $? = 1
configure: failed program was:
| /* confdefs.h */
| #define PACKAGE_NAME "xfconf"
| #define PACKAGE_TARNAME "xfconf"
| #define PACKAGE_VERSION "4.18.3"
| #define PACKAGE_STRING "xfconf 4.18.3"
| #define PACKAGE_BUGREPORT "https://gitlab.xfce.org/xfce/xfconf"
| #define PACKAGE_URL ""
| #define PACKAGE "xfconf"
| #define VERSION "4.18.3"
| #define HAVE_STDIO_H 1
| #define HAVE_STDLIB_H 1
| #define HAVE_STRING_H 1
| #define HAVE_INTTYPES_H 1
| #define HAVE_STDINT_H 1
| #define HAVE_STRINGS_H 1
| #define HAVE_SYS_STAT_H 1
| #define HAVE_SYS_TYPES_H 1
| #define HAVE_UNISTD_H 1
| #define STDC_HEADERS 1
| #define HAVE_DLFCN_H 1
| #define LT_OBJDIR ".libs/"
| #define HAVE_ERRNO_H 1
| #define HAVE_FCNTL_H 1
| #define HAVE_GRP_H 1
| #define HAVE_LOCALE_H 1
| #define HAVE_SIGNAL_H 1
| #define HAVE_STDLIB_H 1
| #define HAVE_STRING_H 1
| #define HAVE_SYS_STAT_H 1
| #define HAVE_SYS_TIME_H 1
| #define HAVE_SYS_TYPES_H 1
| #define HAVE_SYS_WAIT_H 1
| #define HAVE_UNISTD_H 1
| #define HAVE_FDATASYNC 1
| #define HAVE_FSYNC 1
| #define HAVE_SETLOCALE 1
| #define GETTEXT_PACKAGE "xfconf"
| #define XFCONF_SERVICE_NAME_PREFIX "org.xfce"
| #define XFCONF_SERVICE_PATH_PREFIX "/org/xfce"
| #define G_LOG_USE_STRUCTURED 1
| #define GLIB_VERSION_MAX_ALLOWED GLIB_VERSION_2_66
| #define GLIB_VERSION_MIN_REQUIRED GLIB_VERSION_2_66
| #define ALIGNOF_GUCHAR 1
| #define ALIGNOF_GCHAR 1
| /* end confdefs.h.  */
| #include <glib.h>
| 
| typedef struct { char x; guint16 y; } ac__type_alignof_;
| int
| main (void)
| {
| static int test_array [1 - 2 * !(((long int) offsetof (ac__type_alignof_, y)) <= 1)];
| test_array [0] = 0;
| return test_array [0];
| 
|   ;
|   return 0;
| }
configure:15289: /home/nathan/secure-exec-wasmgui/experiments/wasm-gui/toolchain/clang-wasi-wrap.sh -c --target=wasm32-wasip1-threads --sysroot=/home/nathan/secure-exec/registry/native/c/vendor/wasi-sdk/share/wasi-sysroot -O2 -pthread -matomics -mbulk-memory -DSECURE_EXEC_WASM_THREADS -D_WASI_EMULATED_SIGNAL -D_WASI_EMULATED_MMAN -D_WASI_EMULATED_PROCESS_CLOCKS -D_GNU_SOURCE -mllvm -wasm-enable-sjlj -Wno-error=implicit-function-declaration -Wno-error=int-conversion -Wno-int-conversion -I/home/nathan/secure-exec-wasmgui/experiments/wasm-gui/toolchain/compat-include -include /home/nathan/secure-exec-wasmgui/experiments/wasm-gui/toolchain/wasi-compat.h -I/home/nathan/secure-exec-wasmgui/experiments/wasm-gui/third_party/wasm-prefix-threads/include -I/home/nathan/secure-exec-wasmgui/experiments/wasm-gui/third_party/wasm-prefix-threads/include -I/home/nathan/secure-exec-wasmgui/experiments/wasm-gui/third_party/wasm-prefix-threads/include/glib-2.0 -pthread -I/home/nathan/secure-exec-wasmgui/experiments/wasm-gui/third_party/wasm-prefix-threads/lib/glib-2.0/include -DPCRE2_STATIC  --target=wasm32-wasip1-threads --sysroot=/home/nathan/secure-exec/registry/native/c/vendor/wasi-sdk/share/wasi-sysroot -I/home/nathan/secure-exec-wasmgui/experiments/wasm-gui/third_party/wasm-prefix-threads/include -I/home/nathan/secure-exec-wasmgui/experiments/wasm-gui/toolchain/compat-include -include /home/nathan/secure-exec-wasmgui/experiments/wasm-gui/toolchain/wasi-compat.h conftest.c >&5
configure:15289: $? = 0
configure:15289: /home/nathan/secure-exec-wasmgui/experiments/wasm-gui/toolchain/clang-wasi-wrap.sh -c --target=wasm32-wasip1-threads --sysroot=/home/nathan/secure-exec/registry/native/c/vendor/wasi-sdk/share/wasi-sysroot -O2 -pthread -matomics -mbulk-memory -DSECURE_EXEC_WASM_THREADS -D_WASI_EMULATED_SIGNAL -D_WASI_EMULATED_MMAN -D_WASI_EMULATED_PROCESS_CLOCKS -D_GNU_SOURCE -mllvm -wasm-enable-sjlj -Wno-error=implicit-function-declaration -Wno-error=int-conversion -Wno-int-conversion -I/home/nathan/secure-exec-wasmgui/experiments/wasm-gui/toolchain/compat-include -include /home/nathan/secure-exec-wasmgui/experiments/wasm-gui/toolchain/wasi-compat.h -I/home/nathan/secure-exec-wasmgui/experiments/wasm-gui/third_party/wasm-prefix-threads/include -I/home/nathan/secure-exec-wasmgui/experiments/wasm-gui/third_party/wasm-prefix-threads/include -I/home/nathan/secure-exec-wasmgui/experiments/wasm-gui/third_party/wasm-prefix-threads/include/glib-2.0 -pthread -I/home/nathan/secure-exec-wasmgui/experiments/wasm-gui/third_party/wasm-prefix-threads/lib/glib-2.0/include -DPCRE2_STATIC  --target=wasm32-wasip1-threads --sysroot=/home/nathan/secure-exec/registry/native/c/vendor/wasi-sdk/share/wasi-sysroot -I/home/nathan/secure-exec-wasmgui/experiments/wasm-gui/third_party/wasm-prefix-threads/include -I/home/nathan/secure-exec-wasmgui/experiments/wasm-gui/toolchain/compat-include -include /home/nathan/secure-exec-wasmgui/experiments/wasm-gui/toolchain/wasi-compat.h conftest.c >&5
configure:15289: $? = 0
configure:15306: result: 2
configure:15324: checking alignment of gint16
configure:15330: /home/nathan/secure-exec-wasmgui/experiments/wasm-gui/toolchain/clang-wasi-wrap.sh -c --target=wasm32-wasip1-threads --sysroot=/home/nathan/secure-exec/registry/native/c/vendor/wasi-sdk/share/wasi-sysroot -O2 -pthread -matomics -mbulk-memory -DSECURE_EXEC_WASM_THREADS -D_WASI_EMULATED_SIGNAL -D_WASI_EMULATED_MMAN -D_WASI_EMULATED_PROCESS_CLOCKS -D_GNU_SOURCE -mllvm -wasm-enable-sjlj -Wno-error=implicit-function-declaration -Wno-error=int-conversion -Wno-int-conversion -I/home/nathan/secure-exec-wasmgui/experiments/wasm-gui/toolchain/compat-include -include /home/nathan/secure-exec-wasmgui/experiments/wasm-gui/toolchain/wasi-compat.h -I/home/nathan/secure-exec-wasmgui/experiments/wasm-gui/third_party/wasm-prefix-threads/include -I/home/nathan/secure-exec-wasmgui/experiments/wasm-gui/third_party/wasm-prefix-threads/include -I/home/nathan/secure-exec-wasmgui/experiments/wasm-gui/third_party/wasm-prefix-threads/include/glib-2.0 -pthread -I/home/nathan/secure-exec-wasmgui/experiments/wasm-gui/third_party/wasm-prefix-threads/lib/glib-2.0/include -DPCRE2_STATIC  --target=wasm32-wasip1-threads --sysroot=/home/nathan/secure-exec/registry/native/c/vendor/wasi-sdk/share/wasi-sysroot -I/home/nathan/secure-exec-wasmgui/experiments/wasm-gui/third_party/wasm-prefix-threads/include -I/home/nathan/secure-exec-wasmgui/experiments/wasm-gui/toolchain/compat-include -include /home/nathan/secure-exec-wasmgui/experiments/wasm-gui/toolchain/wasi-compat.h conftest.c >&5
configure:15330: $? = 0
configure:15330: /home/nathan/secure-exec-wasmgui/experiments/wasm-gui/toolchain/clang-wasi-wrap.sh -c --target=wasm32-wasip1-threads --sysroot=/home/nathan/secure-exec/registry/native/c/vendor/wasi-sdk/share/wasi-sysroot -O2 -pthread -matomics -mbulk-memory -DSECURE_EXEC_WASM_THREADS -D_WASI_EMULATED_SIGNAL -D_WASI_EMULATED_MMAN -D_WASI_EMULATED_PROCESS_CLOCKS -D_GNU_SOURCE -mllvm -wasm-enable-sjlj -Wno-error=implicit-function-declaration -Wno-error=int-conversion -Wno-int-conversion -I/home/nathan/secure-exec-wasmgui/experiments/wasm-gui/toolchain/compat-include -include /home/nathan/secure-exec-wasmgui/experiments/wasm-gui/toolchain/wasi-compat.h -I/home/nathan/secure-exec-wasmgui/experiments/wasm-gui/third_party/wasm-prefix-threads/include -I/home/nathan/secure-exec-wasmgui/experiments/wasm-gui/third_party/wasm-prefix-threads/include -I/home/nathan/secure-exec-wasmgui/experiments/wasm-gui/third_party/wasm-prefix-threads/include/glib-2.0 -pthread -I/home/nathan/secure-exec-wasmgui/experiments/wasm-gui/third_party/wasm-prefix-threads/lib/glib-2.0/include -DPCRE2_STATIC  --target=wasm32-wasip1-threads --sysroot=/home/nathan/secure-exec/registry/native/c/vendor/wasi-sdk/share/wasi-sysroot -I/home/nathan/secure-exec-wasmgui/experiments/wasm-gui/third_party/wasm-prefix-threads/include -I/home/nathan/secure-exec-wasmgui/experiments/wasm-gui/toolchain/compat-include -include /home/nathan/secure-exec-wasmgui/experiments/wasm-gui/toolchain/wasi-compat.h conftest.c >&5
conftest.c:53:24: error: 'test_array' declared as an array with a negative size
   53 | static int test_array [1 - 2 * !(((long int) offsetof (ac__type_alignof_, y)) <= 0)];
      |                        ^~~~~~~~~~~~~~~~~~~~~~~~~~~~~~~~~~~~~~~~~~~~~~~~~~~~~~~~~~~~
1 error generated.
configure:15330: $? = 1
configure: failed program was:
| /* confdefs.h */
| #define PACKAGE_NAME "xfconf"
| #define PACKAGE_TARNAME "xfconf"
| #define PACKAGE_VERSION "4.18.3"
| #define PACKAGE_STRING "xfconf 4.18.3"
| #define PACKAGE_BUGREPORT "https://gitlab.xfce.org/xfce/xfconf"
| #define PACKAGE_URL ""
| #define PACKAGE "xfconf"
| #define VERSION "4.18.3"
| #define HAVE_STDIO_H 1
| #define HAVE_STDLIB_H 1
| #define HAVE_STRING_H 1
| #define HAVE_INTTYPES_H 1
| #define HAVE_STDINT_H 1
| #define HAVE_STRINGS_H 1
| #define HAVE_SYS_STAT_H 1
| #define HAVE_SYS_TYPES_H 1
| #define HAVE_UNISTD_H 1
| #define STDC_HEADERS 1
| #define HAVE_DLFCN_H 1
| #define LT_OBJDIR ".libs/"
| #define HAVE_ERRNO_H 1
| #define HAVE_FCNTL_H 1
| #define HAVE_GRP_H 1
| #define HAVE_LOCALE_H 1
| #define HAVE_SIGNAL_H 1
| #define HAVE_STDLIB_H 1
| #define HAVE_STRING_H 1
| #define HAVE_SYS_STAT_H 1
| #define HAVE_SYS_TIME_H 1
| #define HAVE_SYS_TYPES_H 1
| #define HAVE_SYS_WAIT_H 1
| #define HAVE_UNISTD_H 1
| #define HAVE_FDATASYNC 1
| #define HAVE_FSYNC 1
| #define HAVE_SETLOCALE 1
| #define GETTEXT_PACKAGE "xfconf"
| #define XFCONF_SERVICE_NAME_PREFIX "org.xfce"
| #define XFCONF_SERVICE_PATH_PREFIX "/org/xfce"
| #define G_LOG_USE_STRUCTURED 1
| #define GLIB_VERSION_MAX_ALLOWED GLIB_VERSION_2_66
| #define GLIB_VERSION_MIN_REQUIRED GLIB_VERSION_2_66
| #define ALIGNOF_GUCHAR 1
| #define ALIGNOF_GCHAR 1
| #define ALIGNOF_GUINT16 2
| /* end confdefs.h.  */
| #include <glib.h>
| 
| typedef struct { char x; gint16 y; } ac__type_alignof_;
| int
| main (void)
| {
| static int test_array [1 - 2 * !(((long int) offsetof (ac__type_alignof_, y)) <= 0)];
| test_array [0] = 0;
| return test_array [0];
| 
|   ;
|   return 0;
| }
configure:15330: /home/nathan/secure-exec-wasmgui/experiments/wasm-gui/toolchain/clang-wasi-wrap.sh -c --target=wasm32-wasip1-threads --sysroot=/home/nathan/secure-exec/registry/native/c/vendor/wasi-sdk/share/wasi-sysroot -O2 -pthread -matomics -mbulk-memory -DSECURE_EXEC_WASM_THREADS -D_WASI_EMULATED_SIGNAL -D_WASI_EMULATED_MMAN -D_WASI_EMULATED_PROCESS_CLOCKS -D_GNU_SOURCE -mllvm -wasm-enable-sjlj -Wno-error=implicit-function-declaration -Wno-error=int-conversion -Wno-int-conversion -I/home/nathan/secure-exec-wasmgui/experiments/wasm-gui/toolchain/compat-include -include /home/nathan/secure-exec-wasmgui/experiments/wasm-gui/toolchain/wasi-compat.h -I/home/nathan/secure-exec-wasmgui/experiments/wasm-gui/third_party/wasm-prefix-threads/include -I/home/nathan/secure-exec-wasmgui/experiments/wasm-gui/third_party/wasm-prefix-threads/include -I/home/nathan/secure-exec-wasmgui/experiments/wasm-gui/third_party/wasm-prefix-threads/include/glib-2.0 -pthread -I/home/nathan/secure-exec-wasmgui/experiments/wasm-gui/third_party/wasm-prefix-threads/lib/glib-2.0/include -DPCRE2_STATIC  --target=wasm32-wasip1-threads --sysroot=/home/nathan/secure-exec/registry/native/c/vendor/wasi-sdk/share/wasi-sysroot -I/home/nathan/secure-exec-wasmgui/experiments/wasm-gui/third_party/wasm-prefix-threads/include -I/home/nathan/secure-exec-wasmgui/experiments/wasm-gui/toolchain/compat-include -include /home/nathan/secure-exec-wasmgui/experiments/wasm-gui/toolchain/wasi-compat.h conftest.c >&5
conftest.c:53:24: error: 'test_array' declared as an array with a negative size
   53 | static int test_array [1 - 2 * !(((long int) offsetof (ac__type_alignof_, y)) <= 1)];
      |                        ^~~~~~~~~~~~~~~~~~~~~~~~~~~~~~~~~~~~~~~~~~~~~~~~~~~~~~~~~~~~
1 error generated.
configure:15330: $? = 1
configure: failed program was:
| /* confdefs.h */
| #define PACKAGE_NAME "xfconf"
| #define PACKAGE_TARNAME "xfconf"
| #define PACKAGE_VERSION "4.18.3"
| #define PACKAGE_STRING "xfconf 4.18.3"
| #define PACKAGE_BUGREPORT "https://gitlab.xfce.org/xfce/xfconf"
| #define PACKAGE_URL ""
| #define PACKAGE "xfconf"
| #define VERSION "4.18.3"
| #define HAVE_STDIO_H 1
| #define HAVE_STDLIB_H 1
| #define HAVE_STRING_H 1
| #define HAVE_INTTYPES_H 1
| #define HAVE_STDINT_H 1
| #define HAVE_STRINGS_H 1
| #define HAVE_SYS_STAT_H 1
| #define HAVE_SYS_TYPES_H 1
| #define HAVE_UNISTD_H 1
| #define STDC_HEADERS 1
| #define HAVE_DLFCN_H 1
| #define LT_OBJDIR ".libs/"
| #define HAVE_ERRNO_H 1
| #define HAVE_FCNTL_H 1
| #define HAVE_GRP_H 1
| #define HAVE_LOCALE_H 1
| #define HAVE_SIGNAL_H 1
| #define HAVE_STDLIB_H 1
| #define HAVE_STRING_H 1
| #define HAVE_SYS_STAT_H 1
| #define HAVE_SYS_TIME_H 1
| #define HAVE_SYS_TYPES_H 1
| #define HAVE_SYS_WAIT_H 1
| #define HAVE_UNISTD_H 1
| #define HAVE_FDATASYNC 1
| #define HAVE_FSYNC 1
| #define HAVE_SETLOCALE 1
| #define GETTEXT_PACKAGE "xfconf"
| #define XFCONF_SERVICE_NAME_PREFIX "org.xfce"
| #define XFCONF_SERVICE_PATH_PREFIX "/org/xfce"
| #define G_LOG_USE_STRUCTURED 1
| #define GLIB_VERSION_MAX_ALLOWED GLIB_VERSION_2_66
| #define GLIB_VERSION_MIN_REQUIRED GLIB_VERSION_2_66
| #define ALIGNOF_GUCHAR 1
| #define ALIGNOF_GCHAR 1
| #define ALIGNOF_GUINT16 2
| /* end confdefs.h.  */
| #include <glib.h>
| 
| typedef struct { char x; gint16 y; } ac__type_alignof_;
| int
| main (void)
| {
| static int test_array [1 - 2 * !(((long int) offsetof (ac__type_alignof_, y)) <= 1)];
| test_array [0] = 0;
| return test_array [0];
| 
|   ;
|   return 0;
| }
configure:15330: /home/nathan/secure-exec-wasmgui/experiments/wasm-gui/toolchain/clang-wasi-wrap.sh -c --target=wasm32-wasip1-threads --sysroot=/home/nathan/secure-exec/registry/native/c/vendor/wasi-sdk/share/wasi-sysroot -O2 -pthread -matomics -mbulk-memory -DSECURE_EXEC_WASM_THREADS -D_WASI_EMULATED_SIGNAL -D_WASI_EMULATED_MMAN -D_WASI_EMULATED_PROCESS_CLOCKS -D_GNU_SOURCE -mllvm -wasm-enable-sjlj -Wno-error=implicit-function-declaration -Wno-error=int-conversion -Wno-int-conversion -I/home/nathan/secure-exec-wasmgui/experiments/wasm-gui/toolchain/compat-include -include /home/nathan/secure-exec-wasmgui/experiments/wasm-gui/toolchain/wasi-compat.h -I/home/nathan/secure-exec-wasmgui/experiments/wasm-gui/third_party/wasm-prefix-threads/include -I/home/nathan/secure-exec-wasmgui/experiments/wasm-gui/third_party/wasm-prefix-threads/include -I/home/nathan/secure-exec-wasmgui/experiments/wasm-gui/third_party/wasm-prefix-threads/include/glib-2.0 -pthread -I/home/nathan/secure-exec-wasmgui/experiments/wasm-gui/third_party/wasm-prefix-threads/lib/glib-2.0/include -DPCRE2_STATIC  --target=wasm32-wasip1-threads --sysroot=/home/nathan/secure-exec/registry/native/c/vendor/wasi-sdk/share/wasi-sysroot -I/home/nathan/secure-exec-wasmgui/experiments/wasm-gui/third_party/wasm-prefix-threads/include -I/home/nathan/secure-exec-wasmgui/experiments/wasm-gui/toolchain/compat-include -include /home/nathan/secure-exec-wasmgui/experiments/wasm-gui/toolchain/wasi-compat.h conftest.c >&5
configure:15330: $? = 0
configure:15330: /home/nathan/secure-exec-wasmgui/experiments/wasm-gui/toolchain/clang-wasi-wrap.sh -c --target=wasm32-wasip1-threads --sysroot=/home/nathan/secure-exec/registry/native/c/vendor/wasi-sdk/share/wasi-sysroot -O2 -pthread -matomics -mbulk-memory -DSECURE_EXEC_WASM_THREADS -D_WASI_EMULATED_SIGNAL -D_WASI_EMULATED_MMAN -D_WASI_EMULATED_PROCESS_CLOCKS -D_GNU_SOURCE -mllvm -wasm-enable-sjlj -Wno-error=implicit-function-declaration -Wno-error=int-conversion -Wno-int-conversion -I/home/nathan/secure-exec-wasmgui/experiments/wasm-gui/toolchain/compat-include -include /home/nathan/secure-exec-wasmgui/experiments/wasm-gui/toolchain/wasi-compat.h -I/home/nathan/secure-exec-wasmgui/experiments/wasm-gui/third_party/wasm-prefix-threads/include -I/home/nathan/secure-exec-wasmgui/experiments/wasm-gui/third_party/wasm-prefix-threads/include -I/home/nathan/secure-exec-wasmgui/experiments/wasm-gui/third_party/wasm-prefix-threads/include/glib-2.0 -pthread -I/home/nathan/secure-exec-wasmgui/experiments/wasm-gui/third_party/wasm-prefix-threads/lib/glib-2.0/include -DPCRE2_STATIC  --target=wasm32-wasip1-threads --sysroot=/home/nathan/secure-exec/registry/native/c/vendor/wasi-sdk/share/wasi-sysroot -I/home/nathan/secure-exec-wasmgui/experiments/wasm-gui/third_party/wasm-prefix-threads/include -I/home/nathan/secure-exec-wasmgui/experiments/wasm-gui/toolchain/compat-include -include /home/nathan/secure-exec-wasmgui/experiments/wasm-gui/toolchain/wasi-compat.h conftest.c >&5
configure:15330: $? = 0
configure:15347: result: 2
configure:15365: checking alignment of guint32
configure:15371: /home/nathan/secure-exec-wasmgui/experiments/wasm-gui/toolchain/clang-wasi-wrap.sh -c --target=wasm32-wasip1-threads --sysroot=/home/nathan/secure-exec/registry/native/c/vendor/wasi-sdk/share/wasi-sysroot -O2 -pthread -matomics -mbulk-memory -DSECURE_EXEC_WASM_THREADS -D_WASI_EMULATED_SIGNAL -D_WASI_EMULATED_MMAN -D_WASI_EMULATED_PROCESS_CLOCKS -D_GNU_SOURCE -mllvm -wasm-enable-sjlj -Wno-error=implicit-function-declaration -Wno-error=int-conversion -Wno-int-conversion -I/home/nathan/secure-exec-wasmgui/experiments/wasm-gui/toolchain/compat-include -include /home/nathan/secure-exec-wasmgui/experiments/wasm-gui/toolchain/wasi-compat.h -I/home/nathan/secure-exec-wasmgui/experiments/wasm-gui/third_party/wasm-prefix-threads/include -I/home/nathan/secure-exec-wasmgui/experiments/wasm-gui/third_party/wasm-prefix-threads/include -I/home/nathan/secure-exec-wasmgui/experiments/wasm-gui/third_party/wasm-prefix-threads/include/glib-2.0 -pthread -I/home/nathan/secure-exec-wasmgui/experiments/wasm-gui/third_party/wasm-prefix-threads/lib/glib-2.0/include -DPCRE2_STATIC  --target=wasm32-wasip1-threads --sysroot=/home/nathan/secure-exec/registry/native/c/vendor/wasi-sdk/share/wasi-sysroot -I/home/nathan/secure-exec-wasmgui/experiments/wasm-gui/third_party/wasm-prefix-threads/include -I/home/nathan/secure-exec-wasmgui/experiments/wasm-gui/toolchain/compat-include -include /home/nathan/secure-exec-wasmgui/experiments/wasm-gui/toolchain/wasi-compat.h conftest.c >&5
configure:15371: $? = 0
configure:15371: /home/nathan/secure-exec-wasmgui/experiments/wasm-gui/toolchain/clang-wasi-wrap.sh -c --target=wasm32-wasip1-threads --sysroot=/home/nathan/secure-exec/registry/native/c/vendor/wasi-sdk/share/wasi-sysroot -O2 -pthread -matomics -mbulk-memory -DSECURE_EXEC_WASM_THREADS -D_WASI_EMULATED_SIGNAL -D_WASI_EMULATED_MMAN -D_WASI_EMULATED_PROCESS_CLOCKS -D_GNU_SOURCE -mllvm -wasm-enable-sjlj -Wno-error=implicit-function-declaration -Wno-error=int-conversion -Wno-int-conversion -I/home/nathan/secure-exec-wasmgui/experiments/wasm-gui/toolchain/compat-include -include /home/nathan/secure-exec-wasmgui/experiments/wasm-gui/toolchain/wasi-compat.h -I/home/nathan/secure-exec-wasmgui/experiments/wasm-gui/third_party/wasm-prefix-threads/include -I/home/nathan/secure-exec-wasmgui/experiments/wasm-gui/third_party/wasm-prefix-threads/include -I/home/nathan/secure-exec-wasmgui/experiments/wasm-gui/third_party/wasm-prefix-threads/include/glib-2.0 -pthread -I/home/nathan/secure-exec-wasmgui/experiments/wasm-gui/third_party/wasm-prefix-threads/lib/glib-2.0/include -DPCRE2_STATIC  --target=wasm32-wasip1-threads --sysroot=/home/nathan/secure-exec/registry/native/c/vendor/wasi-sdk/share/wasi-sysroot -I/home/nathan/secure-exec-wasmgui/experiments/wasm-gui/third_party/wasm-prefix-threads/include -I/home/nathan/secure-exec-wasmgui/experiments/wasm-gui/toolchain/compat-include -include /home/nathan/secure-exec-wasmgui/experiments/wasm-gui/toolchain/wasi-compat.h conftest.c >&5
conftest.c:54:24: error: 'test_array' declared as an array with a negative size
   54 | static int test_array [1 - 2 * !(((long int) offsetof (ac__type_alignof_, y)) <= 0)];
      |                        ^~~~~~~~~~~~~~~~~~~~~~~~~~~~~~~~~~~~~~~~~~~~~~~~~~~~~~~~~~~~
1 error generated.
configure:15371: $? = 1
configure: failed program was:
| /* confdefs.h */
| #define PACKAGE_NAME "xfconf"
| #define PACKAGE_TARNAME "xfconf"
| #define PACKAGE_VERSION "4.18.3"
| #define PACKAGE_STRING "xfconf 4.18.3"
| #define PACKAGE_BUGREPORT "https://gitlab.xfce.org/xfce/xfconf"
| #define PACKAGE_URL ""
| #define PACKAGE "xfconf"
| #define VERSION "4.18.3"
| #define HAVE_STDIO_H 1
| #define HAVE_STDLIB_H 1
| #define HAVE_STRING_H 1
| #define HAVE_INTTYPES_H 1
| #define HAVE_STDINT_H 1
| #define HAVE_STRINGS_H 1
| #define HAVE_SYS_STAT_H 1
| #define HAVE_SYS_TYPES_H 1
| #define HAVE_UNISTD_H 1
| #define STDC_HEADERS 1
| #define HAVE_DLFCN_H 1
| #define LT_OBJDIR ".libs/"
| #define HAVE_ERRNO_H 1
| #define HAVE_FCNTL_H 1
| #define HAVE_GRP_H 1
| #define HAVE_LOCALE_H 1
| #define HAVE_SIGNAL_H 1
| #define HAVE_STDLIB_H 1
| #define HAVE_STRING_H 1
| #define HAVE_SYS_STAT_H 1
| #define HAVE_SYS_TIME_H 1
| #define HAVE_SYS_TYPES_H 1
| #define HAVE_SYS_WAIT_H 1
| #define HAVE_UNISTD_H 1
| #define HAVE_FDATASYNC 1
| #define HAVE_FSYNC 1
| #define HAVE_SETLOCALE 1
| #define GETTEXT_PACKAGE "xfconf"
| #define XFCONF_SERVICE_NAME_PREFIX "org.xfce"
| #define XFCONF_SERVICE_PATH_PREFIX "/org/xfce"
| #define G_LOG_USE_STRUCTURED 1
| #define GLIB_VERSION_MAX_ALLOWED GLIB_VERSION_2_66
| #define GLIB_VERSION_MIN_REQUIRED GLIB_VERSION_2_66
| #define ALIGNOF_GUCHAR 1
| #define ALIGNOF_GCHAR 1
| #define ALIGNOF_GUINT16 2
| #define ALIGNOF_GINT16 2
| /* end confdefs.h.  */
| #include <glib.h>
| 
| typedef struct { char x; guint32 y; } ac__type_alignof_;
| int
| main (void)
| {
| static int test_array [1 - 2 * !(((long int) offsetof (ac__type_alignof_, y)) <= 0)];
| test_array [0] = 0;
| return test_array [0];
| 
|   ;
|   return 0;
| }
configure:15371: /home/nathan/secure-exec-wasmgui/experiments/wasm-gui/toolchain/clang-wasi-wrap.sh -c --target=wasm32-wasip1-threads --sysroot=/home/nathan/secure-exec/registry/native/c/vendor/wasi-sdk/share/wasi-sysroot -O2 -pthread -matomics -mbulk-memory -DSECURE_EXEC_WASM_THREADS -D_WASI_EMULATED_SIGNAL -D_WASI_EMULATED_MMAN -D_WASI_EMULATED_PROCESS_CLOCKS -D_GNU_SOURCE -mllvm -wasm-enable-sjlj -Wno-error=implicit-function-declaration -Wno-error=int-conversion -Wno-int-conversion -I/home/nathan/secure-exec-wasmgui/experiments/wasm-gui/toolchain/compat-include -include /home/nathan/secure-exec-wasmgui/experiments/wasm-gui/toolchain/wasi-compat.h -I/home/nathan/secure-exec-wasmgui/experiments/wasm-gui/third_party/wasm-prefix-threads/include -I/home/nathan/secure-exec-wasmgui/experiments/wasm-gui/third_party/wasm-prefix-threads/include -I/home/nathan/secure-exec-wasmgui/experiments/wasm-gui/third_party/wasm-prefix-threads/include/glib-2.0 -pthread -I/home/nathan/secure-exec-wasmgui/experiments/wasm-gui/third_party/wasm-prefix-threads/lib/glib-2.0/include -DPCRE2_STATIC  --target=wasm32-wasip1-threads --sysroot=/home/nathan/secure-exec/registry/native/c/vendor/wasi-sdk/share/wasi-sysroot -I/home/nathan/secure-exec-wasmgui/experiments/wasm-gui/third_party/wasm-prefix-threads/include -I/home/nathan/secure-exec-wasmgui/experiments/wasm-gui/toolchain/compat-include -include /home/nathan/secure-exec-wasmgui/experiments/wasm-gui/toolchain/wasi-compat.h conftest.c >&5
conftest.c:54:24: error: 'test_array' declared as an array with a negative size
   54 | static int test_array [1 - 2 * !(((long int) offsetof (ac__type_alignof_, y)) <= 1)];
      |                        ^~~~~~~~~~~~~~~~~~~~~~~~~~~~~~~~~~~~~~~~~~~~~~~~~~~~~~~~~~~~
1 error generated.
configure:15371: $? = 1
configure: failed program was:
| /* confdefs.h */
| #define PACKAGE_NAME "xfconf"
| #define PACKAGE_TARNAME "xfconf"
| #define PACKAGE_VERSION "4.18.3"
| #define PACKAGE_STRING "xfconf 4.18.3"
| #define PACKAGE_BUGREPORT "https://gitlab.xfce.org/xfce/xfconf"
| #define PACKAGE_URL ""
| #define PACKAGE "xfconf"
| #define VERSION "4.18.3"
| #define HAVE_STDIO_H 1
| #define HAVE_STDLIB_H 1
| #define HAVE_STRING_H 1
| #define HAVE_INTTYPES_H 1
| #define HAVE_STDINT_H 1
| #define HAVE_STRINGS_H 1
| #define HAVE_SYS_STAT_H 1
| #define HAVE_SYS_TYPES_H 1
| #define HAVE_UNISTD_H 1
| #define STDC_HEADERS 1
| #define HAVE_DLFCN_H 1
| #define LT_OBJDIR ".libs/"
| #define HAVE_ERRNO_H 1
| #define HAVE_FCNTL_H 1
| #define HAVE_GRP_H 1
| #define HAVE_LOCALE_H 1
| #define HAVE_SIGNAL_H 1
| #define HAVE_STDLIB_H 1
| #define HAVE_STRING_H 1
| #define HAVE_SYS_STAT_H 1
| #define HAVE_SYS_TIME_H 1
| #define HAVE_SYS_TYPES_H 1
| #define HAVE_SYS_WAIT_H 1
| #define HAVE_UNISTD_H 1
| #define HAVE_FDATASYNC 1
| #define HAVE_FSYNC 1
| #define HAVE_SETLOCALE 1
| #define GETTEXT_PACKAGE "xfconf"
| #define XFCONF_SERVICE_NAME_PREFIX "org.xfce"
| #define XFCONF_SERVICE_PATH_PREFIX "/org/xfce"
| #define G_LOG_USE_STRUCTURED 1
| #define GLIB_VERSION_MAX_ALLOWED GLIB_VERSION_2_66
| #define GLIB_VERSION_MIN_REQUIRED GLIB_VERSION_2_66
| #define ALIGNOF_GUCHAR 1
| #define ALIGNOF_GCHAR 1
| #define ALIGNOF_GUINT16 2
| #define ALIGNOF_GINT16 2
| /* end confdefs.h.  */
| #include <glib.h>
| 
| typedef struct { char x; guint32 y; } ac__type_alignof_;
| int
| main (void)
| {
| static int test_array [1 - 2 * !(((long int) offsetof (ac__type_alignof_, y)) <= 1)];
| test_array [0] = 0;
| return test_array [0];
| 
|   ;
|   return 0;
| }
configure:15371: /home/nathan/secure-exec-wasmgui/experiments/wasm-gui/toolchain/clang-wasi-wrap.sh -c --target=wasm32-wasip1-threads --sysroot=/home/nathan/secure-exec/registry/native/c/vendor/wasi-sdk/share/wasi-sysroot -O2 -pthread -matomics -mbulk-memory -DSECURE_EXEC_WASM_THREADS -D_WASI_EMULATED_SIGNAL -D_WASI_EMULATED_MMAN -D_WASI_EMULATED_PROCESS_CLOCKS -D_GNU_SOURCE -mllvm -wasm-enable-sjlj -Wno-error=implicit-function-declaration -Wno-error=int-conversion -Wno-int-conversion -I/home/nathan/secure-exec-wasmgui/experiments/wasm-gui/toolchain/compat-include -include /home/nathan/secure-exec-wasmgui/experiments/wasm-gui/toolchain/wasi-compat.h -I/home/nathan/secure-exec-wasmgui/experiments/wasm-gui/third_party/wasm-prefix-threads/include -I/home/nathan/secure-exec-wasmgui/experiments/wasm-gui/third_party/wasm-prefix-threads/include -I/home/nathan/secure-exec-wasmgui/experiments/wasm-gui/third_party/wasm-prefix-threads/include/glib-2.0 -pthread -I/home/nathan/secure-exec-wasmgui/experiments/wasm-gui/third_party/wasm-prefix-threads/lib/glib-2.0/include -DPCRE2_STATIC  --target=wasm32-wasip1-threads --sysroot=/home/nathan/secure-exec/registry/native/c/vendor/wasi-sdk/share/wasi-sysroot -I/home/nathan/secure-exec-wasmgui/experiments/wasm-gui/third_party/wasm-prefix-threads/include -I/home/nathan/secure-exec-wasmgui/experiments/wasm-gui/toolchain/compat-include -include /home/nathan/secure-exec-wasmgui/experiments/wasm-gui/toolchain/wasi-compat.h conftest.c >&5
conftest.c:54:24: error: 'test_array' declared as an array with a negative size
   54 | static int test_array [1 - 2 * !(((long int) offsetof (ac__type_alignof_, y)) <= 3)];
      |                        ^~~~~~~~~~~~~~~~~~~~~~~~~~~~~~~~~~~~~~~~~~~~~~~~~~~~~~~~~~~~
1 error generated.
configure:15371: $? = 1
configure: failed program was:
| /* confdefs.h */
| #define PACKAGE_NAME "xfconf"
| #define PACKAGE_TARNAME "xfconf"
| #define PACKAGE_VERSION "4.18.3"
| #define PACKAGE_STRING "xfconf 4.18.3"
| #define PACKAGE_BUGREPORT "https://gitlab.xfce.org/xfce/xfconf"
| #define PACKAGE_URL ""
| #define PACKAGE "xfconf"
| #define VERSION "4.18.3"
| #define HAVE_STDIO_H 1
| #define HAVE_STDLIB_H 1
| #define HAVE_STRING_H 1
| #define HAVE_INTTYPES_H 1
| #define HAVE_STDINT_H 1
| #define HAVE_STRINGS_H 1
| #define HAVE_SYS_STAT_H 1
| #define HAVE_SYS_TYPES_H 1
| #define HAVE_UNISTD_H 1
| #define STDC_HEADERS 1
| #define HAVE_DLFCN_H 1
| #define LT_OBJDIR ".libs/"
| #define HAVE_ERRNO_H 1
| #define HAVE_FCNTL_H 1
| #define HAVE_GRP_H 1
| #define HAVE_LOCALE_H 1
| #define HAVE_SIGNAL_H 1
| #define HAVE_STDLIB_H 1
| #define HAVE_STRING_H 1
| #define HAVE_SYS_STAT_H 1
| #define HAVE_SYS_TIME_H 1
| #define HAVE_SYS_TYPES_H 1
| #define HAVE_SYS_WAIT_H 1
| #define HAVE_UNISTD_H 1
| #define HAVE_FDATASYNC 1
| #define HAVE_FSYNC 1
| #define HAVE_SETLOCALE 1
| #define GETTEXT_PACKAGE "xfconf"
| #define XFCONF_SERVICE_NAME_PREFIX "org.xfce"
| #define XFCONF_SERVICE_PATH_PREFIX "/org/xfce"
| #define G_LOG_USE_STRUCTURED 1
| #define GLIB_VERSION_MAX_ALLOWED GLIB_VERSION_2_66
| #define GLIB_VERSION_MIN_REQUIRED GLIB_VERSION_2_66
| #define ALIGNOF_GUCHAR 1
| #define ALIGNOF_GCHAR 1
| #define ALIGNOF_GUINT16 2
| #define ALIGNOF_GINT16 2
| /* end confdefs.h.  */
| #include <glib.h>
| 
| typedef struct { char x; guint32 y; } ac__type_alignof_;
| int
| main (void)
| {
| static int test_array [1 - 2 * !(((long int) offsetof (ac__type_alignof_, y)) <= 3)];
| test_array [0] = 0;
| return test_array [0];
| 
|   ;
|   return 0;
| }
configure:15371: /home/nathan/secure-exec-wasmgui/experiments/wasm-gui/toolchain/clang-wasi-wrap.sh -c --target=wasm32-wasip1-threads --sysroot=/home/nathan/secure-exec/registry/native/c/vendor/wasi-sdk/share/wasi-sysroot -O2 -pthread -matomics -mbulk-memory -DSECURE_EXEC_WASM_THREADS -D_WASI_EMULATED_SIGNAL -D_WASI_EMULATED_MMAN -D_WASI_EMULATED_PROCESS_CLOCKS -D_GNU_SOURCE -mllvm -wasm-enable-sjlj -Wno-error=implicit-function-declaration -Wno-error=int-conversion -Wno-int-conversion -I/home/nathan/secure-exec-wasmgui/experiments/wasm-gui/toolchain/compat-include -include /home/nathan/secure-exec-wasmgui/experiments/wasm-gui/toolchain/wasi-compat.h -I/home/nathan/secure-exec-wasmgui/experiments/wasm-gui/third_party/wasm-prefix-threads/include -I/home/nathan/secure-exec-wasmgui/experiments/wasm-gui/third_party/wasm-prefix-threads/include -I/home/nathan/secure-exec-wasmgui/experiments/wasm-gui/third_party/wasm-prefix-threads/include/glib-2.0 -pthread -I/home/nathan/secure-exec-wasmgui/experiments/wasm-gui/third_party/wasm-prefix-threads/lib/glib-2.0/include -DPCRE2_STATIC  --target=wasm32-wasip1-threads --sysroot=/home/nathan/secure-exec/registry/native/c/vendor/wasi-sdk/share/wasi-sysroot -I/home/nathan/secure-exec-wasmgui/experiments/wasm-gui/third_party/wasm-prefix-threads/include -I/home/nathan/secure-exec-wasmgui/experiments/wasm-gui/toolchain/compat-include -include /home/nathan/secure-exec-wasmgui/experiments/wasm-gui/toolchain/wasi-compat.h conftest.c >&5
configure:15371: $? = 0
configure:15371: /home/nathan/secure-exec-wasmgui/experiments/wasm-gui/toolchain/clang-wasi-wrap.sh -c --target=wasm32-wasip1-threads --sysroot=/home/nathan/secure-exec/registry/native/c/vendor/wasi-sdk/share/wasi-sysroot -O2 -pthread -matomics -mbulk-memory -DSECURE_EXEC_WASM_THREADS -D_WASI_EMULATED_SIGNAL -D_WASI_EMULATED_MMAN -D_WASI_EMULATED_PROCESS_CLOCKS -D_GNU_SOURCE -mllvm -wasm-enable-sjlj -Wno-error=implicit-function-declaration -Wno-error=int-conversion -Wno-int-conversion -I/home/nathan/secure-exec-wasmgui/experiments/wasm-gui/toolchain/compat-include -include /home/nathan/secure-exec-wasmgui/experiments/wasm-gui/toolchain/wasi-compat.h -I/home/nathan/secure-exec-wasmgui/experiments/wasm-gui/third_party/wasm-prefix-threads/include -I/home/nathan/secure-exec-wasmgui/experiments/wasm-gui/third_party/wasm-prefix-threads/include -I/home/nathan/secure-exec-wasmgui/experiments/wasm-gui/third_party/wasm-prefix-threads/include/glib-2.0 -pthread -I/home/nathan/secure-exec-wasmgui/experiments/wasm-gui/third_party/wasm-prefix-threads/lib/glib-2.0/include -DPCRE2_STATIC  --target=wasm32-wasip1-threads --sysroot=/home/nathan/secure-exec/registry/native/c/vendor/wasi-sdk/share/wasi-sysroot -I/home/nathan/secure-exec-wasmgui/experiments/wasm-gui/third_party/wasm-prefix-threads/include -I/home/nathan/secure-exec-wasmgui/experiments/wasm-gui/toolchain/compat-include -include /home/nathan/secure-exec-wasmgui/experiments/wasm-gui/toolchain/wasi-compat.h conftest.c >&5
configure:15371: $? = 0
configure:15371: /home/nathan/secure-exec-wasmgui/experiments/wasm-gui/toolchain/clang-wasi-wrap.sh -c --target=wasm32-wasip1-threads --sysroot=/home/nathan/secure-exec/registry/native/c/vendor/wasi-sdk/share/wasi-sysroot -O2 -pthread -matomics -mbulk-memory -DSECURE_EXEC_WASM_THREADS -D_WASI_EMULATED_SIGNAL -D_WASI_EMULATED_MMAN -D_WASI_EMULATED_PROCESS_CLOCKS -D_GNU_SOURCE -mllvm -wasm-enable-sjlj -Wno-error=implicit-function-declaration -Wno-error=int-conversion -Wno-int-conversion -I/home/nathan/secure-exec-wasmgui/experiments/wasm-gui/toolchain/compat-include -include /home/nathan/secure-exec-wasmgui/experiments/wasm-gui/toolchain/wasi-compat.h -I/home/nathan/secure-exec-wasmgui/experiments/wasm-gui/third_party/wasm-prefix-threads/include -I/home/nathan/secure-exec-wasmgui/experiments/wasm-gui/third_party/wasm-prefix-threads/include -I/home/nathan/secure-exec-wasmgui/experiments/wasm-gui/third_party/wasm-prefix-threads/include/glib-2.0 -pthread -I/home/nathan/secure-exec-wasmgui/experiments/wasm-gui/third_party/wasm-prefix-threads/lib/glib-2.0/include -DPCRE2_STATIC  --target=wasm32-wasip1-threads --sysroot=/home/nathan/secure-exec/registry/native/c/vendor/wasi-sdk/share/wasi-sysroot -I/home/nathan/secure-exec-wasmgui/experiments/wasm-gui/third_party/wasm-prefix-threads/include -I/home/nathan/secure-exec-wasmgui/experiments/wasm-gui/toolchain/compat-include -include /home/nathan/secure-exec-wasmgui/experiments/wasm-gui/toolchain/wasi-compat.h conftest.c >&5
configure:15371: $? = 0
configure:15388: result: 4
configure:15406: checking alignment of gint32
configure:15412: /home/nathan/secure-exec-wasmgui/experiments/wasm-gui/toolchain/clang-wasi-wrap.sh -c --target=wasm32-wasip1-threads --sysroot=/home/nathan/secure-exec/registry/native/c/vendor/wasi-sdk/share/wasi-sysroot -O2 -pthread -matomics -mbulk-memory -DSECURE_EXEC_WASM_THREADS -D_WASI_EMULATED_SIGNAL -D_WASI_EMULATED_MMAN -D_WASI_EMULATED_PROCESS_CLOCKS -D_GNU_SOURCE -mllvm -wasm-enable-sjlj -Wno-error=implicit-function-declaration -Wno-error=int-conversion -Wno-int-conversion -I/home/nathan/secure-exec-wasmgui/experiments/wasm-gui/toolchain/compat-include -include /home/nathan/secure-exec-wasmgui/experiments/wasm-gui/toolchain/wasi-compat.h -I/home/nathan/secure-exec-wasmgui/experiments/wasm-gui/third_party/wasm-prefix-threads/include -I/home/nathan/secure-exec-wasmgui/experiments/wasm-gui/third_party/wasm-prefix-threads/include -I/home/nathan/secure-exec-wasmgui/experiments/wasm-gui/third_party/wasm-prefix-threads/include/glib-2.0 -pthread -I/home/nathan/secure-exec-wasmgui/experiments/wasm-gui/third_party/wasm-prefix-threads/lib/glib-2.0/include -DPCRE2_STATIC  --target=wasm32-wasip1-threads --sysroot=/home/nathan/secure-exec/registry/native/c/vendor/wasi-sdk/share/wasi-sysroot -I/home/nathan/secure-exec-wasmgui/experiments/wasm-gui/third_party/wasm-prefix-threads/include -I/home/nathan/secure-exec-wasmgui/experiments/wasm-gui/toolchain/compat-include -include /home/nathan/secure-exec-wasmgui/experiments/wasm-gui/toolchain/wasi-compat.h conftest.c >&5
configure:15412: $? = 0
configure:15412: /home/nathan/secure-exec-wasmgui/experiments/wasm-gui/toolchain/clang-wasi-wrap.sh -c --target=wasm32-wasip1-threads --sysroot=/home/nathan/secure-exec/registry/native/c/vendor/wasi-sdk/share/wasi-sysroot -O2 -pthread -matomics -mbulk-memory -DSECURE_EXEC_WASM_THREADS -D_WASI_EMULATED_SIGNAL -D_WASI_EMULATED_MMAN -D_WASI_EMULATED_PROCESS_CLOCKS -D_GNU_SOURCE -mllvm -wasm-enable-sjlj -Wno-error=implicit-function-declaration -Wno-error=int-conversion -Wno-int-conversion -I/home/nathan/secure-exec-wasmgui/experiments/wasm-gui/toolchain/compat-include -include /home/nathan/secure-exec-wasmgui/experiments/wasm-gui/toolchain/wasi-compat.h -I/home/nathan/secure-exec-wasmgui/experiments/wasm-gui/third_party/wasm-prefix-threads/include -I/home/nathan/secure-exec-wasmgui/experiments/wasm-gui/third_party/wasm-prefix-threads/include -I/home/nathan/secure-exec-wasmgui/experiments/wasm-gui/third_party/wasm-prefix-threads/include/glib-2.0 -pthread -I/home/nathan/secure-exec-wasmgui/experiments/wasm-gui/third_party/wasm-prefix-threads/lib/glib-2.0/include -DPCRE2_STATIC  --target=wasm32-wasip1-threads --sysroot=/home/nathan/secure-exec/registry/native/c/vendor/wasi-sdk/share/wasi-sysroot -I/home/nathan/secure-exec-wasmgui/experiments/wasm-gui/third_party/wasm-prefix-threads/include -I/home/nathan/secure-exec-wasmgui/experiments/wasm-gui/toolchain/compat-include -include /home/nathan/secure-exec-wasmgui/experiments/wasm-gui/toolchain/wasi-compat.h conftest.c >&5
conftest.c:55:24: error: 'test_array' declared as an array with a negative size
   55 | static int test_array [1 - 2 * !(((long int) offsetof (ac__type_alignof_, y)) <= 0)];
      |                        ^~~~~~~~~~~~~~~~~~~~~~~~~~~~~~~~~~~~~~~~~~~~~~~~~~~~~~~~~~~~
1 error generated.
configure:15412: $? = 1
configure: failed program was:
| /* confdefs.h */
| #define PACKAGE_NAME "xfconf"
| #define PACKAGE_TARNAME "xfconf"
| #define PACKAGE_VERSION "4.18.3"
| #define PACKAGE_STRING "xfconf 4.18.3"
| #define PACKAGE_BUGREPORT "https://gitlab.xfce.org/xfce/xfconf"
| #define PACKAGE_URL ""
| #define PACKAGE "xfconf"
| #define VERSION "4.18.3"
| #define HAVE_STDIO_H 1
| #define HAVE_STDLIB_H 1
| #define HAVE_STRING_H 1
| #define HAVE_INTTYPES_H 1
| #define HAVE_STDINT_H 1
| #define HAVE_STRINGS_H 1
| #define HAVE_SYS_STAT_H 1
| #define HAVE_SYS_TYPES_H 1
| #define HAVE_UNISTD_H 1
| #define STDC_HEADERS 1
| #define HAVE_DLFCN_H 1
| #define LT_OBJDIR ".libs/"
| #define HAVE_ERRNO_H 1
| #define HAVE_FCNTL_H 1
| #define HAVE_GRP_H 1
| #define HAVE_LOCALE_H 1
| #define HAVE_SIGNAL_H 1
| #define HAVE_STDLIB_H 1
| #define HAVE_STRING_H 1
| #define HAVE_SYS_STAT_H 1
| #define HAVE_SYS_TIME_H 1
| #define HAVE_SYS_TYPES_H 1
| #define HAVE_SYS_WAIT_H 1
| #define HAVE_UNISTD_H 1
| #define HAVE_FDATASYNC 1
| #define HAVE_FSYNC 1
| #define HAVE_SETLOCALE 1
| #define GETTEXT_PACKAGE "xfconf"
| #define XFCONF_SERVICE_NAME_PREFIX "org.xfce"
| #define XFCONF_SERVICE_PATH_PREFIX "/org/xfce"
| #define G_LOG_USE_STRUCTURED 1
| #define GLIB_VERSION_MAX_ALLOWED GLIB_VERSION_2_66
| #define GLIB_VERSION_MIN_REQUIRED GLIB_VERSION_2_66
| #define ALIGNOF_GUCHAR 1
| #define ALIGNOF_GCHAR 1
| #define ALIGNOF_GUINT16 2
| #define ALIGNOF_GINT16 2
| #define ALIGNOF_GUINT32 4
| /* end confdefs.h.  */
| #include <glib.h>
| 
| typedef struct { char x; gint32 y; } ac__type_alignof_;
| int
| main (void)
| {
| static int test_array [1 - 2 * !(((long int) offsetof (ac__type_alignof_, y)) <= 0)];
| test_array [0] = 0;
| return test_array [0];
| 
|   ;
|   return 0;
| }
configure:15412: /home/nathan/secure-exec-wasmgui/experiments/wasm-gui/toolchain/clang-wasi-wrap.sh -c --target=wasm32-wasip1-threads --sysroot=/home/nathan/secure-exec/registry/native/c/vendor/wasi-sdk/share/wasi-sysroot -O2 -pthread -matomics -mbulk-memory -DSECURE_EXEC_WASM_THREADS -D_WASI_EMULATED_SIGNAL -D_WASI_EMULATED_MMAN -D_WASI_EMULATED_PROCESS_CLOCKS -D_GNU_SOURCE -mllvm -wasm-enable-sjlj -Wno-error=implicit-function-declaration -Wno-error=int-conversion -Wno-int-conversion -I/home/nathan/secure-exec-wasmgui/experiments/wasm-gui/toolchain/compat-include -include /home/nathan/secure-exec-wasmgui/experiments/wasm-gui/toolchain/wasi-compat.h -I/home/nathan/secure-exec-wasmgui/experiments/wasm-gui/third_party/wasm-prefix-threads/include -I/home/nathan/secure-exec-wasmgui/experiments/wasm-gui/third_party/wasm-prefix-threads/include -I/home/nathan/secure-exec-wasmgui/experiments/wasm-gui/third_party/wasm-prefix-threads/include/glib-2.0 -pthread -I/home/nathan/secure-exec-wasmgui/experiments/wasm-gui/third_party/wasm-prefix-threads/lib/glib-2.0/include -DPCRE2_STATIC  --target=wasm32-wasip1-threads --sysroot=/home/nathan/secure-exec/registry/native/c/vendor/wasi-sdk/share/wasi-sysroot -I/home/nathan/secure-exec-wasmgui/experiments/wasm-gui/third_party/wasm-prefix-threads/include -I/home/nathan/secure-exec-wasmgui/experiments/wasm-gui/toolchain/compat-include -include /home/nathan/secure-exec-wasmgui/experiments/wasm-gui/toolchain/wasi-compat.h conftest.c >&5
conftest.c:55:24: error: 'test_array' declared as an array with a negative size
   55 | static int test_array [1 - 2 * !(((long int) offsetof (ac__type_alignof_, y)) <= 1)];
      |                        ^~~~~~~~~~~~~~~~~~~~~~~~~~~~~~~~~~~~~~~~~~~~~~~~~~~~~~~~~~~~
1 error generated.
configure:15412: $? = 1
configure: failed program was:
| /* confdefs.h */
| #define PACKAGE_NAME "xfconf"
| #define PACKAGE_TARNAME "xfconf"
| #define PACKAGE_VERSION "4.18.3"
| #define PACKAGE_STRING "xfconf 4.18.3"
| #define PACKAGE_BUGREPORT "https://gitlab.xfce.org/xfce/xfconf"
| #define PACKAGE_URL ""
| #define PACKAGE "xfconf"
| #define VERSION "4.18.3"
| #define HAVE_STDIO_H 1
| #define HAVE_STDLIB_H 1
| #define HAVE_STRING_H 1
| #define HAVE_INTTYPES_H 1
| #define HAVE_STDINT_H 1
| #define HAVE_STRINGS_H 1
| #define HAVE_SYS_STAT_H 1
| #define HAVE_SYS_TYPES_H 1
| #define HAVE_UNISTD_H 1
| #define STDC_HEADERS 1
| #define HAVE_DLFCN_H 1
| #define LT_OBJDIR ".libs/"
| #define HAVE_ERRNO_H 1
| #define HAVE_FCNTL_H 1
| #define HAVE_GRP_H 1
| #define HAVE_LOCALE_H 1
| #define HAVE_SIGNAL_H 1
| #define HAVE_STDLIB_H 1
| #define HAVE_STRING_H 1
| #define HAVE_SYS_STAT_H 1
| #define HAVE_SYS_TIME_H 1
| #define HAVE_SYS_TYPES_H 1
| #define HAVE_SYS_WAIT_H 1
| #define HAVE_UNISTD_H 1
| #define HAVE_FDATASYNC 1
| #define HAVE_FSYNC 1
| #define HAVE_SETLOCALE 1
| #define GETTEXT_PACKAGE "xfconf"
| #define XFCONF_SERVICE_NAME_PREFIX "org.xfce"
| #define XFCONF_SERVICE_PATH_PREFIX "/org/xfce"
| #define G_LOG_USE_STRUCTURED 1
| #define GLIB_VERSION_MAX_ALLOWED GLIB_VERSION_2_66
| #define GLIB_VERSION_MIN_REQUIRED GLIB_VERSION_2_66
| #define ALIGNOF_GUCHAR 1
| #define ALIGNOF_GCHAR 1
| #define ALIGNOF_GUINT16 2
| #define ALIGNOF_GINT16 2
| #define ALIGNOF_GUINT32 4
| /* end confdefs.h.  */
| #include <glib.h>
| 
| typedef struct { char x; gint32 y; } ac__type_alignof_;
| int
| main (void)
| {
| static int test_array [1 - 2 * !(((long int) offsetof (ac__type_alignof_, y)) <= 1)];
| test_array [0] = 0;
| return test_array [0];
| 
|   ;
|   return 0;
| }
configure:15412: /home/nathan/secure-exec-wasmgui/experiments/wasm-gui/toolchain/clang-wasi-wrap.sh -c --target=wasm32-wasip1-threads --sysroot=/home/nathan/secure-exec/registry/native/c/vendor/wasi-sdk/share/wasi-sysroot -O2 -pthread -matomics -mbulk-memory -DSECURE_EXEC_WASM_THREADS -D_WASI_EMULATED_SIGNAL -D_WASI_EMULATED_MMAN -D_WASI_EMULATED_PROCESS_CLOCKS -D_GNU_SOURCE -mllvm -wasm-enable-sjlj -Wno-error=implicit-function-declaration -Wno-error=int-conversion -Wno-int-conversion -I/home/nathan/secure-exec-wasmgui/experiments/wasm-gui/toolchain/compat-include -include /home/nathan/secure-exec-wasmgui/experiments/wasm-gui/toolchain/wasi-compat.h -I/home/nathan/secure-exec-wasmgui/experiments/wasm-gui/third_party/wasm-prefix-threads/include -I/home/nathan/secure-exec-wasmgui/experiments/wasm-gui/third_party/wasm-prefix-threads/include -I/home/nathan/secure-exec-wasmgui/experiments/wasm-gui/third_party/wasm-prefix-threads/include/glib-2.0 -pthread -I/home/nathan/secure-exec-wasmgui/experiments/wasm-gui/third_party/wasm-prefix-threads/lib/glib-2.0/include -DPCRE2_STATIC  --target=wasm32-wasip1-threads --sysroot=/home/nathan/secure-exec/registry/native/c/vendor/wasi-sdk/share/wasi-sysroot -I/home/nathan/secure-exec-wasmgui/experiments/wasm-gui/third_party/wasm-prefix-threads/include -I/home/nathan/secure-exec-wasmgui/experiments/wasm-gui/toolchain/compat-include -include /home/nathan/secure-exec-wasmgui/experiments/wasm-gui/toolchain/wasi-compat.h conftest.c >&5
conftest.c:55:24: error: 'test_array' declared as an array with a negative size
   55 | static int test_array [1 - 2 * !(((long int) offsetof (ac__type_alignof_, y)) <= 3)];
      |                        ^~~~~~~~~~~~~~~~~~~~~~~~~~~~~~~~~~~~~~~~~~~~~~~~~~~~~~~~~~~~
1 error generated.
configure:15412: $? = 1
configure: failed program was:
| /* confdefs.h */
| #define PACKAGE_NAME "xfconf"
| #define PACKAGE_TARNAME "xfconf"
| #define PACKAGE_VERSION "4.18.3"
| #define PACKAGE_STRING "xfconf 4.18.3"
| #define PACKAGE_BUGREPORT "https://gitlab.xfce.org/xfce/xfconf"
| #define PACKAGE_URL ""
| #define PACKAGE "xfconf"
| #define VERSION "4.18.3"
| #define HAVE_STDIO_H 1
| #define HAVE_STDLIB_H 1
| #define HAVE_STRING_H 1
| #define HAVE_INTTYPES_H 1
| #define HAVE_STDINT_H 1
| #define HAVE_STRINGS_H 1
| #define HAVE_SYS_STAT_H 1
| #define HAVE_SYS_TYPES_H 1
| #define HAVE_UNISTD_H 1
| #define STDC_HEADERS 1
| #define HAVE_DLFCN_H 1
| #define LT_OBJDIR ".libs/"
| #define HAVE_ERRNO_H 1
| #define HAVE_FCNTL_H 1
| #define HAVE_GRP_H 1
| #define HAVE_LOCALE_H 1
| #define HAVE_SIGNAL_H 1
| #define HAVE_STDLIB_H 1
| #define HAVE_STRING_H 1
| #define HAVE_SYS_STAT_H 1
| #define HAVE_SYS_TIME_H 1
| #define HAVE_SYS_TYPES_H 1
| #define HAVE_SYS_WAIT_H 1
| #define HAVE_UNISTD_H 1
| #define HAVE_FDATASYNC 1
| #define HAVE_FSYNC 1
| #define HAVE_SETLOCALE 1
| #define GETTEXT_PACKAGE "xfconf"
| #define XFCONF_SERVICE_NAME_PREFIX "org.xfce"
| #define XFCONF_SERVICE_PATH_PREFIX "/org/xfce"
| #define G_LOG_USE_STRUCTURED 1
| #define GLIB_VERSION_MAX_ALLOWED GLIB_VERSION_2_66
| #define GLIB_VERSION_MIN_REQUIRED GLIB_VERSION_2_66
| #define ALIGNOF_GUCHAR 1
| #define ALIGNOF_GCHAR 1
| #define ALIGNOF_GUINT16 2
| #define ALIGNOF_GINT16 2
| #define ALIGNOF_GUINT32 4
| /* end confdefs.h.  */
| #include <glib.h>
| 
| typedef struct { char x; gint32 y; } ac__type_alignof_;
| int
| main (void)
| {
| static int test_array [1 - 2 * !(((long int) offsetof (ac__type_alignof_, y)) <= 3)];
| test_array [0] = 0;
| return test_array [0];
| 
|   ;
|   return 0;
| }
configure:15412: /home/nathan/secure-exec-wasmgui/experiments/wasm-gui/toolchain/clang-wasi-wrap.sh -c --target=wasm32-wasip1-threads --sysroot=/home/nathan/secure-exec/registry/native/c/vendor/wasi-sdk/share/wasi-sysroot -O2 -pthread -matomics -mbulk-memory -DSECURE_EXEC_WASM_THREADS -D_WASI_EMULATED_SIGNAL -D_WASI_EMULATED_MMAN -D_WASI_EMULATED_PROCESS_CLOCKS -D_GNU_SOURCE -mllvm -wasm-enable-sjlj -Wno-error=implicit-function-declaration -Wno-error=int-conversion -Wno-int-conversion -I/home/nathan/secure-exec-wasmgui/experiments/wasm-gui/toolchain/compat-include -include /home/nathan/secure-exec-wasmgui/experiments/wasm-gui/toolchain/wasi-compat.h -I/home/nathan/secure-exec-wasmgui/experiments/wasm-gui/third_party/wasm-prefix-threads/include -I/home/nathan/secure-exec-wasmgui/experiments/wasm-gui/third_party/wasm-prefix-threads/include -I/home/nathan/secure-exec-wasmgui/experiments/wasm-gui/third_party/wasm-prefix-threads/include/glib-2.0 -pthread -I/home/nathan/secure-exec-wasmgui/experiments/wasm-gui/third_party/wasm-prefix-threads/lib/glib-2.0/include -DPCRE2_STATIC  --target=wasm32-wasip1-threads --sysroot=/home/nathan/secure-exec/registry/native/c/vendor/wasi-sdk/share/wasi-sysroot -I/home/nathan/secure-exec-wasmgui/experiments/wasm-gui/third_party/wasm-prefix-threads/include -I/home/nathan/secure-exec-wasmgui/experiments/wasm-gui/toolchain/compat-include -include /home/nathan/secure-exec-wasmgui/experiments/wasm-gui/toolchain/wasi-compat.h conftest.c >&5
configure:15412: $? = 0
configure:15412: /home/nathan/secure-exec-wasmgui/experiments/wasm-gui/toolchain/clang-wasi-wrap.sh -c --target=wasm32-wasip1-threads --sysroot=/home/nathan/secure-exec/registry/native/c/vendor/wasi-sdk/share/wasi-sysroot -O2 -pthread -matomics -mbulk-memory -DSECURE_EXEC_WASM_THREADS -D_WASI_EMULATED_SIGNAL -D_WASI_EMULATED_MMAN -D_WASI_EMULATED_PROCESS_CLOCKS -D_GNU_SOURCE -mllvm -wasm-enable-sjlj -Wno-error=implicit-function-declaration -Wno-error=int-conversion -Wno-int-conversion -I/home/nathan/secure-exec-wasmgui/experiments/wasm-gui/toolchain/compat-include -include /home/nathan/secure-exec-wasmgui/experiments/wasm-gui/toolchain/wasi-compat.h -I/home/nathan/secure-exec-wasmgui/experiments/wasm-gui/third_party/wasm-prefix-threads/include -I/home/nathan/secure-exec-wasmgui/experiments/wasm-gui/third_party/wasm-prefix-threads/include -I/home/nathan/secure-exec-wasmgui/experiments/wasm-gui/third_party/wasm-prefix-threads/include/glib-2.0 -pthread -I/home/nathan/secure-exec-wasmgui/experiments/wasm-gui/third_party/wasm-prefix-threads/lib/glib-2.0/include -DPCRE2_STATIC  --target=wasm32-wasip1-threads --sysroot=/home/nathan/secure-exec/registry/native/c/vendor/wasi-sdk/share/wasi-sysroot -I/home/nathan/secure-exec-wasmgui/experiments/wasm-gui/third_party/wasm-prefix-threads/include -I/home/nathan/secure-exec-wasmgui/experiments/wasm-gui/toolchain/compat-include -include /home/nathan/secure-exec-wasmgui/experiments/wasm-gui/toolchain/wasi-compat.h conftest.c >&5
configure:15412: $? = 0
configure:15412: /home/nathan/secure-exec-wasmgui/experiments/wasm-gui/toolchain/clang-wasi-wrap.sh -c --target=wasm32-wasip1-threads --sysroot=/home/nathan/secure-exec/registry/native/c/vendor/wasi-sdk/share/wasi-sysroot -O2 -pthread -matomics -mbulk-memory -DSECURE_EXEC_WASM_THREADS -D_WASI_EMULATED_SIGNAL -D_WASI_EMULATED_MMAN -D_WASI_EMULATED_PROCESS_CLOCKS -D_GNU_SOURCE -mllvm -wasm-enable-sjlj -Wno-error=implicit-function-declaration -Wno-error=int-conversion -Wno-int-conversion -I/home/nathan/secure-exec-wasmgui/experiments/wasm-gui/toolchain/compat-include -include /home/nathan/secure-exec-wasmgui/experiments/wasm-gui/toolchain/wasi-compat.h -I/home/nathan/secure-exec-wasmgui/experiments/wasm-gui/third_party/wasm-prefix-threads/include -I/home/nathan/secure-exec-wasmgui/experiments/wasm-gui/third_party/wasm-prefix-threads/include -I/home/nathan/secure-exec-wasmgui/experiments/wasm-gui/third_party/wasm-prefix-threads/include/glib-2.0 -pthread -I/home/nathan/secure-exec-wasmgui/experiments/wasm-gui/third_party/wasm-prefix-threads/lib/glib-2.0/include -DPCRE2_STATIC  --target=wasm32-wasip1-threads --sysroot=/home/nathan/secure-exec/registry/native/c/vendor/wasi-sdk/share/wasi-sysroot -I/home/nathan/secure-exec-wasmgui/experiments/wasm-gui/third_party/wasm-prefix-threads/include -I/home/nathan/secure-exec-wasmgui/experiments/wasm-gui/toolchain/compat-include -include /home/nathan/secure-exec-wasmgui/experiments/wasm-gui/toolchain/wasi-compat.h conftest.c >&5
configure:15412: $? = 0
configure:15429: result: 4
configure:15447: checking alignment of guint64
configure:15453: /home/nathan/secure-exec-wasmgui/experiments/wasm-gui/toolchain/clang-wasi-wrap.sh -c --target=wasm32-wasip1-threads --sysroot=/home/nathan/secure-exec/registry/native/c/vendor/wasi-sdk/share/wasi-sysroot -O2 -pthread -matomics -mbulk-memory -DSECURE_EXEC_WASM_THREADS -D_WASI_EMULATED_SIGNAL -D_WASI_EMULATED_MMAN -D_WASI_EMULATED_PROCESS_CLOCKS -D_GNU_SOURCE -mllvm -wasm-enable-sjlj -Wno-error=implicit-function-declaration -Wno-error=int-conversion -Wno-int-conversion -I/home/nathan/secure-exec-wasmgui/experiments/wasm-gui/toolchain/compat-include -include /home/nathan/secure-exec-wasmgui/experiments/wasm-gui/toolchain/wasi-compat.h -I/home/nathan/secure-exec-wasmgui/experiments/wasm-gui/third_party/wasm-prefix-threads/include -I/home/nathan/secure-exec-wasmgui/experiments/wasm-gui/third_party/wasm-prefix-threads/include -I/home/nathan/secure-exec-wasmgui/experiments/wasm-gui/third_party/wasm-prefix-threads/include/glib-2.0 -pthread -I/home/nathan/secure-exec-wasmgui/experiments/wasm-gui/third_party/wasm-prefix-threads/lib/glib-2.0/include -DPCRE2_STATIC  --target=wasm32-wasip1-threads --sysroot=/home/nathan/secure-exec/registry/native/c/vendor/wasi-sdk/share/wasi-sysroot -I/home/nathan/secure-exec-wasmgui/experiments/wasm-gui/third_party/wasm-prefix-threads/include -I/home/nathan/secure-exec-wasmgui/experiments/wasm-gui/toolchain/compat-include -include /home/nathan/secure-exec-wasmgui/experiments/wasm-gui/toolchain/wasi-compat.h conftest.c >&5
configure:15453: $? = 0
configure:15453: /home/nathan/secure-exec-wasmgui/experiments/wasm-gui/toolchain/clang-wasi-wrap.sh -c --target=wasm32-wasip1-threads --sysroot=/home/nathan/secure-exec/registry/native/c/vendor/wasi-sdk/share/wasi-sysroot -O2 -pthread -matomics -mbulk-memory -DSECURE_EXEC_WASM_THREADS -D_WASI_EMULATED_SIGNAL -D_WASI_EMULATED_MMAN -D_WASI_EMULATED_PROCESS_CLOCKS -D_GNU_SOURCE -mllvm -wasm-enable-sjlj -Wno-error=implicit-function-declaration -Wno-error=int-conversion -Wno-int-conversion -I/home/nathan/secure-exec-wasmgui/experiments/wasm-gui/toolchain/compat-include -include /home/nathan/secure-exec-wasmgui/experiments/wasm-gui/toolchain/wasi-compat.h -I/home/nathan/secure-exec-wasmgui/experiments/wasm-gui/third_party/wasm-prefix-threads/include -I/home/nathan/secure-exec-wasmgui/experiments/wasm-gui/third_party/wasm-prefix-threads/include -I/home/nathan/secure-exec-wasmgui/experiments/wasm-gui/third_party/wasm-prefix-threads/include/glib-2.0 -pthread -I/home/nathan/secure-exec-wasmgui/experiments/wasm-gui/third_party/wasm-prefix-threads/lib/glib-2.0/include -DPCRE2_STATIC  --target=wasm32-wasip1-threads --sysroot=/home/nathan/secure-exec/registry/native/c/vendor/wasi-sdk/share/wasi-sysroot -I/home/nathan/secure-exec-wasmgui/experiments/wasm-gui/third_party/wasm-prefix-threads/include -I/home/nathan/secure-exec-wasmgui/experiments/wasm-gui/toolchain/compat-include -include /home/nathan/secure-exec-wasmgui/experiments/wasm-gui/toolchain/wasi-compat.h conftest.c >&5
conftest.c:56:24: error: 'test_array' declared as an array with a negative size
   56 | static int test_array [1 - 2 * !(((long int) offsetof (ac__type_alignof_, y)) <= 0)];
      |                        ^~~~~~~~~~~~~~~~~~~~~~~~~~~~~~~~~~~~~~~~~~~~~~~~~~~~~~~~~~~~
1 error generated.
configure:15453: $? = 1
configure: failed program was:
| /* confdefs.h */
| #define PACKAGE_NAME "xfconf"
| #define PACKAGE_TARNAME "xfconf"
| #define PACKAGE_VERSION "4.18.3"
| #define PACKAGE_STRING "xfconf 4.18.3"
| #define PACKAGE_BUGREPORT "https://gitlab.xfce.org/xfce/xfconf"
| #define PACKAGE_URL ""
| #define PACKAGE "xfconf"
| #define VERSION "4.18.3"
| #define HAVE_STDIO_H 1
| #define HAVE_STDLIB_H 1
| #define HAVE_STRING_H 1
| #define HAVE_INTTYPES_H 1
| #define HAVE_STDINT_H 1
| #define HAVE_STRINGS_H 1
| #define HAVE_SYS_STAT_H 1
| #define HAVE_SYS_TYPES_H 1
| #define HAVE_UNISTD_H 1
| #define STDC_HEADERS 1
| #define HAVE_DLFCN_H 1
| #define LT_OBJDIR ".libs/"
| #define HAVE_ERRNO_H 1
| #define HAVE_FCNTL_H 1
| #define HAVE_GRP_H 1
| #define HAVE_LOCALE_H 1
| #define HAVE_SIGNAL_H 1
| #define HAVE_STDLIB_H 1
| #define HAVE_STRING_H 1
| #define HAVE_SYS_STAT_H 1
| #define HAVE_SYS_TIME_H 1
| #define HAVE_SYS_TYPES_H 1
| #define HAVE_SYS_WAIT_H 1
| #define HAVE_UNISTD_H 1
| #define HAVE_FDATASYNC 1
| #define HAVE_FSYNC 1
| #define HAVE_SETLOCALE 1
| #define GETTEXT_PACKAGE "xfconf"
| #define XFCONF_SERVICE_NAME_PREFIX "org.xfce"
| #define XFCONF_SERVICE_PATH_PREFIX "/org/xfce"
| #define G_LOG_USE_STRUCTURED 1
| #define GLIB_VERSION_MAX_ALLOWED GLIB_VERSION_2_66
| #define GLIB_VERSION_MIN_REQUIRED GLIB_VERSION_2_66
| #define ALIGNOF_GUCHAR 1
| #define ALIGNOF_GCHAR 1
| #define ALIGNOF_GUINT16 2
| #define ALIGNOF_GINT16 2
| #define ALIGNOF_GUINT32 4
| #define ALIGNOF_GINT32 4
| /* end confdefs.h.  */
| #include <glib.h>
| 
| typedef struct { char x; guint64 y; } ac__type_alignof_;
| int
| main (void)
| {
| static int test_array [1 - 2 * !(((long int) offsetof (ac__type_alignof_, y)) <= 0)];
| test_array [0] = 0;
| return test_array [0];
| 
|   ;
|   return 0;
| }
configure:15453: /home/nathan/secure-exec-wasmgui/experiments/wasm-gui/toolchain/clang-wasi-wrap.sh -c --target=wasm32-wasip1-threads --sysroot=/home/nathan/secure-exec/registry/native/c/vendor/wasi-sdk/share/wasi-sysroot -O2 -pthread -matomics -mbulk-memory -DSECURE_EXEC_WASM_THREADS -D_WASI_EMULATED_SIGNAL -D_WASI_EMULATED_MMAN -D_WASI_EMULATED_PROCESS_CLOCKS -D_GNU_SOURCE -mllvm -wasm-enable-sjlj -Wno-error=implicit-function-declaration -Wno-error=int-conversion -Wno-int-conversion -I/home/nathan/secure-exec-wasmgui/experiments/wasm-gui/toolchain/compat-include -include /home/nathan/secure-exec-wasmgui/experiments/wasm-gui/toolchain/wasi-compat.h -I/home/nathan/secure-exec-wasmgui/experiments/wasm-gui/third_party/wasm-prefix-threads/include -I/home/nathan/secure-exec-wasmgui/experiments/wasm-gui/third_party/wasm-prefix-threads/include -I/home/nathan/secure-exec-wasmgui/experiments/wasm-gui/third_party/wasm-prefix-threads/include/glib-2.0 -pthread -I/home/nathan/secure-exec-wasmgui/experiments/wasm-gui/third_party/wasm-prefix-threads/lib/glib-2.0/include -DPCRE2_STATIC  --target=wasm32-wasip1-threads --sysroot=/home/nathan/secure-exec/registry/native/c/vendor/wasi-sdk/share/wasi-sysroot -I/home/nathan/secure-exec-wasmgui/experiments/wasm-gui/third_party/wasm-prefix-threads/include -I/home/nathan/secure-exec-wasmgui/experiments/wasm-gui/toolchain/compat-include -include /home/nathan/secure-exec-wasmgui/experiments/wasm-gui/toolchain/wasi-compat.h conftest.c >&5
conftest.c:56:24: error: 'test_array' declared as an array with a negative size
   56 | static int test_array [1 - 2 * !(((long int) offsetof (ac__type_alignof_, y)) <= 1)];
      |                        ^~~~~~~~~~~~~~~~~~~~~~~~~~~~~~~~~~~~~~~~~~~~~~~~~~~~~~~~~~~~
1 error generated.
configure:15453: $? = 1
configure: failed program was:
| /* confdefs.h */
| #define PACKAGE_NAME "xfconf"
| #define PACKAGE_TARNAME "xfconf"
| #define PACKAGE_VERSION "4.18.3"
| #define PACKAGE_STRING "xfconf 4.18.3"
| #define PACKAGE_BUGREPORT "https://gitlab.xfce.org/xfce/xfconf"
| #define PACKAGE_URL ""
| #define PACKAGE "xfconf"
| #define VERSION "4.18.3"
| #define HAVE_STDIO_H 1
| #define HAVE_STDLIB_H 1
| #define HAVE_STRING_H 1
| #define HAVE_INTTYPES_H 1
| #define HAVE_STDINT_H 1
| #define HAVE_STRINGS_H 1
| #define HAVE_SYS_STAT_H 1
| #define HAVE_SYS_TYPES_H 1
| #define HAVE_UNISTD_H 1
| #define STDC_HEADERS 1
| #define HAVE_DLFCN_H 1
| #define LT_OBJDIR ".libs/"
| #define HAVE_ERRNO_H 1
| #define HAVE_FCNTL_H 1
| #define HAVE_GRP_H 1
| #define HAVE_LOCALE_H 1
| #define HAVE_SIGNAL_H 1
| #define HAVE_STDLIB_H 1
| #define HAVE_STRING_H 1
| #define HAVE_SYS_STAT_H 1
| #define HAVE_SYS_TIME_H 1
| #define HAVE_SYS_TYPES_H 1
| #define HAVE_SYS_WAIT_H 1
| #define HAVE_UNISTD_H 1
| #define HAVE_FDATASYNC 1
| #define HAVE_FSYNC 1
| #define HAVE_SETLOCALE 1
| #define GETTEXT_PACKAGE "xfconf"
| #define XFCONF_SERVICE_NAME_PREFIX "org.xfce"
| #define XFCONF_SERVICE_PATH_PREFIX "/org/xfce"
| #define G_LOG_USE_STRUCTURED 1
| #define GLIB_VERSION_MAX_ALLOWED GLIB_VERSION_2_66
| #define GLIB_VERSION_MIN_REQUIRED GLIB_VERSION_2_66
| #define ALIGNOF_GUCHAR 1
| #define ALIGNOF_GCHAR 1
| #define ALIGNOF_GUINT16 2
| #define ALIGNOF_GINT16 2
| #define ALIGNOF_GUINT32 4
| #define ALIGNOF_GINT32 4
| /* end confdefs.h.  */
| #include <glib.h>
| 
| typedef struct { char x; guint64 y; } ac__type_alignof_;
| int
| main (void)
| {
| static int test_array [1 - 2 * !(((long int) offsetof (ac__type_alignof_, y)) <= 1)];
| test_array [0] = 0;
| return test_array [0];
| 
|   ;
|   return 0;
| }
configure:15453: /home/nathan/secure-exec-wasmgui/experiments/wasm-gui/toolchain/clang-wasi-wrap.sh -c --target=wasm32-wasip1-threads --sysroot=/home/nathan/secure-exec/registry/native/c/vendor/wasi-sdk/share/wasi-sysroot -O2 -pthread -matomics -mbulk-memory -DSECURE_EXEC_WASM_THREADS -D_WASI_EMULATED_SIGNAL -D_WASI_EMULATED_MMAN -D_WASI_EMULATED_PROCESS_CLOCKS -D_GNU_SOURCE -mllvm -wasm-enable-sjlj -Wno-error=implicit-function-declaration -Wno-error=int-conversion -Wno-int-conversion -I/home/nathan/secure-exec-wasmgui/experiments/wasm-gui/toolchain/compat-include -include /home/nathan/secure-exec-wasmgui/experiments/wasm-gui/toolchain/wasi-compat.h -I/home/nathan/secure-exec-wasmgui/experiments/wasm-gui/third_party/wasm-prefix-threads/include -I/home/nathan/secure-exec-wasmgui/experiments/wasm-gui/third_party/wasm-prefix-threads/include -I/home/nathan/secure-exec-wasmgui/experiments/wasm-gui/third_party/wasm-prefix-threads/include/glib-2.0 -pthread -I/home/nathan/secure-exec-wasmgui/experiments/wasm-gui/third_party/wasm-prefix-threads/lib/glib-2.0/include -DPCRE2_STATIC  --target=wasm32-wasip1-threads --sysroot=/home/nathan/secure-exec/registry/native/c/vendor/wasi-sdk/share/wasi-sysroot -I/home/nathan/secure-exec-wasmgui/experiments/wasm-gui/third_party/wasm-prefix-threads/include -I/home/nathan/secure-exec-wasmgui/experiments/wasm-gui/toolchain/compat-include -include /home/nathan/secure-exec-wasmgui/experiments/wasm-gui/toolchain/wasi-compat.h conftest.c >&5
conftest.c:56:24: error: 'test_array' declared as an array with a negative size
   56 | static int test_array [1 - 2 * !(((long int) offsetof (ac__type_alignof_, y)) <= 3)];
      |                        ^~~~~~~~~~~~~~~~~~~~~~~~~~~~~~~~~~~~~~~~~~~~~~~~~~~~~~~~~~~~
1 error generated.
configure:15453: $? = 1
configure: failed program was:
| /* confdefs.h */
| #define PACKAGE_NAME "xfconf"
| #define PACKAGE_TARNAME "xfconf"
| #define PACKAGE_VERSION "4.18.3"
| #define PACKAGE_STRING "xfconf 4.18.3"
| #define PACKAGE_BUGREPORT "https://gitlab.xfce.org/xfce/xfconf"
| #define PACKAGE_URL ""
| #define PACKAGE "xfconf"
| #define VERSION "4.18.3"
| #define HAVE_STDIO_H 1
| #define HAVE_STDLIB_H 1
| #define HAVE_STRING_H 1
| #define HAVE_INTTYPES_H 1
| #define HAVE_STDINT_H 1
| #define HAVE_STRINGS_H 1
| #define HAVE_SYS_STAT_H 1
| #define HAVE_SYS_TYPES_H 1
| #define HAVE_UNISTD_H 1
| #define STDC_HEADERS 1
| #define HAVE_DLFCN_H 1
| #define LT_OBJDIR ".libs/"
| #define HAVE_ERRNO_H 1
| #define HAVE_FCNTL_H 1
| #define HAVE_GRP_H 1
| #define HAVE_LOCALE_H 1
| #define HAVE_SIGNAL_H 1
| #define HAVE_STDLIB_H 1
| #define HAVE_STRING_H 1
| #define HAVE_SYS_STAT_H 1
| #define HAVE_SYS_TIME_H 1
| #define HAVE_SYS_TYPES_H 1
| #define HAVE_SYS_WAIT_H 1
| #define HAVE_UNISTD_H 1
| #define HAVE_FDATASYNC 1
| #define HAVE_FSYNC 1
| #define HAVE_SETLOCALE 1
| #define GETTEXT_PACKAGE "xfconf"
| #define XFCONF_SERVICE_NAME_PREFIX "org.xfce"
| #define XFCONF_SERVICE_PATH_PREFIX "/org/xfce"
| #define G_LOG_USE_STRUCTURED 1
| #define GLIB_VERSION_MAX_ALLOWED GLIB_VERSION_2_66
| #define GLIB_VERSION_MIN_REQUIRED GLIB_VERSION_2_66
| #define ALIGNOF_GUCHAR 1
| #define ALIGNOF_GCHAR 1
| #define ALIGNOF_GUINT16 2
| #define ALIGNOF_GINT16 2
| #define ALIGNOF_GUINT32 4
| #define ALIGNOF_GINT32 4
| /* end confdefs.h.  */
| #include <glib.h>
| 
| typedef struct { char x; guint64 y; } ac__type_alignof_;
| int
| main (void)
| {
| static int test_array [1 - 2 * !(((long int) offsetof (ac__type_alignof_, y)) <= 3)];
| test_array [0] = 0;
| return test_array [0];
| 
|   ;
|   return 0;
| }
configure:15453: /home/nathan/secure-exec-wasmgui/experiments/wasm-gui/toolchain/clang-wasi-wrap.sh -c --target=wasm32-wasip1-threads --sysroot=/home/nathan/secure-exec/registry/native/c/vendor/wasi-sdk/share/wasi-sysroot -O2 -pthread -matomics -mbulk-memory -DSECURE_EXEC_WASM_THREADS -D_WASI_EMULATED_SIGNAL -D_WASI_EMULATED_MMAN -D_WASI_EMULATED_PROCESS_CLOCKS -D_GNU_SOURCE -mllvm -wasm-enable-sjlj -Wno-error=implicit-function-declaration -Wno-error=int-conversion -Wno-int-conversion -I/home/nathan/secure-exec-wasmgui/experiments/wasm-gui/toolchain/compat-include -include /home/nathan/secure-exec-wasmgui/experiments/wasm-gui/toolchain/wasi-compat.h -I/home/nathan/secure-exec-wasmgui/experiments/wasm-gui/third_party/wasm-prefix-threads/include -I/home/nathan/secure-exec-wasmgui/experiments/wasm-gui/third_party/wasm-prefix-threads/include -I/home/nathan/secure-exec-wasmgui/experiments/wasm-gui/third_party/wasm-prefix-threads/include/glib-2.0 -pthread -I/home/nathan/secure-exec-wasmgui/experiments/wasm-gui/third_party/wasm-prefix-threads/lib/glib-2.0/include -DPCRE2_STATIC  --target=wasm32-wasip1-threads --sysroot=/home/nathan/secure-exec/registry/native/c/vendor/wasi-sdk/share/wasi-sysroot -I/home/nathan/secure-exec-wasmgui/experiments/wasm-gui/third_party/wasm-prefix-threads/include -I/home/nathan/secure-exec-wasmgui/experiments/wasm-gui/toolchain/compat-include -include /home/nathan/secure-exec-wasmgui/experiments/wasm-gui/toolchain/wasi-compat.h conftest.c >&5
conftest.c:56:24: error: 'test_array' declared as an array with a negative size
   56 | static int test_array [1 - 2 * !(((long int) offsetof (ac__type_alignof_, y)) <= 7)];
      |                        ^~~~~~~~~~~~~~~~~~~~~~~~~~~~~~~~~~~~~~~~~~~~~~~~~~~~~~~~~~~~
1 error generated.
configure:15453: $? = 1
configure: failed program was:
| /* confdefs.h */
| #define PACKAGE_NAME "xfconf"
| #define PACKAGE_TARNAME "xfconf"
| #define PACKAGE_VERSION "4.18.3"
| #define PACKAGE_STRING "xfconf 4.18.3"
| #define PACKAGE_BUGREPORT "https://gitlab.xfce.org/xfce/xfconf"
| #define PACKAGE_URL ""
| #define PACKAGE "xfconf"
| #define VERSION "4.18.3"
| #define HAVE_STDIO_H 1
| #define HAVE_STDLIB_H 1
| #define HAVE_STRING_H 1
| #define HAVE_INTTYPES_H 1
| #define HAVE_STDINT_H 1
| #define HAVE_STRINGS_H 1
| #define HAVE_SYS_STAT_H 1
| #define HAVE_SYS_TYPES_H 1
| #define HAVE_UNISTD_H 1
| #define STDC_HEADERS 1
| #define HAVE_DLFCN_H 1
| #define LT_OBJDIR ".libs/"
| #define HAVE_ERRNO_H 1
| #define HAVE_FCNTL_H 1
| #define HAVE_GRP_H 1
| #define HAVE_LOCALE_H 1
| #define HAVE_SIGNAL_H 1
| #define HAVE_STDLIB_H 1
| #define HAVE_STRING_H 1
| #define HAVE_SYS_STAT_H 1
| #define HAVE_SYS_TIME_H 1
| #define HAVE_SYS_TYPES_H 1
| #define HAVE_SYS_WAIT_H 1
| #define HAVE_UNISTD_H 1
| #define HAVE_FDATASYNC 1
| #define HAVE_FSYNC 1
| #define HAVE_SETLOCALE 1
| #define GETTEXT_PACKAGE "xfconf"
| #define XFCONF_SERVICE_NAME_PREFIX "org.xfce"
| #define XFCONF_SERVICE_PATH_PREFIX "/org/xfce"
| #define G_LOG_USE_STRUCTURED 1
| #define GLIB_VERSION_MAX_ALLOWED GLIB_VERSION_2_66
| #define GLIB_VERSION_MIN_REQUIRED GLIB_VERSION_2_66
| #define ALIGNOF_GUCHAR 1
| #define ALIGNOF_GCHAR 1
| #define ALIGNOF_GUINT16 2
| #define ALIGNOF_GINT16 2
| #define ALIGNOF_GUINT32 4
| #define ALIGNOF_GINT32 4
| /* end confdefs.h.  */
| #include <glib.h>
| 
| typedef struct { char x; guint64 y; } ac__type_alignof_;
| int
| main (void)
| {
| static int test_array [1 - 2 * !(((long int) offsetof (ac__type_alignof_, y)) <= 7)];
| test_array [0] = 0;
| return test_array [0];
| 
|   ;
|   return 0;
| }
configure:15453: /home/nathan/secure-exec-wasmgui/experiments/wasm-gui/toolchain/clang-wasi-wrap.sh -c --target=wasm32-wasip1-threads --sysroot=/home/nathan/secure-exec/registry/native/c/vendor/wasi-sdk/share/wasi-sysroot -O2 -pthread -matomics -mbulk-memory -DSECURE_EXEC_WASM_THREADS -D_WASI_EMULATED_SIGNAL -D_WASI_EMULATED_MMAN -D_WASI_EMULATED_PROCESS_CLOCKS -D_GNU_SOURCE -mllvm -wasm-enable-sjlj -Wno-error=implicit-function-declaration -Wno-error=int-conversion -Wno-int-conversion -I/home/nathan/secure-exec-wasmgui/experiments/wasm-gui/toolchain/compat-include -include /home/nathan/secure-exec-wasmgui/experiments/wasm-gui/toolchain/wasi-compat.h -I/home/nathan/secure-exec-wasmgui/experiments/wasm-gui/third_party/wasm-prefix-threads/include -I/home/nathan/secure-exec-wasmgui/experiments/wasm-gui/third_party/wasm-prefix-threads/include -I/home/nathan/secure-exec-wasmgui/experiments/wasm-gui/third_party/wasm-prefix-threads/include/glib-2.0 -pthread -I/home/nathan/secure-exec-wasmgui/experiments/wasm-gui/third_party/wasm-prefix-threads/lib/glib-2.0/include -DPCRE2_STATIC  --target=wasm32-wasip1-threads --sysroot=/home/nathan/secure-exec/registry/native/c/vendor/wasi-sdk/share/wasi-sysroot -I/home/nathan/secure-exec-wasmgui/experiments/wasm-gui/third_party/wasm-prefix-threads/include -I/home/nathan/secure-exec-wasmgui/experiments/wasm-gui/toolchain/compat-include -include /home/nathan/secure-exec-wasmgui/experiments/wasm-gui/toolchain/wasi-compat.h conftest.c >&5
configure:15453: $? = 0
configure:15453: /home/nathan/secure-exec-wasmgui/experiments/wasm-gui/toolchain/clang-wasi-wrap.sh -c --target=wasm32-wasip1-threads --sysroot=/home/nathan/secure-exec/registry/native/c/vendor/wasi-sdk/share/wasi-sysroot -O2 -pthread -matomics -mbulk-memory -DSECURE_EXEC_WASM_THREADS -D_WASI_EMULATED_SIGNAL -D_WASI_EMULATED_MMAN -D_WASI_EMULATED_PROCESS_CLOCKS -D_GNU_SOURCE -mllvm -wasm-enable-sjlj -Wno-error=implicit-function-declaration -Wno-error=int-conversion -Wno-int-conversion -I/home/nathan/secure-exec-wasmgui/experiments/wasm-gui/toolchain/compat-include -include /home/nathan/secure-exec-wasmgui/experiments/wasm-gui/toolchain/wasi-compat.h -I/home/nathan/secure-exec-wasmgui/experiments/wasm-gui/third_party/wasm-prefix-threads/include -I/home/nathan/secure-exec-wasmgui/experiments/wasm-gui/third_party/wasm-prefix-threads/include -I/home/nathan/secure-exec-wasmgui/experiments/wasm-gui/third_party/wasm-prefix-threads/include/glib-2.0 -pthread -I/home/nathan/secure-exec-wasmgui/experiments/wasm-gui/third_party/wasm-prefix-threads/lib/glib-2.0/include -DPCRE2_STATIC  --target=wasm32-wasip1-threads --sysroot=/home/nathan/secure-exec/registry/native/c/vendor/wasi-sdk/share/wasi-sysroot -I/home/nathan/secure-exec-wasmgui/experiments/wasm-gui/third_party/wasm-prefix-threads/include -I/home/nathan/secure-exec-wasmgui/experiments/wasm-gui/toolchain/compat-include -include /home/nathan/secure-exec-wasmgui/experiments/wasm-gui/toolchain/wasi-compat.h conftest.c >&5
configure:15453: $? = 0
configure:15453: /home/nathan/secure-exec-wasmgui/experiments/wasm-gui/toolchain/clang-wasi-wrap.sh -c --target=wasm32-wasip1-threads --sysroot=/home/nathan/secure-exec/registry/native/c/vendor/wasi-sdk/share/wasi-sysroot -O2 -pthread -matomics -mbulk-memory -DSECURE_EXEC_WASM_THREADS -D_WASI_EMULATED_SIGNAL -D_WASI_EMULATED_MMAN -D_WASI_EMULATED_PROCESS_CLOCKS -D_GNU_SOURCE -mllvm -wasm-enable-sjlj -Wno-error=implicit-function-declaration -Wno-error=int-conversion -Wno-int-conversion -I/home/nathan/secure-exec-wasmgui/experiments/wasm-gui/toolchain/compat-include -include /home/nathan/secure-exec-wasmgui/experiments/wasm-gui/toolchain/wasi-compat.h -I/home/nathan/secure-exec-wasmgui/experiments/wasm-gui/third_party/wasm-prefix-threads/include -I/home/nathan/secure-exec-wasmgui/experiments/wasm-gui/third_party/wasm-prefix-threads/include -I/home/nathan/secure-exec-wasmgui/experiments/wasm-gui/third_party/wasm-prefix-threads/include/glib-2.0 -pthread -I/home/nathan/secure-exec-wasmgui/experiments/wasm-gui/third_party/wasm-prefix-threads/lib/glib-2.0/include -DPCRE2_STATIC  --target=wasm32-wasip1-threads --sysroot=/home/nathan/secure-exec/registry/native/c/vendor/wasi-sdk/share/wasi-sysroot -I/home/nathan/secure-exec-wasmgui/experiments/wasm-gui/third_party/wasm-prefix-threads/include -I/home/nathan/secure-exec-wasmgui/experiments/wasm-gui/toolchain/compat-include -include /home/nathan/secure-exec-wasmgui/experiments/wasm-gui/toolchain/wasi-compat.h conftest.c >&5
configure:15453: $? = 0
configure:15453: /home/nathan/secure-exec-wasmgui/experiments/wasm-gui/toolchain/clang-wasi-wrap.sh -c --target=wasm32-wasip1-threads --sysroot=/home/nathan/secure-exec/registry/native/c/vendor/wasi-sdk/share/wasi-sysroot -O2 -pthread -matomics -mbulk-memory -DSECURE_EXEC_WASM_THREADS -D_WASI_EMULATED_SIGNAL -D_WASI_EMULATED_MMAN -D_WASI_EMULATED_PROCESS_CLOCKS -D_GNU_SOURCE -mllvm -wasm-enable-sjlj -Wno-error=implicit-function-declaration -Wno-error=int-conversion -Wno-int-conversion -I/home/nathan/secure-exec-wasmgui/experiments/wasm-gui/toolchain/compat-include -include /home/nathan/secure-exec-wasmgui/experiments/wasm-gui/toolchain/wasi-compat.h -I/home/nathan/secure-exec-wasmgui/experiments/wasm-gui/third_party/wasm-prefix-threads/include -I/home/nathan/secure-exec-wasmgui/experiments/wasm-gui/third_party/wasm-prefix-threads/include -I/home/nathan/secure-exec-wasmgui/experiments/wasm-gui/third_party/wasm-prefix-threads/include/glib-2.0 -pthread -I/home/nathan/secure-exec-wasmgui/experiments/wasm-gui/third_party/wasm-prefix-threads/lib/glib-2.0/include -DPCRE2_STATIC  --target=wasm32-wasip1-threads --sysroot=/home/nathan/secure-exec/registry/native/c/vendor/wasi-sdk/share/wasi-sysroot -I/home/nathan/secure-exec-wasmgui/experiments/wasm-gui/third_party/wasm-prefix-threads/include -I/home/nathan/secure-exec-wasmgui/experiments/wasm-gui/toolchain/compat-include -include /home/nathan/secure-exec-wasmgui/experiments/wasm-gui/toolchain/wasi-compat.h conftest.c >&5
configure:15453: $? = 0
configure:15470: result: 8
configure:15488: checking alignment of gint64
configure:15494: /home/nathan/secure-exec-wasmgui/experiments/wasm-gui/toolchain/clang-wasi-wrap.sh -c --target=wasm32-wasip1-threads --sysroot=/home/nathan/secure-exec/registry/native/c/vendor/wasi-sdk/share/wasi-sysroot -O2 -pthread -matomics -mbulk-memory -DSECURE_EXEC_WASM_THREADS -D_WASI_EMULATED_SIGNAL -D_WASI_EMULATED_MMAN -D_WASI_EMULATED_PROCESS_CLOCKS -D_GNU_SOURCE -mllvm -wasm-enable-sjlj -Wno-error=implicit-function-declaration -Wno-error=int-conversion -Wno-int-conversion -I/home/nathan/secure-exec-wasmgui/experiments/wasm-gui/toolchain/compat-include -include /home/nathan/secure-exec-wasmgui/experiments/wasm-gui/toolchain/wasi-compat.h -I/home/nathan/secure-exec-wasmgui/experiments/wasm-gui/third_party/wasm-prefix-threads/include -I/home/nathan/secure-exec-wasmgui/experiments/wasm-gui/third_party/wasm-prefix-threads/include -I/home/nathan/secure-exec-wasmgui/experiments/wasm-gui/third_party/wasm-prefix-threads/include/glib-2.0 -pthread -I/home/nathan/secure-exec-wasmgui/experiments/wasm-gui/third_party/wasm-prefix-threads/lib/glib-2.0/include -DPCRE2_STATIC  --target=wasm32-wasip1-threads --sysroot=/home/nathan/secure-exec/registry/native/c/vendor/wasi-sdk/share/wasi-sysroot -I/home/nathan/secure-exec-wasmgui/experiments/wasm-gui/third_party/wasm-prefix-threads/include -I/home/nathan/secure-exec-wasmgui/experiments/wasm-gui/toolchain/compat-include -include /home/nathan/secure-exec-wasmgui/experiments/wasm-gui/toolchain/wasi-compat.h conftest.c >&5
configure:15494: $? = 0
configure:15494: /home/nathan/secure-exec-wasmgui/experiments/wasm-gui/toolchain/clang-wasi-wrap.sh -c --target=wasm32-wasip1-threads --sysroot=/home/nathan/secure-exec/registry/native/c/vendor/wasi-sdk/share/wasi-sysroot -O2 -pthread -matomics -mbulk-memory -DSECURE_EXEC_WASM_THREADS -D_WASI_EMULATED_SIGNAL -D_WASI_EMULATED_MMAN -D_WASI_EMULATED_PROCESS_CLOCKS -D_GNU_SOURCE -mllvm -wasm-enable-sjlj -Wno-error=implicit-function-declaration -Wno-error=int-conversion -Wno-int-conversion -I/home/nathan/secure-exec-wasmgui/experiments/wasm-gui/toolchain/compat-include -include /home/nathan/secure-exec-wasmgui/experiments/wasm-gui/toolchain/wasi-compat.h -I/home/nathan/secure-exec-wasmgui/experiments/wasm-gui/third_party/wasm-prefix-threads/include -I/home/nathan/secure-exec-wasmgui/experiments/wasm-gui/third_party/wasm-prefix-threads/include -I/home/nathan/secure-exec-wasmgui/experiments/wasm-gui/third_party/wasm-prefix-threads/include/glib-2.0 -pthread -I/home/nathan/secure-exec-wasmgui/experiments/wasm-gui/third_party/wasm-prefix-threads/lib/glib-2.0/include -DPCRE2_STATIC  --target=wasm32-wasip1-threads --sysroot=/home/nathan/secure-exec/registry/native/c/vendor/wasi-sdk/share/wasi-sysroot -I/home/nathan/secure-exec-wasmgui/experiments/wasm-gui/third_party/wasm-prefix-threads/include -I/home/nathan/secure-exec-wasmgui/experiments/wasm-gui/toolchain/compat-include -include /home/nathan/secure-exec-wasmgui/experiments/wasm-gui/toolchain/wasi-compat.h conftest.c >&5
conftest.c:57:24: error: 'test_array' declared as an array with a negative size
   57 | static int test_array [1 - 2 * !(((long int) offsetof (ac__type_alignof_, y)) <= 0)];
      |                        ^~~~~~~~~~~~~~~~~~~~~~~~~~~~~~~~~~~~~~~~~~~~~~~~~~~~~~~~~~~~
1 error generated.
configure:15494: $? = 1
configure: failed program was:
| /* confdefs.h */
| #define PACKAGE_NAME "xfconf"
| #define PACKAGE_TARNAME "xfconf"
| #define PACKAGE_VERSION "4.18.3"
| #define PACKAGE_STRING "xfconf 4.18.3"
| #define PACKAGE_BUGREPORT "https://gitlab.xfce.org/xfce/xfconf"
| #define PACKAGE_URL ""
| #define PACKAGE "xfconf"
| #define VERSION "4.18.3"
| #define HAVE_STDIO_H 1
| #define HAVE_STDLIB_H 1
| #define HAVE_STRING_H 1
| #define HAVE_INTTYPES_H 1
| #define HAVE_STDINT_H 1
| #define HAVE_STRINGS_H 1
| #define HAVE_SYS_STAT_H 1
| #define HAVE_SYS_TYPES_H 1
| #define HAVE_UNISTD_H 1
| #define STDC_HEADERS 1
| #define HAVE_DLFCN_H 1
| #define LT_OBJDIR ".libs/"
| #define HAVE_ERRNO_H 1
| #define HAVE_FCNTL_H 1
| #define HAVE_GRP_H 1
| #define HAVE_LOCALE_H 1
| #define HAVE_SIGNAL_H 1
| #define HAVE_STDLIB_H 1
| #define HAVE_STRING_H 1
| #define HAVE_SYS_STAT_H 1
| #define HAVE_SYS_TIME_H 1
| #define HAVE_SYS_TYPES_H 1
| #define HAVE_SYS_WAIT_H 1
| #define HAVE_UNISTD_H 1
| #define HAVE_FDATASYNC 1
| #define HAVE_FSYNC 1
| #define HAVE_SETLOCALE 1
| #define GETTEXT_PACKAGE "xfconf"
| #define XFCONF_SERVICE_NAME_PREFIX "org.xfce"
| #define XFCONF_SERVICE_PATH_PREFIX "/org/xfce"
| #define G_LOG_USE_STRUCTURED 1
| #define GLIB_VERSION_MAX_ALLOWED GLIB_VERSION_2_66
| #define GLIB_VERSION_MIN_REQUIRED GLIB_VERSION_2_66
| #define ALIGNOF_GUCHAR 1
| #define ALIGNOF_GCHAR 1
| #define ALIGNOF_GUINT16 2
| #define ALIGNOF_GINT16 2
| #define ALIGNOF_GUINT32 4
| #define ALIGNOF_GINT32 4
| #define ALIGNOF_GUINT64 8
| /* end confdefs.h.  */
| #include <glib.h>
| 
| typedef struct { char x; gint64 y; } ac__type_alignof_;
| int
| main (void)
| {
| static int test_array [1 - 2 * !(((long int) offsetof (ac__type_alignof_, y)) <= 0)];
| test_array [0] = 0;
| return test_array [0];
| 
|   ;
|   return 0;
| }
configure:15494: /home/nathan/secure-exec-wasmgui/experiments/wasm-gui/toolchain/clang-wasi-wrap.sh -c --target=wasm32-wasip1-threads --sysroot=/home/nathan/secure-exec/registry/native/c/vendor/wasi-sdk/share/wasi-sysroot -O2 -pthread -matomics -mbulk-memory -DSECURE_EXEC_WASM_THREADS -D_WASI_EMULATED_SIGNAL -D_WASI_EMULATED_MMAN -D_WASI_EMULATED_PROCESS_CLOCKS -D_GNU_SOURCE -mllvm -wasm-enable-sjlj -Wno-error=implicit-function-declaration -Wno-error=int-conversion -Wno-int-conversion -I/home/nathan/secure-exec-wasmgui/experiments/wasm-gui/toolchain/compat-include -include /home/nathan/secure-exec-wasmgui/experiments/wasm-gui/toolchain/wasi-compat.h -I/home/nathan/secure-exec-wasmgui/experiments/wasm-gui/third_party/wasm-prefix-threads/include -I/home/nathan/secure-exec-wasmgui/experiments/wasm-gui/third_party/wasm-prefix-threads/include -I/home/nathan/secure-exec-wasmgui/experiments/wasm-gui/third_party/wasm-prefix-threads/include/glib-2.0 -pthread -I/home/nathan/secure-exec-wasmgui/experiments/wasm-gui/third_party/wasm-prefix-threads/lib/glib-2.0/include -DPCRE2_STATIC  --target=wasm32-wasip1-threads --sysroot=/home/nathan/secure-exec/registry/native/c/vendor/wasi-sdk/share/wasi-sysroot -I/home/nathan/secure-exec-wasmgui/experiments/wasm-gui/third_party/wasm-prefix-threads/include -I/home/nathan/secure-exec-wasmgui/experiments/wasm-gui/toolchain/compat-include -include /home/nathan/secure-exec-wasmgui/experiments/wasm-gui/toolchain/wasi-compat.h conftest.c >&5
conftest.c:57:24: error: 'test_array' declared as an array with a negative size
   57 | static int test_array [1 - 2 * !(((long int) offsetof (ac__type_alignof_, y)) <= 1)];
      |                        ^~~~~~~~~~~~~~~~~~~~~~~~~~~~~~~~~~~~~~~~~~~~~~~~~~~~~~~~~~~~
1 error generated.
configure:15494: $? = 1
configure: failed program was:
| /* confdefs.h */
| #define PACKAGE_NAME "xfconf"
| #define PACKAGE_TARNAME "xfconf"
| #define PACKAGE_VERSION "4.18.3"
| #define PACKAGE_STRING "xfconf 4.18.3"
| #define PACKAGE_BUGREPORT "https://gitlab.xfce.org/xfce/xfconf"
| #define PACKAGE_URL ""
| #define PACKAGE "xfconf"
| #define VERSION "4.18.3"
| #define HAVE_STDIO_H 1
| #define HAVE_STDLIB_H 1
| #define HAVE_STRING_H 1
| #define HAVE_INTTYPES_H 1
| #define HAVE_STDINT_H 1
| #define HAVE_STRINGS_H 1
| #define HAVE_SYS_STAT_H 1
| #define HAVE_SYS_TYPES_H 1
| #define HAVE_UNISTD_H 1
| #define STDC_HEADERS 1
| #define HAVE_DLFCN_H 1
| #define LT_OBJDIR ".libs/"
| #define HAVE_ERRNO_H 1
| #define HAVE_FCNTL_H 1
| #define HAVE_GRP_H 1
| #define HAVE_LOCALE_H 1
| #define HAVE_SIGNAL_H 1
| #define HAVE_STDLIB_H 1
| #define HAVE_STRING_H 1
| #define HAVE_SYS_STAT_H 1
| #define HAVE_SYS_TIME_H 1
| #define HAVE_SYS_TYPES_H 1
| #define HAVE_SYS_WAIT_H 1
| #define HAVE_UNISTD_H 1
| #define HAVE_FDATASYNC 1
| #define HAVE_FSYNC 1
| #define HAVE_SETLOCALE 1
| #define GETTEXT_PACKAGE "xfconf"
| #define XFCONF_SERVICE_NAME_PREFIX "org.xfce"
| #define XFCONF_SERVICE_PATH_PREFIX "/org/xfce"
| #define G_LOG_USE_STRUCTURED 1
| #define GLIB_VERSION_MAX_ALLOWED GLIB_VERSION_2_66
| #define GLIB_VERSION_MIN_REQUIRED GLIB_VERSION_2_66
| #define ALIGNOF_GUCHAR 1
| #define ALIGNOF_GCHAR 1
| #define ALIGNOF_GUINT16 2
| #define ALIGNOF_GINT16 2
| #define ALIGNOF_GUINT32 4
| #define ALIGNOF_GINT32 4
| #define ALIGNOF_GUINT64 8
| /* end confdefs.h.  */
| #include <glib.h>
| 
| typedef struct { char x; gint64 y; } ac__type_alignof_;
| int
| main (void)
| {
| static int test_array [1 - 2 * !(((long int) offsetof (ac__type_alignof_, y)) <= 1)];
| test_array [0] = 0;
| return test_array [0];
| 
|   ;
|   return 0;
| }
configure:15494: /home/nathan/secure-exec-wasmgui/experiments/wasm-gui/toolchain/clang-wasi-wrap.sh -c --target=wasm32-wasip1-threads --sysroot=/home/nathan/secure-exec/registry/native/c/vendor/wasi-sdk/share/wasi-sysroot -O2 -pthread -matomics -mbulk-memory -DSECURE_EXEC_WASM_THREADS -D_WASI_EMULATED_SIGNAL -D_WASI_EMULATED_MMAN -D_WASI_EMULATED_PROCESS_CLOCKS -D_GNU_SOURCE -mllvm -wasm-enable-sjlj -Wno-error=implicit-function-declaration -Wno-error=int-conversion -Wno-int-conversion -I/home/nathan/secure-exec-wasmgui/experiments/wasm-gui/toolchain/compat-include -include /home/nathan/secure-exec-wasmgui/experiments/wasm-gui/toolchain/wasi-compat.h -I/home/nathan/secure-exec-wasmgui/experiments/wasm-gui/third_party/wasm-prefix-threads/include -I/home/nathan/secure-exec-wasmgui/experiments/wasm-gui/third_party/wasm-prefix-threads/include -I/home/nathan/secure-exec-wasmgui/experiments/wasm-gui/third_party/wasm-prefix-threads/include/glib-2.0 -pthread -I/home/nathan/secure-exec-wasmgui/experiments/wasm-gui/third_party/wasm-prefix-threads/lib/glib-2.0/include -DPCRE2_STATIC  --target=wasm32-wasip1-threads --sysroot=/home/nathan/secure-exec/registry/native/c/vendor/wasi-sdk/share/wasi-sysroot -I/home/nathan/secure-exec-wasmgui/experiments/wasm-gui/third_party/wasm-prefix-threads/include -I/home/nathan/secure-exec-wasmgui/experiments/wasm-gui/toolchain/compat-include -include /home/nathan/secure-exec-wasmgui/experiments/wasm-gui/toolchain/wasi-compat.h conftest.c >&5
conftest.c:57:24: error: 'test_array' declared as an array with a negative size
   57 | static int test_array [1 - 2 * !(((long int) offsetof (ac__type_alignof_, y)) <= 3)];
      |                        ^~~~~~~~~~~~~~~~~~~~~~~~~~~~~~~~~~~~~~~~~~~~~~~~~~~~~~~~~~~~
1 error generated.
configure:15494: $? = 1
configure: failed program was:
| /* confdefs.h */
| #define PACKAGE_NAME "xfconf"
| #define PACKAGE_TARNAME "xfconf"
| #define PACKAGE_VERSION "4.18.3"
| #define PACKAGE_STRING "xfconf 4.18.3"
| #define PACKAGE_BUGREPORT "https://gitlab.xfce.org/xfce/xfconf"
| #define PACKAGE_URL ""
| #define PACKAGE "xfconf"
| #define VERSION "4.18.3"
| #define HAVE_STDIO_H 1
| #define HAVE_STDLIB_H 1
| #define HAVE_STRING_H 1
| #define HAVE_INTTYPES_H 1
| #define HAVE_STDINT_H 1
| #define HAVE_STRINGS_H 1
| #define HAVE_SYS_STAT_H 1
| #define HAVE_SYS_TYPES_H 1
| #define HAVE_UNISTD_H 1
| #define STDC_HEADERS 1
| #define HAVE_DLFCN_H 1
| #define LT_OBJDIR ".libs/"
| #define HAVE_ERRNO_H 1
| #define HAVE_FCNTL_H 1
| #define HAVE_GRP_H 1
| #define HAVE_LOCALE_H 1
| #define HAVE_SIGNAL_H 1
| #define HAVE_STDLIB_H 1
| #define HAVE_STRING_H 1
| #define HAVE_SYS_STAT_H 1
| #define HAVE_SYS_TIME_H 1
| #define HAVE_SYS_TYPES_H 1
| #define HAVE_SYS_WAIT_H 1
| #define HAVE_UNISTD_H 1
| #define HAVE_FDATASYNC 1
| #define HAVE_FSYNC 1
| #define HAVE_SETLOCALE 1
| #define GETTEXT_PACKAGE "xfconf"
| #define XFCONF_SERVICE_NAME_PREFIX "org.xfce"
| #define XFCONF_SERVICE_PATH_PREFIX "/org/xfce"
| #define G_LOG_USE_STRUCTURED 1
| #define GLIB_VERSION_MAX_ALLOWED GLIB_VERSION_2_66
| #define GLIB_VERSION_MIN_REQUIRED GLIB_VERSION_2_66
| #define ALIGNOF_GUCHAR 1
| #define ALIGNOF_GCHAR 1
| #define ALIGNOF_GUINT16 2
| #define ALIGNOF_GINT16 2
| #define ALIGNOF_GUINT32 4
| #define ALIGNOF_GINT32 4
| #define ALIGNOF_GUINT64 8
| /* end confdefs.h.  */
| #include <glib.h>
| 
| typedef struct { char x; gint64 y; } ac__type_alignof_;
| int
| main (void)
| {
| static int test_array [1 - 2 * !(((long int) offsetof (ac__type_alignof_, y)) <= 3)];
| test_array [0] = 0;
| return test_array [0];
| 
|   ;
|   return 0;
| }
configure:15494: /home/nathan/secure-exec-wasmgui/experiments/wasm-gui/toolchain/clang-wasi-wrap.sh -c --target=wasm32-wasip1-threads --sysroot=/home/nathan/secure-exec/registry/native/c/vendor/wasi-sdk/share/wasi-sysroot -O2 -pthread -matomics -mbulk-memory -DSECURE_EXEC_WASM_THREADS -D_WASI_EMULATED_SIGNAL -D_WASI_EMULATED_MMAN -D_WASI_EMULATED_PROCESS_CLOCKS -D_GNU_SOURCE -mllvm -wasm-enable-sjlj -Wno-error=implicit-function-declaration -Wno-error=int-conversion -Wno-int-conversion -I/home/nathan/secure-exec-wasmgui/experiments/wasm-gui/toolchain/compat-include -include /home/nathan/secure-exec-wasmgui/experiments/wasm-gui/toolchain/wasi-compat.h -I/home/nathan/secure-exec-wasmgui/experiments/wasm-gui/third_party/wasm-prefix-threads/include -I/home/nathan/secure-exec-wasmgui/experiments/wasm-gui/third_party/wasm-prefix-threads/include -I/home/nathan/secure-exec-wasmgui/experiments/wasm-gui/third_party/wasm-prefix-threads/include/glib-2.0 -pthread -I/home/nathan/secure-exec-wasmgui/experiments/wasm-gui/third_party/wasm-prefix-threads/lib/glib-2.0/include -DPCRE2_STATIC  --target=wasm32-wasip1-threads --sysroot=/home/nathan/secure-exec/registry/native/c/vendor/wasi-sdk/share/wasi-sysroot -I/home/nathan/secure-exec-wasmgui/experiments/wasm-gui/third_party/wasm-prefix-threads/include -I/home/nathan/secure-exec-wasmgui/experiments/wasm-gui/toolchain/compat-include -include /home/nathan/secure-exec-wasmgui/experiments/wasm-gui/toolchain/wasi-compat.h conftest.c >&5
conftest.c:57:24: error: 'test_array' declared as an array with a negative size
   57 | static int test_array [1 - 2 * !(((long int) offsetof (ac__type_alignof_, y)) <= 7)];
      |                        ^~~~~~~~~~~~~~~~~~~~~~~~~~~~~~~~~~~~~~~~~~~~~~~~~~~~~~~~~~~~
1 error generated.
configure:15494: $? = 1
configure: failed program was:
| /* confdefs.h */
| #define PACKAGE_NAME "xfconf"
| #define PACKAGE_TARNAME "xfconf"
| #define PACKAGE_VERSION "4.18.3"
| #define PACKAGE_STRING "xfconf 4.18.3"
| #define PACKAGE_BUGREPORT "https://gitlab.xfce.org/xfce/xfconf"
| #define PACKAGE_URL ""
| #define PACKAGE "xfconf"
| #define VERSION "4.18.3"
| #define HAVE_STDIO_H 1
| #define HAVE_STDLIB_H 1
| #define HAVE_STRING_H 1
| #define HAVE_INTTYPES_H 1
| #define HAVE_STDINT_H 1
| #define HAVE_STRINGS_H 1
| #define HAVE_SYS_STAT_H 1
| #define HAVE_SYS_TYPES_H 1
| #define HAVE_UNISTD_H 1
| #define STDC_HEADERS 1
| #define HAVE_DLFCN_H 1
| #define LT_OBJDIR ".libs/"
| #define HAVE_ERRNO_H 1
| #define HAVE_FCNTL_H 1
| #define HAVE_GRP_H 1
| #define HAVE_LOCALE_H 1
| #define HAVE_SIGNAL_H 1
| #define HAVE_STDLIB_H 1
| #define HAVE_STRING_H 1
| #define HAVE_SYS_STAT_H 1
| #define HAVE_SYS_TIME_H 1
| #define HAVE_SYS_TYPES_H 1
| #define HAVE_SYS_WAIT_H 1
| #define HAVE_UNISTD_H 1
| #define HAVE_FDATASYNC 1
| #define HAVE_FSYNC 1
| #define HAVE_SETLOCALE 1
| #define GETTEXT_PACKAGE "xfconf"
| #define XFCONF_SERVICE_NAME_PREFIX "org.xfce"
| #define XFCONF_SERVICE_PATH_PREFIX "/org/xfce"
| #define G_LOG_USE_STRUCTURED 1
| #define GLIB_VERSION_MAX_ALLOWED GLIB_VERSION_2_66
| #define GLIB_VERSION_MIN_REQUIRED GLIB_VERSION_2_66
| #define ALIGNOF_GUCHAR 1
| #define ALIGNOF_GCHAR 1
| #define ALIGNOF_GUINT16 2
| #define ALIGNOF_GINT16 2
| #define ALIGNOF_GUINT32 4
| #define ALIGNOF_GINT32 4
| #define ALIGNOF_GUINT64 8
| /* end confdefs.h.  */
| #include <glib.h>
| 
| typedef struct { char x; gint64 y; } ac__type_alignof_;
| int
| main (void)
| {
| static int test_array [1 - 2 * !(((long int) offsetof (ac__type_alignof_, y)) <= 7)];
| test_array [0] = 0;
| return test_array [0];
| 
|   ;
|   return 0;
| }
configure:15494: /home/nathan/secure-exec-wasmgui/experiments/wasm-gui/toolchain/clang-wasi-wrap.sh -c --target=wasm32-wasip1-threads --sysroot=/home/nathan/secure-exec/registry/native/c/vendor/wasi-sdk/share/wasi-sysroot -O2 -pthread -matomics -mbulk-memory -DSECURE_EXEC_WASM_THREADS -D_WASI_EMULATED_SIGNAL -D_WASI_EMULATED_MMAN -D_WASI_EMULATED_PROCESS_CLOCKS -D_GNU_SOURCE -mllvm -wasm-enable-sjlj -Wno-error=implicit-function-declaration -Wno-error=int-conversion -Wno-int-conversion -I/home/nathan/secure-exec-wasmgui/experiments/wasm-gui/toolchain/compat-include -include /home/nathan/secure-exec-wasmgui/experiments/wasm-gui/toolchain/wasi-compat.h -I/home/nathan/secure-exec-wasmgui/experiments/wasm-gui/third_party/wasm-prefix-threads/include -I/home/nathan/secure-exec-wasmgui/experiments/wasm-gui/third_party/wasm-prefix-threads/include -I/home/nathan/secure-exec-wasmgui/experiments/wasm-gui/third_party/wasm-prefix-threads/include/glib-2.0 -pthread -I/home/nathan/secure-exec-wasmgui/experiments/wasm-gui/third_party/wasm-prefix-threads/lib/glib-2.0/include -DPCRE2_STATIC  --target=wasm32-wasip1-threads --sysroot=/home/nathan/secure-exec/registry/native/c/vendor/wasi-sdk/share/wasi-sysroot -I/home/nathan/secure-exec-wasmgui/experiments/wasm-gui/third_party/wasm-prefix-threads/include -I/home/nathan/secure-exec-wasmgui/experiments/wasm-gui/toolchain/compat-include -include /home/nathan/secure-exec-wasmgui/experiments/wasm-gui/toolchain/wasi-compat.h conftest.c >&5
configure:15494: $? = 0
configure:15494: /home/nathan/secure-exec-wasmgui/experiments/wasm-gui/toolchain/clang-wasi-wrap.sh -c --target=wasm32-wasip1-threads --sysroot=/home/nathan/secure-exec/registry/native/c/vendor/wasi-sdk/share/wasi-sysroot -O2 -pthread -matomics -mbulk-memory -DSECURE_EXEC_WASM_THREADS -D_WASI_EMULATED_SIGNAL -D_WASI_EMULATED_MMAN -D_WASI_EMULATED_PROCESS_CLOCKS -D_GNU_SOURCE -mllvm -wasm-enable-sjlj -Wno-error=implicit-function-declaration -Wno-error=int-conversion -Wno-int-conversion -I/home/nathan/secure-exec-wasmgui/experiments/wasm-gui/toolchain/compat-include -include /home/nathan/secure-exec-wasmgui/experiments/wasm-gui/toolchain/wasi-compat.h -I/home/nathan/secure-exec-wasmgui/experiments/wasm-gui/third_party/wasm-prefix-threads/include -I/home/nathan/secure-exec-wasmgui/experiments/wasm-gui/third_party/wasm-prefix-threads/include -I/home/nathan/secure-exec-wasmgui/experiments/wasm-gui/third_party/wasm-prefix-threads/include/glib-2.0 -pthread -I/home/nathan/secure-exec-wasmgui/experiments/wasm-gui/third_party/wasm-prefix-threads/lib/glib-2.0/include -DPCRE2_STATIC  --target=wasm32-wasip1-threads --sysroot=/home/nathan/secure-exec/registry/native/c/vendor/wasi-sdk/share/wasi-sysroot -I/home/nathan/secure-exec-wasmgui/experiments/wasm-gui/third_party/wasm-prefix-threads/include -I/home/nathan/secure-exec-wasmgui/experiments/wasm-gui/toolchain/compat-include -include /home/nathan/secure-exec-wasmgui/experiments/wasm-gui/toolchain/wasi-compat.h conftest.c >&5
configure:15494: $? = 0
configure:15494: /home/nathan/secure-exec-wasmgui/experiments/wasm-gui/toolchain/clang-wasi-wrap.sh -c --target=wasm32-wasip1-threads --sysroot=/home/nathan/secure-exec/registry/native/c/vendor/wasi-sdk/share/wasi-sysroot -O2 -pthread -matomics -mbulk-memory -DSECURE_EXEC_WASM_THREADS -D_WASI_EMULATED_SIGNAL -D_WASI_EMULATED_MMAN -D_WASI_EMULATED_PROCESS_CLOCKS -D_GNU_SOURCE -mllvm -wasm-enable-sjlj -Wno-error=implicit-function-declaration -Wno-error=int-conversion -Wno-int-conversion -I/home/nathan/secure-exec-wasmgui/experiments/wasm-gui/toolchain/compat-include -include /home/nathan/secure-exec-wasmgui/experiments/wasm-gui/toolchain/wasi-compat.h -I/home/nathan/secure-exec-wasmgui/experiments/wasm-gui/third_party/wasm-prefix-threads/include -I/home/nathan/secure-exec-wasmgui/experiments/wasm-gui/third_party/wasm-prefix-threads/include -I/home/nathan/secure-exec-wasmgui/experiments/wasm-gui/third_party/wasm-prefix-threads/include/glib-2.0 -pthread -I/home/nathan/secure-exec-wasmgui/experiments/wasm-gui/third_party/wasm-prefix-threads/lib/glib-2.0/include -DPCRE2_STATIC  --target=wasm32-wasip1-threads --sysroot=/home/nathan/secure-exec/registry/native/c/vendor/wasi-sdk/share/wasi-sysroot -I/home/nathan/secure-exec-wasmgui/experiments/wasm-gui/third_party/wasm-prefix-threads/include -I/home/nathan/secure-exec-wasmgui/experiments/wasm-gui/toolchain/compat-include -include /home/nathan/secure-exec-wasmgui/experiments/wasm-gui/toolchain/wasi-compat.h conftest.c >&5
configure:15494: $? = 0
configure:15494: /home/nathan/secure-exec-wasmgui/experiments/wasm-gui/toolchain/clang-wasi-wrap.sh -c --target=wasm32-wasip1-threads --sysroot=/home/nathan/secure-exec/registry/native/c/vendor/wasi-sdk/share/wasi-sysroot -O2 -pthread -matomics -mbulk-memory -DSECURE_EXEC_WASM_THREADS -D_WASI_EMULATED_SIGNAL -D_WASI_EMULATED_MMAN -D_WASI_EMULATED_PROCESS_CLOCKS -D_GNU_SOURCE -mllvm -wasm-enable-sjlj -Wno-error=implicit-function-declaration -Wno-error=int-conversion -Wno-int-conversion -I/home/nathan/secure-exec-wasmgui/experiments/wasm-gui/toolchain/compat-include -include /home/nathan/secure-exec-wasmgui/experiments/wasm-gui/toolchain/wasi-compat.h -I/home/nathan/secure-exec-wasmgui/experiments/wasm-gui/third_party/wasm-prefix-threads/include -I/home/nathan/secure-exec-wasmgui/experiments/wasm-gui/third_party/wasm-prefix-threads/include -I/home/nathan/secure-exec-wasmgui/experiments/wasm-gui/third_party/wasm-prefix-threads/include/glib-2.0 -pthread -I/home/nathan/secure-exec-wasmgui/experiments/wasm-gui/third_party/wasm-prefix-threads/lib/glib-2.0/include -DPCRE2_STATIC  --target=wasm32-wasip1-threads --sysroot=/home/nathan/secure-exec/registry/native/c/vendor/wasi-sdk/share/wasi-sysroot -I/home/nathan/secure-exec-wasmgui/experiments/wasm-gui/third_party/wasm-prefix-threads/include -I/home/nathan/secure-exec-wasmgui/experiments/wasm-gui/toolchain/compat-include -include /home/nathan/secure-exec-wasmgui/experiments/wasm-gui/toolchain/wasi-compat.h conftest.c >&5
configure:15494: $? = 0
configure:15511: result: 8
configure:15529: checking alignment of gfloat
configure:15535: /home/nathan/secure-exec-wasmgui/experiments/wasm-gui/toolchain/clang-wasi-wrap.sh -c --target=wasm32-wasip1-threads --sysroot=/home/nathan/secure-exec/registry/native/c/vendor/wasi-sdk/share/wasi-sysroot -O2 -pthread -matomics -mbulk-memory -DSECURE_EXEC_WASM_THREADS -D_WASI_EMULATED_SIGNAL -D_WASI_EMULATED_MMAN -D_WASI_EMULATED_PROCESS_CLOCKS -D_GNU_SOURCE -mllvm -wasm-enable-sjlj -Wno-error=implicit-function-declaration -Wno-error=int-conversion -Wno-int-conversion -I/home/nathan/secure-exec-wasmgui/experiments/wasm-gui/toolchain/compat-include -include /home/nathan/secure-exec-wasmgui/experiments/wasm-gui/toolchain/wasi-compat.h -I/home/nathan/secure-exec-wasmgui/experiments/wasm-gui/third_party/wasm-prefix-threads/include -I/home/nathan/secure-exec-wasmgui/experiments/wasm-gui/third_party/wasm-prefix-threads/include -I/home/nathan/secure-exec-wasmgui/experiments/wasm-gui/third_party/wasm-prefix-threads/include/glib-2.0 -pthread -I/home/nathan/secure-exec-wasmgui/experiments/wasm-gui/third_party/wasm-prefix-threads/lib/glib-2.0/include -DPCRE2_STATIC  --target=wasm32-wasip1-threads --sysroot=/home/nathan/secure-exec/registry/native/c/vendor/wasi-sdk/share/wasi-sysroot -I/home/nathan/secure-exec-wasmgui/experiments/wasm-gui/third_party/wasm-prefix-threads/include -I/home/nathan/secure-exec-wasmgui/experiments/wasm-gui/toolchain/compat-include -include /home/nathan/secure-exec-wasmgui/experiments/wasm-gui/toolchain/wasi-compat.h conftest.c >&5
configure:15535: $? = 0
configure:15535: /home/nathan/secure-exec-wasmgui/experiments/wasm-gui/toolchain/clang-wasi-wrap.sh -c --target=wasm32-wasip1-threads --sysroot=/home/nathan/secure-exec/registry/native/c/vendor/wasi-sdk/share/wasi-sysroot -O2 -pthread -matomics -mbulk-memory -DSECURE_EXEC_WASM_THREADS -D_WASI_EMULATED_SIGNAL -D_WASI_EMULATED_MMAN -D_WASI_EMULATED_PROCESS_CLOCKS -D_GNU_SOURCE -mllvm -wasm-enable-sjlj -Wno-error=implicit-function-declaration -Wno-error=int-conversion -Wno-int-conversion -I/home/nathan/secure-exec-wasmgui/experiments/wasm-gui/toolchain/compat-include -include /home/nathan/secure-exec-wasmgui/experiments/wasm-gui/toolchain/wasi-compat.h -I/home/nathan/secure-exec-wasmgui/experiments/wasm-gui/third_party/wasm-prefix-threads/include -I/home/nathan/secure-exec-wasmgui/experiments/wasm-gui/third_party/wasm-prefix-threads/include -I/home/nathan/secure-exec-wasmgui/experiments/wasm-gui/third_party/wasm-prefix-threads/include/glib-2.0 -pthread -I/home/nathan/secure-exec-wasmgui/experiments/wasm-gui/third_party/wasm-prefix-threads/lib/glib-2.0/include -DPCRE2_STATIC  --target=wasm32-wasip1-threads --sysroot=/home/nathan/secure-exec/registry/native/c/vendor/wasi-sdk/share/wasi-sysroot -I/home/nathan/secure-exec-wasmgui/experiments/wasm-gui/third_party/wasm-prefix-threads/include -I/home/nathan/secure-exec-wasmgui/experiments/wasm-gui/toolchain/compat-include -include /home/nathan/secure-exec-wasmgui/experiments/wasm-gui/toolchain/wasi-compat.h conftest.c >&5
conftest.c:58:24: error: 'test_array' declared as an array with a negative size
   58 | static int test_array [1 - 2 * !(((long int) offsetof (ac__type_alignof_, y)) <= 0)];
      |                        ^~~~~~~~~~~~~~~~~~~~~~~~~~~~~~~~~~~~~~~~~~~~~~~~~~~~~~~~~~~~
1 error generated.
configure:15535: $? = 1
configure: failed program was:
| /* confdefs.h */
| #define PACKAGE_NAME "xfconf"
| #define PACKAGE_TARNAME "xfconf"
| #define PACKAGE_VERSION "4.18.3"
| #define PACKAGE_STRING "xfconf 4.18.3"
| #define PACKAGE_BUGREPORT "https://gitlab.xfce.org/xfce/xfconf"
| #define PACKAGE_URL ""
| #define PACKAGE "xfconf"
| #define VERSION "4.18.3"
| #define HAVE_STDIO_H 1
| #define HAVE_STDLIB_H 1
| #define HAVE_STRING_H 1
| #define HAVE_INTTYPES_H 1
| #define HAVE_STDINT_H 1
| #define HAVE_STRINGS_H 1
| #define HAVE_SYS_STAT_H 1
| #define HAVE_SYS_TYPES_H 1
| #define HAVE_UNISTD_H 1
| #define STDC_HEADERS 1
| #define HAVE_DLFCN_H 1
| #define LT_OBJDIR ".libs/"
| #define HAVE_ERRNO_H 1
| #define HAVE_FCNTL_H 1
| #define HAVE_GRP_H 1
| #define HAVE_LOCALE_H 1
| #define HAVE_SIGNAL_H 1
| #define HAVE_STDLIB_H 1
| #define HAVE_STRING_H 1
| #define HAVE_SYS_STAT_H 1
| #define HAVE_SYS_TIME_H 1
| #define HAVE_SYS_TYPES_H 1
| #define HAVE_SYS_WAIT_H 1
| #define HAVE_UNISTD_H 1
| #define HAVE_FDATASYNC 1
| #define HAVE_FSYNC 1
| #define HAVE_SETLOCALE 1
| #define GETTEXT_PACKAGE "xfconf"
| #define XFCONF_SERVICE_NAME_PREFIX "org.xfce"
| #define XFCONF_SERVICE_PATH_PREFIX "/org/xfce"
| #define G_LOG_USE_STRUCTURED 1
| #define GLIB_VERSION_MAX_ALLOWED GLIB_VERSION_2_66
| #define GLIB_VERSION_MIN_REQUIRED GLIB_VERSION_2_66
| #define ALIGNOF_GUCHAR 1
| #define ALIGNOF_GCHAR 1
| #define ALIGNOF_GUINT16 2
| #define ALIGNOF_GINT16 2
| #define ALIGNOF_GUINT32 4
| #define ALIGNOF_GINT32 4
| #define ALIGNOF_GUINT64 8
| #define ALIGNOF_GINT64 8
| /* end confdefs.h.  */
| #include <glib.h>
| 
| typedef struct { char x; gfloat y; } ac__type_alignof_;
| int
| main (void)
| {
| static int test_array [1 - 2 * !(((long int) offsetof (ac__type_alignof_, y)) <= 0)];
| test_array [0] = 0;
| return test_array [0];
| 
|   ;
|   return 0;
| }
configure:15535: /home/nathan/secure-exec-wasmgui/experiments/wasm-gui/toolchain/clang-wasi-wrap.sh -c --target=wasm32-wasip1-threads --sysroot=/home/nathan/secure-exec/registry/native/c/vendor/wasi-sdk/share/wasi-sysroot -O2 -pthread -matomics -mbulk-memory -DSECURE_EXEC_WASM_THREADS -D_WASI_EMULATED_SIGNAL -D_WASI_EMULATED_MMAN -D_WASI_EMULATED_PROCESS_CLOCKS -D_GNU_SOURCE -mllvm -wasm-enable-sjlj -Wno-error=implicit-function-declaration -Wno-error=int-conversion -Wno-int-conversion -I/home/nathan/secure-exec-wasmgui/experiments/wasm-gui/toolchain/compat-include -include /home/nathan/secure-exec-wasmgui/experiments/wasm-gui/toolchain/wasi-compat.h -I/home/nathan/secure-exec-wasmgui/experiments/wasm-gui/third_party/wasm-prefix-threads/include -I/home/nathan/secure-exec-wasmgui/experiments/wasm-gui/third_party/wasm-prefix-threads/include -I/home/nathan/secure-exec-wasmgui/experiments/wasm-gui/third_party/wasm-prefix-threads/include/glib-2.0 -pthread -I/home/nathan/secure-exec-wasmgui/experiments/wasm-gui/third_party/wasm-prefix-threads/lib/glib-2.0/include -DPCRE2_STATIC  --target=wasm32-wasip1-threads --sysroot=/home/nathan/secure-exec/registry/native/c/vendor/wasi-sdk/share/wasi-sysroot -I/home/nathan/secure-exec-wasmgui/experiments/wasm-gui/third_party/wasm-prefix-threads/include -I/home/nathan/secure-exec-wasmgui/experiments/wasm-gui/toolchain/compat-include -include /home/nathan/secure-exec-wasmgui/experiments/wasm-gui/toolchain/wasi-compat.h conftest.c >&5
conftest.c:58:24: error: 'test_array' declared as an array with a negative size
   58 | static int test_array [1 - 2 * !(((long int) offsetof (ac__type_alignof_, y)) <= 1)];
      |                        ^~~~~~~~~~~~~~~~~~~~~~~~~~~~~~~~~~~~~~~~~~~~~~~~~~~~~~~~~~~~
1 error generated.
configure:15535: $? = 1
configure: failed program was:
| /* confdefs.h */
| #define PACKAGE_NAME "xfconf"
| #define PACKAGE_TARNAME "xfconf"
| #define PACKAGE_VERSION "4.18.3"
| #define PACKAGE_STRING "xfconf 4.18.3"
| #define PACKAGE_BUGREPORT "https://gitlab.xfce.org/xfce/xfconf"
| #define PACKAGE_URL ""
| #define PACKAGE "xfconf"
| #define VERSION "4.18.3"
| #define HAVE_STDIO_H 1
| #define HAVE_STDLIB_H 1
| #define HAVE_STRING_H 1
| #define HAVE_INTTYPES_H 1
| #define HAVE_STDINT_H 1
| #define HAVE_STRINGS_H 1
| #define HAVE_SYS_STAT_H 1
| #define HAVE_SYS_TYPES_H 1
| #define HAVE_UNISTD_H 1
| #define STDC_HEADERS 1
| #define HAVE_DLFCN_H 1
| #define LT_OBJDIR ".libs/"
| #define HAVE_ERRNO_H 1
| #define HAVE_FCNTL_H 1
| #define HAVE_GRP_H 1
| #define HAVE_LOCALE_H 1
| #define HAVE_SIGNAL_H 1
| #define HAVE_STDLIB_H 1
| #define HAVE_STRING_H 1
| #define HAVE_SYS_STAT_H 1
| #define HAVE_SYS_TIME_H 1
| #define HAVE_SYS_TYPES_H 1
| #define HAVE_SYS_WAIT_H 1
| #define HAVE_UNISTD_H 1
| #define HAVE_FDATASYNC 1
| #define HAVE_FSYNC 1
| #define HAVE_SETLOCALE 1
| #define GETTEXT_PACKAGE "xfconf"
| #define XFCONF_SERVICE_NAME_PREFIX "org.xfce"
| #define XFCONF_SERVICE_PATH_PREFIX "/org/xfce"
| #define G_LOG_USE_STRUCTURED 1
| #define GLIB_VERSION_MAX_ALLOWED GLIB_VERSION_2_66
| #define GLIB_VERSION_MIN_REQUIRED GLIB_VERSION_2_66
| #define ALIGNOF_GUCHAR 1
| #define ALIGNOF_GCHAR 1
| #define ALIGNOF_GUINT16 2
| #define ALIGNOF_GINT16 2
| #define ALIGNOF_GUINT32 4
| #define ALIGNOF_GINT32 4
| #define ALIGNOF_GUINT64 8
| #define ALIGNOF_GINT64 8
| /* end confdefs.h.  */
| #include <glib.h>
| 
| typedef struct { char x; gfloat y; } ac__type_alignof_;
| int
| main (void)
| {
| static int test_array [1 - 2 * !(((long int) offsetof (ac__type_alignof_, y)) <= 1)];
| test_array [0] = 0;
| return test_array [0];
| 
|   ;
|   return 0;
| }
configure:15535: /home/nathan/secure-exec-wasmgui/experiments/wasm-gui/toolchain/clang-wasi-wrap.sh -c --target=wasm32-wasip1-threads --sysroot=/home/nathan/secure-exec/registry/native/c/vendor/wasi-sdk/share/wasi-sysroot -O2 -pthread -matomics -mbulk-memory -DSECURE_EXEC_WASM_THREADS -D_WASI_EMULATED_SIGNAL -D_WASI_EMULATED_MMAN -D_WASI_EMULATED_PROCESS_CLOCKS -D_GNU_SOURCE -mllvm -wasm-enable-sjlj -Wno-error=implicit-function-declaration -Wno-error=int-conversion -Wno-int-conversion -I/home/nathan/secure-exec-wasmgui/experiments/wasm-gui/toolchain/compat-include -include /home/nathan/secure-exec-wasmgui/experiments/wasm-gui/toolchain/wasi-compat.h -I/home/nathan/secure-exec-wasmgui/experiments/wasm-gui/third_party/wasm-prefix-threads/include -I/home/nathan/secure-exec-wasmgui/experiments/wasm-gui/third_party/wasm-prefix-threads/include -I/home/nathan/secure-exec-wasmgui/experiments/wasm-gui/third_party/wasm-prefix-threads/include/glib-2.0 -pthread -I/home/nathan/secure-exec-wasmgui/experiments/wasm-gui/third_party/wasm-prefix-threads/lib/glib-2.0/include -DPCRE2_STATIC  --target=wasm32-wasip1-threads --sysroot=/home/nathan/secure-exec/registry/native/c/vendor/wasi-sdk/share/wasi-sysroot -I/home/nathan/secure-exec-wasmgui/experiments/wasm-gui/third_party/wasm-prefix-threads/include -I/home/nathan/secure-exec-wasmgui/experiments/wasm-gui/toolchain/compat-include -include /home/nathan/secure-exec-wasmgui/experiments/wasm-gui/toolchain/wasi-compat.h conftest.c >&5
conftest.c:58:24: error: 'test_array' declared as an array with a negative size
   58 | static int test_array [1 - 2 * !(((long int) offsetof (ac__type_alignof_, y)) <= 3)];
      |                        ^~~~~~~~~~~~~~~~~~~~~~~~~~~~~~~~~~~~~~~~~~~~~~~~~~~~~~~~~~~~
1 error generated.
configure:15535: $? = 1
configure: failed program was:
| /* confdefs.h */
| #define PACKAGE_NAME "xfconf"
| #define PACKAGE_TARNAME "xfconf"
| #define PACKAGE_VERSION "4.18.3"
| #define PACKAGE_STRING "xfconf 4.18.3"
| #define PACKAGE_BUGREPORT "https://gitlab.xfce.org/xfce/xfconf"
| #define PACKAGE_URL ""
| #define PACKAGE "xfconf"
| #define VERSION "4.18.3"
| #define HAVE_STDIO_H 1
| #define HAVE_STDLIB_H 1
| #define HAVE_STRING_H 1
| #define HAVE_INTTYPES_H 1
| #define HAVE_STDINT_H 1
| #define HAVE_STRINGS_H 1
| #define HAVE_SYS_STAT_H 1
| #define HAVE_SYS_TYPES_H 1
| #define HAVE_UNISTD_H 1
| #define STDC_HEADERS 1
| #define HAVE_DLFCN_H 1
| #define LT_OBJDIR ".libs/"
| #define HAVE_ERRNO_H 1
| #define HAVE_FCNTL_H 1
| #define HAVE_GRP_H 1
| #define HAVE_LOCALE_H 1
| #define HAVE_SIGNAL_H 1
| #define HAVE_STDLIB_H 1
| #define HAVE_STRING_H 1
| #define HAVE_SYS_STAT_H 1
| #define HAVE_SYS_TIME_H 1
| #define HAVE_SYS_TYPES_H 1
| #define HAVE_SYS_WAIT_H 1
| #define HAVE_UNISTD_H 1
| #define HAVE_FDATASYNC 1
| #define HAVE_FSYNC 1
| #define HAVE_SETLOCALE 1
| #define GETTEXT_PACKAGE "xfconf"
| #define XFCONF_SERVICE_NAME_PREFIX "org.xfce"
| #define XFCONF_SERVICE_PATH_PREFIX "/org/xfce"
| #define G_LOG_USE_STRUCTURED 1
| #define GLIB_VERSION_MAX_ALLOWED GLIB_VERSION_2_66
| #define GLIB_VERSION_MIN_REQUIRED GLIB_VERSION_2_66
| #define ALIGNOF_GUCHAR 1
| #define ALIGNOF_GCHAR 1
| #define ALIGNOF_GUINT16 2
| #define ALIGNOF_GINT16 2
| #define ALIGNOF_GUINT32 4
| #define ALIGNOF_GINT32 4
| #define ALIGNOF_GUINT64 8
| #define ALIGNOF_GINT64 8
| /* end confdefs.h.  */
| #include <glib.h>
| 
| typedef struct { char x; gfloat y; } ac__type_alignof_;
| int
| main (void)
| {
| static int test_array [1 - 2 * !(((long int) offsetof (ac__type_alignof_, y)) <= 3)];
| test_array [0] = 0;
| return test_array [0];
| 
|   ;
|   return 0;
| }
configure:15535: /home/nathan/secure-exec-wasmgui/experiments/wasm-gui/toolchain/clang-wasi-wrap.sh -c --target=wasm32-wasip1-threads --sysroot=/home/nathan/secure-exec/registry/native/c/vendor/wasi-sdk/share/wasi-sysroot -O2 -pthread -matomics -mbulk-memory -DSECURE_EXEC_WASM_THREADS -D_WASI_EMULATED_SIGNAL -D_WASI_EMULATED_MMAN -D_WASI_EMULATED_PROCESS_CLOCKS -D_GNU_SOURCE -mllvm -wasm-enable-sjlj -Wno-error=implicit-function-declaration -Wno-error=int-conversion -Wno-int-conversion -I/home/nathan/secure-exec-wasmgui/experiments/wasm-gui/toolchain/compat-include -include /home/nathan/secure-exec-wasmgui/experiments/wasm-gui/toolchain/wasi-compat.h -I/home/nathan/secure-exec-wasmgui/experiments/wasm-gui/third_party/wasm-prefix-threads/include -I/home/nathan/secure-exec-wasmgui/experiments/wasm-gui/third_party/wasm-prefix-threads/include -I/home/nathan/secure-exec-wasmgui/experiments/wasm-gui/third_party/wasm-prefix-threads/include/glib-2.0 -pthread -I/home/nathan/secure-exec-wasmgui/experiments/wasm-gui/third_party/wasm-prefix-threads/lib/glib-2.0/include -DPCRE2_STATIC  --target=wasm32-wasip1-threads --sysroot=/home/nathan/secure-exec/registry/native/c/vendor/wasi-sdk/share/wasi-sysroot -I/home/nathan/secure-exec-wasmgui/experiments/wasm-gui/third_party/wasm-prefix-threads/include -I/home/nathan/secure-exec-wasmgui/experiments/wasm-gui/toolchain/compat-include -include /home/nathan/secure-exec-wasmgui/experiments/wasm-gui/toolchain/wasi-compat.h conftest.c >&5
configure:15535: $? = 0
configure:15535: /home/nathan/secure-exec-wasmgui/experiments/wasm-gui/toolchain/clang-wasi-wrap.sh -c --target=wasm32-wasip1-threads --sysroot=/home/nathan/secure-exec/registry/native/c/vendor/wasi-sdk/share/wasi-sysroot -O2 -pthread -matomics -mbulk-memory -DSECURE_EXEC_WASM_THREADS -D_WASI_EMULATED_SIGNAL -D_WASI_EMULATED_MMAN -D_WASI_EMULATED_PROCESS_CLOCKS -D_GNU_SOURCE -mllvm -wasm-enable-sjlj -Wno-error=implicit-function-declaration -Wno-error=int-conversion -Wno-int-conversion -I/home/nathan/secure-exec-wasmgui/experiments/wasm-gui/toolchain/compat-include -include /home/nathan/secure-exec-wasmgui/experiments/wasm-gui/toolchain/wasi-compat.h -I/home/nathan/secure-exec-wasmgui/experiments/wasm-gui/third_party/wasm-prefix-threads/include -I/home/nathan/secure-exec-wasmgui/experiments/wasm-gui/third_party/wasm-prefix-threads/include -I/home/nathan/secure-exec-wasmgui/experiments/wasm-gui/third_party/wasm-prefix-threads/include/glib-2.0 -pthread -I/home/nathan/secure-exec-wasmgui/experiments/wasm-gui/third_party/wasm-prefix-threads/lib/glib-2.0/include -DPCRE2_STATIC  --target=wasm32-wasip1-threads --sysroot=/home/nathan/secure-exec/registry/native/c/vendor/wasi-sdk/share/wasi-sysroot -I/home/nathan/secure-exec-wasmgui/experiments/wasm-gui/third_party/wasm-prefix-threads/include -I/home/nathan/secure-exec-wasmgui/experiments/wasm-gui/toolchain/compat-include -include /home/nathan/secure-exec-wasmgui/experiments/wasm-gui/toolchain/wasi-compat.h conftest.c >&5
configure:15535: $? = 0
configure:15535: /home/nathan/secure-exec-wasmgui/experiments/wasm-gui/toolchain/clang-wasi-wrap.sh -c --target=wasm32-wasip1-threads --sysroot=/home/nathan/secure-exec/registry/native/c/vendor/wasi-sdk/share/wasi-sysroot -O2 -pthread -matomics -mbulk-memory -DSECURE_EXEC_WASM_THREADS -D_WASI_EMULATED_SIGNAL -D_WASI_EMULATED_MMAN -D_WASI_EMULATED_PROCESS_CLOCKS -D_GNU_SOURCE -mllvm -wasm-enable-sjlj -Wno-error=implicit-function-declaration -Wno-error=int-conversion -Wno-int-conversion -I/home/nathan/secure-exec-wasmgui/experiments/wasm-gui/toolchain/compat-include -include /home/nathan/secure-exec-wasmgui/experiments/wasm-gui/toolchain/wasi-compat.h -I/home/nathan/secure-exec-wasmgui/experiments/wasm-gui/third_party/wasm-prefix-threads/include -I/home/nathan/secure-exec-wasmgui/experiments/wasm-gui/third_party/wasm-prefix-threads/include -I/home/nathan/secure-exec-wasmgui/experiments/wasm-gui/third_party/wasm-prefix-threads/include/glib-2.0 -pthread -I/home/nathan/secure-exec-wasmgui/experiments/wasm-gui/third_party/wasm-prefix-threads/lib/glib-2.0/include -DPCRE2_STATIC  --target=wasm32-wasip1-threads --sysroot=/home/nathan/secure-exec/registry/native/c/vendor/wasi-sdk/share/wasi-sysroot -I/home/nathan/secure-exec-wasmgui/experiments/wasm-gui/third_party/wasm-prefix-threads/include -I/home/nathan/secure-exec-wasmgui/experiments/wasm-gui/toolchain/compat-include -include /home/nathan/secure-exec-wasmgui/experiments/wasm-gui/toolchain/wasi-compat.h conftest.c >&5
configure:15535: $? = 0
configure:15552: result: 4
configure:15570: checking alignment of gdouble
configure:15576: /home/nathan/secure-exec-wasmgui/experiments/wasm-gui/toolchain/clang-wasi-wrap.sh -c --target=wasm32-wasip1-threads --sysroot=/home/nathan/secure-exec/registry/native/c/vendor/wasi-sdk/share/wasi-sysroot -O2 -pthread -matomics -mbulk-memory -DSECURE_EXEC_WASM_THREADS -D_WASI_EMULATED_SIGNAL -D_WASI_EMULATED_MMAN -D_WASI_EMULATED_PROCESS_CLOCKS -D_GNU_SOURCE -mllvm -wasm-enable-sjlj -Wno-error=implicit-function-declaration -Wno-error=int-conversion -Wno-int-conversion -I/home/nathan/secure-exec-wasmgui/experiments/wasm-gui/toolchain/compat-include -include /home/nathan/secure-exec-wasmgui/experiments/wasm-gui/toolchain/wasi-compat.h -I/home/nathan/secure-exec-wasmgui/experiments/wasm-gui/third_party/wasm-prefix-threads/include -I/home/nathan/secure-exec-wasmgui/experiments/wasm-gui/third_party/wasm-prefix-threads/include -I/home/nathan/secure-exec-wasmgui/experiments/wasm-gui/third_party/wasm-prefix-threads/include/glib-2.0 -pthread -I/home/nathan/secure-exec-wasmgui/experiments/wasm-gui/third_party/wasm-prefix-threads/lib/glib-2.0/include -DPCRE2_STATIC  --target=wasm32-wasip1-threads --sysroot=/home/nathan/secure-exec/registry/native/c/vendor/wasi-sdk/share/wasi-sysroot -I/home/nathan/secure-exec-wasmgui/experiments/wasm-gui/third_party/wasm-prefix-threads/include -I/home/nathan/secure-exec-wasmgui/experiments/wasm-gui/toolchain/compat-include -include /home/nathan/secure-exec-wasmgui/experiments/wasm-gui/toolchain/wasi-compat.h conftest.c >&5
configure:15576: $? = 0
configure:15576: /home/nathan/secure-exec-wasmgui/experiments/wasm-gui/toolchain/clang-wasi-wrap.sh -c --target=wasm32-wasip1-threads --sysroot=/home/nathan/secure-exec/registry/native/c/vendor/wasi-sdk/share/wasi-sysroot -O2 -pthread -matomics -mbulk-memory -DSECURE_EXEC_WASM_THREADS -D_WASI_EMULATED_SIGNAL -D_WASI_EMULATED_MMAN -D_WASI_EMULATED_PROCESS_CLOCKS -D_GNU_SOURCE -mllvm -wasm-enable-sjlj -Wno-error=implicit-function-declaration -Wno-error=int-conversion -Wno-int-conversion -I/home/nathan/secure-exec-wasmgui/experiments/wasm-gui/toolchain/compat-include -include /home/nathan/secure-exec-wasmgui/experiments/wasm-gui/toolchain/wasi-compat.h -I/home/nathan/secure-exec-wasmgui/experiments/wasm-gui/third_party/wasm-prefix-threads/include -I/home/nathan/secure-exec-wasmgui/experiments/wasm-gui/third_party/wasm-prefix-threads/include -I/home/nathan/secure-exec-wasmgui/experiments/wasm-gui/third_party/wasm-prefix-threads/include/glib-2.0 -pthread -I/home/nathan/secure-exec-wasmgui/experiments/wasm-gui/third_party/wasm-prefix-threads/lib/glib-2.0/include -DPCRE2_STATIC  --target=wasm32-wasip1-threads --sysroot=/home/nathan/secure-exec/registry/native/c/vendor/wasi-sdk/share/wasi-sysroot -I/home/nathan/secure-exec-wasmgui/experiments/wasm-gui/third_party/wasm-prefix-threads/include -I/home/nathan/secure-exec-wasmgui/experiments/wasm-gui/toolchain/compat-include -include /home/nathan/secure-exec-wasmgui/experiments/wasm-gui/toolchain/wasi-compat.h conftest.c >&5
conftest.c:59:24: error: 'test_array' declared as an array with a negative size
   59 | static int test_array [1 - 2 * !(((long int) offsetof (ac__type_alignof_, y)) <= 0)];
      |                        ^~~~~~~~~~~~~~~~~~~~~~~~~~~~~~~~~~~~~~~~~~~~~~~~~~~~~~~~~~~~
1 error generated.
configure:15576: $? = 1
configure: failed program was:
| /* confdefs.h */
| #define PACKAGE_NAME "xfconf"
| #define PACKAGE_TARNAME "xfconf"
| #define PACKAGE_VERSION "4.18.3"
| #define PACKAGE_STRING "xfconf 4.18.3"
| #define PACKAGE_BUGREPORT "https://gitlab.xfce.org/xfce/xfconf"
| #define PACKAGE_URL ""
| #define PACKAGE "xfconf"
| #define VERSION "4.18.3"
| #define HAVE_STDIO_H 1
| #define HAVE_STDLIB_H 1
| #define HAVE_STRING_H 1
| #define HAVE_INTTYPES_H 1
| #define HAVE_STDINT_H 1
| #define HAVE_STRINGS_H 1
| #define HAVE_SYS_STAT_H 1
| #define HAVE_SYS_TYPES_H 1
| #define HAVE_UNISTD_H 1
| #define STDC_HEADERS 1
| #define HAVE_DLFCN_H 1
| #define LT_OBJDIR ".libs/"
| #define HAVE_ERRNO_H 1
| #define HAVE_FCNTL_H 1
| #define HAVE_GRP_H 1
| #define HAVE_LOCALE_H 1
| #define HAVE_SIGNAL_H 1
| #define HAVE_STDLIB_H 1
| #define HAVE_STRING_H 1
| #define HAVE_SYS_STAT_H 1
| #define HAVE_SYS_TIME_H 1
| #define HAVE_SYS_TYPES_H 1
| #define HAVE_SYS_WAIT_H 1
| #define HAVE_UNISTD_H 1
| #define HAVE_FDATASYNC 1
| #define HAVE_FSYNC 1
| #define HAVE_SETLOCALE 1
| #define GETTEXT_PACKAGE "xfconf"
| #define XFCONF_SERVICE_NAME_PREFIX "org.xfce"
| #define XFCONF_SERVICE_PATH_PREFIX "/org/xfce"
| #define G_LOG_USE_STRUCTURED 1
| #define GLIB_VERSION_MAX_ALLOWED GLIB_VERSION_2_66
| #define GLIB_VERSION_MIN_REQUIRED GLIB_VERSION_2_66
| #define ALIGNOF_GUCHAR 1
| #define ALIGNOF_GCHAR 1
| #define ALIGNOF_GUINT16 2
| #define ALIGNOF_GINT16 2
| #define ALIGNOF_GUINT32 4
| #define ALIGNOF_GINT32 4
| #define ALIGNOF_GUINT64 8
| #define ALIGNOF_GINT64 8
| #define ALIGNOF_GFLOAT 4
| /* end confdefs.h.  */
| #include <glib.h>
| 
| typedef struct { char x; gdouble y; } ac__type_alignof_;
| int
| main (void)
| {
| static int test_array [1 - 2 * !(((long int) offsetof (ac__type_alignof_, y)) <= 0)];
| test_array [0] = 0;
| return test_array [0];
| 
|   ;
|   return 0;
| }
configure:15576: /home/nathan/secure-exec-wasmgui/experiments/wasm-gui/toolchain/clang-wasi-wrap.sh -c --target=wasm32-wasip1-threads --sysroot=/home/nathan/secure-exec/registry/native/c/vendor/wasi-sdk/share/wasi-sysroot -O2 -pthread -matomics -mbulk-memory -DSECURE_EXEC_WASM_THREADS -D_WASI_EMULATED_SIGNAL -D_WASI_EMULATED_MMAN -D_WASI_EMULATED_PROCESS_CLOCKS -D_GNU_SOURCE -mllvm -wasm-enable-sjlj -Wno-error=implicit-function-declaration -Wno-error=int-conversion -Wno-int-conversion -I/home/nathan/secure-exec-wasmgui/experiments/wasm-gui/toolchain/compat-include -include /home/nathan/secure-exec-wasmgui/experiments/wasm-gui/toolchain/wasi-compat.h -I/home/nathan/secure-exec-wasmgui/experiments/wasm-gui/third_party/wasm-prefix-threads/include -I/home/nathan/secure-exec-wasmgui/experiments/wasm-gui/third_party/wasm-prefix-threads/include -I/home/nathan/secure-exec-wasmgui/experiments/wasm-gui/third_party/wasm-prefix-threads/include/glib-2.0 -pthread -I/home/nathan/secure-exec-wasmgui/experiments/wasm-gui/third_party/wasm-prefix-threads/lib/glib-2.0/include -DPCRE2_STATIC  --target=wasm32-wasip1-threads --sysroot=/home/nathan/secure-exec/registry/native/c/vendor/wasi-sdk/share/wasi-sysroot -I/home/nathan/secure-exec-wasmgui/experiments/wasm-gui/third_party/wasm-prefix-threads/include -I/home/nathan/secure-exec-wasmgui/experiments/wasm-gui/toolchain/compat-include -include /home/nathan/secure-exec-wasmgui/experiments/wasm-gui/toolchain/wasi-compat.h conftest.c >&5
conftest.c:59:24: error: 'test_array' declared as an array with a negative size
   59 | static int test_array [1 - 2 * !(((long int) offsetof (ac__type_alignof_, y)) <= 1)];
      |                        ^~~~~~~~~~~~~~~~~~~~~~~~~~~~~~~~~~~~~~~~~~~~~~~~~~~~~~~~~~~~
1 error generated.
configure:15576: $? = 1
configure: failed program was:
| /* confdefs.h */
| #define PACKAGE_NAME "xfconf"
| #define PACKAGE_TARNAME "xfconf"
| #define PACKAGE_VERSION "4.18.3"
| #define PACKAGE_STRING "xfconf 4.18.3"
| #define PACKAGE_BUGREPORT "https://gitlab.xfce.org/xfce/xfconf"
| #define PACKAGE_URL ""
| #define PACKAGE "xfconf"
| #define VERSION "4.18.3"
| #define HAVE_STDIO_H 1
| #define HAVE_STDLIB_H 1
| #define HAVE_STRING_H 1
| #define HAVE_INTTYPES_H 1
| #define HAVE_STDINT_H 1
| #define HAVE_STRINGS_H 1
| #define HAVE_SYS_STAT_H 1
| #define HAVE_SYS_TYPES_H 1
| #define HAVE_UNISTD_H 1
| #define STDC_HEADERS 1
| #define HAVE_DLFCN_H 1
| #define LT_OBJDIR ".libs/"
| #define HAVE_ERRNO_H 1
| #define HAVE_FCNTL_H 1
| #define HAVE_GRP_H 1
| #define HAVE_LOCALE_H 1
| #define HAVE_SIGNAL_H 1
| #define HAVE_STDLIB_H 1
| #define HAVE_STRING_H 1
| #define HAVE_SYS_STAT_H 1
| #define HAVE_SYS_TIME_H 1
| #define HAVE_SYS_TYPES_H 1
| #define HAVE_SYS_WAIT_H 1
| #define HAVE_UNISTD_H 1
| #define HAVE_FDATASYNC 1
| #define HAVE_FSYNC 1
| #define HAVE_SETLOCALE 1
| #define GETTEXT_PACKAGE "xfconf"
| #define XFCONF_SERVICE_NAME_PREFIX "org.xfce"
| #define XFCONF_SERVICE_PATH_PREFIX "/org/xfce"
| #define G_LOG_USE_STRUCTURED 1
| #define GLIB_VERSION_MAX_ALLOWED GLIB_VERSION_2_66
| #define GLIB_VERSION_MIN_REQUIRED GLIB_VERSION_2_66
| #define ALIGNOF_GUCHAR 1
| #define ALIGNOF_GCHAR 1
| #define ALIGNOF_GUINT16 2
| #define ALIGNOF_GINT16 2
| #define ALIGNOF_GUINT32 4
| #define ALIGNOF_GINT32 4
| #define ALIGNOF_GUINT64 8
| #define ALIGNOF_GINT64 8
| #define ALIGNOF_GFLOAT 4
| /* end confdefs.h.  */
| #include <glib.h>
| 
| typedef struct { char x; gdouble y; } ac__type_alignof_;
| int
| main (void)
| {
| static int test_array [1 - 2 * !(((long int) offsetof (ac__type_alignof_, y)) <= 1)];
| test_array [0] = 0;
| return test_array [0];
| 
|   ;
|   return 0;
| }
configure:15576: /home/nathan/secure-exec-wasmgui/experiments/wasm-gui/toolchain/clang-wasi-wrap.sh -c --target=wasm32-wasip1-threads --sysroot=/home/nathan/secure-exec/registry/native/c/vendor/wasi-sdk/share/wasi-sysroot -O2 -pthread -matomics -mbulk-memory -DSECURE_EXEC_WASM_THREADS -D_WASI_EMULATED_SIGNAL -D_WASI_EMULATED_MMAN -D_WASI_EMULATED_PROCESS_CLOCKS -D_GNU_SOURCE -mllvm -wasm-enable-sjlj -Wno-error=implicit-function-declaration -Wno-error=int-conversion -Wno-int-conversion -I/home/nathan/secure-exec-wasmgui/experiments/wasm-gui/toolchain/compat-include -include /home/nathan/secure-exec-wasmgui/experiments/wasm-gui/toolchain/wasi-compat.h -I/home/nathan/secure-exec-wasmgui/experiments/wasm-gui/third_party/wasm-prefix-threads/include -I/home/nathan/secure-exec-wasmgui/experiments/wasm-gui/third_party/wasm-prefix-threads/include -I/home/nathan/secure-exec-wasmgui/experiments/wasm-gui/third_party/wasm-prefix-threads/include/glib-2.0 -pthread -I/home/nathan/secure-exec-wasmgui/experiments/wasm-gui/third_party/wasm-prefix-threads/lib/glib-2.0/include -DPCRE2_STATIC  --target=wasm32-wasip1-threads --sysroot=/home/nathan/secure-exec/registry/native/c/vendor/wasi-sdk/share/wasi-sysroot -I/home/nathan/secure-exec-wasmgui/experiments/wasm-gui/third_party/wasm-prefix-threads/include -I/home/nathan/secure-exec-wasmgui/experiments/wasm-gui/toolchain/compat-include -include /home/nathan/secure-exec-wasmgui/experiments/wasm-gui/toolchain/wasi-compat.h conftest.c >&5
conftest.c:59:24: error: 'test_array' declared as an array with a negative size
   59 | static int test_array [1 - 2 * !(((long int) offsetof (ac__type_alignof_, y)) <= 3)];
      |                        ^~~~~~~~~~~~~~~~~~~~~~~~~~~~~~~~~~~~~~~~~~~~~~~~~~~~~~~~~~~~
1 error generated.
configure:15576: $? = 1
configure: failed program was:
| /* confdefs.h */
| #define PACKAGE_NAME "xfconf"
| #define PACKAGE_TARNAME "xfconf"
| #define PACKAGE_VERSION "4.18.3"
| #define PACKAGE_STRING "xfconf 4.18.3"
| #define PACKAGE_BUGREPORT "https://gitlab.xfce.org/xfce/xfconf"
| #define PACKAGE_URL ""
| #define PACKAGE "xfconf"
| #define VERSION "4.18.3"
| #define HAVE_STDIO_H 1
| #define HAVE_STDLIB_H 1
| #define HAVE_STRING_H 1
| #define HAVE_INTTYPES_H 1
| #define HAVE_STDINT_H 1
| #define HAVE_STRINGS_H 1
| #define HAVE_SYS_STAT_H 1
| #define HAVE_SYS_TYPES_H 1
| #define HAVE_UNISTD_H 1
| #define STDC_HEADERS 1
| #define HAVE_DLFCN_H 1
| #define LT_OBJDIR ".libs/"
| #define HAVE_ERRNO_H 1
| #define HAVE_FCNTL_H 1
| #define HAVE_GRP_H 1
| #define HAVE_LOCALE_H 1
| #define HAVE_SIGNAL_H 1
| #define HAVE_STDLIB_H 1
| #define HAVE_STRING_H 1
| #define HAVE_SYS_STAT_H 1
| #define HAVE_SYS_TIME_H 1
| #define HAVE_SYS_TYPES_H 1
| #define HAVE_SYS_WAIT_H 1
| #define HAVE_UNISTD_H 1
| #define HAVE_FDATASYNC 1
| #define HAVE_FSYNC 1
| #define HAVE_SETLOCALE 1
| #define GETTEXT_PACKAGE "xfconf"
| #define XFCONF_SERVICE_NAME_PREFIX "org.xfce"
| #define XFCONF_SERVICE_PATH_PREFIX "/org/xfce"
| #define G_LOG_USE_STRUCTURED 1
| #define GLIB_VERSION_MAX_ALLOWED GLIB_VERSION_2_66
| #define GLIB_VERSION_MIN_REQUIRED GLIB_VERSION_2_66
| #define ALIGNOF_GUCHAR 1
| #define ALIGNOF_GCHAR 1
| #define ALIGNOF_GUINT16 2
| #define ALIGNOF_GINT16 2
| #define ALIGNOF_GUINT32 4
| #define ALIGNOF_GINT32 4
| #define ALIGNOF_GUINT64 8
| #define ALIGNOF_GINT64 8
| #define ALIGNOF_GFLOAT 4
| /* end confdefs.h.  */
| #include <glib.h>
| 
| typedef struct { char x; gdouble y; } ac__type_alignof_;
| int
| main (void)
| {
| static int test_array [1 - 2 * !(((long int) offsetof (ac__type_alignof_, y)) <= 3)];
| test_array [0] = 0;
| return test_array [0];
| 
|   ;
|   return 0;
| }
configure:15576: /home/nathan/secure-exec-wasmgui/experiments/wasm-gui/toolchain/clang-wasi-wrap.sh -c --target=wasm32-wasip1-threads --sysroot=/home/nathan/secure-exec/registry/native/c/vendor/wasi-sdk/share/wasi-sysroot -O2 -pthread -matomics -mbulk-memory -DSECURE_EXEC_WASM_THREADS -D_WASI_EMULATED_SIGNAL -D_WASI_EMULATED_MMAN -D_WASI_EMULATED_PROCESS_CLOCKS -D_GNU_SOURCE -mllvm -wasm-enable-sjlj -Wno-error=implicit-function-declaration -Wno-error=int-conversion -Wno-int-conversion -I/home/nathan/secure-exec-wasmgui/experiments/wasm-gui/toolchain/compat-include -include /home/nathan/secure-exec-wasmgui/experiments/wasm-gui/toolchain/wasi-compat.h -I/home/nathan/secure-exec-wasmgui/experiments/wasm-gui/third_party/wasm-prefix-threads/include -I/home/nathan/secure-exec-wasmgui/experiments/wasm-gui/third_party/wasm-prefix-threads/include -I/home/nathan/secure-exec-wasmgui/experiments/wasm-gui/third_party/wasm-prefix-threads/include/glib-2.0 -pthread -I/home/nathan/secure-exec-wasmgui/experiments/wasm-gui/third_party/wasm-prefix-threads/lib/glib-2.0/include -DPCRE2_STATIC  --target=wasm32-wasip1-threads --sysroot=/home/nathan/secure-exec/registry/native/c/vendor/wasi-sdk/share/wasi-sysroot -I/home/nathan/secure-exec-wasmgui/experiments/wasm-gui/third_party/wasm-prefix-threads/include -I/home/nathan/secure-exec-wasmgui/experiments/wasm-gui/toolchain/compat-include -include /home/nathan/secure-exec-wasmgui/experiments/wasm-gui/toolchain/wasi-compat.h conftest.c >&5
conftest.c:59:24: error: 'test_array' declared as an array with a negative size
   59 | static int test_array [1 - 2 * !(((long int) offsetof (ac__type_alignof_, y)) <= 7)];
      |                        ^~~~~~~~~~~~~~~~~~~~~~~~~~~~~~~~~~~~~~~~~~~~~~~~~~~~~~~~~~~~
1 error generated.
configure:15576: $? = 1
configure: failed program was:
| /* confdefs.h */
| #define PACKAGE_NAME "xfconf"
| #define PACKAGE_TARNAME "xfconf"
| #define PACKAGE_VERSION "4.18.3"
| #define PACKAGE_STRING "xfconf 4.18.3"
| #define PACKAGE_BUGREPORT "https://gitlab.xfce.org/xfce/xfconf"
| #define PACKAGE_URL ""
| #define PACKAGE "xfconf"
| #define VERSION "4.18.3"
| #define HAVE_STDIO_H 1
| #define HAVE_STDLIB_H 1
| #define HAVE_STRING_H 1
| #define HAVE_INTTYPES_H 1
| #define HAVE_STDINT_H 1
| #define HAVE_STRINGS_H 1
| #define HAVE_SYS_STAT_H 1
| #define HAVE_SYS_TYPES_H 1
| #define HAVE_UNISTD_H 1
| #define STDC_HEADERS 1
| #define HAVE_DLFCN_H 1
| #define LT_OBJDIR ".libs/"
| #define HAVE_ERRNO_H 1
| #define HAVE_FCNTL_H 1
| #define HAVE_GRP_H 1
| #define HAVE_LOCALE_H 1
| #define HAVE_SIGNAL_H 1
| #define HAVE_STDLIB_H 1
| #define HAVE_STRING_H 1
| #define HAVE_SYS_STAT_H 1
| #define HAVE_SYS_TIME_H 1
| #define HAVE_SYS_TYPES_H 1
| #define HAVE_SYS_WAIT_H 1
| #define HAVE_UNISTD_H 1
| #define HAVE_FDATASYNC 1
| #define HAVE_FSYNC 1
| #define HAVE_SETLOCALE 1
| #define GETTEXT_PACKAGE "xfconf"
| #define XFCONF_SERVICE_NAME_PREFIX "org.xfce"
| #define XFCONF_SERVICE_PATH_PREFIX "/org/xfce"
| #define G_LOG_USE_STRUCTURED 1
| #define GLIB_VERSION_MAX_ALLOWED GLIB_VERSION_2_66
| #define GLIB_VERSION_MIN_REQUIRED GLIB_VERSION_2_66
| #define ALIGNOF_GUCHAR 1
| #define ALIGNOF_GCHAR 1
| #define ALIGNOF_GUINT16 2
| #define ALIGNOF_GINT16 2
| #define ALIGNOF_GUINT32 4
| #define ALIGNOF_GINT32 4
| #define ALIGNOF_GUINT64 8
| #define ALIGNOF_GINT64 8
| #define ALIGNOF_GFLOAT 4
| /* end confdefs.h.  */
| #include <glib.h>
| 
| typedef struct { char x; gdouble y; } ac__type_alignof_;
| int
| main (void)
| {
| static int test_array [1 - 2 * !(((long int) offsetof (ac__type_alignof_, y)) <= 7)];
| test_array [0] = 0;
| return test_array [0];
| 
|   ;
|   return 0;
| }
configure:15576: /home/nathan/secure-exec-wasmgui/experiments/wasm-gui/toolchain/clang-wasi-wrap.sh -c --target=wasm32-wasip1-threads --sysroot=/home/nathan/secure-exec/registry/native/c/vendor/wasi-sdk/share/wasi-sysroot -O2 -pthread -matomics -mbulk-memory -DSECURE_EXEC_WASM_THREADS -D_WASI_EMULATED_SIGNAL -D_WASI_EMULATED_MMAN -D_WASI_EMULATED_PROCESS_CLOCKS -D_GNU_SOURCE -mllvm -wasm-enable-sjlj -Wno-error=implicit-function-declaration -Wno-error=int-conversion -Wno-int-conversion -I/home/nathan/secure-exec-wasmgui/experiments/wasm-gui/toolchain/compat-include -include /home/nathan/secure-exec-wasmgui/experiments/wasm-gui/toolchain/wasi-compat.h -I/home/nathan/secure-exec-wasmgui/experiments/wasm-gui/third_party/wasm-prefix-threads/include -I/home/nathan/secure-exec-wasmgui/experiments/wasm-gui/third_party/wasm-prefix-threads/include -I/home/nathan/secure-exec-wasmgui/experiments/wasm-gui/third_party/wasm-prefix-threads/include/glib-2.0 -pthread -I/home/nathan/secure-exec-wasmgui/experiments/wasm-gui/third_party/wasm-prefix-threads/lib/glib-2.0/include -DPCRE2_STATIC  --target=wasm32-wasip1-threads --sysroot=/home/nathan/secure-exec/registry/native/c/vendor/wasi-sdk/share/wasi-sysroot -I/home/nathan/secure-exec-wasmgui/experiments/wasm-gui/third_party/wasm-prefix-threads/include -I/home/nathan/secure-exec-wasmgui/experiments/wasm-gui/toolchain/compat-include -include /home/nathan/secure-exec-wasmgui/experiments/wasm-gui/toolchain/wasi-compat.h conftest.c >&5
configure:15576: $? = 0
configure:15576: /home/nathan/secure-exec-wasmgui/experiments/wasm-gui/toolchain/clang-wasi-wrap.sh -c --target=wasm32-wasip1-threads --sysroot=/home/nathan/secure-exec/registry/native/c/vendor/wasi-sdk/share/wasi-sysroot -O2 -pthread -matomics -mbulk-memory -DSECURE_EXEC_WASM_THREADS -D_WASI_EMULATED_SIGNAL -D_WASI_EMULATED_MMAN -D_WASI_EMULATED_PROCESS_CLOCKS -D_GNU_SOURCE -mllvm -wasm-enable-sjlj -Wno-error=implicit-function-declaration -Wno-error=int-conversion -Wno-int-conversion -I/home/nathan/secure-exec-wasmgui/experiments/wasm-gui/toolchain/compat-include -include /home/nathan/secure-exec-wasmgui/experiments/wasm-gui/toolchain/wasi-compat.h -I/home/nathan/secure-exec-wasmgui/experiments/wasm-gui/third_party/wasm-prefix-threads/include -I/home/nathan/secure-exec-wasmgui/experiments/wasm-gui/third_party/wasm-prefix-threads/include -I/home/nathan/secure-exec-wasmgui/experiments/wasm-gui/third_party/wasm-prefix-threads/include/glib-2.0 -pthread -I/home/nathan/secure-exec-wasmgui/experiments/wasm-gui/third_party/wasm-prefix-threads/lib/glib-2.0/include -DPCRE2_STATIC  --target=wasm32-wasip1-threads --sysroot=/home/nathan/secure-exec/registry/native/c/vendor/wasi-sdk/share/wasi-sysroot -I/home/nathan/secure-exec-wasmgui/experiments/wasm-gui/third_party/wasm-prefix-threads/include -I/home/nathan/secure-exec-wasmgui/experiments/wasm-gui/toolchain/compat-include -include /home/nathan/secure-exec-wasmgui/experiments/wasm-gui/toolchain/wasi-compat.h conftest.c >&5
configure:15576: $? = 0
configure:15576: /home/nathan/secure-exec-wasmgui/experiments/wasm-gui/toolchain/clang-wasi-wrap.sh -c --target=wasm32-wasip1-threads --sysroot=/home/nathan/secure-exec/registry/native/c/vendor/wasi-sdk/share/wasi-sysroot -O2 -pthread -matomics -mbulk-memory -DSECURE_EXEC_WASM_THREADS -D_WASI_EMULATED_SIGNAL -D_WASI_EMULATED_MMAN -D_WASI_EMULATED_PROCESS_CLOCKS -D_GNU_SOURCE -mllvm -wasm-enable-sjlj -Wno-error=implicit-function-declaration -Wno-error=int-conversion -Wno-int-conversion -I/home/nathan/secure-exec-wasmgui/experiments/wasm-gui/toolchain/compat-include -include /home/nathan/secure-exec-wasmgui/experiments/wasm-gui/toolchain/wasi-compat.h -I/home/nathan/secure-exec-wasmgui/experiments/wasm-gui/third_party/wasm-prefix-threads/include -I/home/nathan/secure-exec-wasmgui/experiments/wasm-gui/third_party/wasm-prefix-threads/include -I/home/nathan/secure-exec-wasmgui/experiments/wasm-gui/third_party/wasm-prefix-threads/include/glib-2.0 -pthread -I/home/nathan/secure-exec-wasmgui/experiments/wasm-gui/third_party/wasm-prefix-threads/lib/glib-2.0/include -DPCRE2_STATIC  --target=wasm32-wasip1-threads --sysroot=/home/nathan/secure-exec/registry/native/c/vendor/wasi-sdk/share/wasi-sysroot -I/home/nathan/secure-exec-wasmgui/experiments/wasm-gui/third_party/wasm-prefix-threads/include -I/home/nathan/secure-exec-wasmgui/experiments/wasm-gui/toolchain/compat-include -include /home/nathan/secure-exec-wasmgui/experiments/wasm-gui/toolchain/wasi-compat.h conftest.c >&5
configure:15576: $? = 0
configure:15576: /home/nathan/secure-exec-wasmgui/experiments/wasm-gui/toolchain/clang-wasi-wrap.sh -c --target=wasm32-wasip1-threads --sysroot=/home/nathan/secure-exec/registry/native/c/vendor/wasi-sdk/share/wasi-sysroot -O2 -pthread -matomics -mbulk-memory -DSECURE_EXEC_WASM_THREADS -D_WASI_EMULATED_SIGNAL -D_WASI_EMULATED_MMAN -D_WASI_EMULATED_PROCESS_CLOCKS -D_GNU_SOURCE -mllvm -wasm-enable-sjlj -Wno-error=implicit-function-declaration -Wno-error=int-conversion -Wno-int-conversion -I/home/nathan/secure-exec-wasmgui/experiments/wasm-gui/toolchain/compat-include -include /home/nathan/secure-exec-wasmgui/experiments/wasm-gui/toolchain/wasi-compat.h -I/home/nathan/secure-exec-wasmgui/experiments/wasm-gui/third_party/wasm-prefix-threads/include -I/home/nathan/secure-exec-wasmgui/experiments/wasm-gui/third_party/wasm-prefix-threads/include -I/home/nathan/secure-exec-wasmgui/experiments/wasm-gui/third_party/wasm-prefix-threads/include/glib-2.0 -pthread -I/home/nathan/secure-exec-wasmgui/experiments/wasm-gui/third_party/wasm-prefix-threads/lib/glib-2.0/include -DPCRE2_STATIC  --target=wasm32-wasip1-threads --sysroot=/home/nathan/secure-exec/registry/native/c/vendor/wasi-sdk/share/wasi-sysroot -I/home/nathan/secure-exec-wasmgui/experiments/wasm-gui/third_party/wasm-prefix-threads/include -I/home/nathan/secure-exec-wasmgui/experiments/wasm-gui/toolchain/compat-include -include /home/nathan/secure-exec-wasmgui/experiments/wasm-gui/toolchain/wasi-compat.h conftest.c >&5
configure:15576: $? = 0
configure:15593: result: 8
configure:15611: checking alignment of gboolean
configure:15617: /home/nathan/secure-exec-wasmgui/experiments/wasm-gui/toolchain/clang-wasi-wrap.sh -c --target=wasm32-wasip1-threads --sysroot=/home/nathan/secure-exec/registry/native/c/vendor/wasi-sdk/share/wasi-sysroot -O2 -pthread -matomics -mbulk-memory -DSECURE_EXEC_WASM_THREADS -D_WASI_EMULATED_SIGNAL -D_WASI_EMULATED_MMAN -D_WASI_EMULATED_PROCESS_CLOCKS -D_GNU_SOURCE -mllvm -wasm-enable-sjlj -Wno-error=implicit-function-declaration -Wno-error=int-conversion -Wno-int-conversion -I/home/nathan/secure-exec-wasmgui/experiments/wasm-gui/toolchain/compat-include -include /home/nathan/secure-exec-wasmgui/experiments/wasm-gui/toolchain/wasi-compat.h -I/home/nathan/secure-exec-wasmgui/experiments/wasm-gui/third_party/wasm-prefix-threads/include -I/home/nathan/secure-exec-wasmgui/experiments/wasm-gui/third_party/wasm-prefix-threads/include -I/home/nathan/secure-exec-wasmgui/experiments/wasm-gui/third_party/wasm-prefix-threads/include/glib-2.0 -pthread -I/home/nathan/secure-exec-wasmgui/experiments/wasm-gui/third_party/wasm-prefix-threads/lib/glib-2.0/include -DPCRE2_STATIC  --target=wasm32-wasip1-threads --sysroot=/home/nathan/secure-exec/registry/native/c/vendor/wasi-sdk/share/wasi-sysroot -I/home/nathan/secure-exec-wasmgui/experiments/wasm-gui/third_party/wasm-prefix-threads/include -I/home/nathan/secure-exec-wasmgui/experiments/wasm-gui/toolchain/compat-include -include /home/nathan/secure-exec-wasmgui/experiments/wasm-gui/toolchain/wasi-compat.h conftest.c >&5
configure:15617: $? = 0
configure:15617: /home/nathan/secure-exec-wasmgui/experiments/wasm-gui/toolchain/clang-wasi-wrap.sh -c --target=wasm32-wasip1-threads --sysroot=/home/nathan/secure-exec/registry/native/c/vendor/wasi-sdk/share/wasi-sysroot -O2 -pthread -matomics -mbulk-memory -DSECURE_EXEC_WASM_THREADS -D_WASI_EMULATED_SIGNAL -D_WASI_EMULATED_MMAN -D_WASI_EMULATED_PROCESS_CLOCKS -D_GNU_SOURCE -mllvm -wasm-enable-sjlj -Wno-error=implicit-function-declaration -Wno-error=int-conversion -Wno-int-conversion -I/home/nathan/secure-exec-wasmgui/experiments/wasm-gui/toolchain/compat-include -include /home/nathan/secure-exec-wasmgui/experiments/wasm-gui/toolchain/wasi-compat.h -I/home/nathan/secure-exec-wasmgui/experiments/wasm-gui/third_party/wasm-prefix-threads/include -I/home/nathan/secure-exec-wasmgui/experiments/wasm-gui/third_party/wasm-prefix-threads/include -I/home/nathan/secure-exec-wasmgui/experiments/wasm-gui/third_party/wasm-prefix-threads/include/glib-2.0 -pthread -I/home/nathan/secure-exec-wasmgui/experiments/wasm-gui/third_party/wasm-prefix-threads/lib/glib-2.0/include -DPCRE2_STATIC  --target=wasm32-wasip1-threads --sysroot=/home/nathan/secure-exec/registry/native/c/vendor/wasi-sdk/share/wasi-sysroot -I/home/nathan/secure-exec-wasmgui/experiments/wasm-gui/third_party/wasm-prefix-threads/include -I/home/nathan/secure-exec-wasmgui/experiments/wasm-gui/toolchain/compat-include -include /home/nathan/secure-exec-wasmgui/experiments/wasm-gui/toolchain/wasi-compat.h conftest.c >&5
conftest.c:60:24: error: 'test_array' declared as an array with a negative size
   60 | static int test_array [1 - 2 * !(((long int) offsetof (ac__type_alignof_, y)) <= 0)];
      |                        ^~~~~~~~~~~~~~~~~~~~~~~~~~~~~~~~~~~~~~~~~~~~~~~~~~~~~~~~~~~~
1 error generated.
configure:15617: $? = 1
configure: failed program was:
| /* confdefs.h */
| #define PACKAGE_NAME "xfconf"
| #define PACKAGE_TARNAME "xfconf"
| #define PACKAGE_VERSION "4.18.3"
| #define PACKAGE_STRING "xfconf 4.18.3"
| #define PACKAGE_BUGREPORT "https://gitlab.xfce.org/xfce/xfconf"
| #define PACKAGE_URL ""
| #define PACKAGE "xfconf"
| #define VERSION "4.18.3"
| #define HAVE_STDIO_H 1
| #define HAVE_STDLIB_H 1
| #define HAVE_STRING_H 1
| #define HAVE_INTTYPES_H 1
| #define HAVE_STDINT_H 1
| #define HAVE_STRINGS_H 1
| #define HAVE_SYS_STAT_H 1
| #define HAVE_SYS_TYPES_H 1
| #define HAVE_UNISTD_H 1
| #define STDC_HEADERS 1
| #define HAVE_DLFCN_H 1
| #define LT_OBJDIR ".libs/"
| #define HAVE_ERRNO_H 1
| #define HAVE_FCNTL_H 1
| #define HAVE_GRP_H 1
| #define HAVE_LOCALE_H 1
| #define HAVE_SIGNAL_H 1
| #define HAVE_STDLIB_H 1
| #define HAVE_STRING_H 1
| #define HAVE_SYS_STAT_H 1
| #define HAVE_SYS_TIME_H 1
| #define HAVE_SYS_TYPES_H 1
| #define HAVE_SYS_WAIT_H 1
| #define HAVE_UNISTD_H 1
| #define HAVE_FDATASYNC 1
| #define HAVE_FSYNC 1
| #define HAVE_SETLOCALE 1
| #define GETTEXT_PACKAGE "xfconf"
| #define XFCONF_SERVICE_NAME_PREFIX "org.xfce"
| #define XFCONF_SERVICE_PATH_PREFIX "/org/xfce"
| #define G_LOG_USE_STRUCTURED 1
| #define GLIB_VERSION_MAX_ALLOWED GLIB_VERSION_2_66
| #define GLIB_VERSION_MIN_REQUIRED GLIB_VERSION_2_66
| #define ALIGNOF_GUCHAR 1
| #define ALIGNOF_GCHAR 1
| #define ALIGNOF_GUINT16 2
| #define ALIGNOF_GINT16 2
| #define ALIGNOF_GUINT32 4
| #define ALIGNOF_GINT32 4
| #define ALIGNOF_GUINT64 8
| #define ALIGNOF_GINT64 8
| #define ALIGNOF_GFLOAT 4
| #define ALIGNOF_GDOUBLE 8
| /* end confdefs.h.  */
| #include <glib.h>
| 
| typedef struct { char x; gboolean y; } ac__type_alignof_;
| int
| main (void)
| {
| static int test_array [1 - 2 * !(((long int) offsetof (ac__type_alignof_, y)) <= 0)];
| test_array [0] = 0;
| return test_array [0];
| 
|   ;
|   return 0;
| }
configure:15617: /home/nathan/secure-exec-wasmgui/experiments/wasm-gui/toolchain/clang-wasi-wrap.sh -c --target=wasm32-wasip1-threads --sysroot=/home/nathan/secure-exec/registry/native/c/vendor/wasi-sdk/share/wasi-sysroot -O2 -pthread -matomics -mbulk-memory -DSECURE_EXEC_WASM_THREADS -D_WASI_EMULATED_SIGNAL -D_WASI_EMULATED_MMAN -D_WASI_EMULATED_PROCESS_CLOCKS -D_GNU_SOURCE -mllvm -wasm-enable-sjlj -Wno-error=implicit-function-declaration -Wno-error=int-conversion -Wno-int-conversion -I/home/nathan/secure-exec-wasmgui/experiments/wasm-gui/toolchain/compat-include -include /home/nathan/secure-exec-wasmgui/experiments/wasm-gui/toolchain/wasi-compat.h -I/home/nathan/secure-exec-wasmgui/experiments/wasm-gui/third_party/wasm-prefix-threads/include -I/home/nathan/secure-exec-wasmgui/experiments/wasm-gui/third_party/wasm-prefix-threads/include -I/home/nathan/secure-exec-wasmgui/experiments/wasm-gui/third_party/wasm-prefix-threads/include/glib-2.0 -pthread -I/home/nathan/secure-exec-wasmgui/experiments/wasm-gui/third_party/wasm-prefix-threads/lib/glib-2.0/include -DPCRE2_STATIC  --target=wasm32-wasip1-threads --sysroot=/home/nathan/secure-exec/registry/native/c/vendor/wasi-sdk/share/wasi-sysroot -I/home/nathan/secure-exec-wasmgui/experiments/wasm-gui/third_party/wasm-prefix-threads/include -I/home/nathan/secure-exec-wasmgui/experiments/wasm-gui/toolchain/compat-include -include /home/nathan/secure-exec-wasmgui/experiments/wasm-gui/toolchain/wasi-compat.h conftest.c >&5
conftest.c:60:24: error: 'test_array' declared as an array with a negative size
   60 | static int test_array [1 - 2 * !(((long int) offsetof (ac__type_alignof_, y)) <= 1)];
      |                        ^~~~~~~~~~~~~~~~~~~~~~~~~~~~~~~~~~~~~~~~~~~~~~~~~~~~~~~~~~~~
1 error generated.
configure:15617: $? = 1
configure: failed program was:
| /* confdefs.h */
| #define PACKAGE_NAME "xfconf"
| #define PACKAGE_TARNAME "xfconf"
| #define PACKAGE_VERSION "4.18.3"
| #define PACKAGE_STRING "xfconf 4.18.3"
| #define PACKAGE_BUGREPORT "https://gitlab.xfce.org/xfce/xfconf"
| #define PACKAGE_URL ""
| #define PACKAGE "xfconf"
| #define VERSION "4.18.3"
| #define HAVE_STDIO_H 1
| #define HAVE_STDLIB_H 1
| #define HAVE_STRING_H 1
| #define HAVE_INTTYPES_H 1
| #define HAVE_STDINT_H 1
| #define HAVE_STRINGS_H 1
| #define HAVE_SYS_STAT_H 1
| #define HAVE_SYS_TYPES_H 1
| #define HAVE_UNISTD_H 1
| #define STDC_HEADERS 1
| #define HAVE_DLFCN_H 1
| #define LT_OBJDIR ".libs/"
| #define HAVE_ERRNO_H 1
| #define HAVE_FCNTL_H 1
| #define HAVE_GRP_H 1
| #define HAVE_LOCALE_H 1
| #define HAVE_SIGNAL_H 1
| #define HAVE_STDLIB_H 1
| #define HAVE_STRING_H 1
| #define HAVE_SYS_STAT_H 1
| #define HAVE_SYS_TIME_H 1
| #define HAVE_SYS_TYPES_H 1
| #define HAVE_SYS_WAIT_H 1
| #define HAVE_UNISTD_H 1
| #define HAVE_FDATASYNC 1
| #define HAVE_FSYNC 1
| #define HAVE_SETLOCALE 1
| #define GETTEXT_PACKAGE "xfconf"
| #define XFCONF_SERVICE_NAME_PREFIX "org.xfce"
| #define XFCONF_SERVICE_PATH_PREFIX "/org/xfce"
| #define G_LOG_USE_STRUCTURED 1
| #define GLIB_VERSION_MAX_ALLOWED GLIB_VERSION_2_66
| #define GLIB_VERSION_MIN_REQUIRED GLIB_VERSION_2_66
| #define ALIGNOF_GUCHAR 1
| #define ALIGNOF_GCHAR 1
| #define ALIGNOF_GUINT16 2
| #define ALIGNOF_GINT16 2
| #define ALIGNOF_GUINT32 4
| #define ALIGNOF_GINT32 4
| #define ALIGNOF_GUINT64 8
| #define ALIGNOF_GINT64 8
| #define ALIGNOF_GFLOAT 4
| #define ALIGNOF_GDOUBLE 8
| /* end confdefs.h.  */
| #include <glib.h>
| 
| typedef struct { char x; gboolean y; } ac__type_alignof_;
| int
| main (void)
| {
| static int test_array [1 - 2 * !(((long int) offsetof (ac__type_alignof_, y)) <= 1)];
| test_array [0] = 0;
| return test_array [0];
| 
|   ;
|   return 0;
| }
configure:15617: /home/nathan/secure-exec-wasmgui/experiments/wasm-gui/toolchain/clang-wasi-wrap.sh -c --target=wasm32-wasip1-threads --sysroot=/home/nathan/secure-exec/registry/native/c/vendor/wasi-sdk/share/wasi-sysroot -O2 -pthread -matomics -mbulk-memory -DSECURE_EXEC_WASM_THREADS -D_WASI_EMULATED_SIGNAL -D_WASI_EMULATED_MMAN -D_WASI_EMULATED_PROCESS_CLOCKS -D_GNU_SOURCE -mllvm -wasm-enable-sjlj -Wno-error=implicit-function-declaration -Wno-error=int-conversion -Wno-int-conversion -I/home/nathan/secure-exec-wasmgui/experiments/wasm-gui/toolchain/compat-include -include /home/nathan/secure-exec-wasmgui/experiments/wasm-gui/toolchain/wasi-compat.h -I/home/nathan/secure-exec-wasmgui/experiments/wasm-gui/third_party/wasm-prefix-threads/include -I/home/nathan/secure-exec-wasmgui/experiments/wasm-gui/third_party/wasm-prefix-threads/include -I/home/nathan/secure-exec-wasmgui/experiments/wasm-gui/third_party/wasm-prefix-threads/include/glib-2.0 -pthread -I/home/nathan/secure-exec-wasmgui/experiments/wasm-gui/third_party/wasm-prefix-threads/lib/glib-2.0/include -DPCRE2_STATIC  --target=wasm32-wasip1-threads --sysroot=/home/nathan/secure-exec/registry/native/c/vendor/wasi-sdk/share/wasi-sysroot -I/home/nathan/secure-exec-wasmgui/experiments/wasm-gui/third_party/wasm-prefix-threads/include -I/home/nathan/secure-exec-wasmgui/experiments/wasm-gui/toolchain/compat-include -include /home/nathan/secure-exec-wasmgui/experiments/wasm-gui/toolchain/wasi-compat.h conftest.c >&5
conftest.c:60:24: error: 'test_array' declared as an array with a negative size
   60 | static int test_array [1 - 2 * !(((long int) offsetof (ac__type_alignof_, y)) <= 3)];
      |                        ^~~~~~~~~~~~~~~~~~~~~~~~~~~~~~~~~~~~~~~~~~~~~~~~~~~~~~~~~~~~
1 error generated.
configure:15617: $? = 1
configure: failed program was:
| /* confdefs.h */
| #define PACKAGE_NAME "xfconf"
| #define PACKAGE_TARNAME "xfconf"
| #define PACKAGE_VERSION "4.18.3"
| #define PACKAGE_STRING "xfconf 4.18.3"
| #define PACKAGE_BUGREPORT "https://gitlab.xfce.org/xfce/xfconf"
| #define PACKAGE_URL ""
| #define PACKAGE "xfconf"
| #define VERSION "4.18.3"
| #define HAVE_STDIO_H 1
| #define HAVE_STDLIB_H 1
| #define HAVE_STRING_H 1
| #define HAVE_INTTYPES_H 1
| #define HAVE_STDINT_H 1
| #define HAVE_STRINGS_H 1
| #define HAVE_SYS_STAT_H 1
| #define HAVE_SYS_TYPES_H 1
| #define HAVE_UNISTD_H 1
| #define STDC_HEADERS 1
| #define HAVE_DLFCN_H 1
| #define LT_OBJDIR ".libs/"
| #define HAVE_ERRNO_H 1
| #define HAVE_FCNTL_H 1
| #define HAVE_GRP_H 1
| #define HAVE_LOCALE_H 1
| #define HAVE_SIGNAL_H 1
| #define HAVE_STDLIB_H 1
| #define HAVE_STRING_H 1
| #define HAVE_SYS_STAT_H 1
| #define HAVE_SYS_TIME_H 1
| #define HAVE_SYS_TYPES_H 1
| #define HAVE_SYS_WAIT_H 1
| #define HAVE_UNISTD_H 1
| #define HAVE_FDATASYNC 1
| #define HAVE_FSYNC 1
| #define HAVE_SETLOCALE 1
| #define GETTEXT_PACKAGE "xfconf"
| #define XFCONF_SERVICE_NAME_PREFIX "org.xfce"
| #define XFCONF_SERVICE_PATH_PREFIX "/org/xfce"
| #define G_LOG_USE_STRUCTURED 1
| #define GLIB_VERSION_MAX_ALLOWED GLIB_VERSION_2_66
| #define GLIB_VERSION_MIN_REQUIRED GLIB_VERSION_2_66
| #define ALIGNOF_GUCHAR 1
| #define ALIGNOF_GCHAR 1
| #define ALIGNOF_GUINT16 2
| #define ALIGNOF_GINT16 2
| #define ALIGNOF_GUINT32 4
| #define ALIGNOF_GINT32 4
| #define ALIGNOF_GUINT64 8
| #define ALIGNOF_GINT64 8
| #define ALIGNOF_GFLOAT 4
| #define ALIGNOF_GDOUBLE 8
| /* end confdefs.h.  */
| #include <glib.h>
| 
| typedef struct { char x; gboolean y; } ac__type_alignof_;
| int
| main (void)
| {
| static int test_array [1 - 2 * !(((long int) offsetof (ac__type_alignof_, y)) <= 3)];
| test_array [0] = 0;
| return test_array [0];
| 
|   ;
|   return 0;
| }
configure:15617: /home/nathan/secure-exec-wasmgui/experiments/wasm-gui/toolchain/clang-wasi-wrap.sh -c --target=wasm32-wasip1-threads --sysroot=/home/nathan/secure-exec/registry/native/c/vendor/wasi-sdk/share/wasi-sysroot -O2 -pthread -matomics -mbulk-memory -DSECURE_EXEC_WASM_THREADS -D_WASI_EMULATED_SIGNAL -D_WASI_EMULATED_MMAN -D_WASI_EMULATED_PROCESS_CLOCKS -D_GNU_SOURCE -mllvm -wasm-enable-sjlj -Wno-error=implicit-function-declaration -Wno-error=int-conversion -Wno-int-conversion -I/home/nathan/secure-exec-wasmgui/experiments/wasm-gui/toolchain/compat-include -include /home/nathan/secure-exec-wasmgui/experiments/wasm-gui/toolchain/wasi-compat.h -I/home/nathan/secure-exec-wasmgui/experiments/wasm-gui/third_party/wasm-prefix-threads/include -I/home/nathan/secure-exec-wasmgui/experiments/wasm-gui/third_party/wasm-prefix-threads/include -I/home/nathan/secure-exec-wasmgui/experiments/wasm-gui/third_party/wasm-prefix-threads/include/glib-2.0 -pthread -I/home/nathan/secure-exec-wasmgui/experiments/wasm-gui/third_party/wasm-prefix-threads/lib/glib-2.0/include -DPCRE2_STATIC  --target=wasm32-wasip1-threads --sysroot=/home/nathan/secure-exec/registry/native/c/vendor/wasi-sdk/share/wasi-sysroot -I/home/nathan/secure-exec-wasmgui/experiments/wasm-gui/third_party/wasm-prefix-threads/include -I/home/nathan/secure-exec-wasmgui/experiments/wasm-gui/toolchain/compat-include -include /home/nathan/secure-exec-wasmgui/experiments/wasm-gui/toolchain/wasi-compat.h conftest.c >&5
configure:15617: $? = 0
configure:15617: /home/nathan/secure-exec-wasmgui/experiments/wasm-gui/toolchain/clang-wasi-wrap.sh -c --target=wasm32-wasip1-threads --sysroot=/home/nathan/secure-exec/registry/native/c/vendor/wasi-sdk/share/wasi-sysroot -O2 -pthread -matomics -mbulk-memory -DSECURE_EXEC_WASM_THREADS -D_WASI_EMULATED_SIGNAL -D_WASI_EMULATED_MMAN -D_WASI_EMULATED_PROCESS_CLOCKS -D_GNU_SOURCE -mllvm -wasm-enable-sjlj -Wno-error=implicit-function-declaration -Wno-error=int-conversion -Wno-int-conversion -I/home/nathan/secure-exec-wasmgui/experiments/wasm-gui/toolchain/compat-include -include /home/nathan/secure-exec-wasmgui/experiments/wasm-gui/toolchain/wasi-compat.h -I/home/nathan/secure-exec-wasmgui/experiments/wasm-gui/third_party/wasm-prefix-threads/include -I/home/nathan/secure-exec-wasmgui/experiments/wasm-gui/third_party/wasm-prefix-threads/include -I/home/nathan/secure-exec-wasmgui/experiments/wasm-gui/third_party/wasm-prefix-threads/include/glib-2.0 -pthread -I/home/nathan/secure-exec-wasmgui/experiments/wasm-gui/third_party/wasm-prefix-threads/lib/glib-2.0/include -DPCRE2_STATIC  --target=wasm32-wasip1-threads --sysroot=/home/nathan/secure-exec/registry/native/c/vendor/wasi-sdk/share/wasi-sysroot -I/home/nathan/secure-exec-wasmgui/experiments/wasm-gui/third_party/wasm-prefix-threads/include -I/home/nathan/secure-exec-wasmgui/experiments/wasm-gui/toolchain/compat-include -include /home/nathan/secure-exec-wasmgui/experiments/wasm-gui/toolchain/wasi-compat.h conftest.c >&5
configure:15617: $? = 0
configure:15617: /home/nathan/secure-exec-wasmgui/experiments/wasm-gui/toolchain/clang-wasi-wrap.sh -c --target=wasm32-wasip1-threads --sysroot=/home/nathan/secure-exec/registry/native/c/vendor/wasi-sdk/share/wasi-sysroot -O2 -pthread -matomics -mbulk-memory -DSECURE_EXEC_WASM_THREADS -D_WASI_EMULATED_SIGNAL -D_WASI_EMULATED_MMAN -D_WASI_EMULATED_PROCESS_CLOCKS -D_GNU_SOURCE -mllvm -wasm-enable-sjlj -Wno-error=implicit-function-declaration -Wno-error=int-conversion -Wno-int-conversion -I/home/nathan/secure-exec-wasmgui/experiments/wasm-gui/toolchain/compat-include -include /home/nathan/secure-exec-wasmgui/experiments/wasm-gui/toolchain/wasi-compat.h -I/home/nathan/secure-exec-wasmgui/experiments/wasm-gui/third_party/wasm-prefix-threads/include -I/home/nathan/secure-exec-wasmgui/experiments/wasm-gui/third_party/wasm-prefix-threads/include -I/home/nathan/secure-exec-wasmgui/experiments/wasm-gui/third_party/wasm-prefix-threads/include/glib-2.0 -pthread -I/home/nathan/secure-exec-wasmgui/experiments/wasm-gui/third_party/wasm-prefix-threads/lib/glib-2.0/include -DPCRE2_STATIC  --target=wasm32-wasip1-threads --sysroot=/home/nathan/secure-exec/registry/native/c/vendor/wasi-sdk/share/wasi-sysroot -I/home/nathan/secure-exec-wasmgui/experiments/wasm-gui/third_party/wasm-prefix-threads/include -I/home/nathan/secure-exec-wasmgui/experiments/wasm-gui/toolchain/compat-include -include /home/nathan/secure-exec-wasmgui/experiments/wasm-gui/toolchain/wasi-compat.h conftest.c >&5
configure:15617: $? = 0
configure:15634: result: 4
configure:15652: checking alignment of gpointer
configure:15658: /home/nathan/secure-exec-wasmgui/experiments/wasm-gui/toolchain/clang-wasi-wrap.sh -c --target=wasm32-wasip1-threads --sysroot=/home/nathan/secure-exec/registry/native/c/vendor/wasi-sdk/share/wasi-sysroot -O2 -pthread -matomics -mbulk-memory -DSECURE_EXEC_WASM_THREADS -D_WASI_EMULATED_SIGNAL -D_WASI_EMULATED_MMAN -D_WASI_EMULATED_PROCESS_CLOCKS -D_GNU_SOURCE -mllvm -wasm-enable-sjlj -Wno-error=implicit-function-declaration -Wno-error=int-conversion -Wno-int-conversion -I/home/nathan/secure-exec-wasmgui/experiments/wasm-gui/toolchain/compat-include -include /home/nathan/secure-exec-wasmgui/experiments/wasm-gui/toolchain/wasi-compat.h -I/home/nathan/secure-exec-wasmgui/experiments/wasm-gui/third_party/wasm-prefix-threads/include -I/home/nathan/secure-exec-wasmgui/experiments/wasm-gui/third_party/wasm-prefix-threads/include -I/home/nathan/secure-exec-wasmgui/experiments/wasm-gui/third_party/wasm-prefix-threads/include/glib-2.0 -pthread -I/home/nathan/secure-exec-wasmgui/experiments/wasm-gui/third_party/wasm-prefix-threads/lib/glib-2.0/include -DPCRE2_STATIC  --target=wasm32-wasip1-threads --sysroot=/home/nathan/secure-exec/registry/native/c/vendor/wasi-sdk/share/wasi-sysroot -I/home/nathan/secure-exec-wasmgui/experiments/wasm-gui/third_party/wasm-prefix-threads/include -I/home/nathan/secure-exec-wasmgui/experiments/wasm-gui/toolchain/compat-include -include /home/nathan/secure-exec-wasmgui/experiments/wasm-gui/toolchain/wasi-compat.h conftest.c >&5
configure:15658: $? = 0
configure:15658: /home/nathan/secure-exec-wasmgui/experiments/wasm-gui/toolchain/clang-wasi-wrap.sh -c --target=wasm32-wasip1-threads --sysroot=/home/nathan/secure-exec/registry/native/c/vendor/wasi-sdk/share/wasi-sysroot -O2 -pthread -matomics -mbulk-memory -DSECURE_EXEC_WASM_THREADS -D_WASI_EMULATED_SIGNAL -D_WASI_EMULATED_MMAN -D_WASI_EMULATED_PROCESS_CLOCKS -D_GNU_SOURCE -mllvm -wasm-enable-sjlj -Wno-error=implicit-function-declaration -Wno-error=int-conversion -Wno-int-conversion -I/home/nathan/secure-exec-wasmgui/experiments/wasm-gui/toolchain/compat-include -include /home/nathan/secure-exec-wasmgui/experiments/wasm-gui/toolchain/wasi-compat.h -I/home/nathan/secure-exec-wasmgui/experiments/wasm-gui/third_party/wasm-prefix-threads/include -I/home/nathan/secure-exec-wasmgui/experiments/wasm-gui/third_party/wasm-prefix-threads/include -I/home/nathan/secure-exec-wasmgui/experiments/wasm-gui/third_party/wasm-prefix-threads/include/glib-2.0 -pthread -I/home/nathan/secure-exec-wasmgui/experiments/wasm-gui/third_party/wasm-prefix-threads/lib/glib-2.0/include -DPCRE2_STATIC  --target=wasm32-wasip1-threads --sysroot=/home/nathan/secure-exec/registry/native/c/vendor/wasi-sdk/share/wasi-sysroot -I/home/nathan/secure-exec-wasmgui/experiments/wasm-gui/third_party/wasm-prefix-threads/include -I/home/nathan/secure-exec-wasmgui/experiments/wasm-gui/toolchain/compat-include -include /home/nathan/secure-exec-wasmgui/experiments/wasm-gui/toolchain/wasi-compat.h conftest.c >&5
conftest.c:61:24: error: 'test_array' declared as an array with a negative size
   61 | static int test_array [1 - 2 * !(((long int) offsetof (ac__type_alignof_, y)) <= 0)];
      |                        ^~~~~~~~~~~~~~~~~~~~~~~~~~~~~~~~~~~~~~~~~~~~~~~~~~~~~~~~~~~~
1 error generated.
configure:15658: $? = 1
configure: failed program was:
| /* confdefs.h */
| #define PACKAGE_NAME "xfconf"
| #define PACKAGE_TARNAME "xfconf"
| #define PACKAGE_VERSION "4.18.3"
| #define PACKAGE_STRING "xfconf 4.18.3"
| #define PACKAGE_BUGREPORT "https://gitlab.xfce.org/xfce/xfconf"
| #define PACKAGE_URL ""
| #define PACKAGE "xfconf"
| #define VERSION "4.18.3"
| #define HAVE_STDIO_H 1
| #define HAVE_STDLIB_H 1
| #define HAVE_STRING_H 1
| #define HAVE_INTTYPES_H 1
| #define HAVE_STDINT_H 1
| #define HAVE_STRINGS_H 1
| #define HAVE_SYS_STAT_H 1
| #define HAVE_SYS_TYPES_H 1
| #define HAVE_UNISTD_H 1
| #define STDC_HEADERS 1
| #define HAVE_DLFCN_H 1
| #define LT_OBJDIR ".libs/"
| #define HAVE_ERRNO_H 1
| #define HAVE_FCNTL_H 1
| #define HAVE_GRP_H 1
| #define HAVE_LOCALE_H 1
| #define HAVE_SIGNAL_H 1
| #define HAVE_STDLIB_H 1
| #define HAVE_STRING_H 1
| #define HAVE_SYS_STAT_H 1
| #define HAVE_SYS_TIME_H 1
| #define HAVE_SYS_TYPES_H 1
| #define HAVE_SYS_WAIT_H 1
| #define HAVE_UNISTD_H 1
| #define HAVE_FDATASYNC 1
| #define HAVE_FSYNC 1
| #define HAVE_SETLOCALE 1
| #define GETTEXT_PACKAGE "xfconf"
| #define XFCONF_SERVICE_NAME_PREFIX "org.xfce"
| #define XFCONF_SERVICE_PATH_PREFIX "/org/xfce"
| #define G_LOG_USE_STRUCTURED 1
| #define GLIB_VERSION_MAX_ALLOWED GLIB_VERSION_2_66
| #define GLIB_VERSION_MIN_REQUIRED GLIB_VERSION_2_66
| #define ALIGNOF_GUCHAR 1
| #define ALIGNOF_GCHAR 1
| #define ALIGNOF_GUINT16 2
| #define ALIGNOF_GINT16 2
| #define ALIGNOF_GUINT32 4
| #define ALIGNOF_GINT32 4
| #define ALIGNOF_GUINT64 8
| #define ALIGNOF_GINT64 8
| #define ALIGNOF_GFLOAT 4
| #define ALIGNOF_GDOUBLE 8
| #define ALIGNOF_GBOOLEAN 4
| /* end confdefs.h.  */
| #include <glib.h>
| 
| typedef struct { char x; gpointer y; } ac__type_alignof_;
| int
| main (void)
| {
| static int test_array [1 - 2 * !(((long int) offsetof (ac__type_alignof_, y)) <= 0)];
| test_array [0] = 0;
| return test_array [0];
| 
|   ;
|   return 0;
| }
configure:15658: /home/nathan/secure-exec-wasmgui/experiments/wasm-gui/toolchain/clang-wasi-wrap.sh -c --target=wasm32-wasip1-threads --sysroot=/home/nathan/secure-exec/registry/native/c/vendor/wasi-sdk/share/wasi-sysroot -O2 -pthread -matomics -mbulk-memory -DSECURE_EXEC_WASM_THREADS -D_WASI_EMULATED_SIGNAL -D_WASI_EMULATED_MMAN -D_WASI_EMULATED_PROCESS_CLOCKS -D_GNU_SOURCE -mllvm -wasm-enable-sjlj -Wno-error=implicit-function-declaration -Wno-error=int-conversion -Wno-int-conversion -I/home/nathan/secure-exec-wasmgui/experiments/wasm-gui/toolchain/compat-include -include /home/nathan/secure-exec-wasmgui/experiments/wasm-gui/toolchain/wasi-compat.h -I/home/nathan/secure-exec-wasmgui/experiments/wasm-gui/third_party/wasm-prefix-threads/include -I/home/nathan/secure-exec-wasmgui/experiments/wasm-gui/third_party/wasm-prefix-threads/include -I/home/nathan/secure-exec-wasmgui/experiments/wasm-gui/third_party/wasm-prefix-threads/include/glib-2.0 -pthread -I/home/nathan/secure-exec-wasmgui/experiments/wasm-gui/third_party/wasm-prefix-threads/lib/glib-2.0/include -DPCRE2_STATIC  --target=wasm32-wasip1-threads --sysroot=/home/nathan/secure-exec/registry/native/c/vendor/wasi-sdk/share/wasi-sysroot -I/home/nathan/secure-exec-wasmgui/experiments/wasm-gui/third_party/wasm-prefix-threads/include -I/home/nathan/secure-exec-wasmgui/experiments/wasm-gui/toolchain/compat-include -include /home/nathan/secure-exec-wasmgui/experiments/wasm-gui/toolchain/wasi-compat.h conftest.c >&5
conftest.c:61:24: error: 'test_array' declared as an array with a negative size
   61 | static int test_array [1 - 2 * !(((long int) offsetof (ac__type_alignof_, y)) <= 1)];
      |                        ^~~~~~~~~~~~~~~~~~~~~~~~~~~~~~~~~~~~~~~~~~~~~~~~~~~~~~~~~~~~
1 error generated.
configure:15658: $? = 1
configure: failed program was:
| /* confdefs.h */
| #define PACKAGE_NAME "xfconf"
| #define PACKAGE_TARNAME "xfconf"
| #define PACKAGE_VERSION "4.18.3"
| #define PACKAGE_STRING "xfconf 4.18.3"
| #define PACKAGE_BUGREPORT "https://gitlab.xfce.org/xfce/xfconf"
| #define PACKAGE_URL ""
| #define PACKAGE "xfconf"
| #define VERSION "4.18.3"
| #define HAVE_STDIO_H 1
| #define HAVE_STDLIB_H 1
| #define HAVE_STRING_H 1
| #define HAVE_INTTYPES_H 1
| #define HAVE_STDINT_H 1
| #define HAVE_STRINGS_H 1
| #define HAVE_SYS_STAT_H 1
| #define HAVE_SYS_TYPES_H 1
| #define HAVE_UNISTD_H 1
| #define STDC_HEADERS 1
| #define HAVE_DLFCN_H 1
| #define LT_OBJDIR ".libs/"
| #define HAVE_ERRNO_H 1
| #define HAVE_FCNTL_H 1
| #define HAVE_GRP_H 1
| #define HAVE_LOCALE_H 1
| #define HAVE_SIGNAL_H 1
| #define HAVE_STDLIB_H 1
| #define HAVE_STRING_H 1
| #define HAVE_SYS_STAT_H 1
| #define HAVE_SYS_TIME_H 1
| #define HAVE_SYS_TYPES_H 1
| #define HAVE_SYS_WAIT_H 1
| #define HAVE_UNISTD_H 1
| #define HAVE_FDATASYNC 1
| #define HAVE_FSYNC 1
| #define HAVE_SETLOCALE 1
| #define GETTEXT_PACKAGE "xfconf"
| #define XFCONF_SERVICE_NAME_PREFIX "org.xfce"
| #define XFCONF_SERVICE_PATH_PREFIX "/org/xfce"
| #define G_LOG_USE_STRUCTURED 1
| #define GLIB_VERSION_MAX_ALLOWED GLIB_VERSION_2_66
| #define GLIB_VERSION_MIN_REQUIRED GLIB_VERSION_2_66
| #define ALIGNOF_GUCHAR 1
| #define ALIGNOF_GCHAR 1
| #define ALIGNOF_GUINT16 2
| #define ALIGNOF_GINT16 2
| #define ALIGNOF_GUINT32 4
| #define ALIGNOF_GINT32 4
| #define ALIGNOF_GUINT64 8
| #define ALIGNOF_GINT64 8
| #define ALIGNOF_GFLOAT 4
| #define ALIGNOF_GDOUBLE 8
| #define ALIGNOF_GBOOLEAN 4
| /* end confdefs.h.  */
| #include <glib.h>
| 
| typedef struct { char x; gpointer y; } ac__type_alignof_;
| int
| main (void)
| {
| static int test_array [1 - 2 * !(((long int) offsetof (ac__type_alignof_, y)) <= 1)];
| test_array [0] = 0;
| return test_array [0];
| 
|   ;
|   return 0;
| }
configure:15658: /home/nathan/secure-exec-wasmgui/experiments/wasm-gui/toolchain/clang-wasi-wrap.sh -c --target=wasm32-wasip1-threads --sysroot=/home/nathan/secure-exec/registry/native/c/vendor/wasi-sdk/share/wasi-sysroot -O2 -pthread -matomics -mbulk-memory -DSECURE_EXEC_WASM_THREADS -D_WASI_EMULATED_SIGNAL -D_WASI_EMULATED_MMAN -D_WASI_EMULATED_PROCESS_CLOCKS -D_GNU_SOURCE -mllvm -wasm-enable-sjlj -Wno-error=implicit-function-declaration -Wno-error=int-conversion -Wno-int-conversion -I/home/nathan/secure-exec-wasmgui/experiments/wasm-gui/toolchain/compat-include -include /home/nathan/secure-exec-wasmgui/experiments/wasm-gui/toolchain/wasi-compat.h -I/home/nathan/secure-exec-wasmgui/experiments/wasm-gui/third_party/wasm-prefix-threads/include -I/home/nathan/secure-exec-wasmgui/experiments/wasm-gui/third_party/wasm-prefix-threads/include -I/home/nathan/secure-exec-wasmgui/experiments/wasm-gui/third_party/wasm-prefix-threads/include/glib-2.0 -pthread -I/home/nathan/secure-exec-wasmgui/experiments/wasm-gui/third_party/wasm-prefix-threads/lib/glib-2.0/include -DPCRE2_STATIC  --target=wasm32-wasip1-threads --sysroot=/home/nathan/secure-exec/registry/native/c/vendor/wasi-sdk/share/wasi-sysroot -I/home/nathan/secure-exec-wasmgui/experiments/wasm-gui/third_party/wasm-prefix-threads/include -I/home/nathan/secure-exec-wasmgui/experiments/wasm-gui/toolchain/compat-include -include /home/nathan/secure-exec-wasmgui/experiments/wasm-gui/toolchain/wasi-compat.h conftest.c >&5
conftest.c:61:24: error: 'test_array' declared as an array with a negative size
   61 | static int test_array [1 - 2 * !(((long int) offsetof (ac__type_alignof_, y)) <= 3)];
      |                        ^~~~~~~~~~~~~~~~~~~~~~~~~~~~~~~~~~~~~~~~~~~~~~~~~~~~~~~~~~~~
1 error generated.
configure:15658: $? = 1
configure: failed program was:
| /* confdefs.h */
| #define PACKAGE_NAME "xfconf"
| #define PACKAGE_TARNAME "xfconf"
| #define PACKAGE_VERSION "4.18.3"
| #define PACKAGE_STRING "xfconf 4.18.3"
| #define PACKAGE_BUGREPORT "https://gitlab.xfce.org/xfce/xfconf"
| #define PACKAGE_URL ""
| #define PACKAGE "xfconf"
| #define VERSION "4.18.3"
| #define HAVE_STDIO_H 1
| #define HAVE_STDLIB_H 1
| #define HAVE_STRING_H 1
| #define HAVE_INTTYPES_H 1
| #define HAVE_STDINT_H 1
| #define HAVE_STRINGS_H 1
| #define HAVE_SYS_STAT_H 1
| #define HAVE_SYS_TYPES_H 1
| #define HAVE_UNISTD_H 1
| #define STDC_HEADERS 1
| #define HAVE_DLFCN_H 1
| #define LT_OBJDIR ".libs/"
| #define HAVE_ERRNO_H 1
| #define HAVE_FCNTL_H 1
| #define HAVE_GRP_H 1
| #define HAVE_LOCALE_H 1
| #define HAVE_SIGNAL_H 1
| #define HAVE_STDLIB_H 1
| #define HAVE_STRING_H 1
| #define HAVE_SYS_STAT_H 1
| #define HAVE_SYS_TIME_H 1
| #define HAVE_SYS_TYPES_H 1
| #define HAVE_SYS_WAIT_H 1
| #define HAVE_UNISTD_H 1
| #define HAVE_FDATASYNC 1
| #define HAVE_FSYNC 1
| #define HAVE_SETLOCALE 1
| #define GETTEXT_PACKAGE "xfconf"
| #define XFCONF_SERVICE_NAME_PREFIX "org.xfce"
| #define XFCONF_SERVICE_PATH_PREFIX "/org/xfce"
| #define G_LOG_USE_STRUCTURED 1
| #define GLIB_VERSION_MAX_ALLOWED GLIB_VERSION_2_66
| #define GLIB_VERSION_MIN_REQUIRED GLIB_VERSION_2_66
| #define ALIGNOF_GUCHAR 1
| #define ALIGNOF_GCHAR 1
| #define ALIGNOF_GUINT16 2
| #define ALIGNOF_GINT16 2
| #define ALIGNOF_GUINT32 4
| #define ALIGNOF_GINT32 4
| #define ALIGNOF_GUINT64 8
| #define ALIGNOF_GINT64 8
| #define ALIGNOF_GFLOAT 4
| #define ALIGNOF_GDOUBLE 8
| #define ALIGNOF_GBOOLEAN 4
| /* end confdefs.h.  */
| #include <glib.h>
| 
| typedef struct { char x; gpointer y; } ac__type_alignof_;
| int
| main (void)
| {
| static int test_array [1 - 2 * !(((long int) offsetof (ac__type_alignof_, y)) <= 3)];
| test_array [0] = 0;
| return test_array [0];
| 
|   ;
|   return 0;
| }
configure:15658: /home/nathan/secure-exec-wasmgui/experiments/wasm-gui/toolchain/clang-wasi-wrap.sh -c --target=wasm32-wasip1-threads --sysroot=/home/nathan/secure-exec/registry/native/c/vendor/wasi-sdk/share/wasi-sysroot -O2 -pthread -matomics -mbulk-memory -DSECURE_EXEC_WASM_THREADS -D_WASI_EMULATED_SIGNAL -D_WASI_EMULATED_MMAN -D_WASI_EMULATED_PROCESS_CLOCKS -D_GNU_SOURCE -mllvm -wasm-enable-sjlj -Wno-error=implicit-function-declaration -Wno-error=int-conversion -Wno-int-conversion -I/home/nathan/secure-exec-wasmgui/experiments/wasm-gui/toolchain/compat-include -include /home/nathan/secure-exec-wasmgui/experiments/wasm-gui/toolchain/wasi-compat.h -I/home/nathan/secure-exec-wasmgui/experiments/wasm-gui/third_party/wasm-prefix-threads/include -I/home/nathan/secure-exec-wasmgui/experiments/wasm-gui/third_party/wasm-prefix-threads/include -I/home/nathan/secure-exec-wasmgui/experiments/wasm-gui/third_party/wasm-prefix-threads/include/glib-2.0 -pthread -I/home/nathan/secure-exec-wasmgui/experiments/wasm-gui/third_party/wasm-prefix-threads/lib/glib-2.0/include -DPCRE2_STATIC  --target=wasm32-wasip1-threads --sysroot=/home/nathan/secure-exec/registry/native/c/vendor/wasi-sdk/share/wasi-sysroot -I/home/nathan/secure-exec-wasmgui/experiments/wasm-gui/third_party/wasm-prefix-threads/include -I/home/nathan/secure-exec-wasmgui/experiments/wasm-gui/toolchain/compat-include -include /home/nathan/secure-exec-wasmgui/experiments/wasm-gui/toolchain/wasi-compat.h conftest.c >&5
configure:15658: $? = 0
configure:15658: /home/nathan/secure-exec-wasmgui/experiments/wasm-gui/toolchain/clang-wasi-wrap.sh -c --target=wasm32-wasip1-threads --sysroot=/home/nathan/secure-exec/registry/native/c/vendor/wasi-sdk/share/wasi-sysroot -O2 -pthread -matomics -mbulk-memory -DSECURE_EXEC_WASM_THREADS -D_WASI_EMULATED_SIGNAL -D_WASI_EMULATED_MMAN -D_WASI_EMULATED_PROCESS_CLOCKS -D_GNU_SOURCE -mllvm -wasm-enable-sjlj -Wno-error=implicit-function-declaration -Wno-error=int-conversion -Wno-int-conversion -I/home/nathan/secure-exec-wasmgui/experiments/wasm-gui/toolchain/compat-include -include /home/nathan/secure-exec-wasmgui/experiments/wasm-gui/toolchain/wasi-compat.h -I/home/nathan/secure-exec-wasmgui/experiments/wasm-gui/third_party/wasm-prefix-threads/include -I/home/nathan/secure-exec-wasmgui/experiments/wasm-gui/third_party/wasm-prefix-threads/include -I/home/nathan/secure-exec-wasmgui/experiments/wasm-gui/third_party/wasm-prefix-threads/include/glib-2.0 -pthread -I/home/nathan/secure-exec-wasmgui/experiments/wasm-gui/third_party/wasm-prefix-threads/lib/glib-2.0/include -DPCRE2_STATIC  --target=wasm32-wasip1-threads --sysroot=/home/nathan/secure-exec/registry/native/c/vendor/wasi-sdk/share/wasi-sysroot -I/home/nathan/secure-exec-wasmgui/experiments/wasm-gui/third_party/wasm-prefix-threads/include -I/home/nathan/secure-exec-wasmgui/experiments/wasm-gui/toolchain/compat-include -include /home/nathan/secure-exec-wasmgui/experiments/wasm-gui/toolchain/wasi-compat.h conftest.c >&5
configure:15658: $? = 0
configure:15658: /home/nathan/secure-exec-wasmgui/experiments/wasm-gui/toolchain/clang-wasi-wrap.sh -c --target=wasm32-wasip1-threads --sysroot=/home/nathan/secure-exec/registry/native/c/vendor/wasi-sdk/share/wasi-sysroot -O2 -pthread -matomics -mbulk-memory -DSECURE_EXEC_WASM_THREADS -D_WASI_EMULATED_SIGNAL -D_WASI_EMULATED_MMAN -D_WASI_EMULATED_PROCESS_CLOCKS -D_GNU_SOURCE -mllvm -wasm-enable-sjlj -Wno-error=implicit-function-declaration -Wno-error=int-conversion -Wno-int-conversion -I/home/nathan/secure-exec-wasmgui/experiments/wasm-gui/toolchain/compat-include -include /home/nathan/secure-exec-wasmgui/experiments/wasm-gui/toolchain/wasi-compat.h -I/home/nathan/secure-exec-wasmgui/experiments/wasm-gui/third_party/wasm-prefix-threads/include -I/home/nathan/secure-exec-wasmgui/experiments/wasm-gui/third_party/wasm-prefix-threads/include -I/home/nathan/secure-exec-wasmgui/experiments/wasm-gui/third_party/wasm-prefix-threads/include/glib-2.0 -pthread -I/home/nathan/secure-exec-wasmgui/experiments/wasm-gui/third_party/wasm-prefix-threads/lib/glib-2.0/include -DPCRE2_STATIC  --target=wasm32-wasip1-threads --sysroot=/home/nathan/secure-exec/registry/native/c/vendor/wasi-sdk/share/wasi-sysroot -I/home/nathan/secure-exec-wasmgui/experiments/wasm-gui/third_party/wasm-prefix-threads/include -I/home/nathan/secure-exec-wasmgui/experiments/wasm-gui/toolchain/compat-include -include /home/nathan/secure-exec-wasmgui/experiments/wasm-gui/toolchain/wasi-compat.h conftest.c >&5
configure:15658: $? = 0
configure:15675: result: 4
configure:15691: checking for gtk-doc
configure:15694: $PKG_CONFIG --exists --print-errors "$gtk_doc_requires"
Package gtk-doc was not found in the pkg-config search path.
Perhaps you should add the directory containing `gtk-doc.pc'
to the PKG_CONFIG_PATH environment variable
Package 'gtk-doc', required by 'virtual:world', not found
configure:15697: $? = 1
configure:15703: result: no
configure:15707: WARNING:
  You will not be able to create source packages with 'make dist'
  because gtk-doc >= 1.20 is not found.
configure:15717: checking for gtkdoc-check
configure:15752: result: no
configure:15759: checking for gtkdoc-check
configure:15797: result: no
configure:15806: checking for gtkdoc-rebase
configure:15844: result: no
configure:15855: checking for gtkdoc-mkpdf
configure:15893: result: no
configure:15920: checking whether to build gtk-doc documentation
configure:15922: result: no
configure:15935: checking for GTKDOC_DEPS
configure:15942: $PKG_CONFIG --exists --print-errors "glib-2.0 >= 2.10.0 gobject-2.0  >= 2.10.0"
configure:15945: $? = 0
configure:15959: $PKG_CONFIG --exists --print-errors "glib-2.0 >= 2.10.0 gobject-2.0  >= 2.10.0"
configure:15962: $? = 0
configure:16000: result: yes
configure:16106: checking whether to build the GSettings backend module
configure:16116: result: yes
configure:16137: checking for wasm32-wasi-pkg-config
configure:16172: result: /usr/bin/pkg-config
configure:16245: checking pkg-config is at least version 0.9.0
configure:16248: result: yes
configure:16270: checking for gmodule-2.0 >= 2.66.0
configure:16274: result: 2.78.4
configure:16277: checking GMODULE_CFLAGS
configure:16280: result: -I/home/nathan/secure-exec-wasmgui/experiments/wasm-gui/third_party/wasm-prefix-threads/include -I/home/nathan/secure-exec-wasmgui/experiments/wasm-gui/third_party/wasm-prefix-threads/include/glib-2.0 -I/home/nathan/secure-exec-wasmgui/experiments/wasm-gui/third_party/wasm-prefix-threads/lib/glib-2.0/include -pthread -DPCRE2_STATIC 
configure:16283: checking GMODULE_LIBS
configure:16286: result: -Wl,--export-dynamic -L/home/nathan/secure-exec-wasmgui/experiments/wasm-gui/third_party/wasm-prefix-threads/lib -lgmodule-2.0 -lintl -lglib-2.0 -lintl -lm -pthread -lpcre2-8 
configure:16349: checking for gobject-introspection
configure:16380: $PKG_CONFIG --exists --print-errors "gobject-introspection-1.0 >= 1.66.0"
Package gobject-introspection-1.0 was not found in the pkg-config search path.
Perhaps you should add the directory containing `gobject-introspection-1.0.pc'
to the PKG_CONFIG_PATH environment variable
Package 'gobject-introspection-1.0', required by 'virtual:world', not found
configure:16383: $? = 1
configure:16395: result: no
configure:16520: checking for wasm32-wasi-pkg-config
configure:16555: result: /usr/bin/pkg-config
configure:16628: checking pkg-config is at least version 0.9.0
configure:16631: result: yes
configure:16641: $PKG_CONFIG --exists --print-errors "$vapigen_pkg"
Package vapigen was not found in the pkg-config search path.
Perhaps you should add the directory containing `vapigen.pc'
to the PKG_CONFIG_PATH environment variable
Package 'vapigen', required by 'virtual:world', not found
configure:16644: $? = 1
configure:16671: checking for vapigen
configure:16694: result: no
configure:16730: checking whether to build with debugging support
configure:16762: result: no
configure:16777: checking if /home/nathan/secure-exec-wasmgui/experiments/wasm-gui/toolchain/clang-wasi-wrap.sh supports -Wall
configure:16785: /home/nathan/secure-exec-wasmgui/experiments/wasm-gui/toolchain/clang-wasi-wrap.sh -c --target=wasm32-wasip1-threads --sysroot=/home/nathan/secure-exec/registry/native/c/vendor/wasi-sdk/share/wasi-sysroot -O2 -pthread -matomics -mbulk-memory -DSECURE_EXEC_WASM_THREADS -D_WASI_EMULATED_SIGNAL -D_WASI_EMULATED_MMAN -D_WASI_EMULATED_PROCESS_CLOCKS -D_GNU_SOURCE -mllvm -wasm-enable-sjlj -Wno-error=implicit-function-declaration -Wno-error=int-conversion -Wno-int-conversion -I/home/nathan/secure-exec-wasmgui/experiments/wasm-gui/toolchain/compat-include -include /home/nathan/secure-exec-wasmgui/experiments/wasm-gui/toolchain/wasi-compat.h -I/home/nathan/secure-exec-wasmgui/experiments/wasm-gui/third_party/wasm-prefix-threads/include -Wall --target=wasm32-wasip1-threads --sysroot=/home/nathan/secure-exec/registry/native/c/vendor/wasi-sdk/share/wasi-sysroot -I/home/nathan/secure-exec-wasmgui/experiments/wasm-gui/third_party/wasm-prefix-threads/include -I/home/nathan/secure-exec-wasmgui/experiments/wasm-gui/toolchain/compat-include -include /home/nathan/secure-exec-wasmgui/experiments/wasm-gui/toolchain/wasi-compat.h -DNDEBUG -DG_DISABLE_CAST_CHECKS -DG_DISABLE_ASSERT conftest.c >&5
configure:16785: $? = 0
configure:16793: result: yes
configure:16777: checking if /home/nathan/secure-exec-wasmgui/experiments/wasm-gui/toolchain/clang-wasi-wrap.sh supports -Wextra
configure:16785: /home/nathan/secure-exec-wasmgui/experiments/wasm-gui/toolchain/clang-wasi-wrap.sh -c --target=wasm32-wasip1-threads --sysroot=/home/nathan/secure-exec/registry/native/c/vendor/wasi-sdk/share/wasi-sysroot -O2 -pthread -matomics -mbulk-memory -DSECURE_EXEC_WASM_THREADS -D_WASI_EMULATED_SIGNAL -D_WASI_EMULATED_MMAN -D_WASI_EMULATED_PROCESS_CLOCKS -D_GNU_SOURCE -mllvm -wasm-enable-sjlj -Wno-error=implicit-function-declaration -Wno-error=int-conversion -Wno-int-conversion -I/home/nathan/secure-exec-wasmgui/experiments/wasm-gui/toolchain/compat-include -include /home/nathan/secure-exec-wasmgui/experiments/wasm-gui/toolchain/wasi-compat.h -I/home/nathan/secure-exec-wasmgui/experiments/wasm-gui/third_party/wasm-prefix-threads/include -Wextra --target=wasm32-wasip1-threads --sysroot=/home/nathan/secure-exec/registry/native/c/vendor/wasi-sdk/share/wasi-sysroot -I/home/nathan/secure-exec-wasmgui/experiments/wasm-gui/third_party/wasm-prefix-threads/include -I/home/nathan/secure-exec-wasmgui/experiments/wasm-gui/toolchain/compat-include -include /home/nathan/secure-exec-wasmgui/experiments/wasm-gui/toolchain/wasi-compat.h -DNDEBUG -DG_DISABLE_CAST_CHECKS -DG_DISABLE_ASSERT conftest.c >&5
configure:16785: $? = 0
configure:16793: result: yes
configure:16777: checking if /home/nathan/secure-exec-wasmgui/experiments/wasm-gui/toolchain/clang-wasi-wrap.sh supports -Wno-missing-field-initializers
configure:16785: /home/nathan/secure-exec-wasmgui/experiments/wasm-gui/toolchain/clang-wasi-wrap.sh -c --target=wasm32-wasip1-threads --sysroot=/home/nathan/secure-exec/registry/native/c/vendor/wasi-sdk/share/wasi-sysroot -O2 -pthread -matomics -mbulk-memory -DSECURE_EXEC_WASM_THREADS -D_WASI_EMULATED_SIGNAL -D_WASI_EMULATED_MMAN -D_WASI_EMULATED_PROCESS_CLOCKS -D_GNU_SOURCE -mllvm -wasm-enable-sjlj -Wno-error=implicit-function-declaration -Wno-error=int-conversion -Wno-int-conversion -I/home/nathan/secure-exec-wasmgui/experiments/wasm-gui/toolchain/compat-include -include /home/nathan/secure-exec-wasmgui/experiments/wasm-gui/toolchain/wasi-compat.h -I/home/nathan/secure-exec-wasmgui/experiments/wasm-gui/third_party/wasm-prefix-threads/include -Wno-missing-field-initializers --target=wasm32-wasip1-threads --sysroot=/home/nathan/secure-exec/registry/native/c/vendor/wasi-sdk/share/wasi-sysroot -I/home/nathan/secure-exec-wasmgui/experiments/wasm-gui/third_party/wasm-prefix-threads/include -I/home/nathan/secure-exec-wasmgui/experiments/wasm-gui/toolchain/compat-include -include /home/nathan/secure-exec-wasmgui/experiments/wasm-gui/toolchain/wasi-compat.h -DNDEBUG -DG_DISABLE_CAST_CHECKS -DG_DISABLE_ASSERT conftest.c >&5
configure:16785: $? = 0
configure:16793: result: yes
configure:16777: checking if /home/nathan/secure-exec-wasmgui/experiments/wasm-gui/toolchain/clang-wasi-wrap.sh supports -Wno-unused-parameter
configure:16785: /home/nathan/secure-exec-wasmgui/experiments/wasm-gui/toolchain/clang-wasi-wrap.sh -c --target=wasm32-wasip1-threads --sysroot=/home/nathan/secure-exec/registry/native/c/vendor/wasi-sdk/share/wasi-sysroot -O2 -pthread -matomics -mbulk-memory -DSECURE_EXEC_WASM_THREADS -D_WASI_EMULATED_SIGNAL -D_WASI_EMULATED_MMAN -D_WASI_EMULATED_PROCESS_CLOCKS -D_GNU_SOURCE -mllvm -wasm-enable-sjlj -Wno-error=implicit-function-declaration -Wno-error=int-conversion -Wno-int-conversion -I/home/nathan/secure-exec-wasmgui/experiments/wasm-gui/toolchain/compat-include -include /home/nathan/secure-exec-wasmgui/experiments/wasm-gui/toolchain/wasi-compat.h -I/home/nathan/secure-exec-wasmgui/experiments/wasm-gui/third_party/wasm-prefix-threads/include -Wno-unused-parameter --target=wasm32-wasip1-threads --sysroot=/home/nathan/secure-exec/registry/native/c/vendor/wasi-sdk/share/wasi-sysroot -I/home/nathan/secure-exec-wasmgui/experiments/wasm-gui/third_party/wasm-prefix-threads/include -I/home/nathan/secure-exec-wasmgui/experiments/wasm-gui/toolchain/compat-include -include /home/nathan/secure-exec-wasmgui/experiments/wasm-gui/toolchain/wasi-compat.h -DNDEBUG -DG_DISABLE_CAST_CHECKS -DG_DISABLE_ASSERT conftest.c >&5
configure:16785: $? = 0
configure:16793: result: yes
configure:16777: checking if /home/nathan/secure-exec-wasmgui/experiments/wasm-gui/toolchain/clang-wasi-wrap.sh supports -Wmissing-declarations
configure:16785: /home/nathan/secure-exec-wasmgui/experiments/wasm-gui/toolchain/clang-wasi-wrap.sh -c --target=wasm32-wasip1-threads --sysroot=/home/nathan/secure-exec/registry/native/c/vendor/wasi-sdk/share/wasi-sysroot -O2 -pthread -matomics -mbulk-memory -DSECURE_EXEC_WASM_THREADS -D_WASI_EMULATED_SIGNAL -D_WASI_EMULATED_MMAN -D_WASI_EMULATED_PROCESS_CLOCKS -D_GNU_SOURCE -mllvm -wasm-enable-sjlj -Wno-error=implicit-function-declaration -Wno-error=int-conversion -Wno-int-conversion -I/home/nathan/secure-exec-wasmgui/experiments/wasm-gui/toolchain/compat-include -include /home/nathan/secure-exec-wasmgui/experiments/wasm-gui/toolchain/wasi-compat.h -I/home/nathan/secure-exec-wasmgui/experiments/wasm-gui/third_party/wasm-prefix-threads/include -Wmissing-declarations --target=wasm32-wasip1-threads --sysroot=/home/nathan/secure-exec/registry/native/c/vendor/wasi-sdk/share/wasi-sysroot -I/home/nathan/secure-exec-wasmgui/experiments/wasm-gui/third_party/wasm-prefix-threads/include -I/home/nathan/secure-exec-wasmgui/experiments/wasm-gui/toolchain/compat-include -include /home/nathan/secure-exec-wasmgui/experiments/wasm-gui/toolchain/wasi-compat.h -DNDEBUG -DG_DISABLE_CAST_CHECKS -DG_DISABLE_ASSERT conftest.c >&5
configure:16785: $? = 0
configure:16793: result: yes
configure:16777: checking if /home/nathan/secure-exec-wasmgui/experiments/wasm-gui/toolchain/clang-wasi-wrap.sh supports -Wmissing-noreturn
configure:16785: /home/nathan/secure-exec-wasmgui/experiments/wasm-gui/toolchain/clang-wasi-wrap.sh -c --target=wasm32-wasip1-threads --sysroot=/home/nathan/secure-exec/registry/native/c/vendor/wasi-sdk/share/wasi-sysroot -O2 -pthread -matomics -mbulk-memory -DSECURE_EXEC_WASM_THREADS -D_WASI_EMULATED_SIGNAL -D_WASI_EMULATED_MMAN -D_WASI_EMULATED_PROCESS_CLOCKS -D_GNU_SOURCE -mllvm -wasm-enable-sjlj -Wno-error=implicit-function-declaration -Wno-error=int-conversion -Wno-int-conversion -I/home/nathan/secure-exec-wasmgui/experiments/wasm-gui/toolchain/compat-include -include /home/nathan/secure-exec-wasmgui/experiments/wasm-gui/toolchain/wasi-compat.h -I/home/nathan/secure-exec-wasmgui/experiments/wasm-gui/third_party/wasm-prefix-threads/include -Wmissing-noreturn --target=wasm32-wasip1-threads --sysroot=/home/nathan/secure-exec/registry/native/c/vendor/wasi-sdk/share/wasi-sysroot -I/home/nathan/secure-exec-wasmgui/experiments/wasm-gui/third_party/wasm-prefix-threads/include -I/home/nathan/secure-exec-wasmgui/experiments/wasm-gui/toolchain/compat-include -include /home/nathan/secure-exec-wasmgui/experiments/wasm-gui/toolchain/wasi-compat.h -DNDEBUG -DG_DISABLE_CAST_CHECKS -DG_DISABLE_ASSERT conftest.c >&5
configure:16785: $? = 0
configure:16793: result: yes
configure:16777: checking if /home/nathan/secure-exec-wasmgui/experiments/wasm-gui/toolchain/clang-wasi-wrap.sh supports -Wpointer-arith
configure:16785: /home/nathan/secure-exec-wasmgui/experiments/wasm-gui/toolchain/clang-wasi-wrap.sh -c --target=wasm32-wasip1-threads --sysroot=/home/nathan/secure-exec/registry/native/c/vendor/wasi-sdk/share/wasi-sysroot -O2 -pthread -matomics -mbulk-memory -DSECURE_EXEC_WASM_THREADS -D_WASI_EMULATED_SIGNAL -D_WASI_EMULATED_MMAN -D_WASI_EMULATED_PROCESS_CLOCKS -D_GNU_SOURCE -mllvm -wasm-enable-sjlj -Wno-error=implicit-function-declaration -Wno-error=int-conversion -Wno-int-conversion -I/home/nathan/secure-exec-wasmgui/experiments/wasm-gui/toolchain/compat-include -include /home/nathan/secure-exec-wasmgui/experiments/wasm-gui/toolchain/wasi-compat.h -I/home/nathan/secure-exec-wasmgui/experiments/wasm-gui/third_party/wasm-prefix-threads/include -Wpointer-arith --target=wasm32-wasip1-threads --sysroot=/home/nathan/secure-exec/registry/native/c/vendor/wasi-sdk/share/wasi-sysroot -I/home/nathan/secure-exec-wasmgui/experiments/wasm-gui/third_party/wasm-prefix-threads/include -I/home/nathan/secure-exec-wasmgui/experiments/wasm-gui/toolchain/compat-include -include /home/nathan/secure-exec-wasmgui/experiments/wasm-gui/toolchain/wasi-compat.h -DNDEBUG -DG_DISABLE_CAST_CHECKS -DG_DISABLE_ASSERT conftest.c >&5
configure:16785: $? = 0
configure:16793: result: yes
configure:16777: checking if /home/nathan/secure-exec-wasmgui/experiments/wasm-gui/toolchain/clang-wasi-wrap.sh supports -Wcast-align
configure:16785: /home/nathan/secure-exec-wasmgui/experiments/wasm-gui/toolchain/clang-wasi-wrap.sh -c --target=wasm32-wasip1-threads --sysroot=/home/nathan/secure-exec/registry/native/c/vendor/wasi-sdk/share/wasi-sysroot -O2 -pthread -matomics -mbulk-memory -DSECURE_EXEC_WASM_THREADS -D_WASI_EMULATED_SIGNAL -D_WASI_EMULATED_MMAN -D_WASI_EMULATED_PROCESS_CLOCKS -D_GNU_SOURCE -mllvm -wasm-enable-sjlj -Wno-error=implicit-function-declaration -Wno-error=int-conversion -Wno-int-conversion -I/home/nathan/secure-exec-wasmgui/experiments/wasm-gui/toolchain/compat-include -include /home/nathan/secure-exec-wasmgui/experiments/wasm-gui/toolchain/wasi-compat.h -I/home/nathan/secure-exec-wasmgui/experiments/wasm-gui/third_party/wasm-prefix-threads/include -Wcast-align --target=wasm32-wasip1-threads --sysroot=/home/nathan/secure-exec/registry/native/c/vendor/wasi-sdk/share/wasi-sysroot -I/home/nathan/secure-exec-wasmgui/experiments/wasm-gui/third_party/wasm-prefix-threads/include -I/home/nathan/secure-exec-wasmgui/experiments/wasm-gui/toolchain/compat-include -include /home/nathan/secure-exec-wasmgui/experiments/wasm-gui/toolchain/wasi-compat.h -DNDEBUG -DG_DISABLE_CAST_CHECKS -DG_DISABLE_ASSERT conftest.c >&5
configure:16785: $? = 0
configure:16793: result: yes
configure:16777: checking if /home/nathan/secure-exec-wasmgui/experiments/wasm-gui/toolchain/clang-wasi-wrap.sh supports -Wformat
configure:16785: /home/nathan/secure-exec-wasmgui/experiments/wasm-gui/toolchain/clang-wasi-wrap.sh -c --target=wasm32-wasip1-threads --sysroot=/home/nathan/secure-exec/registry/native/c/vendor/wasi-sdk/share/wasi-sysroot -O2 -pthread -matomics -mbulk-memory -DSECURE_EXEC_WASM_THREADS -D_WASI_EMULATED_SIGNAL -D_WASI_EMULATED_MMAN -D_WASI_EMULATED_PROCESS_CLOCKS -D_GNU_SOURCE -mllvm -wasm-enable-sjlj -Wno-error=implicit-function-declaration -Wno-error=int-conversion -Wno-int-conversion -I/home/nathan/secure-exec-wasmgui/experiments/wasm-gui/toolchain/compat-include -include /home/nathan/secure-exec-wasmgui/experiments/wasm-gui/toolchain/wasi-compat.h -I/home/nathan/secure-exec-wasmgui/experiments/wasm-gui/third_party/wasm-prefix-threads/include -Wformat --target=wasm32-wasip1-threads --sysroot=/home/nathan/secure-exec/registry/native/c/vendor/wasi-sdk/share/wasi-sysroot -I/home/nathan/secure-exec-wasmgui/experiments/wasm-gui/third_party/wasm-prefix-threads/include -I/home/nathan/secure-exec-wasmgui/experiments/wasm-gui/toolchain/compat-include -include /home/nathan/secure-exec-wasmgui/experiments/wasm-gui/toolchain/wasi-compat.h -DNDEBUG -DG_DISABLE_CAST_CHECKS -DG_DISABLE_ASSERT conftest.c >&5
configure:16785: $? = 0
configure:16793: result: yes
configure:16777: checking if /home/nathan/secure-exec-wasmgui/experiments/wasm-gui/toolchain/clang-wasi-wrap.sh supports -Wformat-security
configure:16785: /home/nathan/secure-exec-wasmgui/experiments/wasm-gui/toolchain/clang-wasi-wrap.sh -c --target=wasm32-wasip1-threads --sysroot=/home/nathan/secure-exec/registry/native/c/vendor/wasi-sdk/share/wasi-sysroot -O2 -pthread -matomics -mbulk-memory -DSECURE_EXEC_WASM_THREADS -D_WASI_EMULATED_SIGNAL -D_WASI_EMULATED_MMAN -D_WASI_EMULATED_PROCESS_CLOCKS -D_GNU_SOURCE -mllvm -wasm-enable-sjlj -Wno-error=implicit-function-declaration -Wno-error=int-conversion -Wno-int-conversion -I/home/nathan/secure-exec-wasmgui/experiments/wasm-gui/toolchain/compat-include -include /home/nathan/secure-exec-wasmgui/experiments/wasm-gui/toolchain/wasi-compat.h -I/home/nathan/secure-exec-wasmgui/experiments/wasm-gui/third_party/wasm-prefix-threads/include -Wformat-security --target=wasm32-wasip1-threads --sysroot=/home/nathan/secure-exec/registry/native/c/vendor/wasi-sdk/share/wasi-sysroot -I/home/nathan/secure-exec-wasmgui/experiments/wasm-gui/third_party/wasm-prefix-threads/include -I/home/nathan/secure-exec-wasmgui/experiments/wasm-gui/toolchain/compat-include -include /home/nathan/secure-exec-wasmgui/experiments/wasm-gui/toolchain/wasi-compat.h -DNDEBUG -DG_DISABLE_CAST_CHECKS -DG_DISABLE_ASSERT conftest.c >&5
configure:16785: $? = 0
configure:16793: result: yes
configure:16777: checking if /home/nathan/secure-exec-wasmgui/experiments/wasm-gui/toolchain/clang-wasi-wrap.sh supports -Wformat-y2k
configure:16785: /home/nathan/secure-exec-wasmgui/experiments/wasm-gui/toolchain/clang-wasi-wrap.sh -c --target=wasm32-wasip1-threads --sysroot=/home/nathan/secure-exec/registry/native/c/vendor/wasi-sdk/share/wasi-sysroot -O2 -pthread -matomics -mbulk-memory -DSECURE_EXEC_WASM_THREADS -D_WASI_EMULATED_SIGNAL -D_WASI_EMULATED_MMAN -D_WASI_EMULATED_PROCESS_CLOCKS -D_GNU_SOURCE -mllvm -wasm-enable-sjlj -Wno-error=implicit-function-declaration -Wno-error=int-conversion -Wno-int-conversion -I/home/nathan/secure-exec-wasmgui/experiments/wasm-gui/toolchain/compat-include -include /home/nathan/secure-exec-wasmgui/experiments/wasm-gui/toolchain/wasi-compat.h -I/home/nathan/secure-exec-wasmgui/experiments/wasm-gui/third_party/wasm-prefix-threads/include -Wformat-y2k --target=wasm32-wasip1-threads --sysroot=/home/nathan/secure-exec/registry/native/c/vendor/wasi-sdk/share/wasi-sysroot -I/home/nathan/secure-exec-wasmgui/experiments/wasm-gui/third_party/wasm-prefix-threads/include -I/home/nathan/secure-exec-wasmgui/experiments/wasm-gui/toolchain/compat-include -include /home/nathan/secure-exec-wasmgui/experiments/wasm-gui/toolchain/wasi-compat.h -DNDEBUG -DG_DISABLE_CAST_CHECKS -DG_DISABLE_ASSERT conftest.c >&5
configure:16785: $? = 0
configure:16793: result: yes
configure:16777: checking if /home/nathan/secure-exec-wasmgui/experiments/wasm-gui/toolchain/clang-wasi-wrap.sh supports -Winit-self
configure:16785: /home/nathan/secure-exec-wasmgui/experiments/wasm-gui/toolchain/clang-wasi-wrap.sh -c --target=wasm32-wasip1-threads --sysroot=/home/nathan/secure-exec/registry/native/c/vendor/wasi-sdk/share/wasi-sysroot -O2 -pthread -matomics -mbulk-memory -DSECURE_EXEC_WASM_THREADS -D_WASI_EMULATED_SIGNAL -D_WASI_EMULATED_MMAN -D_WASI_EMULATED_PROCESS_CLOCKS -D_GNU_SOURCE -mllvm -wasm-enable-sjlj -Wno-error=implicit-function-declaration -Wno-error=int-conversion -Wno-int-conversion -I/home/nathan/secure-exec-wasmgui/experiments/wasm-gui/toolchain/compat-include -include /home/nathan/secure-exec-wasmgui/experiments/wasm-gui/toolchain/wasi-compat.h -I/home/nathan/secure-exec-wasmgui/experiments/wasm-gui/third_party/wasm-prefix-threads/include -Winit-self --target=wasm32-wasip1-threads --sysroot=/home/nathan/secure-exec/registry/native/c/vendor/wasi-sdk/share/wasi-sysroot -I/home/nathan/secure-exec-wasmgui/experiments/wasm-gui/third_party/wasm-prefix-threads/include -I/home/nathan/secure-exec-wasmgui/experiments/wasm-gui/toolchain/compat-include -include /home/nathan/secure-exec-wasmgui/experiments/wasm-gui/toolchain/wasi-compat.h -DNDEBUG -DG_DISABLE_CAST_CHECKS -DG_DISABLE_ASSERT conftest.c >&5
configure:16785: $? = 0
configure:16793: result: yes
configure:16777: checking if /home/nathan/secure-exec-wasmgui/experiments/wasm-gui/toolchain/clang-wasi-wrap.sh supports -Wmissing-include-dirs
configure:16785: /home/nathan/secure-exec-wasmgui/experiments/wasm-gui/toolchain/clang-wasi-wrap.sh -c --target=wasm32-wasip1-threads --sysroot=/home/nathan/secure-exec/registry/native/c/vendor/wasi-sdk/share/wasi-sysroot -O2 -pthread -matomics -mbulk-memory -DSECURE_EXEC_WASM_THREADS -D_WASI_EMULATED_SIGNAL -D_WASI_EMULATED_MMAN -D_WASI_EMULATED_PROCESS_CLOCKS -D_GNU_SOURCE -mllvm -wasm-enable-sjlj -Wno-error=implicit-function-declaration -Wno-error=int-conversion -Wno-int-conversion -I/home/nathan/secure-exec-wasmgui/experiments/wasm-gui/toolchain/compat-include -include /home/nathan/secure-exec-wasmgui/experiments/wasm-gui/toolchain/wasi-compat.h -I/home/nathan/secure-exec-wasmgui/experiments/wasm-gui/third_party/wasm-prefix-threads/include -Wmissing-include-dirs --target=wasm32-wasip1-threads --sysroot=/home/nathan/secure-exec/registry/native/c/vendor/wasi-sdk/share/wasi-sysroot -I/home/nathan/secure-exec-wasmgui/experiments/wasm-gui/third_party/wasm-prefix-threads/include -I/home/nathan/secure-exec-wasmgui/experiments/wasm-gui/toolchain/compat-include -include /home/nathan/secure-exec-wasmgui/experiments/wasm-gui/toolchain/wasi-compat.h -DNDEBUG -DG_DISABLE_CAST_CHECKS -DG_DISABLE_ASSERT conftest.c >&5
configure:16785: $? = 0
configure:16793: result: yes
configure:16777: checking if /home/nathan/secure-exec-wasmgui/experiments/wasm-gui/toolchain/clang-wasi-wrap.sh supports -Wundef
configure:16785: /home/nathan/secure-exec-wasmgui/experiments/wasm-gui/toolchain/clang-wasi-wrap.sh -c --target=wasm32-wasip1-threads --sysroot=/home/nathan/secure-exec/registry/native/c/vendor/wasi-sdk/share/wasi-sysroot -O2 -pthread -matomics -mbulk-memory -DSECURE_EXEC_WASM_THREADS -D_WASI_EMULATED_SIGNAL -D_WASI_EMULATED_MMAN -D_WASI_EMULATED_PROCESS_CLOCKS -D_GNU_SOURCE -mllvm -wasm-enable-sjlj -Wno-error=implicit-function-declaration -Wno-error=int-conversion -Wno-int-conversion -I/home/nathan/secure-exec-wasmgui/experiments/wasm-gui/toolchain/compat-include -include /home/nathan/secure-exec-wasmgui/experiments/wasm-gui/toolchain/wasi-compat.h -I/home/nathan/secure-exec-wasmgui/experiments/wasm-gui/third_party/wasm-prefix-threads/include -Wundef --target=wasm32-wasip1-threads --sysroot=/home/nathan/secure-exec/registry/native/c/vendor/wasi-sdk/share/wasi-sysroot -I/home/nathan/secure-exec-wasmgui/experiments/wasm-gui/third_party/wasm-prefix-threads/include -I/home/nathan/secure-exec-wasmgui/experiments/wasm-gui/toolchain/compat-include -include /home/nathan/secure-exec-wasmgui/experiments/wasm-gui/toolchain/wasi-compat.h -DNDEBUG -DG_DISABLE_CAST_CHECKS -DG_DISABLE_ASSERT conftest.c >&5
configure:16785: $? = 0
configure:16793: result: yes
configure:16777: checking if /home/nathan/secure-exec-wasmgui/experiments/wasm-gui/toolchain/clang-wasi-wrap.sh supports -Wredundant-decls
configure:16785: /home/nathan/secure-exec-wasmgui/experiments/wasm-gui/toolchain/clang-wasi-wrap.sh -c --target=wasm32-wasip1-threads --sysroot=/home/nathan/secure-exec/registry/native/c/vendor/wasi-sdk/share/wasi-sysroot -O2 -pthread -matomics -mbulk-memory -DSECURE_EXEC_WASM_THREADS -D_WASI_EMULATED_SIGNAL -D_WASI_EMULATED_MMAN -D_WASI_EMULATED_PROCESS_CLOCKS -D_GNU_SOURCE -mllvm -wasm-enable-sjlj -Wno-error=implicit-function-declaration -Wno-error=int-conversion -Wno-int-conversion -I/home/nathan/secure-exec-wasmgui/experiments/wasm-gui/toolchain/compat-include -include /home/nathan/secure-exec-wasmgui/experiments/wasm-gui/toolchain/wasi-compat.h -I/home/nathan/secure-exec-wasmgui/experiments/wasm-gui/third_party/wasm-prefix-threads/include -Wredundant-decls --target=wasm32-wasip1-threads --sysroot=/home/nathan/secure-exec/registry/native/c/vendor/wasi-sdk/share/wasi-sysroot -I/home/nathan/secure-exec-wasmgui/experiments/wasm-gui/third_party/wasm-prefix-threads/include -I/home/nathan/secure-exec-wasmgui/experiments/wasm-gui/toolchain/compat-include -include /home/nathan/secure-exec-wasmgui/experiments/wasm-gui/toolchain/wasi-compat.h -DNDEBUG -DG_DISABLE_CAST_CHECKS -DG_DISABLE_ASSERT conftest.c >&5
configure:16785: $? = 0
configure:16793: result: yes
configure:16777: checking if /home/nathan/secure-exec-wasmgui/experiments/wasm-gui/toolchain/clang-wasi-wrap.sh supports -Wshadow
configure:16785: /home/nathan/secure-exec-wasmgui/experiments/wasm-gui/toolchain/clang-wasi-wrap.sh -c --target=wasm32-wasip1-threads --sysroot=/home/nathan/secure-exec/registry/native/c/vendor/wasi-sdk/share/wasi-sysroot -O2 -pthread -matomics -mbulk-memory -DSECURE_EXEC_WASM_THREADS -D_WASI_EMULATED_SIGNAL -D_WASI_EMULATED_MMAN -D_WASI_EMULATED_PROCESS_CLOCKS -D_GNU_SOURCE -mllvm -wasm-enable-sjlj -Wno-error=implicit-function-declaration -Wno-error=int-conversion -Wno-int-conversion -I/home/nathan/secure-exec-wasmgui/experiments/wasm-gui/toolchain/compat-include -include /home/nathan/secure-exec-wasmgui/experiments/wasm-gui/toolchain/wasi-compat.h -I/home/nathan/secure-exec-wasmgui/experiments/wasm-gui/third_party/wasm-prefix-threads/include -Wshadow --target=wasm32-wasip1-threads --sysroot=/home/nathan/secure-exec/registry/native/c/vendor/wasi-sdk/share/wasi-sysroot -I/home/nathan/secure-exec-wasmgui/experiments/wasm-gui/third_party/wasm-prefix-threads/include -I/home/nathan/secure-exec-wasmgui/experiments/wasm-gui/toolchain/compat-include -include /home/nathan/secure-exec-wasmgui/experiments/wasm-gui/toolchain/wasi-compat.h -DNDEBUG -DG_DISABLE_CAST_CHECKS -DG_DISABLE_ASSERT conftest.c >&5
configure:16785: $? = 0
configure:16793: result: yes
configure:16777: checking if /home/nathan/secure-exec-wasmgui/experiments/wasm-gui/toolchain/clang-wasi-wrap.sh supports -Wnested-externs
configure:16785: /home/nathan/secure-exec-wasmgui/experiments/wasm-gui/toolchain/clang-wasi-wrap.sh -c --target=wasm32-wasip1-threads --sysroot=/home/nathan/secure-exec/registry/native/c/vendor/wasi-sdk/share/wasi-sysroot -O2 -pthread -matomics -mbulk-memory -DSECURE_EXEC_WASM_THREADS -D_WASI_EMULATED_SIGNAL -D_WASI_EMULATED_MMAN -D_WASI_EMULATED_PROCESS_CLOCKS -D_GNU_SOURCE -mllvm -wasm-enable-sjlj -Wno-error=implicit-function-declaration -Wno-error=int-conversion -Wno-int-conversion -I/home/nathan/secure-exec-wasmgui/experiments/wasm-gui/toolchain/compat-include -include /home/nathan/secure-exec-wasmgui/experiments/wasm-gui/toolchain/wasi-compat.h -I/home/nathan/secure-exec-wasmgui/experiments/wasm-gui/third_party/wasm-prefix-threads/include -Wnested-externs --target=wasm32-wasip1-threads --sysroot=/home/nathan/secure-exec/registry/native/c/vendor/wasi-sdk/share/wasi-sysroot -I/home/nathan/secure-exec-wasmgui/experiments/wasm-gui/third_party/wasm-prefix-threads/include -I/home/nathan/secure-exec-wasmgui/experiments/wasm-gui/toolchain/compat-include -include /home/nathan/secure-exec-wasmgui/experiments/wasm-gui/toolchain/wasi-compat.h -DNDEBUG -DG_DISABLE_CAST_CHECKS -DG_DISABLE_ASSERT conftest.c >&5
configure:16785: $? = 0
configure:16793: result: yes
configure:16777: checking if /home/nathan/secure-exec-wasmgui/experiments/wasm-gui/toolchain/clang-wasi-wrap.sh supports -Wold-style-definition
configure:16785: /home/nathan/secure-exec-wasmgui/experiments/wasm-gui/toolchain/clang-wasi-wrap.sh -c --target=wasm32-wasip1-threads --sysroot=/home/nathan/secure-exec/registry/native/c/vendor/wasi-sdk/share/wasi-sysroot -O2 -pthread -matomics -mbulk-memory -DSECURE_EXEC_WASM_THREADS -D_WASI_EMULATED_SIGNAL -D_WASI_EMULATED_MMAN -D_WASI_EMULATED_PROCESS_CLOCKS -D_GNU_SOURCE -mllvm -wasm-enable-sjlj -Wno-error=implicit-function-declaration -Wno-error=int-conversion -Wno-int-conversion -I/home/nathan/secure-exec-wasmgui/experiments/wasm-gui/toolchain/compat-include -include /home/nathan/secure-exec-wasmgui/experiments/wasm-gui/toolchain/wasi-compat.h -I/home/nathan/secure-exec-wasmgui/experiments/wasm-gui/third_party/wasm-prefix-threads/include -Wold-style-definition --target=wasm32-wasip1-threads --sysroot=/home/nathan/secure-exec/registry/native/c/vendor/wasi-sdk/share/wasi-sysroot -I/home/nathan/secure-exec-wasmgui/experiments/wasm-gui/third_party/wasm-prefix-threads/include -I/home/nathan/secure-exec-wasmgui/experiments/wasm-gui/toolchain/compat-include -include /home/nathan/secure-exec-wasmgui/experiments/wasm-gui/toolchain/wasi-compat.h -DNDEBUG -DG_DISABLE_CAST_CHECKS -DG_DISABLE_ASSERT conftest.c >&5
configure:16785: $? = 0
configure:16793: result: yes
configure:16803: checking if /home/nathan/secure-exec-wasmgui/experiments/wasm-gui/toolchain/clang-wasi-wrap.sh supports -Wall
configure:16811: /home/nathan/secure-exec-wasmgui/experiments/wasm-gui/toolchain/clang-wasi-wrap.sh -c --target=wasm32-wasip1-threads --sysroot=/home/nathan/secure-exec/registry/native/c/vendor/wasi-sdk/share/wasi-sysroot -O2 -pthread -matomics -mbulk-memory -DSECURE_EXEC_WASM_THREADS -D_WASI_EMULATED_SIGNAL -D_WASI_EMULATED_MMAN -D_WASI_EMULATED_PROCESS_CLOCKS -D_GNU_SOURCE -mllvm -wasm-enable-sjlj -Wno-error=implicit-function-declaration -Wno-error=int-conversion -Wno-int-conversion -I/home/nathan/secure-exec-wasmgui/experiments/wasm-gui/toolchain/compat-include -include /home/nathan/secure-exec-wasmgui/experiments/wasm-gui/toolchain/wasi-compat.h -I/home/nathan/secure-exec-wasmgui/experiments/wasm-gui/third_party/wasm-prefix-threads/include -Wall --target=wasm32-wasip1-threads --sysroot=/home/nathan/secure-exec/registry/native/c/vendor/wasi-sdk/share/wasi-sysroot -I/home/nathan/secure-exec-wasmgui/experiments/wasm-gui/third_party/wasm-prefix-threads/include -I/home/nathan/secure-exec-wasmgui/experiments/wasm-gui/toolchain/compat-include -include /home/nathan/secure-exec-wasmgui/experiments/wasm-gui/toolchain/wasi-compat.h -DNDEBUG -DG_DISABLE_CAST_CHECKS -DG_DISABLE_ASSERT conftest.c >&5
configure:16811: $? = 0
configure:16819: result: yes
configure:16803: checking if /home/nathan/secure-exec-wasmgui/experiments/wasm-gui/toolchain/clang-wasi-wrap.sh supports -Wextra
configure:16811: /home/nathan/secure-exec-wasmgui/experiments/wasm-gui/toolchain/clang-wasi-wrap.sh -c --target=wasm32-wasip1-threads --sysroot=/home/nathan/secure-exec/registry/native/c/vendor/wasi-sdk/share/wasi-sysroot -O2 -pthread -matomics -mbulk-memory -DSECURE_EXEC_WASM_THREADS -D_WASI_EMULATED_SIGNAL -D_WASI_EMULATED_MMAN -D_WASI_EMULATED_PROCESS_CLOCKS -D_GNU_SOURCE -mllvm -wasm-enable-sjlj -Wno-error=implicit-function-declaration -Wno-error=int-conversion -Wno-int-conversion -I/home/nathan/secure-exec-wasmgui/experiments/wasm-gui/toolchain/compat-include -include /home/nathan/secure-exec-wasmgui/experiments/wasm-gui/toolchain/wasi-compat.h -I/home/nathan/secure-exec-wasmgui/experiments/wasm-gui/third_party/wasm-prefix-threads/include -Wextra --target=wasm32-wasip1-threads --sysroot=/home/nathan/secure-exec/registry/native/c/vendor/wasi-sdk/share/wasi-sysroot -I/home/nathan/secure-exec-wasmgui/experiments/wasm-gui/third_party/wasm-prefix-threads/include -I/home/nathan/secure-exec-wasmgui/experiments/wasm-gui/toolchain/compat-include -include /home/nathan/secure-exec-wasmgui/experiments/wasm-gui/toolchain/wasi-compat.h -DNDEBUG -DG_DISABLE_CAST_CHECKS -DG_DISABLE_ASSERT conftest.c >&5
configure:16811: $? = 0
configure:16819: result: yes
configure:16803: checking if /home/nathan/secure-exec-wasmgui/experiments/wasm-gui/toolchain/clang-wasi-wrap.sh supports -Wno-missing-field-initializers
configure:16811: /home/nathan/secure-exec-wasmgui/experiments/wasm-gui/toolchain/clang-wasi-wrap.sh -c --target=wasm32-wasip1-threads --sysroot=/home/nathan/secure-exec/registry/native/c/vendor/wasi-sdk/share/wasi-sysroot -O2 -pthread -matomics -mbulk-memory -DSECURE_EXEC_WASM_THREADS -D_WASI_EMULATED_SIGNAL -D_WASI_EMULATED_MMAN -D_WASI_EMULATED_PROCESS_CLOCKS -D_GNU_SOURCE -mllvm -wasm-enable-sjlj -Wno-error=implicit-function-declaration -Wno-error=int-conversion -Wno-int-conversion -I/home/nathan/secure-exec-wasmgui/experiments/wasm-gui/toolchain/compat-include -include /home/nathan/secure-exec-wasmgui/experiments/wasm-gui/toolchain/wasi-compat.h -I/home/nathan/secure-exec-wasmgui/experiments/wasm-gui/third_party/wasm-prefix-threads/include -Wno-missing-field-initializers --target=wasm32-wasip1-threads --sysroot=/home/nathan/secure-exec/registry/native/c/vendor/wasi-sdk/share/wasi-sysroot -I/home/nathan/secure-exec-wasmgui/experiments/wasm-gui/third_party/wasm-prefix-threads/include -I/home/nathan/secure-exec-wasmgui/experiments/wasm-gui/toolchain/compat-include -include /home/nathan/secure-exec-wasmgui/experiments/wasm-gui/toolchain/wasi-compat.h -DNDEBUG -DG_DISABLE_CAST_CHECKS -DG_DISABLE_ASSERT conftest.c >&5
configure:16811: $? = 0
configure:16819: result: yes
configure:16803: checking if /home/nathan/secure-exec-wasmgui/experiments/wasm-gui/toolchain/clang-wasi-wrap.sh supports -Wno-unused-parameter
configure:16811: /home/nathan/secure-exec-wasmgui/experiments/wasm-gui/toolchain/clang-wasi-wrap.sh -c --target=wasm32-wasip1-threads --sysroot=/home/nathan/secure-exec/registry/native/c/vendor/wasi-sdk/share/wasi-sysroot -O2 -pthread -matomics -mbulk-memory -DSECURE_EXEC_WASM_THREADS -D_WASI_EMULATED_SIGNAL -D_WASI_EMULATED_MMAN -D_WASI_EMULATED_PROCESS_CLOCKS -D_GNU_SOURCE -mllvm -wasm-enable-sjlj -Wno-error=implicit-function-declaration -Wno-error=int-conversion -Wno-int-conversion -I/home/nathan/secure-exec-wasmgui/experiments/wasm-gui/toolchain/compat-include -include /home/nathan/secure-exec-wasmgui/experiments/wasm-gui/toolchain/wasi-compat.h -I/home/nathan/secure-exec-wasmgui/experiments/wasm-gui/third_party/wasm-prefix-threads/include -Wno-unused-parameter --target=wasm32-wasip1-threads --sysroot=/home/nathan/secure-exec/registry/native/c/vendor/wasi-sdk/share/wasi-sysroot -I/home/nathan/secure-exec-wasmgui/experiments/wasm-gui/third_party/wasm-prefix-threads/include -I/home/nathan/secure-exec-wasmgui/experiments/wasm-gui/toolchain/compat-include -include /home/nathan/secure-exec-wasmgui/experiments/wasm-gui/toolchain/wasi-compat.h -DNDEBUG -DG_DISABLE_CAST_CHECKS -DG_DISABLE_ASSERT conftest.c >&5
configure:16811: $? = 0
configure:16819: result: yes
configure:16803: checking if /home/nathan/secure-exec-wasmgui/experiments/wasm-gui/toolchain/clang-wasi-wrap.sh supports -Wmissing-declarations
configure:16811: /home/nathan/secure-exec-wasmgui/experiments/wasm-gui/toolchain/clang-wasi-wrap.sh -c --target=wasm32-wasip1-threads --sysroot=/home/nathan/secure-exec/registry/native/c/vendor/wasi-sdk/share/wasi-sysroot -O2 -pthread -matomics -mbulk-memory -DSECURE_EXEC_WASM_THREADS -D_WASI_EMULATED_SIGNAL -D_WASI_EMULATED_MMAN -D_WASI_EMULATED_PROCESS_CLOCKS -D_GNU_SOURCE -mllvm -wasm-enable-sjlj -Wno-error=implicit-function-declaration -Wno-error=int-conversion -Wno-int-conversion -I/home/nathan/secure-exec-wasmgui/experiments/wasm-gui/toolchain/compat-include -include /home/nathan/secure-exec-wasmgui/experiments/wasm-gui/toolchain/wasi-compat.h -I/home/nathan/secure-exec-wasmgui/experiments/wasm-gui/third_party/wasm-prefix-threads/include -Wmissing-declarations --target=wasm32-wasip1-threads --sysroot=/home/nathan/secure-exec/registry/native/c/vendor/wasi-sdk/share/wasi-sysroot -I/home/nathan/secure-exec-wasmgui/experiments/wasm-gui/third_party/wasm-prefix-threads/include -I/home/nathan/secure-exec-wasmgui/experiments/wasm-gui/toolchain/compat-include -include /home/nathan/secure-exec-wasmgui/experiments/wasm-gui/toolchain/wasi-compat.h -DNDEBUG -DG_DISABLE_CAST_CHECKS -DG_DISABLE_ASSERT conftest.c >&5
configure:16811: $? = 0
configure:16819: result: yes
configure:16803: checking if /home/nathan/secure-exec-wasmgui/experiments/wasm-gui/toolchain/clang-wasi-wrap.sh supports -Wmissing-noreturn
configure:16811: /home/nathan/secure-exec-wasmgui/experiments/wasm-gui/toolchain/clang-wasi-wrap.sh -c --target=wasm32-wasip1-threads --sysroot=/home/nathan/secure-exec/registry/native/c/vendor/wasi-sdk/share/wasi-sysroot -O2 -pthread -matomics -mbulk-memory -DSECURE_EXEC_WASM_THREADS -D_WASI_EMULATED_SIGNAL -D_WASI_EMULATED_MMAN -D_WASI_EMULATED_PROCESS_CLOCKS -D_GNU_SOURCE -mllvm -wasm-enable-sjlj -Wno-error=implicit-function-declaration -Wno-error=int-conversion -Wno-int-conversion -I/home/nathan/secure-exec-wasmgui/experiments/wasm-gui/toolchain/compat-include -include /home/nathan/secure-exec-wasmgui/experiments/wasm-gui/toolchain/wasi-compat.h -I/home/nathan/secure-exec-wasmgui/experiments/wasm-gui/third_party/wasm-prefix-threads/include -Wmissing-noreturn --target=wasm32-wasip1-threads --sysroot=/home/nathan/secure-exec/registry/native/c/vendor/wasi-sdk/share/wasi-sysroot -I/home/nathan/secure-exec-wasmgui/experiments/wasm-gui/third_party/wasm-prefix-threads/include -I/home/nathan/secure-exec-wasmgui/experiments/wasm-gui/toolchain/compat-include -include /home/nathan/secure-exec-wasmgui/experiments/wasm-gui/toolchain/wasi-compat.h -DNDEBUG -DG_DISABLE_CAST_CHECKS -DG_DISABLE_ASSERT conftest.c >&5
configure:16811: $? = 0
configure:16819: result: yes
configure:16803: checking if /home/nathan/secure-exec-wasmgui/experiments/wasm-gui/toolchain/clang-wasi-wrap.sh supports -Wpointer-arith
configure:16811: /home/nathan/secure-exec-wasmgui/experiments/wasm-gui/toolchain/clang-wasi-wrap.sh -c --target=wasm32-wasip1-threads --sysroot=/home/nathan/secure-exec/registry/native/c/vendor/wasi-sdk/share/wasi-sysroot -O2 -pthread -matomics -mbulk-memory -DSECURE_EXEC_WASM_THREADS -D_WASI_EMULATED_SIGNAL -D_WASI_EMULATED_MMAN -D_WASI_EMULATED_PROCESS_CLOCKS -D_GNU_SOURCE -mllvm -wasm-enable-sjlj -Wno-error=implicit-function-declaration -Wno-error=int-conversion -Wno-int-conversion -I/home/nathan/secure-exec-wasmgui/experiments/wasm-gui/toolchain/compat-include -include /home/nathan/secure-exec-wasmgui/experiments/wasm-gui/toolchain/wasi-compat.h -I/home/nathan/secure-exec-wasmgui/experiments/wasm-gui/third_party/wasm-prefix-threads/include -Wpointer-arith --target=wasm32-wasip1-threads --sysroot=/home/nathan/secure-exec/registry/native/c/vendor/wasi-sdk/share/wasi-sysroot -I/home/nathan/secure-exec-wasmgui/experiments/wasm-gui/third_party/wasm-prefix-threads/include -I/home/nathan/secure-exec-wasmgui/experiments/wasm-gui/toolchain/compat-include -include /home/nathan/secure-exec-wasmgui/experiments/wasm-gui/toolchain/wasi-compat.h -DNDEBUG -DG_DISABLE_CAST_CHECKS -DG_DISABLE_ASSERT conftest.c >&5
configure:16811: $? = 0
configure:16819: result: yes
configure:16803: checking if /home/nathan/secure-exec-wasmgui/experiments/wasm-gui/toolchain/clang-wasi-wrap.sh supports -Wcast-align
configure:16811: /home/nathan/secure-exec-wasmgui/experiments/wasm-gui/toolchain/clang-wasi-wrap.sh -c --target=wasm32-wasip1-threads --sysroot=/home/nathan/secure-exec/registry/native/c/vendor/wasi-sdk/share/wasi-sysroot -O2 -pthread -matomics -mbulk-memory -DSECURE_EXEC_WASM_THREADS -D_WASI_EMULATED_SIGNAL -D_WASI_EMULATED_MMAN -D_WASI_EMULATED_PROCESS_CLOCKS -D_GNU_SOURCE -mllvm -wasm-enable-sjlj -Wno-error=implicit-function-declaration -Wno-error=int-conversion -Wno-int-conversion -I/home/nathan/secure-exec-wasmgui/experiments/wasm-gui/toolchain/compat-include -include /home/nathan/secure-exec-wasmgui/experiments/wasm-gui/toolchain/wasi-compat.h -I/home/nathan/secure-exec-wasmgui/experiments/wasm-gui/third_party/wasm-prefix-threads/include -Wcast-align --target=wasm32-wasip1-threads --sysroot=/home/nathan/secure-exec/registry/native/c/vendor/wasi-sdk/share/wasi-sysroot -I/home/nathan/secure-exec-wasmgui/experiments/wasm-gui/third_party/wasm-prefix-threads/include -I/home/nathan/secure-exec-wasmgui/experiments/wasm-gui/toolchain/compat-include -include /home/nathan/secure-exec-wasmgui/experiments/wasm-gui/toolchain/wasi-compat.h -DNDEBUG -DG_DISABLE_CAST_CHECKS -DG_DISABLE_ASSERT conftest.c >&5
configure:16811: $? = 0
configure:16819: result: yes
configure:16803: checking if /home/nathan/secure-exec-wasmgui/experiments/wasm-gui/toolchain/clang-wasi-wrap.sh supports -Wformat
configure:16811: /home/nathan/secure-exec-wasmgui/experiments/wasm-gui/toolchain/clang-wasi-wrap.sh -c --target=wasm32-wasip1-threads --sysroot=/home/nathan/secure-exec/registry/native/c/vendor/wasi-sdk/share/wasi-sysroot -O2 -pthread -matomics -mbulk-memory -DSECURE_EXEC_WASM_THREADS -D_WASI_EMULATED_SIGNAL -D_WASI_EMULATED_MMAN -D_WASI_EMULATED_PROCESS_CLOCKS -D_GNU_SOURCE -mllvm -wasm-enable-sjlj -Wno-error=implicit-function-declaration -Wno-error=int-conversion -Wno-int-conversion -I/home/nathan/secure-exec-wasmgui/experiments/wasm-gui/toolchain/compat-include -include /home/nathan/secure-exec-wasmgui/experiments/wasm-gui/toolchain/wasi-compat.h -I/home/nathan/secure-exec-wasmgui/experiments/wasm-gui/third_party/wasm-prefix-threads/include -Wformat --target=wasm32-wasip1-threads --sysroot=/home/nathan/secure-exec/registry/native/c/vendor/wasi-sdk/share/wasi-sysroot -I/home/nathan/secure-exec-wasmgui/experiments/wasm-gui/third_party/wasm-prefix-threads/include -I/home/nathan/secure-exec-wasmgui/experiments/wasm-gui/toolchain/compat-include -include /home/nathan/secure-exec-wasmgui/experiments/wasm-gui/toolchain/wasi-compat.h -DNDEBUG -DG_DISABLE_CAST_CHECKS -DG_DISABLE_ASSERT conftest.c >&5
configure:16811: $? = 0
configure:16819: result: yes
configure:16803: checking if /home/nathan/secure-exec-wasmgui/experiments/wasm-gui/toolchain/clang-wasi-wrap.sh supports -Wformat-security
configure:16811: /home/nathan/secure-exec-wasmgui/experiments/wasm-gui/toolchain/clang-wasi-wrap.sh -c --target=wasm32-wasip1-threads --sysroot=/home/nathan/secure-exec/registry/native/c/vendor/wasi-sdk/share/wasi-sysroot -O2 -pthread -matomics -mbulk-memory -DSECURE_EXEC_WASM_THREADS -D_WASI_EMULATED_SIGNAL -D_WASI_EMULATED_MMAN -D_WASI_EMULATED_PROCESS_CLOCKS -D_GNU_SOURCE -mllvm -wasm-enable-sjlj -Wno-error=implicit-function-declaration -Wno-error=int-conversion -Wno-int-conversion -I/home/nathan/secure-exec-wasmgui/experiments/wasm-gui/toolchain/compat-include -include /home/nathan/secure-exec-wasmgui/experiments/wasm-gui/toolchain/wasi-compat.h -I/home/nathan/secure-exec-wasmgui/experiments/wasm-gui/third_party/wasm-prefix-threads/include -Wformat-security --target=wasm32-wasip1-threads --sysroot=/home/nathan/secure-exec/registry/native/c/vendor/wasi-sdk/share/wasi-sysroot -I/home/nathan/secure-exec-wasmgui/experiments/wasm-gui/third_party/wasm-prefix-threads/include -I/home/nathan/secure-exec-wasmgui/experiments/wasm-gui/toolchain/compat-include -include /home/nathan/secure-exec-wasmgui/experiments/wasm-gui/toolchain/wasi-compat.h -DNDEBUG -DG_DISABLE_CAST_CHECKS -DG_DISABLE_ASSERT conftest.c >&5
configure:16811: $? = 0
configure:16819: result: yes
configure:16803: checking if /home/nathan/secure-exec-wasmgui/experiments/wasm-gui/toolchain/clang-wasi-wrap.sh supports -Wformat-y2k
configure:16811: /home/nathan/secure-exec-wasmgui/experiments/wasm-gui/toolchain/clang-wasi-wrap.sh -c --target=wasm32-wasip1-threads --sysroot=/home/nathan/secure-exec/registry/native/c/vendor/wasi-sdk/share/wasi-sysroot -O2 -pthread -matomics -mbulk-memory -DSECURE_EXEC_WASM_THREADS -D_WASI_EMULATED_SIGNAL -D_WASI_EMULATED_MMAN -D_WASI_EMULATED_PROCESS_CLOCKS -D_GNU_SOURCE -mllvm -wasm-enable-sjlj -Wno-error=implicit-function-declaration -Wno-error=int-conversion -Wno-int-conversion -I/home/nathan/secure-exec-wasmgui/experiments/wasm-gui/toolchain/compat-include -include /home/nathan/secure-exec-wasmgui/experiments/wasm-gui/toolchain/wasi-compat.h -I/home/nathan/secure-exec-wasmgui/experiments/wasm-gui/third_party/wasm-prefix-threads/include -Wformat-y2k --target=wasm32-wasip1-threads --sysroot=/home/nathan/secure-exec/registry/native/c/vendor/wasi-sdk/share/wasi-sysroot -I/home/nathan/secure-exec-wasmgui/experiments/wasm-gui/third_party/wasm-prefix-threads/include -I/home/nathan/secure-exec-wasmgui/experiments/wasm-gui/toolchain/compat-include -include /home/nathan/secure-exec-wasmgui/experiments/wasm-gui/toolchain/wasi-compat.h -DNDEBUG -DG_DISABLE_CAST_CHECKS -DG_DISABLE_ASSERT conftest.c >&5
configure:16811: $? = 0
configure:16819: result: yes
configure:16803: checking if /home/nathan/secure-exec-wasmgui/experiments/wasm-gui/toolchain/clang-wasi-wrap.sh supports -Winit-self
configure:16811: /home/nathan/secure-exec-wasmgui/experiments/wasm-gui/toolchain/clang-wasi-wrap.sh -c --target=wasm32-wasip1-threads --sysroot=/home/nathan/secure-exec/registry/native/c/vendor/wasi-sdk/share/wasi-sysroot -O2 -pthread -matomics -mbulk-memory -DSECURE_EXEC_WASM_THREADS -D_WASI_EMULATED_SIGNAL -D_WASI_EMULATED_MMAN -D_WASI_EMULATED_PROCESS_CLOCKS -D_GNU_SOURCE -mllvm -wasm-enable-sjlj -Wno-error=implicit-function-declaration -Wno-error=int-conversion -Wno-int-conversion -I/home/nathan/secure-exec-wasmgui/experiments/wasm-gui/toolchain/compat-include -include /home/nathan/secure-exec-wasmgui/experiments/wasm-gui/toolchain/wasi-compat.h -I/home/nathan/secure-exec-wasmgui/experiments/wasm-gui/third_party/wasm-prefix-threads/include -Winit-self --target=wasm32-wasip1-threads --sysroot=/home/nathan/secure-exec/registry/native/c/vendor/wasi-sdk/share/wasi-sysroot -I/home/nathan/secure-exec-wasmgui/experiments/wasm-gui/third_party/wasm-prefix-threads/include -I/home/nathan/secure-exec-wasmgui/experiments/wasm-gui/toolchain/compat-include -include /home/nathan/secure-exec-wasmgui/experiments/wasm-gui/toolchain/wasi-compat.h -DNDEBUG -DG_DISABLE_CAST_CHECKS -DG_DISABLE_ASSERT conftest.c >&5
configure:16811: $? = 0
configure:16819: result: yes
configure:16803: checking if /home/nathan/secure-exec-wasmgui/experiments/wasm-gui/toolchain/clang-wasi-wrap.sh supports -Wmissing-include-dirs
configure:16811: /home/nathan/secure-exec-wasmgui/experiments/wasm-gui/toolchain/clang-wasi-wrap.sh -c --target=wasm32-wasip1-threads --sysroot=/home/nathan/secure-exec/registry/native/c/vendor/wasi-sdk/share/wasi-sysroot -O2 -pthread -matomics -mbulk-memory -DSECURE_EXEC_WASM_THREADS -D_WASI_EMULATED_SIGNAL -D_WASI_EMULATED_MMAN -D_WASI_EMULATED_PROCESS_CLOCKS -D_GNU_SOURCE -mllvm -wasm-enable-sjlj -Wno-error=implicit-function-declaration -Wno-error=int-conversion -Wno-int-conversion -I/home/nathan/secure-exec-wasmgui/experiments/wasm-gui/toolchain/compat-include -include /home/nathan/secure-exec-wasmgui/experiments/wasm-gui/toolchain/wasi-compat.h -I/home/nathan/secure-exec-wasmgui/experiments/wasm-gui/third_party/wasm-prefix-threads/include -Wmissing-include-dirs --target=wasm32-wasip1-threads --sysroot=/home/nathan/secure-exec/registry/native/c/vendor/wasi-sdk/share/wasi-sysroot -I/home/nathan/secure-exec-wasmgui/experiments/wasm-gui/third_party/wasm-prefix-threads/include -I/home/nathan/secure-exec-wasmgui/experiments/wasm-gui/toolchain/compat-include -include /home/nathan/secure-exec-wasmgui/experiments/wasm-gui/toolchain/wasi-compat.h -DNDEBUG -DG_DISABLE_CAST_CHECKS -DG_DISABLE_ASSERT conftest.c >&5
configure:16811: $? = 0
configure:16819: result: yes
configure:16803: checking if /home/nathan/secure-exec-wasmgui/experiments/wasm-gui/toolchain/clang-wasi-wrap.sh supports -Wundef
configure:16811: /home/nathan/secure-exec-wasmgui/experiments/wasm-gui/toolchain/clang-wasi-wrap.sh -c --target=wasm32-wasip1-threads --sysroot=/home/nathan/secure-exec/registry/native/c/vendor/wasi-sdk/share/wasi-sysroot -O2 -pthread -matomics -mbulk-memory -DSECURE_EXEC_WASM_THREADS -D_WASI_EMULATED_SIGNAL -D_WASI_EMULATED_MMAN -D_WASI_EMULATED_PROCESS_CLOCKS -D_GNU_SOURCE -mllvm -wasm-enable-sjlj -Wno-error=implicit-function-declaration -Wno-error=int-conversion -Wno-int-conversion -I/home/nathan/secure-exec-wasmgui/experiments/wasm-gui/toolchain/compat-include -include /home/nathan/secure-exec-wasmgui/experiments/wasm-gui/toolchain/wasi-compat.h -I/home/nathan/secure-exec-wasmgui/experiments/wasm-gui/third_party/wasm-prefix-threads/include -Wundef --target=wasm32-wasip1-threads --sysroot=/home/nathan/secure-exec/registry/native/c/vendor/wasi-sdk/share/wasi-sysroot -I/home/nathan/secure-exec-wasmgui/experiments/wasm-gui/third_party/wasm-prefix-threads/include -I/home/nathan/secure-exec-wasmgui/experiments/wasm-gui/toolchain/compat-include -include /home/nathan/secure-exec-wasmgui/experiments/wasm-gui/toolchain/wasi-compat.h -DNDEBUG -DG_DISABLE_CAST_CHECKS -DG_DISABLE_ASSERT conftest.c >&5
configure:16811: $? = 0
configure:16819: result: yes
configure:16803: checking if /home/nathan/secure-exec-wasmgui/experiments/wasm-gui/toolchain/clang-wasi-wrap.sh supports -Wredundant-decls
configure:16811: /home/nathan/secure-exec-wasmgui/experiments/wasm-gui/toolchain/clang-wasi-wrap.sh -c --target=wasm32-wasip1-threads --sysroot=/home/nathan/secure-exec/registry/native/c/vendor/wasi-sdk/share/wasi-sysroot -O2 -pthread -matomics -mbulk-memory -DSECURE_EXEC_WASM_THREADS -D_WASI_EMULATED_SIGNAL -D_WASI_EMULATED_MMAN -D_WASI_EMULATED_PROCESS_CLOCKS -D_GNU_SOURCE -mllvm -wasm-enable-sjlj -Wno-error=implicit-function-declaration -Wno-error=int-conversion -Wno-int-conversion -I/home/nathan/secure-exec-wasmgui/experiments/wasm-gui/toolchain/compat-include -include /home/nathan/secure-exec-wasmgui/experiments/wasm-gui/toolchain/wasi-compat.h -I/home/nathan/secure-exec-wasmgui/experiments/wasm-gui/third_party/wasm-prefix-threads/include -Wredundant-decls --target=wasm32-wasip1-threads --sysroot=/home/nathan/secure-exec/registry/native/c/vendor/wasi-sdk/share/wasi-sysroot -I/home/nathan/secure-exec-wasmgui/experiments/wasm-gui/third_party/wasm-prefix-threads/include -I/home/nathan/secure-exec-wasmgui/experiments/wasm-gui/toolchain/compat-include -include /home/nathan/secure-exec-wasmgui/experiments/wasm-gui/toolchain/wasi-compat.h -DNDEBUG -DG_DISABLE_CAST_CHECKS -DG_DISABLE_ASSERT conftest.c >&5
configure:16811: $? = 0
configure:16819: result: yes
configure:16803: checking if /home/nathan/secure-exec-wasmgui/experiments/wasm-gui/toolchain/clang-wasi-wrap.sh supports -Wshadow
configure:16811: /home/nathan/secure-exec-wasmgui/experiments/wasm-gui/toolchain/clang-wasi-wrap.sh -c --target=wasm32-wasip1-threads --sysroot=/home/nathan/secure-exec/registry/native/c/vendor/wasi-sdk/share/wasi-sysroot -O2 -pthread -matomics -mbulk-memory -DSECURE_EXEC_WASM_THREADS -D_WASI_EMULATED_SIGNAL -D_WASI_EMULATED_MMAN -D_WASI_EMULATED_PROCESS_CLOCKS -D_GNU_SOURCE -mllvm -wasm-enable-sjlj -Wno-error=implicit-function-declaration -Wno-error=int-conversion -Wno-int-conversion -I/home/nathan/secure-exec-wasmgui/experiments/wasm-gui/toolchain/compat-include -include /home/nathan/secure-exec-wasmgui/experiments/wasm-gui/toolchain/wasi-compat.h -I/home/nathan/secure-exec-wasmgui/experiments/wasm-gui/third_party/wasm-prefix-threads/include -Wshadow --target=wasm32-wasip1-threads --sysroot=/home/nathan/secure-exec/registry/native/c/vendor/wasi-sdk/share/wasi-sysroot -I/home/nathan/secure-exec-wasmgui/experiments/wasm-gui/third_party/wasm-prefix-threads/include -I/home/nathan/secure-exec-wasmgui/experiments/wasm-gui/toolchain/compat-include -include /home/nathan/secure-exec-wasmgui/experiments/wasm-gui/toolchain/wasi-compat.h -DNDEBUG -DG_DISABLE_CAST_CHECKS -DG_DISABLE_ASSERT conftest.c >&5
configure:16811: $? = 0
configure:16819: result: yes
configure:16833: checking if /home/nathan/secure-exec-wasmgui/experiments/wasm-gui/toolchain/clang-wasi-wrap.sh supports -Wno-sign-compare
configure:16841: /home/nathan/secure-exec-wasmgui/experiments/wasm-gui/toolchain/clang-wasi-wrap.sh -c --target=wasm32-wasip1-threads --sysroot=/home/nathan/secure-exec/registry/native/c/vendor/wasi-sdk/share/wasi-sysroot -O2 -pthread -matomics -mbulk-memory -DSECURE_EXEC_WASM_THREADS -D_WASI_EMULATED_SIGNAL -D_WASI_EMULATED_MMAN -D_WASI_EMULATED_PROCESS_CLOCKS -D_GNU_SOURCE -mllvm -wasm-enable-sjlj -Wno-error=implicit-function-declaration -Wno-error=int-conversion -Wno-int-conversion -I/home/nathan/secure-exec-wasmgui/experiments/wasm-gui/toolchain/compat-include -include /home/nathan/secure-exec-wasmgui/experiments/wasm-gui/toolchain/wasi-compat.h -I/home/nathan/secure-exec-wasmgui/experiments/wasm-gui/third_party/wasm-prefix-threads/include  -Wall -Wextra -Wno-missing-field-initializers -Wno-unused-parameter -Wmissing-declarations -Wmissing-noreturn -Wpointer-arith -Wcast-align -Wformat -Wformat-security -Wformat-y2k -Winit-self -Wmissing-include-dirs -Wundef -Wredundant-decls -Wshadow -Wnested-externs -Wold-style-definition -Wno-sign-compare --target=wasm32-wasip1-threads --sysroot=/home/nathan/secure-exec/registry/native/c/vendor/wasi-sdk/share/wasi-sysroot -I/home/nathan/secure-exec-wasmgui/experiments/wasm-gui/third_party/wasm-prefix-threads/include -I/home/nathan/secure-exec-wasmgui/experiments/wasm-gui/toolchain/compat-include -include /home/nathan/secure-exec-wasmgui/experiments/wasm-gui/toolchain/wasi-compat.h -DNDEBUG -DG_DISABLE_CAST_CHECKS -DG_DISABLE_ASSERT conftest.c >&5
configure:16841: $? = 0
configure:16849: result: yes
configure:16884: checking if /home/nathan/secure-exec-wasmgui/experiments/wasm-gui/toolchain/clang-wasi-wrap.sh supports -Wall
configure:16892: /home/nathan/secure-exec-wasmgui/experiments/wasm-gui/toolchain/clang-wasi-wrap.sh -c --target=wasm32-wasip1-threads --sysroot=/home/nathan/secure-exec/registry/native/c/vendor/wasi-sdk/share/wasi-sysroot -O2 -pthread -matomics -mbulk-memory -DSECURE_EXEC_WASM_THREADS -D_WASI_EMULATED_SIGNAL -D_WASI_EMULATED_MMAN -D_WASI_EMULATED_PROCESS_CLOCKS -D_GNU_SOURCE -mllvm -wasm-enable-sjlj -Wno-error=implicit-function-declaration -Wno-error=int-conversion -Wno-int-conversion -I/home/nathan/secure-exec-wasmgui/experiments/wasm-gui/toolchain/compat-include -include /home/nathan/secure-exec-wasmgui/experiments/wasm-gui/toolchain/wasi-compat.h -I/home/nathan/secure-exec-wasmgui/experiments/wasm-gui/third_party/wasm-prefix-threads/include  -Wall -Wextra -Wno-missing-field-initializers -Wno-unused-parameter -Wmissing-declarations -Wmissing-noreturn -Wpointer-arith -Wcast-align -Wformat -Wformat-security -Wformat-y2k -Winit-self -Wmissing-include-dirs -Wundef -Wredundant-decls -Wshadow -Wnested-externs -Wold-style-definition -Wall --target=wasm32-wasip1-threads --sysroot=/home/nathan/secure-exec/registry/native/c/vendor/wasi-sdk/share/wasi-sysroot -I/home/nathan/secure-exec-wasmgui/experiments/wasm-gui/third_party/wasm-prefix-threads/include -I/home/nathan/secure-exec-wasmgui/experiments/wasm-gui/toolchain/compat-include -include /home/nathan/secure-exec-wasmgui/experiments/wasm-gui/toolchain/wasi-compat.h -DNDEBUG -DG_DISABLE_CAST_CHECKS -DG_DISABLE_ASSERT conftest.c >&5
configure:16892: $? = 0
configure:16900: result: yes
configure:16884: checking if /home/nathan/secure-exec-wasmgui/experiments/wasm-gui/toolchain/clang-wasi-wrap.sh supports -Werror
configure:16892: /home/nathan/secure-exec-wasmgui/experiments/wasm-gui/toolchain/clang-wasi-wrap.sh -c --target=wasm32-wasip1-threads --sysroot=/home/nathan/secure-exec/registry/native/c/vendor/wasi-sdk/share/wasi-sysroot -O2 -pthread -matomics -mbulk-memory -DSECURE_EXEC_WASM_THREADS -D_WASI_EMULATED_SIGNAL -D_WASI_EMULATED_MMAN -D_WASI_EMULATED_PROCESS_CLOCKS -D_GNU_SOURCE -mllvm -wasm-enable-sjlj -Wno-error=implicit-function-declaration -Wno-error=int-conversion -Wno-int-conversion -I/home/nathan/secure-exec-wasmgui/experiments/wasm-gui/toolchain/compat-include -include /home/nathan/secure-exec-wasmgui/experiments/wasm-gui/toolchain/wasi-compat.h -I/home/nathan/secure-exec-wasmgui/experiments/wasm-gui/third_party/wasm-prefix-threads/include  -Wall -Wextra -Wno-missing-field-initializers -Wno-unused-parameter -Wmissing-declarations -Wmissing-noreturn -Wpointer-arith -Wcast-align -Wformat -Wformat-security -Wformat-y2k -Winit-self -Wmissing-include-dirs -Wundef -Wredundant-decls -Wshadow -Wnested-externs -Wold-style-definition -Werror --target=wasm32-wasip1-threads --sysroot=/home/nathan/secure-exec/registry/native/c/vendor/wasi-sdk/share/wasi-sysroot -I/home/nathan/secure-exec-wasmgui/experiments/wasm-gui/third_party/wasm-prefix-threads/include -I/home/nathan/secure-exec-wasmgui/experiments/wasm-gui/toolchain/compat-include -include /home/nathan/secure-exec-wasmgui/experiments/wasm-gui/toolchain/wasi-compat.h -DNDEBUG -DG_DISABLE_CAST_CHECKS -DG_DISABLE_ASSERT conftest.c >&5
configure:16892: $? = 0
configure:16900: result: yes
configure:16884: checking if /home/nathan/secure-exec-wasmgui/experiments/wasm-gui/toolchain/clang-wasi-wrap.sh supports -Wno-unused-parameter
configure:16892: /home/nathan/secure-exec-wasmgui/experiments/wasm-gui/toolchain/clang-wasi-wrap.sh -c --target=wasm32-wasip1-threads --sysroot=/home/nathan/secure-exec/registry/native/c/vendor/wasi-sdk/share/wasi-sysroot -O2 -pthread -matomics -mbulk-memory -DSECURE_EXEC_WASM_THREADS -D_WASI_EMULATED_SIGNAL -D_WASI_EMULATED_MMAN -D_WASI_EMULATED_PROCESS_CLOCKS -D_GNU_SOURCE -mllvm -wasm-enable-sjlj -Wno-error=implicit-function-declaration -Wno-error=int-conversion -Wno-int-conversion -I/home/nathan/secure-exec-wasmgui/experiments/wasm-gui/toolchain/compat-include -include /home/nathan/secure-exec-wasmgui/experiments/wasm-gui/toolchain/wasi-compat.h -I/home/nathan/secure-exec-wasmgui/experiments/wasm-gui/third_party/wasm-prefix-threads/include  -Wall -Wextra -Wno-missing-field-initializers -Wno-unused-parameter -Wmissing-declarations -Wmissing-noreturn -Wpointer-arith -Wcast-align -Wformat -Wformat-security -Wformat-y2k -Winit-self -Wmissing-include-dirs -Wundef -Wredundant-decls -Wshadow -Wnested-externs -Wold-style-definition -Wno-unused-parameter --target=wasm32-wasip1-threads --sysroot=/home/nathan/secure-exec/registry/native/c/vendor/wasi-sdk/share/wasi-sysroot -I/home/nathan/secure-exec-wasmgui/experiments/wasm-gui/third_party/wasm-prefix-threads/include -I/home/nathan/secure-exec-wasmgui/experiments/wasm-gui/toolchain/compat-include -include /home/nathan/secure-exec-wasmgui/experiments/wasm-gui/toolchain/wasi-compat.h -DNDEBUG -DG_DISABLE_CAST_CHECKS -DG_DISABLE_ASSERT conftest.c >&5
configure:16892: $? = 0
configure:16900: result: yes
configure:16910: checking whether /home/nathan/secure-exec-wasmgui/experiments/wasm-gui/toolchain/clang-wasi-wrap.sh supports the GNUC visibility attribute
configure:16928: /home/nathan/secure-exec-wasmgui/experiments/wasm-gui/toolchain/clang-wasi-wrap.sh -c --target=wasm32-wasip1-threads --sysroot=/home/nathan/secure-exec/registry/native/c/vendor/wasi-sdk/share/wasi-sysroot -O2 -pthread -matomics -mbulk-memory -DSECURE_EXEC_WASM_THREADS -D_WASI_EMULATED_SIGNAL -D_WASI_EMULATED_MMAN -D_WASI_EMULATED_PROCESS_CLOCKS -D_GNU_SOURCE -mllvm -wasm-enable-sjlj -Wno-error=implicit-function-declaration -Wno-error=int-conversion -Wno-int-conversion -I/home/nathan/secure-exec-wasmgui/experiments/wasm-gui/toolchain/compat-include -include /home/nathan/secure-exec-wasmgui/experiments/wasm-gui/toolchain/wasi-compat.h -I/home/nathan/secure-exec-wasmgui/experiments/wasm-gui/third_party/wasm-prefix-threads/include  -Wall -Wextra -Wno-missing-field-initializers -Wno-unused-parameter -Wmissing-declarations -Wmissing-noreturn -Wpointer-arith -Wcast-align -Wformat -Wformat-security -Wformat-y2k -Winit-self -Wmissing-include-dirs -Wundef -Wredundant-decls -Wshadow -Wnested-externs -Wold-style-definition  -Wall -Werror -Wno-unused-parameter --target=wasm32-wasip1-threads --sysroot=/home/nathan/secure-exec/registry/native/c/vendor/wasi-sdk/share/wasi-sysroot -I/home/nathan/secure-exec-wasmgui/experiments/wasm-gui/third_party/wasm-prefix-threads/include -I/home/nathan/secure-exec-wasmgui/experiments/wasm-gui/toolchain/compat-include -include /home/nathan/secure-exec-wasmgui/experiments/wasm-gui/toolchain/wasi-compat.h -DNDEBUG -DG_DISABLE_CAST_CHECKS -DG_DISABLE_ASSERT conftest.c >&5
configure:16928: $? = 0
configure:16932: result: yes
configure:16950: checking if /home/nathan/secure-exec-wasmgui/experiments/wasm-gui/toolchain/clang-wasi-wrap.sh supports -xldscope=hidden
configure:16958: /home/nathan/secure-exec-wasmgui/experiments/wasm-gui/toolchain/clang-wasi-wrap.sh -c --target=wasm32-wasip1-threads --sysroot=/home/nathan/secure-exec/registry/native/c/vendor/wasi-sdk/share/wasi-sysroot -O2 -pthread -matomics -mbulk-memory -DSECURE_EXEC_WASM_THREADS -D_WASI_EMULATED_SIGNAL -D_WASI_EMULATED_MMAN -D_WASI_EMULATED_PROCESS_CLOCKS -D_GNU_SOURCE -mllvm -wasm-enable-sjlj -Wno-error=implicit-function-declaration -Wno-error=int-conversion -Wno-int-conversion -I/home/nathan/secure-exec-wasmgui/experiments/wasm-gui/toolchain/compat-include -include /home/nathan/secure-exec-wasmgui/experiments/wasm-gui/toolchain/wasi-compat.h -I/home/nathan/secure-exec-wasmgui/experiments/wasm-gui/third_party/wasm-prefix-threads/include  -Wall -Wextra -Wno-missing-field-initializers -Wno-unused-parameter -Wmissing-declarations -Wmissing-noreturn -Wpointer-arith -Wcast-align -Wformat -Wformat-security -Wformat-y2k -Winit-self -Wmissing-include-dirs -Wundef -Wredundant-decls -Wshadow -Wnested-externs -Wold-style-definition -xldscope=hidden --target=wasm32-wasip1-threads --sysroot=/home/nathan/secure-exec/registry/native/c/vendor/wasi-sdk/share/wasi-sysroot -I/home/nathan/secure-exec-wasmgui/experiments/wasm-gui/third_party/wasm-prefix-threads/include -I/home/nathan/secure-exec-wasmgui/experiments/wasm-gui/toolchain/compat-include -include /home/nathan/secure-exec-wasmgui/experiments/wasm-gui/toolchain/wasi-compat.h -DNDEBUG -DG_DISABLE_CAST_CHECKS -DG_DISABLE_ASSERT -DHAVE_GNUC_VISIBILITY conftest.c >&5
clang: error: language not recognized: 'ldscope=hidden'
clang: warning: conftest.c: 'linker' input unused [-Wunused-command-line-argument]
configure:16958: $? = 1
configure: failed program was:
| /* confdefs.h */
| #define PACKAGE_NAME "xfconf"
| #define PACKAGE_TARNAME "xfconf"
| #define PACKAGE_VERSION "4.18.3"
| #define PACKAGE_STRING "xfconf 4.18.3"
| #define PACKAGE_BUGREPORT "https://gitlab.xfce.org/xfce/xfconf"
| #define PACKAGE_URL ""
| #define PACKAGE "xfconf"
| #define VERSION "4.18.3"
| #define HAVE_STDIO_H 1
| #define HAVE_STDLIB_H 1
| #define HAVE_STRING_H 1
| #define HAVE_INTTYPES_H 1
| #define HAVE_STDINT_H 1
| #define HAVE_STRINGS_H 1
| #define HAVE_SYS_STAT_H 1
| #define HAVE_SYS_TYPES_H 1
| #define HAVE_UNISTD_H 1
| #define STDC_HEADERS 1
| #define HAVE_DLFCN_H 1
| #define LT_OBJDIR ".libs/"
| #define HAVE_ERRNO_H 1
| #define HAVE_FCNTL_H 1
| #define HAVE_GRP_H 1
| #define HAVE_LOCALE_H 1
| #define HAVE_SIGNAL_H 1
| #define HAVE_STDLIB_H 1
| #define HAVE_STRING_H 1
| #define HAVE_SYS_STAT_H 1
| #define HAVE_SYS_TIME_H 1
| #define HAVE_SYS_TYPES_H 1
| #define HAVE_SYS_WAIT_H 1
| #define HAVE_UNISTD_H 1
| #define HAVE_FDATASYNC 1
| #define HAVE_FSYNC 1
| #define HAVE_SETLOCALE 1
| #define GETTEXT_PACKAGE "xfconf"
| #define XFCONF_SERVICE_NAME_PREFIX "org.xfce"
| #define XFCONF_SERVICE_PATH_PREFIX "/org/xfce"
| #define G_LOG_USE_STRUCTURED 1
| #define GLIB_VERSION_MAX_ALLOWED GLIB_VERSION_2_66
| #define GLIB_VERSION_MIN_REQUIRED GLIB_VERSION_2_66
| #define ALIGNOF_GUCHAR 1
| #define ALIGNOF_GCHAR 1
| #define ALIGNOF_GUINT16 2
| #define ALIGNOF_GINT16 2
| #define ALIGNOF_GUINT32 4
| #define ALIGNOF_GINT32 4
| #define ALIGNOF_GUINT64 8
| #define ALIGNOF_GINT64 8
| #define ALIGNOF_GFLOAT 4
| #define ALIGNOF_GDOUBLE 8
| #define ALIGNOF_GBOOLEAN 4
| #define ALIGNOF_GPOINTER 4
| #define BUILD_XFCONF_BACKEND_PERCHANNEL_XML 1
| /* end confdefs.h.  */
| 
configure:16966: result: no
configure:16977: checking if /home/nathan/secure-exec-wasmgui/experiments/wasm-gui/toolchain/clang-wasi-wrap.sh supports -fvisibility=hidden
configure:16985: /home/nathan/secure-exec-wasmgui/experiments/wasm-gui/toolchain/clang-wasi-wrap.sh -c --target=wasm32-wasip1-threads --sysroot=/home/nathan/secure-exec/registry/native/c/vendor/wasi-sdk/share/wasi-sysroot -O2 -pthread -matomics -mbulk-memory -DSECURE_EXEC_WASM_THREADS -D_WASI_EMULATED_SIGNAL -D_WASI_EMULATED_MMAN -D_WASI_EMULATED_PROCESS_CLOCKS -D_GNU_SOURCE -mllvm -wasm-enable-sjlj -Wno-error=implicit-function-declaration -Wno-error=int-conversion -Wno-int-conversion -I/home/nathan/secure-exec-wasmgui/experiments/wasm-gui/toolchain/compat-include -include /home/nathan/secure-exec-wasmgui/experiments/wasm-gui/toolchain/wasi-compat.h -I/home/nathan/secure-exec-wasmgui/experiments/wasm-gui/third_party/wasm-prefix-threads/include  -Wall -Wextra -Wno-missing-field-initializers -Wno-unused-parameter -Wmissing-declarations -Wmissing-noreturn -Wpointer-arith -Wcast-align -Wformat -Wformat-security -Wformat-y2k -Winit-self -Wmissing-include-dirs -Wundef -Wredundant-decls -Wshadow -Wnested-externs -Wold-style-definition -fvisibility=hidden --target=wasm32-wasip1-threads --sysroot=/home/nathan/secure-exec/registry/native/c/vendor/wasi-sdk/share/wasi-sysroot -I/home/nathan/secure-exec-wasmgui/experiments/wasm-gui/third_party/wasm-prefix-threads/include -I/home/nathan/secure-exec-wasmgui/experiments/wasm-gui/toolchain/compat-include -include /home/nathan/secure-exec-wasmgui/experiments/wasm-gui/toolchain/wasi-compat.h -DNDEBUG -DG_DISABLE_CAST_CHECKS -DG_DISABLE_ASSERT -DHAVE_GNUC_VISIBILITY conftest.c >&5
configure:16985: $? = 0
configure:16993: result: yes
configure:17037: checking whether /home/linuxbrew/.linuxbrew/bin/ld accepts --as-needed
configure:17042: result: yes
configure:17051: checking whether /home/linuxbrew/.linuxbrew/bin/ld accepts -O1
configure:17056: result: yes
configure:17098: checking for bash-completion directory
Package bash-completion was not found in the pkg-config search path.
Perhaps you should add the directory containing `bash-completion.pc'
to the PKG_CONFIG_PATH environment variable
Package 'bash-completion', required by 'virtual:world', not found
configure:17110: result: ${datadir}/bash-completion/completions
configure:17228: checking that generated files are newer than configure
configure:17234: result: done
configure:17317: creating ./config.status

## ---------------------- ##
## Running config.status. ##
## ---------------------- ##

This file was extended by xfconf config.status 4.18.3, which was
generated by GNU Autoconf 2.71.  Invocation command line was

  CONFIG_FILES    = 
  CONFIG_HEADERS  = 
  CONFIG_LINKS    = 
  CONFIG_COMMANDS = 
  $ ./config.status 

on nathan-dev

config.status:1310: creating Makefile
config.status:1310: creating common/Makefile
config.status:1310: creating docs/Makefile
config.status:1310: creating docs/reference/Makefile
config.status:1310: creating docs/spec/Makefile
config.status:1310: creating po/Makefile.in
config.status:1310: creating tests/Makefile
config.status:1310: creating tests/set-properties/Makefile
config.status:1310: creating tests/has-properties/Makefile
config.status:1310: creating tests/get-properties/Makefile
config.status:1310: creating tests/reset-properties/Makefile
config.status:1310: creating tests/object-bindings/Makefile
config.status:1310: creating tests/property-changed-signal/Makefile
config.status:1310: creating tests/others/Makefile
config.status:1310: creating tests/tests-end/Makefile
config.status:1310: creating xfconf/Makefile
config.status:1310: creating xfconf/libxfconf-0.pc
config.status:1310: creating xfconf-query/Makefile
config.status:1310: creating xfconfd/Makefile
config.status:1310: creating gsettings-backend/Makefile
config.status:1310: creating completions/Makefile
config.status:1310: creating config.h
config.status:1539: executing depfiles commands
config.status:1616: cd common       && sed -e '/# am--include-marker/d' Makefile         | make -f - am--depfiles
config.status:1621: $? = 0
config.status:1616: cd tests/set-properties       && sed -e '/# am--include-marker/d' Makefile         | make -f - am--depfiles
config.status:1621: $? = 0
config.status:1616: cd tests/has-properties       && sed -e '/# am--include-marker/d' Makefile         | make -f - am--depfiles
config.status:1621: $? = 0
config.status:1616: cd tests/get-properties       && sed -e '/# am--include-marker/d' Makefile         | make -f - am--depfiles
config.status:1621: $? = 0
config.status:1616: cd tests/reset-properties       && sed -e '/# am--include-marker/d' Makefile         | make -f - am--depfiles
config.status:1621: $? = 0
config.status:1616: cd tests/object-bindings       && sed -e '/# am--include-marker/d' Makefile         | make -f - am--depfiles
config.status:1621: $? = 0
config.status:1616: cd tests/property-changed-signal       && sed -e '/# am--include-marker/d' Makefile         | make -f - am--depfiles
config.status:1621: $? = 0
config.status:1616: cd tests/others       && sed -e '/# am--include-marker/d' Makefile         | make -f - am--depfiles
config.status:1621: $? = 0
config.status:1616: cd tests/tests-end       && sed -e '/# am--include-marker/d' Makefile         | make -f - am--depfiles
config.status:1621: $? = 0
config.status:1616: cd xfconf       && sed -e '/# am--include-marker/d' Makefile         | make -f - am--depfiles
config.status:1621: $? = 0
config.status:1616: cd xfconf-query       && sed -e '/# am--include-marker/d' Makefile         | make -f - am--depfiles
config.status:1621: $? = 0
config.status:1616: cd xfconfd       && sed -e '/# am--include-marker/d' Makefile         | make -f - am--depfiles
config.status:1621: $? = 0
config.status:1616: cd gsettings-backend       && sed -e '/# am--include-marker/d' Makefile         | make -f - am--depfiles
config.status:1621: $? = 0
config.status:1539: executing libtool commands
config.status:1539: executing po/stamp-it commands
configure:19503: WARNING: unrecognized options: --disable-malloc0returnsnull, --disable-gobject-introspection

## ---------------- ##
## Cache variables. ##
## ---------------- ##

ac_cv_alignof_gboolean=4
ac_cv_alignof_gchar=1
ac_cv_alignof_gdouble=8
ac_cv_alignof_gfloat=4
ac_cv_alignof_gint16=2
ac_cv_alignof_gint32=4
ac_cv_alignof_gint64=8
ac_cv_alignof_gpointer=4
ac_cv_alignof_guchar=1
ac_cv_alignof_guint16=2
ac_cv_alignof_guint32=4
ac_cv_alignof_guint64=8
ac_cv_build=x86_64-pc-linux-gnux32
ac_cv_c_compiler_gnu=yes
ac_cv_env_CC_set=set
ac_cv_env_CC_value=/home/nathan/secure-exec-wasmgui/experiments/wasm-gui/toolchain/clang-wasi-wrap.sh
ac_cv_env_CFLAGS_set=set
ac_cv_env_CFLAGS_value='--target=wasm32-wasip1-threads --sysroot=/home/nathan/secure-exec/registry/native/c/vendor/wasi-sdk/share/wasi-sysroot -O2 -pthread -matomics -mbulk-memory -DSECURE_EXEC_WASM_THREADS -D_WASI_EMULATED_SIGNAL -D_WASI_EMULATED_MMAN -D_WASI_EMULATED_PROCESS_CLOCKS -D_GNU_SOURCE -mllvm -wasm-enable-sjlj -Wno-error=implicit-function-declaration -Wno-error=int-conversion -Wno-int-conversion -I/home/nathan/secure-exec-wasmgui/experiments/wasm-gui/toolchain/compat-include -include /home/nathan/secure-exec-wasmgui/experiments/wasm-gui/toolchain/wasi-compat.h -I/home/nathan/secure-exec-wasmgui/experiments/wasm-gui/third_party/wasm-prefix-threads/include'
ac_cv_env_CPPFLAGS_set=set
ac_cv_env_CPPFLAGS_value='--target=wasm32-wasip1-threads --sysroot=/home/nathan/secure-exec/registry/native/c/vendor/wasi-sdk/share/wasi-sysroot -I/home/nathan/secure-exec-wasmgui/experiments/wasm-gui/third_party/wasm-prefix-threads/include -I/home/nathan/secure-exec-wasmgui/experiments/wasm-gui/toolchain/compat-include -include /home/nathan/secure-exec-wasmgui/experiments/wasm-gui/toolchain/wasi-compat.h'
ac_cv_env_GDBUS_CODEGEN_set=
ac_cv_env_GDBUS_CODEGEN_value=
ac_cv_env_GTKDOC_DEPS_CFLAGS_set=
ac_cv_env_GTKDOC_DEPS_CFLAGS_value=
ac_cv_env_GTKDOC_DEPS_LIBS_set=
ac_cv_env_GTKDOC_DEPS_LIBS_value=
ac_cv_env_LDFLAGS_set=set
ac_cv_env_LDFLAGS_value='--target=wasm32-wasip1-threads --sysroot=/home/nathan/secure-exec/registry/native/c/vendor/wasi-sdk/share/wasi-sysroot -Wl,--shared-memory -Wl,--import-memory -Wl,--export-memory -Wl,--max-memory=536870912 -Wl,--export=wasi_thread_start -Wl,--no-check-features -lwasi-emulated-signal -L/home/nathan/secure-exec-wasmgui/experiments/wasm-gui/third_party/wasm-prefix-threads/lib -L/home/nathan/secure-exec/registry/native/c/vendor/wasi-sdk/share/wasi-sysroot/lib/wasm32-wasip1-threads -lwasi-emulated-mman -lwasi-emulated-process-clocks -L/home/nathan/secure-exec-wasmgui/experiments/wasm-gui/third_party/wasm-prefix-threads/lib -lhostcompat'
ac_cv_env_LIBS_set=
ac_cv_env_LIBS_value=
ac_cv_env_LT_SYS_LIBRARY_PATH_set=
ac_cv_env_LT_SYS_LIBRARY_PATH_value=
ac_cv_env_PKG_CONFIG_LIBDIR_set=set
ac_cv_env_PKG_CONFIG_LIBDIR_value=/home/nathan/secure-exec-wasmgui/experiments/wasm-gui/third_party/wasm-prefix-threads/lib/pkgconfig:/home/nathan/secure-exec-wasmgui/experiments/wasm-gui/third_party/wasm-prefix-threads/share/pkgconfig
ac_cv_env_PKG_CONFIG_PATH_set=set
ac_cv_env_PKG_CONFIG_PATH_value=
ac_cv_env_PKG_CONFIG_set=
ac_cv_env_PKG_CONFIG_value=
ac_cv_env_XFCONF_SERVICE_NAME_PREFIX_set=
ac_cv_env_XFCONF_SERVICE_NAME_PREFIX_value=
ac_cv_env_build_alias_set=
ac_cv_env_build_alias_value=
ac_cv_env_host_alias_set=set
ac_cv_env_host_alias_value=wasm32-wasi
ac_cv_env_target_alias_set=
ac_cv_env_target_alias_value=
ac_cv_func_bind_textdomain_codeset=no
ac_cv_func_fdatasync=yes
ac_cv_func_fsync=yes
ac_cv_func_setlocale=yes
ac_cv_header_dlfcn_h=yes
ac_cv_header_errno_h=yes
ac_cv_header_fcntl_h=yes
ac_cv_header_grp_h=yes
ac_cv_header_inttypes_h=yes
ac_cv_header_locale_h=yes
ac_cv_header_signal_h=yes
ac_cv_header_stdint_h=yes
ac_cv_header_stdio_h=yes
ac_cv_header_stdlib_h=yes
ac_cv_header_string_h=yes
ac_cv_header_strings_h=yes
ac_cv_header_sys_stat_h=yes
ac_cv_header_sys_time_h=yes
ac_cv_header_sys_types_h=yes
ac_cv_header_sys_wait_h=yes
ac_cv_header_unistd_h=yes
ac_cv_host=wasm32-unknown-wasi
ac_cv_objext=o
ac_cv_path_EGREP='/usr/bin/grep -E'
ac_cv_path_FGREP='/usr/bin/grep -F'
ac_cv_path_GDBUS_CODEGEN=/home/linuxbrew/.linuxbrew/bin/gdbus-codegen
ac_cv_path_GMSGFMT=/home/nathan/secure-exec-wasmgui/experiments/wasm-gui/toolchain/host-bin/msgfmt
ac_cv_path_GREP=/usr/bin/grep
ac_cv_path_INTLTOOL_EXTRACT=/home/nathan/secure-exec-wasmgui/experiments/wasm-gui/toolchain/host-bin/intltool-extract
ac_cv_path_INTLTOOL_MERGE=/home/nathan/secure-exec-wasmgui/experiments/wasm-gui/toolchain/host-bin/intltool-merge
ac_cv_path_INTLTOOL_PERL=/home/linuxbrew/.linuxbrew/bin/perl
ac_cv_path_INTLTOOL_UPDATE=/home/nathan/secure-exec-wasmgui/experiments/wasm-gui/toolchain/host-bin/intltool-update
ac_cv_path_MSGFMT=/home/nathan/secure-exec-wasmgui/experiments/wasm-gui/toolchain/host-bin/msgfmt
ac_cv_path_MSGMERGE=/home/nathan/secure-exec-wasmgui/experiments/wasm-gui/toolchain/host-bin/msgmerge
ac_cv_path_PERL=/home/linuxbrew/.linuxbrew/bin/perl
ac_cv_path_PKG_CONFIG=/usr/bin/pkg-config
ac_cv_path_SED=/usr/bin/sed
ac_cv_path_XGETTEXT=/home/nathan/secure-exec-wasmgui/experiments/wasm-gui/toolchain/host-bin/xgettext
ac_cv_path_ac_pt_PKG_CONFIG=/usr/bin/pkg-config
ac_cv_path_install='/usr/bin/install -c'
ac_cv_path_lt_DD=/usr/bin/dd
ac_cv_path_mkdir=/usr/bin/mkdir
ac_cv_prog_AR=/home/nathan/secure-exec/registry/native/c/vendor/wasi-sdk/bin/llvm-ar
ac_cv_prog_AWK=mawk
ac_cv_prog_CC=/home/nathan/secure-exec-wasmgui/experiments/wasm-gui/toolchain/clang-wasi-wrap.sh
ac_cv_prog_RANLIB=/home/nathan/secure-exec/registry/native/c/vendor/wasi-sdk/bin/llvm-ranlib
ac_cv_prog_STRIP=strip
ac_cv_prog_ac_ct_DLLTOOL=dlltool
ac_cv_prog_ac_ct_DUMPBIN='link -dump'
ac_cv_prog_ac_ct_FILECMD=file
ac_cv_prog_ac_ct_MANIFEST_TOOL=mt
ac_cv_prog_ac_ct_OBJDUMP=objdump
ac_cv_prog_ac_ct_STRIP=strip
ac_cv_prog_cc_c11=
ac_cv_prog_cc_g=yes
ac_cv_prog_cc_stdc=
ac_cv_prog_make_make_set=yes
am_cv_CC_dependencies_compiler_type=gcc3
am_cv_make_support_nested_variables=yes
am_cv_prog_cc_c_o=yes
am_cv_prog_tar_ustar=gnutar
lt_cv_ar_at_file=@
lt_cv_deplibs_check_method=unknown
lt_cv_file_magic_cmd='$MAGIC_CMD'
lt_cv_file_magic_test_file=
lt_cv_ld_reload_flag=-r
lt_cv_nm_interface='BSD nm'
lt_cv_objdir=.libs
lt_cv_path_LD=/home/linuxbrew/.linuxbrew/bin/ld
lt_cv_path_NM=no
lt_cv_path_mainfest_tool=no
lt_cv_prog_compiler_c_o=yes
lt_cv_prog_compiler_pic='-fPIC -DPIC'
lt_cv_prog_compiler_pic_works=yes
lt_cv_prog_compiler_rtti_exceptions=yes
lt_cv_prog_compiler_static_works=yes
lt_cv_prog_gnu_ld=yes
lt_cv_sharedlib_from_linklib_cmd='printf %s\n'
lt_cv_sys_global_symbol_pipe=
lt_cv_sys_global_symbol_to_c_name_address='/usr/bin/sed -n -e '\''s/^: \(.*\) .*$/  {"\1", (void *) 0},/p'\'' -e '\''s/^[ABCDGIRSTW][ABCDGIRSTW]* .* \(.*\)$/  {"\1", (void *) \&\1},/p'\'''
lt_cv_sys_global_symbol_to_c_name_address_lib_prefix='/usr/bin/sed -n -e '\''s/^: \(.*\) .*$/  {"\1", (void *) 0},/p'\'' -e '\''s/^[ABCDGIRSTW][ABCDGIRSTW]* .* \(lib.*\)$/  {"\1", (void *) \&\1},/p'\'' -e '\''s/^[ABCDGIRSTW][ABCDGIRSTW]* .* \(.*\)$/  {"lib\1", (void *) \&\1},/p'\'''
lt_cv_sys_global_symbol_to_cdecl=
lt_cv_sys_global_symbol_to_import=
lt_cv_sys_max_cmd_len=1572864
lt_cv_to_host_file_cmd=func_convert_file_noop
lt_cv_to_tool_file_cmd=func_convert_file_noop
lt_cv_truncate_bin='/usr/bin/dd bs=4096 count=1'
pkg_cv_GTKDOC_DEPS_CFLAGS='-I/home/nathan/secure-exec-wasmgui/experiments/wasm-gui/third_party/wasm-prefix-threads/include/glib-2.0 -I/home/nathan/secure-exec-wasmgui/experiments/wasm-gui/third_party/wasm-prefix-threads/lib/glib-2.0/include -I/home/nathan/secure-exec-wasmgui/experiments/wasm-gui/third_party/wasm-prefix-threads/include -pthread -DPCRE2_STATIC '
pkg_cv_GTKDOC_DEPS_LIBS='-L/home/nathan/secure-exec-wasmgui/experiments/wasm-gui/third_party/wasm-prefix-threads/lib -lgobject-2.0 -lglib-2.0 -lintl -lm -pthread -lpcre2-8 -lffi '
xdt_cv_PKG_CONFIG_MIN_VERSION=0.9.0
xdt_cv_additional_CFLAGS='-Wall -Wextra                                   -Wno-missing-field-initializers                                   -Wno-unused-parameter                                   -Wmissing-declarations                                   -Wmissing-noreturn -Wpointer-arith                                   -Wcast-align -Wformat -Wformat-security -Wformat-y2k                                   -Winit-self -Wmissing-include-dirs -Wundef                                   -Wredundant-decls -Wshadow                             -Wnested-externs                             -Wold-style-definition'
xdt_cv_additional_COMMON_FLAGS='-Wall -Wextra                                   -Wno-missing-field-initializers                                   -Wno-unused-parameter                                   -Wmissing-declarations                                   -Wmissing-noreturn -Wpointer-arith                                   -Wcast-align -Wformat -Wformat-security -Wformat-y2k                                   -Winit-self -Wmissing-include-dirs -Wundef                                   -Wredundant-decls -Wshadow'
xdt_cv_additional_CXXFLAGS='-Wall -Wextra                                   -Wno-missing-field-initializers                                   -Wno-unused-parameter                                   -Wmissing-declarations                                   -Wmissing-noreturn -Wpointer-arith                                   -Wcast-align -Wformat -Wformat-security -Wformat-y2k                                   -Winit-self -Wmissing-include-dirs -Wundef                                   -Wredundant-decls -Wshadow'

## ----------------- ##
## Output variables. ##
## ----------------- ##

ACLOCAL='${SHELL} '\''/home/nathan/secure-exec-wasmgui/experiments/wasm-gui/third_party/xfconf/missing'\'' aclocal-1.16'
ALL_LINGUAS='ar ast be bg bn ca cs da de el en_AU en_CA en_GB es eu fi fr gl he hi hr hu hy_AM hye id is it ja kab kk ko lt lv ms nb nl nn oc pa pl pt pt_BR ro ru si sk sl sq sr sv te th tr ug uk ur ur_PK zh_CN zh_HK zh_TW'
AMDEPBACKSLASH='\'
AMDEP_FALSE='#'
AMDEP_TRUE=''
AMTAR='$${TAR-tar}'
AM_BACKSLASH='\'
AM_DEFAULT_V='$(AM_DEFAULT_VERBOSITY)'
AM_DEFAULT_VERBOSITY='0'
AM_V='$(V)'
AR='/home/nathan/secure-exec/registry/native/c/vendor/wasi-sdk/bin/llvm-ar'
AUTOCONF='${SHELL} '\''/home/nathan/secure-exec-wasmgui/experiments/wasm-gui/third_party/xfconf/missing'\'' autoconf'
AUTOHEADER='${SHELL} '\''/home/nathan/secure-exec-wasmgui/experiments/wasm-gui/third_party/xfconf/missing'\'' autoheader'
AUTOMAKE='${SHELL} '\''/home/nathan/secure-exec-wasmgui/experiments/wasm-gui/third_party/xfconf/missing'\'' automake-1.16'
AWK='mawk'
BASH_COMPLETION_DIR='${datadir}/bash-completion/completions'
BUILD_XFCONF_BACKEND_PERCHANNEL_XML_FALSE='#'
BUILD_XFCONF_BACKEND_PERCHANNEL_XML_TRUE=''
CC='/home/nathan/secure-exec-wasmgui/experiments/wasm-gui/toolchain/clang-wasi-wrap.sh'
CCDEPMODE='depmode=gcc3'
CFLAGS='--target=wasm32-wasip1-threads --sysroot=/home/nathan/secure-exec/registry/native/c/vendor/wasi-sdk/share/wasi-sysroot -O2 -pthread -matomics -mbulk-memory -DSECURE_EXEC_WASM_THREADS -D_WASI_EMULATED_SIGNAL -D_WASI_EMULATED_MMAN -D_WASI_EMULATED_PROCESS_CLOCKS -D_GNU_SOURCE -mllvm -wasm-enable-sjlj -Wno-error=implicit-function-declaration -Wno-error=int-conversion -Wno-int-conversion -I/home/nathan/secure-exec-wasmgui/experiments/wasm-gui/toolchain/compat-include -include /home/nathan/secure-exec-wasmgui/experiments/wasm-gui/toolchain/wasi-compat.h -I/home/nathan/secure-exec-wasmgui/experiments/wasm-gui/third_party/wasm-prefix-threads/include  -Wall -Wextra -Wno-missing-field-initializers -Wno-unused-parameter -Wmissing-declarations -Wmissing-noreturn -Wpointer-arith -Wcast-align -Wformat -Wformat-security -Wformat-y2k -Winit-self -Wmissing-include-dirs -Wundef -Wredundant-decls -Wshadow -Wnested-externs -Wold-style-definition  -fvisibility=hidden'
CPPFLAGS='--target=wasm32-wasip1-threads --sysroot=/home/nathan/secure-exec/registry/native/c/vendor/wasi-sdk/share/wasi-sysroot -I/home/nathan/secure-exec-wasmgui/experiments/wasm-gui/third_party/wasm-prefix-threads/include -I/home/nathan/secure-exec-wasmgui/experiments/wasm-gui/toolchain/compat-include -include /home/nathan/secure-exec-wasmgui/experiments/wasm-gui/toolchain/wasi-compat.h -DNDEBUG -DG_DISABLE_CAST_CHECKS -DG_DISABLE_ASSERT -DHAVE_GNUC_VISIBILITY'
CSCOPE='cscope'
CTAGS='ctags'
CYGPATH_W='echo'
DEFS='-DHAVE_CONFIG_H'
DEPDIR='.deps'
DLLTOOL='dlltool'
DSYMUTIL=''
DUMPBIN=':'
ECHO_C=''
ECHO_N='-n'
ECHO_T=''
EGREP='/usr/bin/grep -E'
ENABLE_BASH_COMPLETION_FALSE='#'
ENABLE_BASH_COMPLETION_TRUE=''
ENABLE_GTK_DOC_FALSE=''
ENABLE_GTK_DOC_TRUE='#'
ENABLE_PROFILING_FALSE=''
ENABLE_PROFILING_TRUE='#'
ENABLE_VAPIGEN_FALSE=''
ENABLE_VAPIGEN_TRUE='#'
ETAGS='etags'
EXEEXT=''
FGREP='/usr/bin/grep -F'
FILECMD='file'
GDBUS_CODEGEN='/home/linuxbrew/.linuxbrew/bin/gdbus-codegen'
GETTEXT_PACKAGE='xfconf'
GIO_CFLAGS='-I/home/nathan/secure-exec-wasmgui/experiments/wasm-gui/third_party/wasm-prefix-threads/include -I/home/nathan/secure-exec-wasmgui/experiments/wasm-gui/third_party/wasm-prefix-threads/include/glib-2.0 -I/home/nathan/secure-exec-wasmgui/experiments/wasm-gui/third_party/wasm-prefix-threads/lib/glib-2.0/include -pthread -DPCRE2_STATIC '
GIO_LIBS='-L/home/nathan/secure-exec-wasmgui/experiments/wasm-gui/third_party/wasm-prefix-threads/lib -lgio-2.0 -lgobject-2.0 -lffi -lgmodule-2.0 -lintl -lglib-2.0 -lintl -lm -pthread -lpcre2-8 -lz '
GIO_MODULE_DIR='${exec_prefix}/lib/gio/modules'
GIO_REQUIRED_VERSION='2.66.0'
GIO_UNIX_CFLAGS='-I/home/nathan/secure-exec-wasmgui/experiments/wasm-gui/third_party/wasm-prefix-threads/include/gio-unix-2.0 -I/home/nathan/secure-exec-wasmgui/experiments/wasm-gui/third_party/wasm-prefix-threads/include -I/home/nathan/secure-exec-wasmgui/experiments/wasm-gui/third_party/wasm-prefix-threads/include/glib-2.0 -I/home/nathan/secure-exec-wasmgui/experiments/wasm-gui/third_party/wasm-prefix-threads/lib/glib-2.0/include -pthread -DPCRE2_STATIC '
GIO_UNIX_LIBS='-L/home/nathan/secure-exec-wasmgui/experiments/wasm-gui/third_party/wasm-prefix-threads/lib -lgio-2.0 -lgobject-2.0 -lffi -lgmodule-2.0 -lintl -lglib-2.0 -lintl -lm -pthread -lpcre2-8 -lz '
GIO_UNIX_REQUIRED_VERSION='2.66.0'
GIO_UNIX_VERSION='2.78.4'
GIO_VERSION='2.78.4'
GLIB_CFLAGS='-I/home/nathan/secure-exec-wasmgui/experiments/wasm-gui/third_party/wasm-prefix-threads/include -I/home/nathan/secure-exec-wasmgui/experiments/wasm-gui/third_party/wasm-prefix-threads/include/glib-2.0 -pthread -I/home/nathan/secure-exec-wasmgui/experiments/wasm-gui/third_party/wasm-prefix-threads/lib/glib-2.0/include -DPCRE2_STATIC '
GLIB_LIBS='-L/home/nathan/secure-exec-wasmgui/experiments/wasm-gui/third_party/wasm-prefix-threads/lib -lgobject-2.0 -lglib-2.0 -lintl -lm -pthread -lpcre2-8 -lffi '
GLIB_REQUIRED_VERSION='2.66.0'
GLIB_VERSION='2.78.4'
GMODULE_CFLAGS='-I/home/nathan/secure-exec-wasmgui/experiments/wasm-gui/third_party/wasm-prefix-threads/include -I/home/nathan/secure-exec-wasmgui/experiments/wasm-gui/third_party/wasm-prefix-threads/include/glib-2.0 -I/home/nathan/secure-exec-wasmgui/experiments/wasm-gui/third_party/wasm-prefix-threads/lib/glib-2.0/include -pthread -DPCRE2_STATIC '
GMODULE_LIBS='-Wl,--export-dynamic -L/home/nathan/secure-exec-wasmgui/experiments/wasm-gui/third_party/wasm-prefix-threads/lib -lgmodule-2.0 -lintl -lglib-2.0 -lintl -lm -pthread -lpcre2-8 '
GMODULE_REQUIRED_VERSION='2.66.0'
GMODULE_VERSION='2.78.4'
GMSGFMT='/home/nathan/secure-exec-wasmgui/experiments/wasm-gui/toolchain/host-bin/msgfmt'
GREP='/usr/bin/grep'
GTHREAD_CFLAGS='-I/home/nathan/secure-exec-wasmgui/experiments/wasm-gui/third_party/wasm-prefix-threads/include -I/home/nathan/secure-exec-wasmgui/experiments/wasm-gui/third_party/wasm-prefix-threads/include/glib-2.0 -pthread -I/home/nathan/secure-exec-wasmgui/experiments/wasm-gui/third_party/wasm-prefix-threads/lib/glib-2.0/include -DPCRE2_STATIC '
GTHREAD_LIBS='-L/home/nathan/secure-exec-wasmgui/experiments/wasm-gui/third_party/wasm-prefix-threads/lib -lgthread-2.0 -lintl -lglib-2.0 -lintl -lm -pthread -lpcre2-8 '
GTHREAD_REQUIRED_VERSION='2.66.0'
GTHREAD_VERSION='2.78.4'
GTKDOC_CHECK=''
GTKDOC_CHECK_PATH=''
GTKDOC_DEPS_CFLAGS='-I/home/nathan/secure-exec-wasmgui/experiments/wasm-gui/third_party/wasm-prefix-threads/include/glib-2.0 -I/home/nathan/secure-exec-wasmgui/experiments/wasm-gui/third_party/wasm-prefix-threads/lib/glib-2.0/include -I/home/nathan/secure-exec-wasmgui/experiments/wasm-gui/third_party/wasm-prefix-threads/include -pthread -DPCRE2_STATIC '
GTKDOC_DEPS_LIBS='-L/home/nathan/secure-exec-wasmgui/experiments/wasm-gui/third_party/wasm-prefix-threads/lib -lgobject-2.0 -lglib-2.0 -lintl -lm -pthread -lpcre2-8 -lffi '
GTKDOC_MKPDF=''
GTKDOC_REBASE='true'
GTK_DOC_BUILD_HTML_FALSE=''
GTK_DOC_BUILD_HTML_TRUE='#'
GTK_DOC_BUILD_PDF_FALSE=''
GTK_DOC_BUILD_PDF_TRUE='#'
GTK_DOC_EXTRA_CFLAGS=' -Wno-sign-compare'
GTK_DOC_USE_LIBTOOL_FALSE='#'
GTK_DOC_USE_LIBTOOL_TRUE=''
GTK_DOC_USE_REBASE_FALSE='#'
GTK_DOC_USE_REBASE_TRUE=''
HAVE_GNUC_VISIBILITY_FALSE='#'
HAVE_GNUC_VISIBILITY_TRUE=''
HAVE_GTK_DOC_FALSE=''
HAVE_GTK_DOC_TRUE='#'
HAVE_INTROSPECTION_FALSE=''
HAVE_INTROSPECTION_TRUE='#'
HELPER_PATH_PREFIX='${exec_prefix}/lib'
HTML_DIR='${datadir}/gtk-doc/html'
INSTALL_DATA='${INSTALL} -m 644'
INSTALL_PROGRAM='${INSTALL}'
INSTALL_SCRIPT='${INSTALL}'
INSTALL_STRIP_PROGRAM='$(install_sh) -c -s'
INTLTOOL_CAVES_RULE='%.caves:     %.caves.in     $(INTLTOOL_MERGE) $(wildcard $(top_srcdir)/po/*.po) ; $(INTLTOOL_V_MERGE)LC_ALL=C $(INTLTOOL_MERGE) $(INTLTOOL_V_MERGE_OPTIONS) -d -u -c $(top_builddir)/po/.intltool-merge-cache $(top_srcdir)/po $< $@'
INTLTOOL_DESKTOP_RULE='%.desktop:   %.desktop.in   $(INTLTOOL_MERGE) $(wildcard $(top_srcdir)/po/*.po) ; $(INTLTOOL_V_MERGE)LC_ALL=C $(INTLTOOL_MERGE) $(INTLTOOL_V_MERGE_OPTIONS) -d -u -c $(top_builddir)/po/.intltool-merge-cache $(top_srcdir)/po $< $@'
INTLTOOL_DIRECTORY_RULE='%.directory: %.directory.in $(INTLTOOL_MERGE) $(wildcard $(top_srcdir)/po/*.po) ; $(INTLTOOL_V_MERGE)LC_ALL=C $(INTLTOOL_MERGE) $(INTLTOOL_V_MERGE_OPTIONS) -d -u -c $(top_builddir)/po/.intltool-merge-cache $(top_srcdir)/po $< $@'
INTLTOOL_EXTRACT='/home/nathan/secure-exec-wasmgui/experiments/wasm-gui/toolchain/host-bin/intltool-extract'
INTLTOOL_KBD_RULE='%.kbd:       %.kbd.in       $(INTLTOOL_MERGE) $(wildcard $(top_srcdir)/po/*.po) ; $(INTLTOOL_V_MERGE)LC_ALL=C $(INTLTOOL_MERGE) $(INTLTOOL_V_MERGE_OPTIONS) -x -u -m -c $(top_builddir)/po/.intltool-merge-cache $(top_srcdir)/po $< $@'
INTLTOOL_KEYS_RULE='%.keys:      %.keys.in      $(INTLTOOL_MERGE) $(wildcard $(top_srcdir)/po/*.po) ; $(INTLTOOL_V_MERGE)LC_ALL=C $(INTLTOOL_MERGE) $(INTLTOOL_V_MERGE_OPTIONS) -k -u -c $(top_builddir)/po/.intltool-merge-cache $(top_srcdir)/po $< $@'
INTLTOOL_MERGE='/home/nathan/secure-exec-wasmgui/experiments/wasm-gui/toolchain/host-bin/intltool-merge'
INTLTOOL_OAF_RULE='%.oaf:       %.oaf.in       $(INTLTOOL_MERGE) $(wildcard $(top_srcdir)/po/*.po) ; $(INTLTOOL_V_MERGE)LC_ALL=C $(INTLTOOL_MERGE) $(INTLTOOL_V_MERGE_OPTIONS) -o -p $(top_srcdir)/po $< $@'
INTLTOOL_PERL='/home/linuxbrew/.linuxbrew/bin/perl'
INTLTOOL_POLICY_RULE='%.policy:    %.policy.in    $(INTLTOOL_MERGE) $(wildcard $(top_srcdir)/po/*.po) ; $(INTLTOOL_V_MERGE)LC_ALL=C $(INTLTOOL_MERGE) $(INTLTOOL_V_MERGE_OPTIONS) -x -u -c $(top_builddir)/po/.intltool-merge-cache $(top_srcdir)/po $< $@'
INTLTOOL_PONG_RULE='%.pong:      %.pong.in      $(INTLTOOL_MERGE) $(wildcard $(top_srcdir)/po/*.po) ; $(INTLTOOL_V_MERGE)LC_ALL=C $(INTLTOOL_MERGE) $(INTLTOOL_V_MERGE_OPTIONS) -x -u -c $(top_builddir)/po/.intltool-merge-cache $(top_srcdir)/po $< $@'
INTLTOOL_PROP_RULE='%.prop:      %.prop.in      $(INTLTOOL_MERGE) $(wildcard $(top_srcdir)/po/*.po) ; $(INTLTOOL_V_MERGE)LC_ALL=C $(INTLTOOL_MERGE) $(INTLTOOL_V_MERGE_OPTIONS) -d -u -c $(top_builddir)/po/.intltool-merge-cache $(top_srcdir)/po $< $@'
INTLTOOL_SCHEMAS_RULE='%.schemas:   %.schemas.in   $(INTLTOOL_MERGE) $(wildcard $(top_srcdir)/po/*.po) ; $(INTLTOOL_V_MERGE)LC_ALL=C $(INTLTOOL_MERGE) $(INTLTOOL_V_MERGE_OPTIONS) -s -u -c $(top_builddir)/po/.intltool-merge-cache $(top_srcdir)/po $< $@'
INTLTOOL_SERVER_RULE='%.server:    %.server.in    $(INTLTOOL_MERGE) $(wildcard $(top_srcdir)/po/*.po) ; $(INTLTOOL_V_MERGE)LC_ALL=C $(INTLTOOL_MERGE) $(INTLTOOL_V_MERGE_OPTIONS) -o -u -c $(top_builddir)/po/.intltool-merge-cache $(top_srcdir)/po $< $@'
INTLTOOL_SERVICE_RULE='%.service: %.service.in   $(INTLTOOL_MERGE) $(wildcard $(top_srcdir)/po/*.po) ; $(INTLTOOL_V_MERGE)LC_ALL=C $(INTLTOOL_MERGE) $(INTLTOOL_V_MERGE_OPTIONS) -d -u -c $(top_builddir)/po/.intltool-merge-cache $(top_srcdir)/po $< $@'
INTLTOOL_SHEET_RULE='%.sheet:     %.sheet.in     $(INTLTOOL_MERGE) $(wildcard $(top_srcdir)/po/*.po) ; $(INTLTOOL_V_MERGE)LC_ALL=C $(INTLTOOL_MERGE) $(INTLTOOL_V_MERGE_OPTIONS) -x -u -c $(top_builddir)/po/.intltool-merge-cache $(top_srcdir)/po $< $@'
INTLTOOL_SOUNDLIST_RULE='%.soundlist: %.soundlist.in $(INTLTOOL_MERGE) $(wildcard $(top_srcdir)/po/*.po) ; $(INTLTOOL_V_MERGE)LC_ALL=C $(INTLTOOL_MERGE) $(INTLTOOL_V_MERGE_OPTIONS) -d -u -c $(top_builddir)/po/.intltool-merge-cache $(top_srcdir)/po $< $@'
INTLTOOL_THEME_RULE='%.theme:     %.theme.in     $(INTLTOOL_MERGE) $(wildcard $(top_srcdir)/po/*.po) ; $(INTLTOOL_V_MERGE)LC_ALL=C $(INTLTOOL_MERGE) $(INTLTOOL_V_MERGE_OPTIONS) -d -u -c $(top_builddir)/po/.intltool-merge-cache $(top_srcdir)/po $< $@'
INTLTOOL_UI_RULE='%.ui:        %.ui.in        $(INTLTOOL_MERGE) $(wildcard $(top_srcdir)/po/*.po) ; $(INTLTOOL_V_MERGE)LC_ALL=C $(INTLTOOL_MERGE) $(INTLTOOL_V_MERGE_OPTIONS) -x -u -c $(top_builddir)/po/.intltool-merge-cache $(top_srcdir)/po $< $@'
INTLTOOL_UPDATE='/home/nathan/secure-exec-wasmgui/experiments/wasm-gui/toolchain/host-bin/intltool-update'
INTLTOOL_V_MERGE='$(INTLTOOL__v_MERGE_$(V))'
INTLTOOL_V_MERGE_OPTIONS='$(intltool__v_merge_options_$(V))'
INTLTOOL_XAM_RULE='%.xam:       %.xml.in       $(INTLTOOL_MERGE) $(wildcard $(top_srcdir)/po/*.po) ; $(INTLTOOL_V_MERGE)LC_ALL=C $(INTLTOOL_MERGE) $(INTLTOOL_V_MERGE_OPTIONS) -x -u -c $(top_builddir)/po/.intltool-merge-cache $(top_srcdir)/po $< $@'
INTLTOOL_XML_NOMERGE_RULE='%.xml:       %.xml.in       $(INTLTOOL_MERGE) ; $(INTLTOOL_V_MERGE)LC_ALL=C $(INTLTOOL_MERGE) $(INTLTOOL_V_MERGE_OPTIONS) -x -u --no-translations $< $@'
INTLTOOL_XML_RULE='%.xml:       %.xml.in       $(INTLTOOL_MERGE) $(wildcard $(top_srcdir)/po/*.po) ; $(INTLTOOL_V_MERGE)LC_ALL=C $(INTLTOOL_MERGE) $(INTLTOOL_V_MERGE_OPTIONS) -x -u -c $(top_builddir)/po/.intltool-merge-cache $(top_srcdir)/po $< $@'
INTLTOOL__v_MERGE_0='@echo "  ITMRG " $@;'
INTLTOOL__v_MERGE_='$(INTLTOOL__v_MERGE_$(AM_DEFAULT_VERBOSITY))'
INTROSPECTION_CFLAGS=''
INTROSPECTION_COMPILER=''
INTROSPECTION_GENERATE=''
INTROSPECTION_GIRDIR=''
INTROSPECTION_LIBS=''
INTROSPECTION_MAKEFILE=''
INTROSPECTION_SCANNER=''
INTROSPECTION_TYPELIBDIR=''
LD='/home/linuxbrew/.linuxbrew/bin/ld'
LDFLAGS='--target=wasm32-wasip1-threads --sysroot=/home/nathan/secure-exec/registry/native/c/vendor/wasi-sdk/share/wasi-sysroot -Wl,--shared-memory -Wl,--import-memory -Wl,--export-memory -Wl,--max-memory=536870912 -Wl,--export=wasi_thread_start -Wl,--no-check-features -lwasi-emulated-signal -L/home/nathan/secure-exec-wasmgui/experiments/wasm-gui/third_party/wasm-prefix-threads/lib -L/home/nathan/secure-exec/registry/native/c/vendor/wasi-sdk/share/wasi-sysroot/lib/wasm32-wasip1-threads -lwasi-emulated-mman -lwasi-emulated-process-clocks -L/home/nathan/secure-exec-wasmgui/experiments/wasm-gui/third_party/wasm-prefix-threads/lib -lhostcompat -Wl,--as-needed -Wl,-O1'
LIBOBJS=''
LIBS=''
LIBTOOL='$(SHELL) $(top_builddir)/libtool'
LIBXFCE4UTIL_CFLAGS='-I/home/nathan/secure-exec-wasmgui/experiments/wasm-gui/third_party/wasm-prefix-threads/include/xfce4 -I/home/nathan/secure-exec-wasmgui/experiments/wasm-gui/third_party/wasm-prefix-threads/include/glib-2.0 -pthread -I/home/nathan/secure-exec-wasmgui/experiments/wasm-gui/third_party/wasm-prefix-threads/lib/glib-2.0/include -I/home/nathan/secure-exec-wasmgui/experiments/wasm-gui/third_party/wasm-prefix-threads/include -DPCRE2_STATIC '
LIBXFCE4UTIL_LIBS='-L/home/nathan/secure-exec-wasmgui/experiments/wasm-gui/third_party/wasm-prefix-threads/lib -lxfce4util -lglib-2.0 -lintl -lm -pthread -lpcre2-8 '
LIBXFCE4UTIL_REQUIRED_VERSION='4.17.3'
LIBXFCE4UTIL_VERSION='4.18.2'
LIBXFCONF_VERINFO='3:0:0'
LIBXFCONF_VERSION_API='0'
LIPO=''
LN_S='ln -s'
LTLIBOBJS=''
LT_SYS_LIBRARY_PATH=''
MAINT='#'
MAINTAINER_MODE_FALSE=''
MAINTAINER_MODE_TRUE='#'
MAKEINFO='${SHELL} '\''/home/nathan/secure-exec-wasmgui/experiments/wasm-gui/third_party/xfconf/missing'\'' makeinfo'
MANIFEST_TOOL=':'
MKDIR_P='/usr/bin/mkdir -p'
MSGFMT='/home/nathan/secure-exec-wasmgui/experiments/wasm-gui/toolchain/host-bin/msgfmt'
MSGMERGE='/home/nathan/secure-exec-wasmgui/experiments/wasm-gui/toolchain/host-bin/msgmerge'
NM='nm'
NMEDIT=''
OBJDUMP='objdump'
OBJEXT='o'
OTOOL64=''
OTOOL=''
PACKAGE='xfconf'
PACKAGE_BUGREPORT='https://gitlab.xfce.org/xfce/xfconf'
PACKAGE_NAME='xfconf'
PACKAGE_STRING='xfconf 4.18.3'
PACKAGE_TARNAME='xfconf'
PACKAGE_URL=''
PACKAGE_VERSION='4.18.3'
PATH_SEPARATOR=':'
PERL='/home/linuxbrew/.linuxbrew/bin/perl'
PKG_CONFIG='/usr/bin/pkg-config'
PKG_CONFIG_LIBDIR='/home/nathan/secure-exec-wasmgui/experiments/wasm-gui/third_party/wasm-prefix-threads/lib/pkgconfig:/home/nathan/secure-exec-wasmgui/experiments/wasm-gui/third_party/wasm-prefix-threads/share/pkgconfig'
PKG_CONFIG_PATH=''
RANLIB='/home/nathan/secure-exec/registry/native/c/vendor/wasi-sdk/bin/llvm-ranlib'
SED='/usr/bin/sed'
SET_MAKE=''
SHELL='/bin/bash'
STRIP='strip'
USE_NLS='no'
VAPIGEN=''
VAPIGEN_MAKEFILE=''
VAPIGEN_VAPIDIR=''
VERSION='4.18.3'
XFCONF_ENABLE_GSETTINGS_BACKEND_FALSE='#'
XFCONF_ENABLE_GSETTINGS_BACKEND_TRUE=''
XFCONF_SERVICE_NAME_PREFIX='org.xfce'
XFCONF_SERVICE_PATH_PREFIX='/org/xfce'
XFCONF_VERSION='4.18.3'
XGETTEXT='/home/nathan/secure-exec-wasmgui/experiments/wasm-gui/toolchain/host-bin/xgettext'
ac_ct_AR=''
ac_ct_CC=''
ac_ct_DUMPBIN='link -dump'
am__EXEEXT_FALSE=''
am__EXEEXT_TRUE='#'
am__fastdepCC_FALSE='#'
am__fastdepCC_TRUE=''
am__include='include'
am__isrc=''
am__leading_dot='.'
am__nodep='_no'
am__quote=''
am__tar='tar --format=ustar -chf - "$$tardir"'
am__untar='tar -xf -'
bindir='${exec_prefix}/bin'
build='x86_64-pc-linux-gnux32'
build_alias=''
build_cpu='x86_64'
build_os='linux-gnux32'
build_vendor='pc'
datadir='${datarootdir}'
datarootdir='${prefix}/share'
docdir='${datarootdir}/doc/${PACKAGE_TARNAME}'
dvidir='${docdir}'
exec_prefix='${prefix}'
host='wasm32-unknown-wasi'
host_alias='wasm32-wasi'
host_cpu='wasm32'
host_os='wasi'
host_vendor='unknown'
htmldir='${docdir}'
includedir='${prefix}/include'
infodir='${datarootdir}/info'
install_sh='${SHELL} /home/nathan/secure-exec-wasmgui/experiments/wasm-gui/third_party/xfconf/install-sh'
intltool__v_merge_options_0='-q'
intltool__v_merge_options_='$(intltool__v_merge_options_$(AM_DEFAULT_VERBOSITY))'
libdir='${exec_prefix}/lib'
libexecdir='${exec_prefix}/libexec'
localedir='${prefix}/share/locale'
localstatedir='${prefix}/var'
mandir='${datarootdir}/man'
mkdir_p='$(MKDIR_P)'
oldincludedir='/usr/include'
pdfdir='${docdir}'
prefix='/home/nathan/secure-exec-wasmgui/experiments/wasm-gui/third_party/wasm-prefix-threads'
program_transform_name='s,x,x,'
psdir='${docdir}'
runstatedir='${localstatedir}/run'
sbindir='${exec_prefix}/sbin'
sharedstatedir='${prefix}/com'
sysconfdir='${prefix}/etc'
target_alias=''

## ----------- ##
## confdefs.h. ##
## ----------- ##

/* confdefs.h */
#define PACKAGE_NAME "xfconf"
#define PACKAGE_TARNAME "xfconf"
#define PACKAGE_VERSION "4.18.3"
#define PACKAGE_STRING "xfconf 4.18.3"
#define PACKAGE_BUGREPORT "https://gitlab.xfce.org/xfce/xfconf"
#define PACKAGE_URL ""
#define PACKAGE "xfconf"
#define VERSION "4.18.3"
#define HAVE_STDIO_H 1
#define HAVE_STDLIB_H 1
#define HAVE_STRING_H 1
#define HAVE_INTTYPES_H 1
#define HAVE_STDINT_H 1
#define HAVE_STRINGS_H 1
#define HAVE_SYS_STAT_H 1
#define HAVE_SYS_TYPES_H 1
#define HAVE_UNISTD_H 1
#define STDC_HEADERS 1
#define HAVE_DLFCN_H 1
#define LT_OBJDIR ".libs/"
#define HAVE_ERRNO_H 1
#define HAVE_FCNTL_H 1
#define HAVE_GRP_H 1
#define HAVE_LOCALE_H 1
#define HAVE_SIGNAL_H 1
#define HAVE_STDLIB_H 1
#define HAVE_STRING_H 1
#define HAVE_SYS_STAT_H 1
#define HAVE_SYS_TIME_H 1
#define HAVE_SYS_TYPES_H 1
#define HAVE_SYS_WAIT_H 1
#define HAVE_UNISTD_H 1
#define HAVE_FDATASYNC 1
#define HAVE_FSYNC 1
#define HAVE_SETLOCALE 1
#define GETTEXT_PACKAGE "xfconf"
#define XFCONF_SERVICE_NAME_PREFIX "org.xfce"
#define XFCONF_SERVICE_PATH_PREFIX "/org/xfce"
#define G_LOG_USE_STRUCTURED 1
#define GLIB_VERSION_MAX_ALLOWED GLIB_VERSION_2_66
#define GLIB_VERSION_MIN_REQUIRED GLIB_VERSION_2_66
#define ALIGNOF_GUCHAR 1
#define ALIGNOF_GCHAR 1
#define ALIGNOF_GUINT16 2
#define ALIGNOF_GINT16 2
#define ALIGNOF_GUINT32 4
#define ALIGNOF_GINT32 4
#define ALIGNOF_GUINT64 8
#define ALIGNOF_GINT64 8
#define ALIGNOF_GFLOAT 4
#define ALIGNOF_GDOUBLE 8
#define ALIGNOF_GBOOLEAN 4
#define ALIGNOF_GPOINTER 4
#define BUILD_XFCONF_BACKEND_PERCHANNEL_XML 1
#define XFCONF_EXPORT __attribute__((visibility("default")))

configure: exit 0
