This file contains any messages produced by compilers while
running configure, to aid debugging if configure makes a mistake.

It was created by Mousepad configure 0.6.1, which was
generated by GNU Autoconf 2.71.  Invocation command line was

  $ ./configure --host=wasm32-wasi --prefix=/home/nathan/secure-exec-wasmgui/experiments/wasm-gui/third_party/wasm-prefix-threads --enable-static --disable-shared --disable-malloc0returnsnull --datadir=/usr/share --sysconfdir=/etc --enable-static --disable-shared --enable-keyfile-settings --disable-plugin-gspell --disable-plugin-shortcuts --disable-gtk-doc --disable-gtk-doc-html --disable-nls --disable-debug

## --------- ##
## Platform. ##
## --------- ##

hostname = nathan-dev
uname -m = x86_64
uname -r = 6.1.0-41-amd64
uname -s = Linux
uname -v = #1 SMP PREEMPT_DYNAMIC Debian 6.1.158-1 (2025-11-09)

/usr/bin/uname -p = unknown
/bin/uname -X     = unknown

/bin/arch              = x86_64
/usr/bin/arch -k       = unknown
/usr/convex/getsysinfo = unknown
/usr/bin/hostinfo      = unknown
/bin/machine           = unknown
/usr/bin/oslevel       = unknown
/bin/universe          = unknown

PATH: /home/nathan/secure-exec-wasmgui/experiments/wasm-gui/toolchain/host-bin/
PATH: /home/linuxbrew/.linuxbrew/bin/
PATH: /home/nathan/misc/bun/bin/
PATH: /home/nathan/.bun/bin/
PATH: /home/nathan/.bun/bin/
PATH: /home/nathan/.bun/bin/
PATH: /home/nathan/.bun/bin/
PATH: /home/nathan/.wasmer/bin/
PATH: /home/nathan/.opencode/bin/
PATH: /home/nathan/.local/bin/
PATH: /home/nathan/.bun/bin/
PATH: /home/nathan/.cargo/bin/
PATH: /home/nathan/.nix-profile/bin/
PATH: /nix/var/nix/profiles/default/bin/
PATH: /home/linuxbrew/.linuxbrew/bin/
PATH: /home/linuxbrew/.linuxbrew/sbin/
PATH: /home/nathan/.local/bin/
PATH: /home/linuxbrew/.linuxbrew/opt/rustup/bin/
PATH: /home/nathan/.local/bin/
PATH: /home/nathan/.atuin/bin/
PATH: /home/nathan/misc/bun/bin/
PATH: /home/nathan/.bun/bin/
PATH: /home/nathan/.bun/bin/
PATH: /home/nathan/.bun/bin/
PATH: /home/nathan/.bun/bin/
PATH: /home/nathan/.wasmer/bin/
PATH: /home/nathan/.deno/bin/
PATH: /home/nathan/.opencode/bin/
PATH: /home/nathan/.local/bin/
PATH: /home/nathan/.bun/bin/
PATH: /home/nathan/.cargo/bin/
PATH: /home/nathan/.nix-profile/bin/
PATH: /nix/var/nix/profiles/default/bin/
PATH: /tmp/pnpm/
PATH: /home/linuxbrew/.linuxbrew/bin/
PATH: /home/linuxbrew/.linuxbrew/sbin/
PATH: /home/nathan/.nvm/versions/node/v24.13.0/bin/
PATH: /home/nathan/.nix-profile/bin/
PATH: /nix/var/nix/profiles/default/bin/
PATH: /usr/local/bin/
PATH: /usr/bin/
PATH: /bin/
PATH: /usr/local/games/
PATH: /usr/games/


## ----------- ##
## Core tests. ##
## ----------- ##

configure:2588: looking for aux files: config.rpath ltmain.sh compile missing install-sh config.guess config.sub
configure:2601:  trying ./
configure:2630:   ./config.rpath found
configure:2630:   ./ltmain.sh found
configure:2630:   ./compile found
configure:2630:   ./missing found
configure:2612:   ./install-sh found
configure:2630:   ./config.guess found
configure:2630:   ./config.sub found
configure:2750: checking build system type
configure:2765: result: x86_64-pc-linux-gnux32
configure:2785: checking host system type
configure:2799: result: wasm32-unknown-wasi
configure:2819: checking target system type
configure:2833: result: wasm32-unknown-wasi
configure:2878: checking for a BSD-compatible install
configure:2951: result: /usr/bin/install -c
configure:2962: checking whether build environment is sane
configure:3017: result: yes
configure:3073: checking for wasm32-wasi-strip
configure:3108: result: no
configure:3118: checking for strip
configure:3139: found /home/linuxbrew/.linuxbrew/bin/strip
configure:3150: result: strip
configure:3176: checking for a race-free mkdir -p
configure:3220: result: /usr/bin/mkdir -p
configure:3227: checking for gawk
configure:3262: result: no
configure:3227: checking for mawk
configure:3248: found /usr/bin/mawk
configure:3259: result: mawk
configure:3270: checking whether make sets $(MAKE)
configure:3293: result: yes
configure:3323: checking whether make supports nested variables
configure:3341: result: yes
configure:3426: checking whether UID '1000' is supported by ustar format
configure:3429: result: yes
configure:3436: checking whether GID '1000' is supported by ustar format
configure:3439: result: yes
configure:3447: checking how to create a ustar tar archive
configure:3458: tar --version
tar (GNU tar) 1.34
Copyright (C) 2021 Free Software Foundation, Inc.
License GPLv3+: GNU GPL version 3 or later <https://gnu.org/licenses/gpl.html>.
This is free software: you are free to change and redistribute it.
There is NO WARRANTY, to the extent permitted by law.

Written by John Gilmore and Jay Fenlason.
configure:3461: $? = 0
configure:3501: tardir=conftest.dir && eval tar --format=ustar -chf - "$tardir" >conftest.tar
configure:3504: $? = 0
configure:3508: tar -xf - <conftest.tar
configure:3511: $? = 0
configure:3513: cat conftest.dir/file
GrepMe
configure:3516: $? = 0
configure:3530: result: gnutar
configure:3597: checking whether to enable maintainer-specific portions of Makefiles
configure:3607: result: no
configure:3632: checking whether make supports nested variables
configure:3650: result: yes
configure:3675: checking whether make supports the include directive
configure:3690: make -f confmf.GNU && cat confinc.out
this is the am__doit target
configure:3693: $? = 0
configure:3712: result: yes (GNU style)
configure:3743: checking for wasm32-wasi-gcc
configure:3775: result: /home/nathan/secure-exec-wasmgui/experiments/wasm-gui/toolchain/clang-wasi-wrap.sh
configure:4173: checking for C compiler version
configure:4182: /home/nathan/secure-exec-wasmgui/experiments/wasm-gui/toolchain/clang-wasi-wrap.sh --version >&5
clang version 19.1.5-wasi-sdk (https://github.com/llvm/llvm-project ab4b5a2db582958af1ee308a790cfdb42bd24720)
Target: wasm32-unknown-wasi
Thread model: posix
InstalledDir: /home/nathan/secure-exec/registry/native/c/vendor/wasi-sdk/bin
configure:4193: $? = 0
configure:4182: /home/nathan/secure-exec-wasmgui/experiments/wasm-gui/toolchain/clang-wasi-wrap.sh -v >&5
clang version 19.1.5-wasi-sdk (https://github.com/llvm/llvm-project ab4b5a2db582958af1ee308a790cfdb42bd24720)
Target: wasm32-unknown-wasi
Thread model: posix
InstalledDir: /home/nathan/secure-exec/registry/native/c/vendor/wasi-sdk/bin
configure:4193: $? = 0
configure:4182: /home/nathan/secure-exec-wasmgui/experiments/wasm-gui/toolchain/clang-wasi-wrap.sh -V >&5
clang: error: argument to '-V' is missing (expected 1 value)
clang: error: no input files
configure:4193: $? = 1
configure:4182: /home/nathan/secure-exec-wasmgui/experiments/wasm-gui/toolchain/clang-wasi-wrap.sh -qversion >&5
clang: error: unknown argument '-qversion'; did you mean '--version'?
clang: error: no input files
configure:4193: $? = 1
configure:4182: /home/nathan/secure-exec-wasmgui/experiments/wasm-gui/toolchain/clang-wasi-wrap.sh -version >&5
clang: error: unknown argument '-version'; did you mean '--version'?
clang: error: no input files
configure:4193: $? = 1
configure:4213: checking whether the C compiler works
configure:4235: /home/nathan/secure-exec-wasmgui/experiments/wasm-gui/toolchain/clang-wasi-wrap.sh --target=wasm32-wasip1-threads --sysroot=/home/nathan/secure-exec/registry/native/c/vendor/wasi-sdk/share/wasi-sysroot -O2 -pthread -matomics -mbulk-memory -DSECURE_EXEC_WASM_THREADS -D_WASI_EMULATED_SIGNAL -D_WASI_EMULATED_MMAN -D_WASI_EMULATED_PROCESS_CLOCKS -D_GNU_SOURCE -mllvm -wasm-enable-sjlj -Wno-error=implicit-function-declaration -Wno-error=int-conversion -Wno-int-conversion -I/home/nathan/secure-exec-wasmgui/experiments/wasm-gui/toolchain/compat-include -include /home/nathan/secure-exec-wasmgui/experiments/wasm-gui/toolchain/wasi-compat.h -I/home/nathan/secure-exec-wasmgui/experiments/wasm-gui/third_party/wasm-prefix-threads/include -I/home/nathan/secure-exec-wasmgui/experiments/wasm-gui/third_party/wasm-prefix-threads/include/gtksourceview-4 -g0 --target=wasm32-wasip1-threads --sysroot=/home/nathan/secure-exec/registry/native/c/vendor/wasi-sdk/share/wasi-sysroot -I/home/nathan/secure-exec-wasmgui/experiments/wasm-gui/third_party/wasm-prefix-threads/include -I/home/nathan/secure-exec-wasmgui/experiments/wasm-gui/toolchain/compat-include -include /home/nathan/secure-exec-wasmgui/experiments/wasm-gui/toolchain/wasi-compat.h --target=wasm32-wasip1-threads --sysroot=/home/nathan/secure-exec/registry/native/c/vendor/wasi-sdk/share/wasi-sysroot -Wl,--shared-memory -Wl,--import-memory -Wl,--export-memory -Wl,--max-memory=536870912 -Wl,--export=wasi_thread_start -Wl,--no-check-features -lwasi-emulated-signal -L/home/nathan/secure-exec-wasmgui/experiments/wasm-gui/third_party/wasm-prefix-threads/lib -L/home/nathan/secure-exec/registry/native/c/vendor/wasi-sdk/share/wasi-sysroot/lib/wasm32-wasip1-threads -lwasi-emulated-mman -lwasi-emulated-process-clocks -L/home/nathan/secure-exec-wasmgui/experiments/wasm-gui/third_party/wasm-prefix-threads/lib -lhostcompat conftest.c  >&5
configure:4239: $? = 0
configure:4289: result: yes
configure:4292: checking for C compiler default output file name
configure:4294: result: a.out
configure:4300: checking for suffix of executables
configure:4307: /home/nathan/secure-exec-wasmgui/experiments/wasm-gui/toolchain/clang-wasi-wrap.sh -o conftest --target=wasm32-wasip1-threads --sysroot=/home/nathan/secure-exec/registry/native/c/vendor/wasi-sdk/share/wasi-sysroot -O2 -pthread -matomics -mbulk-memory -DSECURE_EXEC_WASM_THREADS -D_WASI_EMULATED_SIGNAL -D_WASI_EMULATED_MMAN -D_WASI_EMULATED_PROCESS_CLOCKS -D_GNU_SOURCE -mllvm -wasm-enable-sjlj -Wno-error=implicit-function-declaration -Wno-error=int-conversion -Wno-int-conversion -I/home/nathan/secure-exec-wasmgui/experiments/wasm-gui/toolchain/compat-include -include /home/nathan/secure-exec-wasmgui/experiments/wasm-gui/toolchain/wasi-compat.h -I/home/nathan/secure-exec-wasmgui/experiments/wasm-gui/third_party/wasm-prefix-threads/include -I/home/nathan/secure-exec-wasmgui/experiments/wasm-gui/third_party/wasm-prefix-threads/include/gtksourceview-4 -g0 --target=wasm32-wasip1-threads --sysroot=/home/nathan/secure-exec/registry/native/c/vendor/wasi-sdk/share/wasi-sysroot -I/home/nathan/secure-exec-wasmgui/experiments/wasm-gui/third_party/wasm-prefix-threads/include -I/home/nathan/secure-exec-wasmgui/experiments/wasm-gui/toolchain/compat-include -include /home/nathan/secure-exec-wasmgui/experiments/wasm-gui/toolchain/wasi-compat.h --target=wasm32-wasip1-threads --sysroot=/home/nathan/secure-exec/registry/native/c/vendor/wasi-sdk/share/wasi-sysroot -Wl,--shared-memory -Wl,--import-memory -Wl,--export-memory -Wl,--max-memory=536870912 -Wl,--export=wasi_thread_start -Wl,--no-check-features -lwasi-emulated-signal -L/home/nathan/secure-exec-wasmgui/experiments/wasm-gui/third_party/wasm-prefix-threads/lib -L/home/nathan/secure-exec/registry/native/c/vendor/wasi-sdk/share/wasi-sysroot/lib/wasm32-wasip1-threads -lwasi-emulated-mman -lwasi-emulated-process-clocks -L/home/nathan/secure-exec-wasmgui/experiments/wasm-gui/third_party/wasm-prefix-threads/lib -lhostcompat conftest.c  >&5
configure:4311: $? = 0
configure:4334: result: 
configure:4356: checking whether we are cross compiling
configure:4364: /home/nathan/secure-exec-wasmgui/experiments/wasm-gui/toolchain/clang-wasi-wrap.sh -o conftest --target=wasm32-wasip1-threads --sysroot=/home/nathan/secure-exec/registry/native/c/vendor/wasi-sdk/share/wasi-sysroot -O2 -pthread -matomics -mbulk-memory -DSECURE_EXEC_WASM_THREADS -D_WASI_EMULATED_SIGNAL -D_WASI_EMULATED_MMAN -D_WASI_EMULATED_PROCESS_CLOCKS -D_GNU_SOURCE -mllvm -wasm-enable-sjlj -Wno-error=implicit-function-declaration -Wno-error=int-conversion -Wno-int-conversion -I/home/nathan/secure-exec-wasmgui/experiments/wasm-gui/toolchain/compat-include -include /home/nathan/secure-exec-wasmgui/experiments/wasm-gui/toolchain/wasi-compat.h -I/home/nathan/secure-exec-wasmgui/experiments/wasm-gui/third_party/wasm-prefix-threads/include -I/home/nathan/secure-exec-wasmgui/experiments/wasm-gui/third_party/wasm-prefix-threads/include/gtksourceview-4 -g0 --target=wasm32-wasip1-threads --sysroot=/home/nathan/secure-exec/registry/native/c/vendor/wasi-sdk/share/wasi-sysroot -I/home/nathan/secure-exec-wasmgui/experiments/wasm-gui/third_party/wasm-prefix-threads/include -I/home/nathan/secure-exec-wasmgui/experiments/wasm-gui/toolchain/compat-include -include /home/nathan/secure-exec-wasmgui/experiments/wasm-gui/toolchain/wasi-compat.h --target=wasm32-wasip1-threads --sysroot=/home/nathan/secure-exec/registry/native/c/vendor/wasi-sdk/share/wasi-sysroot -Wl,--shared-memory -Wl,--import-memory -Wl,--export-memory -Wl,--max-memory=536870912 -Wl,--export=wasi_thread_start -Wl,--no-check-features -lwasi-emulated-signal -L/home/nathan/secure-exec-wasmgui/experiments/wasm-gui/third_party/wasm-prefix-threads/lib -L/home/nathan/secure-exec/registry/native/c/vendor/wasi-sdk/share/wasi-sysroot/lib/wasm32-wasip1-threads -lwasi-emulated-mman -lwasi-emulated-process-clocks -L/home/nathan/secure-exec-wasmgui/experiments/wasm-gui/third_party/wasm-prefix-threads/lib -lhostcompat conftest.c  >&5
configure:4368: $? = 0
configure:4375: ./conftest
./configure: line 4377: ./conftest: cannot execute binary file: Exec format error
configure:4379: $? = 126
configure:4394: result: yes
configure:4399: checking for suffix of object files
configure:4422: /home/nathan/secure-exec-wasmgui/experiments/wasm-gui/toolchain/clang-wasi-wrap.sh -c --target=wasm32-wasip1-threads --sysroot=/home/nathan/secure-exec/registry/native/c/vendor/wasi-sdk/share/wasi-sysroot -O2 -pthread -matomics -mbulk-memory -DSECURE_EXEC_WASM_THREADS -D_WASI_EMULATED_SIGNAL -D_WASI_EMULATED_MMAN -D_WASI_EMULATED_PROCESS_CLOCKS -D_GNU_SOURCE -mllvm -wasm-enable-sjlj -Wno-error=implicit-function-declaration -Wno-error=int-conversion -Wno-int-conversion -I/home/nathan/secure-exec-wasmgui/experiments/wasm-gui/toolchain/compat-include -include /home/nathan/secure-exec-wasmgui/experiments/wasm-gui/toolchain/wasi-compat.h -I/home/nathan/secure-exec-wasmgui/experiments/wasm-gui/third_party/wasm-prefix-threads/include -I/home/nathan/secure-exec-wasmgui/experiments/wasm-gui/third_party/wasm-prefix-threads/include/gtksourceview-4 -g0 --target=wasm32-wasip1-threads --sysroot=/home/nathan/secure-exec/registry/native/c/vendor/wasi-sdk/share/wasi-sysroot -I/home/nathan/secure-exec-wasmgui/experiments/wasm-gui/third_party/wasm-prefix-threads/include -I/home/nathan/secure-exec-wasmgui/experiments/wasm-gui/toolchain/compat-include -include /home/nathan/secure-exec-wasmgui/experiments/wasm-gui/toolchain/wasi-compat.h conftest.c >&5
configure:4426: $? = 0
configure:4448: result: o
configure:4452: checking whether the compiler supports GNU C
configure:4472: /home/nathan/secure-exec-wasmgui/experiments/wasm-gui/toolchain/clang-wasi-wrap.sh -c --target=wasm32-wasip1-threads --sysroot=/home/nathan/secure-exec/registry/native/c/vendor/wasi-sdk/share/wasi-sysroot -O2 -pthread -matomics -mbulk-memory -DSECURE_EXEC_WASM_THREADS -D_WASI_EMULATED_SIGNAL -D_WASI_EMULATED_MMAN -D_WASI_EMULATED_PROCESS_CLOCKS -D_GNU_SOURCE -mllvm -wasm-enable-sjlj -Wno-error=implicit-function-declaration -Wno-error=int-conversion -Wno-int-conversion -I/home/nathan/secure-exec-wasmgui/experiments/wasm-gui/toolchain/compat-include -include /home/nathan/secure-exec-wasmgui/experiments/wasm-gui/toolchain/wasi-compat.h -I/home/nathan/secure-exec-wasmgui/experiments/wasm-gui/third_party/wasm-prefix-threads/include -I/home/nathan/secure-exec-wasmgui/experiments/wasm-gui/third_party/wasm-prefix-threads/include/gtksourceview-4 -g0 --target=wasm32-wasip1-threads --sysroot=/home/nathan/secure-exec/registry/native/c/vendor/wasi-sdk/share/wasi-sysroot -I/home/nathan/secure-exec-wasmgui/experiments/wasm-gui/third_party/wasm-prefix-threads/include -I/home/nathan/secure-exec-wasmgui/experiments/wasm-gui/toolchain/compat-include -include /home/nathan/secure-exec-wasmgui/experiments/wasm-gui/toolchain/wasi-compat.h conftest.c >&5
configure:4472: $? = 0
configure:4482: result: yes
configure:4493: checking whether /home/nathan/secure-exec-wasmgui/experiments/wasm-gui/toolchain/clang-wasi-wrap.sh accepts -g
configure:4514: /home/nathan/secure-exec-wasmgui/experiments/wasm-gui/toolchain/clang-wasi-wrap.sh -c -g --target=wasm32-wasip1-threads --sysroot=/home/nathan/secure-exec/registry/native/c/vendor/wasi-sdk/share/wasi-sysroot -I/home/nathan/secure-exec-wasmgui/experiments/wasm-gui/third_party/wasm-prefix-threads/include -I/home/nathan/secure-exec-wasmgui/experiments/wasm-gui/toolchain/compat-include -include /home/nathan/secure-exec-wasmgui/experiments/wasm-gui/toolchain/wasi-compat.h conftest.c >&5
configure:4514: $? = 0
configure:4558: result: yes
configure:4578: checking for /home/nathan/secure-exec-wasmgui/experiments/wasm-gui/toolchain/clang-wasi-wrap.sh option to enable C11 features
configure:4593: /home/nathan/secure-exec-wasmgui/experiments/wasm-gui/toolchain/clang-wasi-wrap.sh  -c --target=wasm32-wasip1-threads --sysroot=/home/nathan/secure-exec/registry/native/c/vendor/wasi-sdk/share/wasi-sysroot -O2 -pthread -matomics -mbulk-memory -DSECURE_EXEC_WASM_THREADS -D_WASI_EMULATED_SIGNAL -D_WASI_EMULATED_MMAN -D_WASI_EMULATED_PROCESS_CLOCKS -D_GNU_SOURCE -mllvm -wasm-enable-sjlj -Wno-error=implicit-function-declaration -Wno-error=int-conversion -Wno-int-conversion -I/home/nathan/secure-exec-wasmgui/experiments/wasm-gui/toolchain/compat-include -include /home/nathan/secure-exec-wasmgui/experiments/wasm-gui/toolchain/wasi-compat.h -I/home/nathan/secure-exec-wasmgui/experiments/wasm-gui/third_party/wasm-prefix-threads/include -I/home/nathan/secure-exec-wasmgui/experiments/wasm-gui/third_party/wasm-prefix-threads/include/gtksourceview-4 -g0 --target=wasm32-wasip1-threads --sysroot=/home/nathan/secure-exec/registry/native/c/vendor/wasi-sdk/share/wasi-sysroot -I/home/nathan/secure-exec-wasmgui/experiments/wasm-gui/third_party/wasm-prefix-threads/include -I/home/nathan/secure-exec-wasmgui/experiments/wasm-gui/toolchain/compat-include -include /home/nathan/secure-exec-wasmgui/experiments/wasm-gui/toolchain/wasi-compat.h conftest.c >&5
conftest.c:25:14: warning: a function definition without a prototype is deprecated in all versions of C and is not supported in C23 [-Wdeprecated-non-prototype]
   25 | static char *e (p, i)
      |              ^
1 warning generated.
configure:4593: $? = 0
configure:4611: result: none needed
configure:4727: checking whether /home/nathan/secure-exec-wasmgui/experiments/wasm-gui/toolchain/clang-wasi-wrap.sh understands -c and -o together
configure:4750: /home/nathan/secure-exec-wasmgui/experiments/wasm-gui/toolchain/clang-wasi-wrap.sh -c conftest.c -o conftest2.o
configure:4753: $? = 0
configure:4750: /home/nathan/secure-exec-wasmgui/experiments/wasm-gui/toolchain/clang-wasi-wrap.sh -c conftest.c -o conftest2.o
configure:4753: $? = 0
configure:4765: result: yes
configure:4784: checking dependency style of /home/nathan/secure-exec-wasmgui/experiments/wasm-gui/toolchain/clang-wasi-wrap.sh
configure:4896: result: gcc3
configure:4916: checking for stdio.h
configure:4916: /home/nathan/secure-exec-wasmgui/experiments/wasm-gui/toolchain/clang-wasi-wrap.sh -c --target=wasm32-wasip1-threads --sysroot=/home/nathan/secure-exec/registry/native/c/vendor/wasi-sdk/share/wasi-sysroot -O2 -pthread -matomics -mbulk-memory -DSECURE_EXEC_WASM_THREADS -D_WASI_EMULATED_SIGNAL -D_WASI_EMULATED_MMAN -D_WASI_EMULATED_PROCESS_CLOCKS -D_GNU_SOURCE -mllvm -wasm-enable-sjlj -Wno-error=implicit-function-declaration -Wno-error=int-conversion -Wno-int-conversion -I/home/nathan/secure-exec-wasmgui/experiments/wasm-gui/toolchain/compat-include -include /home/nathan/secure-exec-wasmgui/experiments/wasm-gui/toolchain/wasi-compat.h -I/home/nathan/secure-exec-wasmgui/experiments/wasm-gui/third_party/wasm-prefix-threads/include -I/home/nathan/secure-exec-wasmgui/experiments/wasm-gui/third_party/wasm-prefix-threads/include/gtksourceview-4 -g0 --target=wasm32-wasip1-threads --sysroot=/home/nathan/secure-exec/registry/native/c/vendor/wasi-sdk/share/wasi-sysroot -I/home/nathan/secure-exec-wasmgui/experiments/wasm-gui/third_party/wasm-prefix-threads/include -I/home/nathan/secure-exec-wasmgui/experiments/wasm-gui/toolchain/compat-include -include /home/nathan/secure-exec-wasmgui/experiments/wasm-gui/toolchain/wasi-compat.h conftest.c >&5
configure:4916: $? = 0
configure:4916: result: yes
configure:4916: checking for stdlib.h
configure:4916: /home/nathan/secure-exec-wasmgui/experiments/wasm-gui/toolchain/clang-wasi-wrap.sh -c --target=wasm32-wasip1-threads --sysroot=/home/nathan/secure-exec/registry/native/c/vendor/wasi-sdk/share/wasi-sysroot -O2 -pthread -matomics -mbulk-memory -DSECURE_EXEC_WASM_THREADS -D_WASI_EMULATED_SIGNAL -D_WASI_EMULATED_MMAN -D_WASI_EMULATED_PROCESS_CLOCKS -D_GNU_SOURCE -mllvm -wasm-enable-sjlj -Wno-error=implicit-function-declaration -Wno-error=int-conversion -Wno-int-conversion -I/home/nathan/secure-exec-wasmgui/experiments/wasm-gui/toolchain/compat-include -include /home/nathan/secure-exec-wasmgui/experiments/wasm-gui/toolchain/wasi-compat.h -I/home/nathan/secure-exec-wasmgui/experiments/wasm-gui/third_party/wasm-prefix-threads/include -I/home/nathan/secure-exec-wasmgui/experiments/wasm-gui/third_party/wasm-prefix-threads/include/gtksourceview-4 -g0 --target=wasm32-wasip1-threads --sysroot=/home/nathan/secure-exec/registry/native/c/vendor/wasi-sdk/share/wasi-sysroot -I/home/nathan/secure-exec-wasmgui/experiments/wasm-gui/third_party/wasm-prefix-threads/include -I/home/nathan/secure-exec-wasmgui/experiments/wasm-gui/toolchain/compat-include -include /home/nathan/secure-exec-wasmgui/experiments/wasm-gui/toolchain/wasi-compat.h conftest.c >&5
configure:4916: $? = 0
configure:4916: result: yes
configure:4916: checking for string.h
configure:4916: /home/nathan/secure-exec-wasmgui/experiments/wasm-gui/toolchain/clang-wasi-wrap.sh -c --target=wasm32-wasip1-threads --sysroot=/home/nathan/secure-exec/registry/native/c/vendor/wasi-sdk/share/wasi-sysroot -O2 -pthread -matomics -mbulk-memory -DSECURE_EXEC_WASM_THREADS -D_WASI_EMULATED_SIGNAL -D_WASI_EMULATED_MMAN -D_WASI_EMULATED_PROCESS_CLOCKS -D_GNU_SOURCE -mllvm -wasm-enable-sjlj -Wno-error=implicit-function-declaration -Wno-error=int-conversion -Wno-int-conversion -I/home/nathan/secure-exec-wasmgui/experiments/wasm-gui/toolchain/compat-include -include /home/nathan/secure-exec-wasmgui/experiments/wasm-gui/toolchain/wasi-compat.h -I/home/nathan/secure-exec-wasmgui/experiments/wasm-gui/third_party/wasm-prefix-threads/include -I/home/nathan/secure-exec-wasmgui/experiments/wasm-gui/third_party/wasm-prefix-threads/include/gtksourceview-4 -g0 --target=wasm32-wasip1-threads --sysroot=/home/nathan/secure-exec/registry/native/c/vendor/wasi-sdk/share/wasi-sysroot -I/home/nathan/secure-exec-wasmgui/experiments/wasm-gui/third_party/wasm-prefix-threads/include -I/home/nathan/secure-exec-wasmgui/experiments/wasm-gui/toolchain/compat-include -include /home/nathan/secure-exec-wasmgui/experiments/wasm-gui/toolchain/wasi-compat.h conftest.c >&5
configure:4916: $? = 0
configure:4916: result: yes
configure:4916: checking for inttypes.h
configure:4916: /home/nathan/secure-exec-wasmgui/experiments/wasm-gui/toolchain/clang-wasi-wrap.sh -c --target=wasm32-wasip1-threads --sysroot=/home/nathan/secure-exec/registry/native/c/vendor/wasi-sdk/share/wasi-sysroot -O2 -pthread -matomics -mbulk-memory -DSECURE_EXEC_WASM_THREADS -D_WASI_EMULATED_SIGNAL -D_WASI_EMULATED_MMAN -D_WASI_EMULATED_PROCESS_CLOCKS -D_GNU_SOURCE -mllvm -wasm-enable-sjlj -Wno-error=implicit-function-declaration -Wno-error=int-conversion -Wno-int-conversion -I/home/nathan/secure-exec-wasmgui/experiments/wasm-gui/toolchain/compat-include -include /home/nathan/secure-exec-wasmgui/experiments/wasm-gui/toolchain/wasi-compat.h -I/home/nathan/secure-exec-wasmgui/experiments/wasm-gui/third_party/wasm-prefix-threads/include -I/home/nathan/secure-exec-wasmgui/experiments/wasm-gui/third_party/wasm-prefix-threads/include/gtksourceview-4 -g0 --target=wasm32-wasip1-threads --sysroot=/home/nathan/secure-exec/registry/native/c/vendor/wasi-sdk/share/wasi-sysroot -I/home/nathan/secure-exec-wasmgui/experiments/wasm-gui/third_party/wasm-prefix-threads/include -I/home/nathan/secure-exec-wasmgui/experiments/wasm-gui/toolchain/compat-include -include /home/nathan/secure-exec-wasmgui/experiments/wasm-gui/toolchain/wasi-compat.h conftest.c >&5
configure:4916: $? = 0
configure:4916: result: yes
configure:4916: checking for stdint.h
configure:4916: /home/nathan/secure-exec-wasmgui/experiments/wasm-gui/toolchain/clang-wasi-wrap.sh -c --target=wasm32-wasip1-threads --sysroot=/home/nathan/secure-exec/registry/native/c/vendor/wasi-sdk/share/wasi-sysroot -O2 -pthread -matomics -mbulk-memory -DSECURE_EXEC_WASM_THREADS -D_WASI_EMULATED_SIGNAL -D_WASI_EMULATED_MMAN -D_WASI_EMULATED_PROCESS_CLOCKS -D_GNU_SOURCE -mllvm -wasm-enable-sjlj -Wno-error=implicit-function-declaration -Wno-error=int-conversion -Wno-int-conversion -I/home/nathan/secure-exec-wasmgui/experiments/wasm-gui/toolchain/compat-include -include /home/nathan/secure-exec-wasmgui/experiments/wasm-gui/toolchain/wasi-compat.h -I/home/nathan/secure-exec-wasmgui/experiments/wasm-gui/third_party/wasm-prefix-threads/include -I/home/nathan/secure-exec-wasmgui/experiments/wasm-gui/third_party/wasm-prefix-threads/include/gtksourceview-4 -g0 --target=wasm32-wasip1-threads --sysroot=/home/nathan/secure-exec/registry/native/c/vendor/wasi-sdk/share/wasi-sysroot -I/home/nathan/secure-exec-wasmgui/experiments/wasm-gui/third_party/wasm-prefix-threads/include -I/home/nathan/secure-exec-wasmgui/experiments/wasm-gui/toolchain/compat-include -include /home/nathan/secure-exec-wasmgui/experiments/wasm-gui/toolchain/wasi-compat.h conftest.c >&5
configure:4916: $? = 0
configure:4916: result: yes
configure:4916: checking for strings.h
configure:4916: /home/nathan/secure-exec-wasmgui/experiments/wasm-gui/toolchain/clang-wasi-wrap.sh -c --target=wasm32-wasip1-threads --sysroot=/home/nathan/secure-exec/registry/native/c/vendor/wasi-sdk/share/wasi-sysroot -O2 -pthread -matomics -mbulk-memory -DSECURE_EXEC_WASM_THREADS -D_WASI_EMULATED_SIGNAL -D_WASI_EMULATED_MMAN -D_WASI_EMULATED_PROCESS_CLOCKS -D_GNU_SOURCE -mllvm -wasm-enable-sjlj -Wno-error=implicit-function-declaration -Wno-error=int-conversion -Wno-int-conversion -I/home/nathan/secure-exec-wasmgui/experiments/wasm-gui/toolchain/compat-include -include /home/nathan/secure-exec-wasmgui/experiments/wasm-gui/toolchain/wasi-compat.h -I/home/nathan/secure-exec-wasmgui/experiments/wasm-gui/third_party/wasm-prefix-threads/include -I/home/nathan/secure-exec-wasmgui/experiments/wasm-gui/third_party/wasm-prefix-threads/include/gtksourceview-4 -g0 --target=wasm32-wasip1-threads --sysroot=/home/nathan/secure-exec/registry/native/c/vendor/wasi-sdk/share/wasi-sysroot -I/home/nathan/secure-exec-wasmgui/experiments/wasm-gui/third_party/wasm-prefix-threads/include -I/home/nathan/secure-exec-wasmgui/experiments/wasm-gui/toolchain/compat-include -include /home/nathan/secure-exec-wasmgui/experiments/wasm-gui/toolchain/wasi-compat.h conftest.c >&5
configure:4916: $? = 0
configure:4916: result: yes
configure:4916: checking for sys/stat.h
configure:4916: /home/nathan/secure-exec-wasmgui/experiments/wasm-gui/toolchain/clang-wasi-wrap.sh -c --target=wasm32-wasip1-threads --sysroot=/home/nathan/secure-exec/registry/native/c/vendor/wasi-sdk/share/wasi-sysroot -O2 -pthread -matomics -mbulk-memory -DSECURE_EXEC_WASM_THREADS -D_WASI_EMULATED_SIGNAL -D_WASI_EMULATED_MMAN -D_WASI_EMULATED_PROCESS_CLOCKS -D_GNU_SOURCE -mllvm -wasm-enable-sjlj -Wno-error=implicit-function-declaration -Wno-error=int-conversion -Wno-int-conversion -I/home/nathan/secure-exec-wasmgui/experiments/wasm-gui/toolchain/compat-include -include /home/nathan/secure-exec-wasmgui/experiments/wasm-gui/toolchain/wasi-compat.h -I/home/nathan/secure-exec-wasmgui/experiments/wasm-gui/third_party/wasm-prefix-threads/include -I/home/nathan/secure-exec-wasmgui/experiments/wasm-gui/third_party/wasm-prefix-threads/include/gtksourceview-4 -g0 --target=wasm32-wasip1-threads --sysroot=/home/nathan/secure-exec/registry/native/c/vendor/wasi-sdk/share/wasi-sysroot -I/home/nathan/secure-exec-wasmgui/experiments/wasm-gui/third_party/wasm-prefix-threads/include -I/home/nathan/secure-exec-wasmgui/experiments/wasm-gui/toolchain/compat-include -include /home/nathan/secure-exec-wasmgui/experiments/wasm-gui/toolchain/wasi-compat.h conftest.c >&5
configure:4916: $? = 0
configure:4916: result: yes
configure:4916: checking for sys/types.h
configure:4916: /home/nathan/secure-exec-wasmgui/experiments/wasm-gui/toolchain/clang-wasi-wrap.sh -c --target=wasm32-wasip1-threads --sysroot=/home/nathan/secure-exec/registry/native/c/vendor/wasi-sdk/share/wasi-sysroot -O2 -pthread -matomics -mbulk-memory -DSECURE_EXEC_WASM_THREADS -D_WASI_EMULATED_SIGNAL -D_WASI_EMULATED_MMAN -D_WASI_EMULATED_PROCESS_CLOCKS -D_GNU_SOURCE -mllvm -wasm-enable-sjlj -Wno-error=implicit-function-declaration -Wno-error=int-conversion -Wno-int-conversion -I/home/nathan/secure-exec-wasmgui/experiments/wasm-gui/toolchain/compat-include -include /home/nathan/secure-exec-wasmgui/experiments/wasm-gui/toolchain/wasi-compat.h -I/home/nathan/secure-exec-wasmgui/experiments/wasm-gui/third_party/wasm-prefix-threads/include -I/home/nathan/secure-exec-wasmgui/experiments/wasm-gui/third_party/wasm-prefix-threads/include/gtksourceview-4 -g0 --target=wasm32-wasip1-threads --sysroot=/home/nathan/secure-exec/registry/native/c/vendor/wasi-sdk/share/wasi-sysroot -I/home/nathan/secure-exec-wasmgui/experiments/wasm-gui/third_party/wasm-prefix-threads/include -I/home/nathan/secure-exec-wasmgui/experiments/wasm-gui/toolchain/compat-include -include /home/nathan/secure-exec-wasmgui/experiments/wasm-gui/toolchain/wasi-compat.h conftest.c >&5
configure:4916: $? = 0
configure:4916: result: yes
configure:4916: checking for unistd.h
configure:4916: /home/nathan/secure-exec-wasmgui/experiments/wasm-gui/toolchain/clang-wasi-wrap.sh -c --target=wasm32-wasip1-threads --sysroot=/home/nathan/secure-exec/registry/native/c/vendor/wasi-sdk/share/wasi-sysroot -O2 -pthread -matomics -mbulk-memory -DSECURE_EXEC_WASM_THREADS -D_WASI_EMULATED_SIGNAL -D_WASI_EMULATED_MMAN -D_WASI_EMULATED_PROCESS_CLOCKS -D_GNU_SOURCE -mllvm -wasm-enable-sjlj -Wno-error=implicit-function-declaration -Wno-error=int-conversion -Wno-int-conversion -I/home/nathan/secure-exec-wasmgui/experiments/wasm-gui/toolchain/compat-include -include /home/nathan/secure-exec-wasmgui/experiments/wasm-gui/toolchain/wasi-compat.h -I/home/nathan/secure-exec-wasmgui/experiments/wasm-gui/third_party/wasm-prefix-threads/include -I/home/nathan/secure-exec-wasmgui/experiments/wasm-gui/third_party/wasm-prefix-threads/include/gtksourceview-4 -g0 --target=wasm32-wasip1-threads --sysroot=/home/nathan/secure-exec/registry/native/c/vendor/wasi-sdk/share/wasi-sysroot -I/home/nathan/secure-exec-wasmgui/experiments/wasm-gui/third_party/wasm-prefix-threads/include -I/home/nathan/secure-exec-wasmgui/experiments/wasm-gui/toolchain/compat-include -include /home/nathan/secure-exec-wasmgui/experiments/wasm-gui/toolchain/wasi-compat.h conftest.c >&5
configure:4916: $? = 0
configure:4916: result: yes
configure:4916: checking for wchar.h
configure:4916: /home/nathan/secure-exec-wasmgui/experiments/wasm-gui/toolchain/clang-wasi-wrap.sh -c --target=wasm32-wasip1-threads --sysroot=/home/nathan/secure-exec/registry/native/c/vendor/wasi-sdk/share/wasi-sysroot -O2 -pthread -matomics -mbulk-memory -DSECURE_EXEC_WASM_THREADS -D_WASI_EMULATED_SIGNAL -D_WASI_EMULATED_MMAN -D_WASI_EMULATED_PROCESS_CLOCKS -D_GNU_SOURCE -mllvm -wasm-enable-sjlj -Wno-error=implicit-function-declaration -Wno-error=int-conversion -Wno-int-conversion -I/home/nathan/secure-exec-wasmgui/experiments/wasm-gui/toolchain/compat-include -include /home/nathan/secure-exec-wasmgui/experiments/wasm-gui/toolchain/wasi-compat.h -I/home/nathan/secure-exec-wasmgui/experiments/wasm-gui/third_party/wasm-prefix-threads/include -I/home/nathan/secure-exec-wasmgui/experiments/wasm-gui/third_party/wasm-prefix-threads/include/gtksourceview-4 -g0 --target=wasm32-wasip1-threads --sysroot=/home/nathan/secure-exec/registry/native/c/vendor/wasi-sdk/share/wasi-sysroot -I/home/nathan/secure-exec-wasmgui/experiments/wasm-gui/third_party/wasm-prefix-threads/include -I/home/nathan/secure-exec-wasmgui/experiments/wasm-gui/toolchain/compat-include -include /home/nathan/secure-exec-wasmgui/experiments/wasm-gui/toolchain/wasi-compat.h conftest.c >&5
configure:4916: $? = 0
configure:4916: result: yes
configure:4916: checking for minix/config.h
configure:4916: /home/nathan/secure-exec-wasmgui/experiments/wasm-gui/toolchain/clang-wasi-wrap.sh -c --target=wasm32-wasip1-threads --sysroot=/home/nathan/secure-exec/registry/native/c/vendor/wasi-sdk/share/wasi-sysroot -O2 -pthread -matomics -mbulk-memory -DSECURE_EXEC_WASM_THREADS -D_WASI_EMULATED_SIGNAL -D_WASI_EMULATED_MMAN -D_WASI_EMULATED_PROCESS_CLOCKS -D_GNU_SOURCE -mllvm -wasm-enable-sjlj -Wno-error=implicit-function-declaration -Wno-error=int-conversion -Wno-int-conversion -I/home/nathan/secure-exec-wasmgui/experiments/wasm-gui/toolchain/compat-include -include /home/nathan/secure-exec-wasmgui/experiments/wasm-gui/toolchain/wasi-compat.h -I/home/nathan/secure-exec-wasmgui/experiments/wasm-gui/third_party/wasm-prefix-threads/include -I/home/nathan/secure-exec-wasmgui/experiments/wasm-gui/third_party/wasm-prefix-threads/include/gtksourceview-4 -g0 --target=wasm32-wasip1-threads --sysroot=/home/nathan/secure-exec/registry/native/c/vendor/wasi-sdk/share/wasi-sysroot -I/home/nathan/secure-exec-wasmgui/experiments/wasm-gui/third_party/wasm-prefix-threads/include -I/home/nathan/secure-exec-wasmgui/experiments/wasm-gui/toolchain/compat-include -include /home/nathan/secure-exec-wasmgui/experiments/wasm-gui/toolchain/wasi-compat.h conftest.c >&5
conftest.c:49:10: fatal error: 'minix/config.h' file not found
   49 | #include <minix/config.h>
      |          ^~~~~~~~~~~~~~~~
1 error generated.
configure:4916: $? = 1
configure: failed program was:
| /* confdefs.h */
| #define PACKAGE_NAME "Mousepad"
| #define PACKAGE_TARNAME "mousepad"
| #define PACKAGE_VERSION "0.6.1"
| #define PACKAGE_STRING "Mousepad 0.6.1"
| #define PACKAGE_BUGREPORT "https://gitlab.xfce.org/apps/mousepad"
| #define PACKAGE_URL ""
| #define PACKAGE "mousepad"
| #define VERSION "0.6.1"
| #define HAVE_STDIO_H 1
| #define HAVE_STDLIB_H 1
| #define HAVE_STRING_H 1
| #define HAVE_INTTYPES_H 1
| #define HAVE_STDINT_H 1
| #define HAVE_STRINGS_H 1
| #define HAVE_SYS_STAT_H 1
| #define HAVE_SYS_TYPES_H 1
| #define HAVE_UNISTD_H 1
| #define HAVE_WCHAR_H 1
| /* end confdefs.h.  */
| #include <stddef.h>
| #ifdef HAVE_STDIO_H
| # include <stdio.h>
| #endif
| #ifdef HAVE_STDLIB_H
| # include <stdlib.h>
| #endif
| #ifdef HAVE_STRING_H
| # include <string.h>
| #endif
| #ifdef HAVE_INTTYPES_H
| # include <inttypes.h>
| #endif
| #ifdef HAVE_STDINT_H
| # include <stdint.h>
| #endif
| #ifdef HAVE_STRINGS_H
| # include <strings.h>
| #endif
| #ifdef HAVE_SYS_TYPES_H
| # include <sys/types.h>
| #endif
| #ifdef HAVE_SYS_STAT_H
| # include <sys/stat.h>
| #endif
| #ifdef HAVE_UNISTD_H
| # include <unistd.h>
| #endif
| #include <minix/config.h>
configure:4916: result: no
configure:4947: checking whether it is safe to define __EXTENSIONS__
configure:4966: /home/nathan/secure-exec-wasmgui/experiments/wasm-gui/toolchain/clang-wasi-wrap.sh -c --target=wasm32-wasip1-threads --sysroot=/home/nathan/secure-exec/registry/native/c/vendor/wasi-sdk/share/wasi-sysroot -O2 -pthread -matomics -mbulk-memory -DSECURE_EXEC_WASM_THREADS -D_WASI_EMULATED_SIGNAL -D_WASI_EMULATED_MMAN -D_WASI_EMULATED_PROCESS_CLOCKS -D_GNU_SOURCE -mllvm -wasm-enable-sjlj -Wno-error=implicit-function-declaration -Wno-error=int-conversion -Wno-int-conversion -I/home/nathan/secure-exec-wasmgui/experiments/wasm-gui/toolchain/compat-include -include /home/nathan/secure-exec-wasmgui/experiments/wasm-gui/toolchain/wasi-compat.h -I/home/nathan/secure-exec-wasmgui/experiments/wasm-gui/third_party/wasm-prefix-threads/include -I/home/nathan/secure-exec-wasmgui/experiments/wasm-gui/third_party/wasm-prefix-threads/include/gtksourceview-4 -g0 --target=wasm32-wasip1-threads --sysroot=/home/nathan/secure-exec/registry/native/c/vendor/wasi-sdk/share/wasi-sysroot -I/home/nathan/secure-exec-wasmgui/experiments/wasm-gui/third_party/wasm-prefix-threads/include -I/home/nathan/secure-exec-wasmgui/experiments/wasm-gui/toolchain/compat-include -include /home/nathan/secure-exec-wasmgui/experiments/wasm-gui/toolchain/wasi-compat.h conftest.c >&5
configure:4966: $? = 0
configure:4974: result: yes
configure:4977: checking whether _XOPEN_SOURCE should be defined
configure:4999: /home/nathan/secure-exec-wasmgui/experiments/wasm-gui/toolchain/clang-wasi-wrap.sh -c --target=wasm32-wasip1-threads --sysroot=/home/nathan/secure-exec/registry/native/c/vendor/wasi-sdk/share/wasi-sysroot -O2 -pthread -matomics -mbulk-memory -DSECURE_EXEC_WASM_THREADS -D_WASI_EMULATED_SIGNAL -D_WASI_EMULATED_MMAN -D_WASI_EMULATED_PROCESS_CLOCKS -D_GNU_SOURCE -mllvm -wasm-enable-sjlj -Wno-error=implicit-function-declaration -Wno-error=int-conversion -Wno-int-conversion -I/home/nathan/secure-exec-wasmgui/experiments/wasm-gui/toolchain/compat-include -include /home/nathan/secure-exec-wasmgui/experiments/wasm-gui/toolchain/wasi-compat.h -I/home/nathan/secure-exec-wasmgui/experiments/wasm-gui/third_party/wasm-prefix-threads/include -I/home/nathan/secure-exec-wasmgui/experiments/wasm-gui/third_party/wasm-prefix-threads/include/gtksourceview-4 -g0 --target=wasm32-wasip1-threads --sysroot=/home/nathan/secure-exec/registry/native/c/vendor/wasi-sdk/share/wasi-sysroot -I/home/nathan/secure-exec-wasmgui/experiments/wasm-gui/third_party/wasm-prefix-threads/include -I/home/nathan/secure-exec-wasmgui/experiments/wasm-gui/toolchain/compat-include -include /home/nathan/secure-exec-wasmgui/experiments/wasm-gui/toolchain/wasi-compat.h conftest.c >&5
configure:4999: $? = 0
configure:5026: result: no
configure:5082: checking for library containing strerror
configure:5112: /home/nathan/secure-exec-wasmgui/experiments/wasm-gui/toolchain/clang-wasi-wrap.sh -o conftest --target=wasm32-wasip1-threads --sysroot=/home/nathan/secure-exec/registry/native/c/vendor/wasi-sdk/share/wasi-sysroot -O2 -pthread -matomics -mbulk-memory -DSECURE_EXEC_WASM_THREADS -D_WASI_EMULATED_SIGNAL -D_WASI_EMULATED_MMAN -D_WASI_EMULATED_PROCESS_CLOCKS -D_GNU_SOURCE -mllvm -wasm-enable-sjlj -Wno-error=implicit-function-declaration -Wno-error=int-conversion -Wno-int-conversion -I/home/nathan/secure-exec-wasmgui/experiments/wasm-gui/toolchain/compat-include -include /home/nathan/secure-exec-wasmgui/experiments/wasm-gui/toolchain/wasi-compat.h -I/home/nathan/secure-exec-wasmgui/experiments/wasm-gui/third_party/wasm-prefix-threads/include -I/home/nathan/secure-exec-wasmgui/experiments/wasm-gui/third_party/wasm-prefix-threads/include/gtksourceview-4 -g0 --target=wasm32-wasip1-threads --sysroot=/home/nathan/secure-exec/registry/native/c/vendor/wasi-sdk/share/wasi-sysroot -I/home/nathan/secure-exec-wasmgui/experiments/wasm-gui/third_party/wasm-prefix-threads/include -I/home/nathan/secure-exec-wasmgui/experiments/wasm-gui/toolchain/compat-include -include /home/nathan/secure-exec-wasmgui/experiments/wasm-gui/toolchain/wasi-compat.h --target=wasm32-wasip1-threads --sysroot=/home/nathan/secure-exec/registry/native/c/vendor/wasi-sdk/share/wasi-sysroot -Wl,--shared-memory -Wl,--import-memory -Wl,--export-memory -Wl,--max-memory=536870912 -Wl,--export=wasi_thread_start -Wl,--no-check-features -lwasi-emulated-signal -L/home/nathan/secure-exec-wasmgui/experiments/wasm-gui/third_party/wasm-prefix-threads/lib -L/home/nathan/secure-exec/registry/native/c/vendor/wasi-sdk/share/wasi-sysroot/lib/wasm32-wasip1-threads -lwasi-emulated-mman -lwasi-emulated-process-clocks -L/home/nathan/secure-exec-wasmgui/experiments/wasm-gui/third_party/wasm-prefix-threads/lib -lhostcompat conftest.c  >&5
conftest.c:42:6: warning: incompatible redeclaration of library function 'strerror' [-Wincompatible-library-redeclaration]
   42 | char strerror ();
      |      ^
conftest.c:42:6: note: 'strerror' is a builtin with type 'char *(int)'
1 warning generated.
wasm-ld: warning: function signature mismatch: strerror
>>> defined as () -> i32 in /tmp/conftest-8a232c.o
>>> defined as (i32) -> i32 in /home/nathan/secure-exec/registry/native/c/vendor/wasi-sdk/share/wasi-sysroot/lib/wasm32-wasip1-threads/libc.a(strerror.o)
configure:5112: $? = 0
configure:5132: result: none required
configure:5150: checking for wasm32-wasi-gcc
configure:5182: result: /home/nathan/secure-exec-wasmgui/experiments/wasm-gui/toolchain/clang-wasi-wrap.sh
configure:5580: checking for C compiler version
configure:5589: /home/nathan/secure-exec-wasmgui/experiments/wasm-gui/toolchain/clang-wasi-wrap.sh --version >&5
clang version 19.1.5-wasi-sdk (https://github.com/llvm/llvm-project ab4b5a2db582958af1ee308a790cfdb42bd24720)
Target: wasm32-unknown-wasi
Thread model: posix
InstalledDir: /home/nathan/secure-exec/registry/native/c/vendor/wasi-sdk/bin
configure:5600: $? = 0
configure:5589: /home/nathan/secure-exec-wasmgui/experiments/wasm-gui/toolchain/clang-wasi-wrap.sh -v >&5
clang version 19.1.5-wasi-sdk (https://github.com/llvm/llvm-project ab4b5a2db582958af1ee308a790cfdb42bd24720)
Target: wasm32-unknown-wasi
Thread model: posix
InstalledDir: /home/nathan/secure-exec/registry/native/c/vendor/wasi-sdk/bin
configure:5600: $? = 0
configure:5589: /home/nathan/secure-exec-wasmgui/experiments/wasm-gui/toolchain/clang-wasi-wrap.sh -V >&5
clang: error: argument to '-V' is missing (expected 1 value)
clang: error: no input files
configure:5600: $? = 1
configure:5589: /home/nathan/secure-exec-wasmgui/experiments/wasm-gui/toolchain/clang-wasi-wrap.sh -qversion >&5
clang: error: unknown argument '-qversion'; did you mean '--version'?
clang: error: no input files
configure:5600: $? = 1
configure:5589: /home/nathan/secure-exec-wasmgui/experiments/wasm-gui/toolchain/clang-wasi-wrap.sh -version >&5
clang: error: unknown argument '-version'; did you mean '--version'?
clang: error: no input files
configure:5600: $? = 1
configure:5604: checking whether the compiler supports GNU C
configure:5634: result: yes
configure:5645: checking whether /home/nathan/secure-exec-wasmgui/experiments/wasm-gui/toolchain/clang-wasi-wrap.sh accepts -g
configure:5710: result: yes
configure:5730: checking for /home/nathan/secure-exec-wasmgui/experiments/wasm-gui/toolchain/clang-wasi-wrap.sh option to enable C11 features
configure:5763: result: none needed
configure:5879: checking whether /home/nathan/secure-exec-wasmgui/experiments/wasm-gui/toolchain/clang-wasi-wrap.sh understands -c and -o together
configure:5917: result: yes
configure:5936: checking dependency style of /home/nathan/secure-exec-wasmgui/experiments/wasm-gui/toolchain/clang-wasi-wrap.sh
configure:6048: result: gcc3
configure:6064: checking for a sed that does not truncate output
configure:6134: result: /usr/bin/sed
configure:6152: checking for grep that handles long lines and -e
configure:6216: result: /usr/bin/grep
configure:6221: checking for egrep
configure:6289: result: /usr/bin/grep -E
configure:6294: checking for fgrep
configure:6362: result: /usr/bin/grep -F
configure:6389: checking how to print strings
configure:6416: result: printf
configure:6450: checking for ld used by /home/nathan/secure-exec-wasmgui/experiments/wasm-gui/toolchain/clang-wasi-wrap.sh
configure:6518: result: /home/linuxbrew/.linuxbrew/bin/ld
configure:6525: checking if the linker (/home/linuxbrew/.linuxbrew/bin/ld) is GNU ld
configure:6541: result: yes
configure:6554: checking for a sed that does not truncate output
configure:6624: result: /usr/bin/sed
configure:6674: checking for BSD- or MS-compatible name lister (nm)
configure:6729: result: no
configure:6743: checking for wasm32-wasi-dumpbin
configure:6778: result: no
configure:6743: checking for wasm32-wasi-link
configure:6778: result: no
configure:6792: checking for dumpbin
configure:6827: result: no
configure:6792: checking for link
configure:6813: found /usr/bin/link
configure:6824: result: link -dump
configure:6840: WARNING: using cross tools not prefixed with host triplet
configure:6869: checking the name lister (nm) interface
configure:6877: /home/nathan/secure-exec-wasmgui/experiments/wasm-gui/toolchain/clang-wasi-wrap.sh -c --target=wasm32-wasip1-threads --sysroot=/home/nathan/secure-exec/registry/native/c/vendor/wasi-sdk/share/wasi-sysroot -O2 -pthread -matomics -mbulk-memory -DSECURE_EXEC_WASM_THREADS -D_WASI_EMULATED_SIGNAL -D_WASI_EMULATED_MMAN -D_WASI_EMULATED_PROCESS_CLOCKS -D_GNU_SOURCE -mllvm -wasm-enable-sjlj -Wno-error=implicit-function-declaration -Wno-error=int-conversion -Wno-int-conversion -I/home/nathan/secure-exec-wasmgui/experiments/wasm-gui/toolchain/compat-include -include /home/nathan/secure-exec-wasmgui/experiments/wasm-gui/toolchain/wasi-compat.h -I/home/nathan/secure-exec-wasmgui/experiments/wasm-gui/third_party/wasm-prefix-threads/include -I/home/nathan/secure-exec-wasmgui/experiments/wasm-gui/third_party/wasm-prefix-threads/include/gtksourceview-4 -g0 --target=wasm32-wasip1-threads --sysroot=/home/nathan/secure-exec/registry/native/c/vendor/wasi-sdk/share/wasi-sysroot -I/home/nathan/secure-exec-wasmgui/experiments/wasm-gui/third_party/wasm-prefix-threads/include -I/home/nathan/secure-exec-wasmgui/experiments/wasm-gui/toolchain/compat-include -include /home/nathan/secure-exec-wasmgui/experiments/wasm-gui/toolchain/wasi-compat.h conftest.c >&5
configure:6880: nm "conftest.o"
nm: conftest.o: file format not recognized
configure:6883: output
configure:6890: result: BSD nm
configure:6893: checking whether ln -s works
configure:6897: result: yes
configure:6905: checking the maximum length of command line arguments
configure:7037: result: 1572864
configure:7085: checking how to convert x86_64-pc-linux-gnux32 file names to wasm32-unknown-wasi format
configure:7126: result: func_convert_file_noop
configure:7133: checking how to convert x86_64-pc-linux-gnux32 file names to toolchain format
configure:7154: result: func_convert_file_noop
configure:7161: checking for /home/linuxbrew/.linuxbrew/bin/ld option to reload object files
configure:7169: result: -r
configure:7203: checking for wasm32-wasi-file
configure:7238: result: no
configure:7248: checking for file
configure:7269: found /usr/bin/file
configure:7280: result: file
configure:7311: checking for wasm32-wasi-objdump
configure:7346: result: no
configure:7356: checking for objdump
configure:7377: found /home/linuxbrew/.linuxbrew/bin/objdump
configure:7388: result: objdump
configure:7420: checking how to recognize dependent libraries
configure:7621: result: unknown
configure:7666: checking for wasm32-wasi-dlltool
configure:7701: result: no
configure:7711: checking for dlltool
configure:7732: found /home/linuxbrew/.linuxbrew/bin/dlltool
configure:7743: result: dlltool
configure:7776: checking how to associate runtime and link libraries
configure:7804: result: printf %s\n
configure:7820: checking for wasm32-wasi-ar
configure:7852: result: /home/nathan/secure-exec/registry/native/c/vendor/wasi-sdk/bin/llvm-ar
configure:7954: checking for archiver @FILE support
configure:7972: /home/nathan/secure-exec-wasmgui/experiments/wasm-gui/toolchain/clang-wasi-wrap.sh -c --target=wasm32-wasip1-threads --sysroot=/home/nathan/secure-exec/registry/native/c/vendor/wasi-sdk/share/wasi-sysroot -O2 -pthread -matomics -mbulk-memory -DSECURE_EXEC_WASM_THREADS -D_WASI_EMULATED_SIGNAL -D_WASI_EMULATED_MMAN -D_WASI_EMULATED_PROCESS_CLOCKS -D_GNU_SOURCE -mllvm -wasm-enable-sjlj -Wno-error=implicit-function-declaration -Wno-error=int-conversion -Wno-int-conversion -I/home/nathan/secure-exec-wasmgui/experiments/wasm-gui/toolchain/compat-include -include /home/nathan/secure-exec-wasmgui/experiments/wasm-gui/toolchain/wasi-compat.h -I/home/nathan/secure-exec-wasmgui/experiments/wasm-gui/third_party/wasm-prefix-threads/include -I/home/nathan/secure-exec-wasmgui/experiments/wasm-gui/third_party/wasm-prefix-threads/include/gtksourceview-4 -g0 --target=wasm32-wasip1-threads --sysroot=/home/nathan/secure-exec/registry/native/c/vendor/wasi-sdk/share/wasi-sysroot -I/home/nathan/secure-exec-wasmgui/experiments/wasm-gui/third_party/wasm-prefix-threads/include -I/home/nathan/secure-exec-wasmgui/experiments/wasm-gui/toolchain/compat-include -include /home/nathan/secure-exec-wasmgui/experiments/wasm-gui/toolchain/wasi-compat.h conftest.c >&5
configure:7972: $? = 0
configure:7976: /home/nathan/secure-exec/registry/native/c/vendor/wasi-sdk/bin/llvm-ar cr libconftest.a @conftest.lst >&5
configure:7979: $? = 0
configure:7984: /home/nathan/secure-exec/registry/native/c/vendor/wasi-sdk/bin/llvm-ar cr libconftest.a @conftest.lst >&5
/home/nathan/secure-exec/registry/native/c/vendor/wasi-sdk/bin/llvm-ar: error: conftest.o: No such file or directory
configure:7987: $? = 1
configure:7999: result: @
configure:8017: checking for wasm32-wasi-strip
configure:8049: result: strip
configure:8126: checking for wasm32-wasi-ranlib
configure:8158: result: /home/nathan/secure-exec/registry/native/c/vendor/wasi-sdk/bin/llvm-ranlib
configure:8305: checking command to parse nm output from /home/nathan/secure-exec-wasmgui/experiments/wasm-gui/toolchain/clang-wasi-wrap.sh object
configure:8459: /home/nathan/secure-exec-wasmgui/experiments/wasm-gui/toolchain/clang-wasi-wrap.sh -c --target=wasm32-wasip1-threads --sysroot=/home/nathan/secure-exec/registry/native/c/vendor/wasi-sdk/share/wasi-sysroot -O2 -pthread -matomics -mbulk-memory -DSECURE_EXEC_WASM_THREADS -D_WASI_EMULATED_SIGNAL -D_WASI_EMULATED_MMAN -D_WASI_EMULATED_PROCESS_CLOCKS -D_GNU_SOURCE -mllvm -wasm-enable-sjlj -Wno-error=implicit-function-declaration -Wno-error=int-conversion -Wno-int-conversion -I/home/nathan/secure-exec-wasmgui/experiments/wasm-gui/toolchain/compat-include -include /home/nathan/secure-exec-wasmgui/experiments/wasm-gui/toolchain/wasi-compat.h -I/home/nathan/secure-exec-wasmgui/experiments/wasm-gui/third_party/wasm-prefix-threads/include -I/home/nathan/secure-exec-wasmgui/experiments/wasm-gui/third_party/wasm-prefix-threads/include/gtksourceview-4 -g0 --target=wasm32-wasip1-threads --sysroot=/home/nathan/secure-exec/registry/native/c/vendor/wasi-sdk/share/wasi-sysroot -I/home/nathan/secure-exec-wasmgui/experiments/wasm-gui/third_party/wasm-prefix-threads/include -I/home/nathan/secure-exec-wasmgui/experiments/wasm-gui/toolchain/compat-include -include /home/nathan/secure-exec-wasmgui/experiments/wasm-gui/toolchain/wasi-compat.h conftest.c >&5
configure:8462: $? = 0
configure:8466: nm conftest.o \| /usr/bin/sed -n -e 's/^.*[ ]\([ABCDGIRSTW][ABCDGIRSTW]*\)[ ][ ]*\([_A-Za-z][_A-Za-z0-9]*\)$/\1 \2 \2/p' | /usr/bin/sed '/ __gnu_lto/d' \> conftest.nm
nm: conftest.o: file format not recognized
configure:8469: $? = 0
cannot run /usr/bin/sed -n -e 's/^.*[	 ]\([ABCDGIRSTW][ABCDGIRSTW]*\)[	 ][	 ]*\([_A-Za-z][_A-Za-z0-9]*\)$/\1 \2 \2/p' | /usr/bin/sed '/ __gnu_lto/d'
configure:8459: /home/nathan/secure-exec-wasmgui/experiments/wasm-gui/toolchain/clang-wasi-wrap.sh -c --target=wasm32-wasip1-threads --sysroot=/home/nathan/secure-exec/registry/native/c/vendor/wasi-sdk/share/wasi-sysroot -O2 -pthread -matomics -mbulk-memory -DSECURE_EXEC_WASM_THREADS -D_WASI_EMULATED_SIGNAL -D_WASI_EMULATED_MMAN -D_WASI_EMULATED_PROCESS_CLOCKS -D_GNU_SOURCE -mllvm -wasm-enable-sjlj -Wno-error=implicit-function-declaration -Wno-error=int-conversion -Wno-int-conversion -I/home/nathan/secure-exec-wasmgui/experiments/wasm-gui/toolchain/compat-include -include /home/nathan/secure-exec-wasmgui/experiments/wasm-gui/toolchain/wasi-compat.h -I/home/nathan/secure-exec-wasmgui/experiments/wasm-gui/third_party/wasm-prefix-threads/include -I/home/nathan/secure-exec-wasmgui/experiments/wasm-gui/third_party/wasm-prefix-threads/include/gtksourceview-4 -g0 --target=wasm32-wasip1-threads --sysroot=/home/nathan/secure-exec/registry/native/c/vendor/wasi-sdk/share/wasi-sysroot -I/home/nathan/secure-exec-wasmgui/experiments/wasm-gui/third_party/wasm-prefix-threads/include -I/home/nathan/secure-exec-wasmgui/experiments/wasm-gui/toolchain/compat-include -include /home/nathan/secure-exec-wasmgui/experiments/wasm-gui/toolchain/wasi-compat.h conftest.c >&5
configure:8462: $? = 0
configure:8466: nm conftest.o \| /usr/bin/sed -n -e 's/^.*[ ]\([ABCDGIRSTW][ABCDGIRSTW]*\)[ ][ ]*_\([_A-Za-z][_A-Za-z0-9]*\)$/\1 _\2 \2/p' | /usr/bin/sed '/ __gnu_lto/d' \> conftest.nm
nm: conftest.o: file format not recognized
configure:8469: $? = 0
cannot run /usr/bin/sed -n -e 's/^.*[	 ]\([ABCDGIRSTW][ABCDGIRSTW]*\)[	 ][	 ]*_\([_A-Za-z][_A-Za-z0-9]*\)$/\1 _\2 \2/p' | /usr/bin/sed '/ __gnu_lto/d'
configure:8573: result: failed
configure:8623: checking for sysroot
configure:8654: result: no
configure:8661: checking for a working dd
configure:8705: result: /usr/bin/dd
configure:8709: checking how to truncate binary pipes
configure:8725: result: /usr/bin/dd bs=4096 count=1
configure:9017: checking for wasm32-wasi-mt
configure:9052: result: no
configure:9062: checking for mt
configure:9083: found /usr/bin/mt
configure:9094: result: mt
configure:9117: checking if mt is a manifest tool
configure:9124: mt '-?'
configure:9132: result: no
configure:9853: checking for dlfcn.h
configure:9853: /home/nathan/secure-exec-wasmgui/experiments/wasm-gui/toolchain/clang-wasi-wrap.sh -c --target=wasm32-wasip1-threads --sysroot=/home/nathan/secure-exec/registry/native/c/vendor/wasi-sdk/share/wasi-sysroot -O2 -pthread -matomics -mbulk-memory -DSECURE_EXEC_WASM_THREADS -D_WASI_EMULATED_SIGNAL -D_WASI_EMULATED_MMAN -D_WASI_EMULATED_PROCESS_CLOCKS -D_GNU_SOURCE -mllvm -wasm-enable-sjlj -Wno-error=implicit-function-declaration -Wno-error=int-conversion -Wno-int-conversion -I/home/nathan/secure-exec-wasmgui/experiments/wasm-gui/toolchain/compat-include -include /home/nathan/secure-exec-wasmgui/experiments/wasm-gui/toolchain/wasi-compat.h -I/home/nathan/secure-exec-wasmgui/experiments/wasm-gui/third_party/wasm-prefix-threads/include -I/home/nathan/secure-exec-wasmgui/experiments/wasm-gui/third_party/wasm-prefix-threads/include/gtksourceview-4 -g0 --target=wasm32-wasip1-threads --sysroot=/home/nathan/secure-exec/registry/native/c/vendor/wasi-sdk/share/wasi-sysroot -I/home/nathan/secure-exec-wasmgui/experiments/wasm-gui/third_party/wasm-prefix-threads/include -I/home/nathan/secure-exec-wasmgui/experiments/wasm-gui/toolchain/compat-include -include /home/nathan/secure-exec-wasmgui/experiments/wasm-gui/toolchain/wasi-compat.h conftest.c >&5
configure:9853: $? = 0
configure:9853: result: yes
configure:10111: checking for objdir
configure:10127: result: .libs
configure:10391: checking if /home/nathan/secure-exec-wasmgui/experiments/wasm-gui/toolchain/clang-wasi-wrap.sh supports -fno-rtti -fno-exceptions
configure:10410: /home/nathan/secure-exec-wasmgui/experiments/wasm-gui/toolchain/clang-wasi-wrap.sh -c --target=wasm32-wasip1-threads --sysroot=/home/nathan/secure-exec/registry/native/c/vendor/wasi-sdk/share/wasi-sysroot -O2 -pthread -matomics -mbulk-memory -DSECURE_EXEC_WASM_THREADS -D_WASI_EMULATED_SIGNAL -D_WASI_EMULATED_MMAN -D_WASI_EMULATED_PROCESS_CLOCKS -D_GNU_SOURCE -mllvm -wasm-enable-sjlj -Wno-error=implicit-function-declaration -Wno-error=int-conversion -Wno-int-conversion -I/home/nathan/secure-exec-wasmgui/experiments/wasm-gui/toolchain/compat-include -include /home/nathan/secure-exec-wasmgui/experiments/wasm-gui/toolchain/wasi-compat.h -I/home/nathan/secure-exec-wasmgui/experiments/wasm-gui/third_party/wasm-prefix-threads/include -I/home/nathan/secure-exec-wasmgui/experiments/wasm-gui/third_party/wasm-prefix-threads/include/gtksourceview-4 -g0 --target=wasm32-wasip1-threads --sysroot=/home/nathan/secure-exec/registry/native/c/vendor/wasi-sdk/share/wasi-sysroot -I/home/nathan/secure-exec-wasmgui/experiments/wasm-gui/third_party/wasm-prefix-threads/include -I/home/nathan/secure-exec-wasmgui/experiments/wasm-gui/toolchain/compat-include -include /home/nathan/secure-exec-wasmgui/experiments/wasm-gui/toolchain/wasi-compat.h -fno-rtti -fno-exceptions conftest.c >&5
configure:10414: $? = 0
configure:10427: result: yes
configure:10785: checking for /home/nathan/secure-exec-wasmgui/experiments/wasm-gui/toolchain/clang-wasi-wrap.sh option to produce PIC
configure:10793: result: -fPIC -DPIC
configure:10801: checking if /home/nathan/secure-exec-wasmgui/experiments/wasm-gui/toolchain/clang-wasi-wrap.sh PIC flag -fPIC -DPIC works
configure:10820: /home/nathan/secure-exec-wasmgui/experiments/wasm-gui/toolchain/clang-wasi-wrap.sh -c --target=wasm32-wasip1-threads --sysroot=/home/nathan/secure-exec/registry/native/c/vendor/wasi-sdk/share/wasi-sysroot -O2 -pthread -matomics -mbulk-memory -DSECURE_EXEC_WASM_THREADS -D_WASI_EMULATED_SIGNAL -D_WASI_EMULATED_MMAN -D_WASI_EMULATED_PROCESS_CLOCKS -D_GNU_SOURCE -mllvm -wasm-enable-sjlj -Wno-error=implicit-function-declaration -Wno-error=int-conversion -Wno-int-conversion -I/home/nathan/secure-exec-wasmgui/experiments/wasm-gui/toolchain/compat-include -include /home/nathan/secure-exec-wasmgui/experiments/wasm-gui/toolchain/wasi-compat.h -I/home/nathan/secure-exec-wasmgui/experiments/wasm-gui/third_party/wasm-prefix-threads/include -I/home/nathan/secure-exec-wasmgui/experiments/wasm-gui/third_party/wasm-prefix-threads/include/gtksourceview-4 -g0 --target=wasm32-wasip1-threads --sysroot=/home/nathan/secure-exec/registry/native/c/vendor/wasi-sdk/share/wasi-sysroot -I/home/nathan/secure-exec-wasmgui/experiments/wasm-gui/third_party/wasm-prefix-threads/include -I/home/nathan/secure-exec-wasmgui/experiments/wasm-gui/toolchain/compat-include -include /home/nathan/secure-exec-wasmgui/experiments/wasm-gui/toolchain/wasi-compat.h -fPIC -DPIC -DPIC conftest.c >&5
configure:10824: $? = 0
configure:10837: result: yes
configure:10866: checking if /home/nathan/secure-exec-wasmgui/experiments/wasm-gui/toolchain/clang-wasi-wrap.sh static flag -static works
configure:10895: result: yes
configure:10910: checking if /home/nathan/secure-exec-wasmgui/experiments/wasm-gui/toolchain/clang-wasi-wrap.sh supports -c -o file.o
configure:10932: /home/nathan/secure-exec-wasmgui/experiments/wasm-gui/toolchain/clang-wasi-wrap.sh -c --target=wasm32-wasip1-threads --sysroot=/home/nathan/secure-exec/registry/native/c/vendor/wasi-sdk/share/wasi-sysroot -O2 -pthread -matomics -mbulk-memory -DSECURE_EXEC_WASM_THREADS -D_WASI_EMULATED_SIGNAL -D_WASI_EMULATED_MMAN -D_WASI_EMULATED_PROCESS_CLOCKS -D_GNU_SOURCE -mllvm -wasm-enable-sjlj -Wno-error=implicit-function-declaration -Wno-error=int-conversion -Wno-int-conversion -I/home/nathan/secure-exec-wasmgui/experiments/wasm-gui/toolchain/compat-include -include /home/nathan/secure-exec-wasmgui/experiments/wasm-gui/toolchain/wasi-compat.h -I/home/nathan/secure-exec-wasmgui/experiments/wasm-gui/third_party/wasm-prefix-threads/include -I/home/nathan/secure-exec-wasmgui/experiments/wasm-gui/third_party/wasm-prefix-threads/include/gtksourceview-4 -g0 --target=wasm32-wasip1-threads --sysroot=/home/nathan/secure-exec/registry/native/c/vendor/wasi-sdk/share/wasi-sysroot -I/home/nathan/secure-exec-wasmgui/experiments/wasm-gui/third_party/wasm-prefix-threads/include -I/home/nathan/secure-exec-wasmgui/experiments/wasm-gui/toolchain/compat-include -include /home/nathan/secure-exec-wasmgui/experiments/wasm-gui/toolchain/wasi-compat.h -o out/conftest2.o conftest.c >&5
configure:10936: $? = 0
configure:10958: result: yes
configure:10966: checking if /home/nathan/secure-exec-wasmgui/experiments/wasm-gui/toolchain/clang-wasi-wrap.sh supports -c -o file.o
configure:11014: result: yes
configure:11047: checking whether the /home/nathan/secure-exec-wasmgui/experiments/wasm-gui/toolchain/clang-wasi-wrap.sh linker (/home/linuxbrew/.linuxbrew/bin/ld) supports shared libraries
configure:12315: result: yes
configure:12556: checking dynamic linker characteristics
configure:13377: result: no
configure:13499: checking how to hardcode library paths into programs
configure:13524: result: immediate
configure:14076: checking whether stripping libraries is possible
configure:14085: result: yes
configure:14127: checking if libtool supports shared libraries
configure:14129: result: no
configure:14132: checking whether to build shared libraries
configure:14157: result: no
configure:14160: checking whether to build static libraries
configure:14164: result: yes
configure:14209: checking for library containing round
configure:14239: /home/nathan/secure-exec-wasmgui/experiments/wasm-gui/toolchain/clang-wasi-wrap.sh -o conftest --target=wasm32-wasip1-threads --sysroot=/home/nathan/secure-exec/registry/native/c/vendor/wasi-sdk/share/wasi-sysroot -O2 -pthread -matomics -mbulk-memory -DSECURE_EXEC_WASM_THREADS -D_WASI_EMULATED_SIGNAL -D_WASI_EMULATED_MMAN -D_WASI_EMULATED_PROCESS_CLOCKS -D_GNU_SOURCE -mllvm -wasm-enable-sjlj -Wno-error=implicit-function-declaration -Wno-error=int-conversion -Wno-int-conversion -I/home/nathan/secure-exec-wasmgui/experiments/wasm-gui/toolchain/compat-include -include /home/nathan/secure-exec-wasmgui/experiments/wasm-gui/toolchain/wasi-compat.h -I/home/nathan/secure-exec-wasmgui/experiments/wasm-gui/third_party/wasm-prefix-threads/include -I/home/nathan/secure-exec-wasmgui/experiments/wasm-gui/third_party/wasm-prefix-threads/include/gtksourceview-4 -g0 --target=wasm32-wasip1-threads --sysroot=/home/nathan/secure-exec/registry/native/c/vendor/wasi-sdk/share/wasi-sysroot -I/home/nathan/secure-exec-wasmgui/experiments/wasm-gui/third_party/wasm-prefix-threads/include -I/home/nathan/secure-exec-wasmgui/experiments/wasm-gui/toolchain/compat-include -include /home/nathan/secure-exec-wasmgui/experiments/wasm-gui/toolchain/wasi-compat.h --target=wasm32-wasip1-threads --sysroot=/home/nathan/secure-exec/registry/native/c/vendor/wasi-sdk/share/wasi-sysroot -Wl,--shared-memory -Wl,--import-memory -Wl,--export-memory -Wl,--max-memory=536870912 -Wl,--export=wasi_thread_start -Wl,--no-check-features -lwasi-emulated-signal -L/home/nathan/secure-exec-wasmgui/experiments/wasm-gui/third_party/wasm-prefix-threads/lib -L/home/nathan/secure-exec/registry/native/c/vendor/wasi-sdk/share/wasi-sysroot/lib/wasm32-wasip1-threads -lwasi-emulated-mman -lwasi-emulated-process-clocks -L/home/nathan/secure-exec-wasmgui/experiments/wasm-gui/third_party/wasm-prefix-threads/lib -lhostcompat conftest.c  >&5
conftest.c:44:6: warning: incompatible redeclaration of library function 'round' [-Wincompatible-library-redeclaration]
   44 | char round ();
      |      ^
conftest.c:44:6: note: 'round' is a builtin with type 'double (double)'
1 warning generated.
wasm-ld: warning: function signature mismatch: round
>>> defined as () -> i32 in /tmp/conftest-45b179.o
>>> defined as (f64) -> f64 in /home/nathan/secure-exec/registry/native/c/vendor/wasi-sdk/share/wasi-sysroot/lib/wasm32-wasip1-threads/libc.a(round.o)
configure:14239: $? = 0
configure:14259: result: none required
configure:14272: checking for realpath
configure:14272: /home/nathan/secure-exec-wasmgui/experiments/wasm-gui/toolchain/clang-wasi-wrap.sh -o conftest --target=wasm32-wasip1-threads --sysroot=/home/nathan/secure-exec/registry/native/c/vendor/wasi-sdk/share/wasi-sysroot -O2 -pthread -matomics -mbulk-memory -DSECURE_EXEC_WASM_THREADS -D_WASI_EMULATED_SIGNAL -D_WASI_EMULATED_MMAN -D_WASI_EMULATED_PROCESS_CLOCKS -D_GNU_SOURCE -mllvm -wasm-enable-sjlj -Wno-error=implicit-function-declaration -Wno-error=int-conversion -Wno-int-conversion -I/home/nathan/secure-exec-wasmgui/experiments/wasm-gui/toolchain/compat-include -include /home/nathan/secure-exec-wasmgui/experiments/wasm-gui/toolchain/wasi-compat.h -I/home/nathan/secure-exec-wasmgui/experiments/wasm-gui/third_party/wasm-prefix-threads/include -I/home/nathan/secure-exec-wasmgui/experiments/wasm-gui/third_party/wasm-prefix-threads/include/gtksourceview-4 -g0 --target=wasm32-wasip1-threads --sysroot=/home/nathan/secure-exec/registry/native/c/vendor/wasi-sdk/share/wasi-sysroot -I/home/nathan/secure-exec-wasmgui/experiments/wasm-gui/third_party/wasm-prefix-threads/include -I/home/nathan/secure-exec-wasmgui/experiments/wasm-gui/toolchain/compat-include -include /home/nathan/secure-exec-wasmgui/experiments/wasm-gui/toolchain/wasi-compat.h --target=wasm32-wasip1-threads --sysroot=/home/nathan/secure-exec/registry/native/c/vendor/wasi-sdk/share/wasi-sysroot -Wl,--shared-memory -Wl,--import-memory -Wl,--export-memory -Wl,--max-memory=536870912 -Wl,--export=wasi_thread_start -Wl,--no-check-features -lwasi-emulated-signal -L/home/nathan/secure-exec-wasmgui/experiments/wasm-gui/third_party/wasm-prefix-threads/lib -L/home/nathan/secure-exec/registry/native/c/vendor/wasi-sdk/share/wasi-sysroot/lib/wasm32-wasip1-threads -lwasi-emulated-mman -lwasi-emulated-process-clocks -L/home/nathan/secure-exec-wasmgui/experiments/wasm-gui/third_party/wasm-prefix-threads/lib -lhostcompat conftest.c  >&5
wasm-ld: warning: function signature mismatch: realpath
>>> defined as () -> i32 in /tmp/conftest-7513cf.o
>>> defined as (i32, i32) -> i32 in /home/nathan/secure-exec/registry/native/c/vendor/wasi-sdk/share/wasi-sysroot/lib/wasm32-wasip1-threads/libc.a(realpath.o)
configure:14272: $? = 0
configure:14272: result: yes
configure:14278: checking for bind_textdomain_codeset
configure:14278: /home/nathan/secure-exec-wasmgui/experiments/wasm-gui/toolchain/clang-wasi-wrap.sh -o conftest --target=wasm32-wasip1-threads --sysroot=/home/nathan/secure-exec/registry/native/c/vendor/wasi-sdk/share/wasi-sysroot -O2 -pthread -matomics -mbulk-memory -DSECURE_EXEC_WASM_THREADS -D_WASI_EMULATED_SIGNAL -D_WASI_EMULATED_MMAN -D_WASI_EMULATED_PROCESS_CLOCKS -D_GNU_SOURCE -mllvm -wasm-enable-sjlj -Wno-error=implicit-function-declaration -Wno-error=int-conversion -Wno-int-conversion -I/home/nathan/secure-exec-wasmgui/experiments/wasm-gui/toolchain/compat-include -include /home/nathan/secure-exec-wasmgui/experiments/wasm-gui/toolchain/wasi-compat.h -I/home/nathan/secure-exec-wasmgui/experiments/wasm-gui/third_party/wasm-prefix-threads/include -I/home/nathan/secure-exec-wasmgui/experiments/wasm-gui/third_party/wasm-prefix-threads/include/gtksourceview-4 -g0 --target=wasm32-wasip1-threads --sysroot=/home/nathan/secure-exec/registry/native/c/vendor/wasi-sdk/share/wasi-sysroot -I/home/nathan/secure-exec-wasmgui/experiments/wasm-gui/third_party/wasm-prefix-threads/include -I/home/nathan/secure-exec-wasmgui/experiments/wasm-gui/toolchain/compat-include -include /home/nathan/secure-exec-wasmgui/experiments/wasm-gui/toolchain/wasi-compat.h --target=wasm32-wasip1-threads --sysroot=/home/nathan/secure-exec/registry/native/c/vendor/wasi-sdk/share/wasi-sysroot -Wl,--shared-memory -Wl,--import-memory -Wl,--export-memory -Wl,--max-memory=536870912 -Wl,--export=wasi_thread_start -Wl,--no-check-features -lwasi-emulated-signal -L/home/nathan/secure-exec-wasmgui/experiments/wasm-gui/third_party/wasm-prefix-threads/lib -L/home/nathan/secure-exec/registry/native/c/vendor/wasi-sdk/share/wasi-sysroot/lib/wasm32-wasip1-threads -lwasi-emulated-mman -lwasi-emulated-process-clocks -L/home/nathan/secure-exec-wasmgui/experiments/wasm-gui/third_party/wasm-prefix-threads/lib -lhostcompat conftest.c  >&5
wasm-ld: error: /tmp/conftest-82c5f2.o: undefined symbol: bind_textdomain_codeset
clang: error: linker command failed with exit code 1 (use -v to see invocation)
configure:14278: $? = 1
configure: failed program was:
| /* confdefs.h */
| #define PACKAGE_NAME "Mousepad"
| #define PACKAGE_TARNAME "mousepad"
| #define PACKAGE_VERSION "0.6.1"
| #define PACKAGE_STRING "Mousepad 0.6.1"
| #define PACKAGE_BUGREPORT "https://gitlab.xfce.org/apps/mousepad"
| #define PACKAGE_URL ""
| #define PACKAGE "mousepad"
| #define VERSION "0.6.1"
| #define HAVE_STDIO_H 1
| #define HAVE_STDLIB_H 1
| #define HAVE_STRING_H 1
| #define HAVE_INTTYPES_H 1
| #define HAVE_STDINT_H 1
| #define HAVE_STRINGS_H 1
| #define HAVE_SYS_STAT_H 1
| #define HAVE_SYS_TYPES_H 1
| #define HAVE_UNISTD_H 1
| #define HAVE_WCHAR_H 1
| #define STDC_HEADERS 1
| #define _ALL_SOURCE 1
| #define _DARWIN_C_SOURCE 1
| #define _GNU_SOURCE 1
| #define _HPUX_ALT_XOPEN_SOCKET_API 1
| #define _NETBSD_SOURCE 1
| #define _OPENBSD_SOURCE 1
| #define _POSIX_PTHREAD_SEMANTICS 1
| #define __STDC_WANT_IEC_60559_ATTRIBS_EXT__ 1
| #define __STDC_WANT_IEC_60559_BFP_EXT__ 1
| #define __STDC_WANT_IEC_60559_DFP_EXT__ 1
| #define __STDC_WANT_IEC_60559_FUNCS_EXT__ 1
| #define __STDC_WANT_IEC_60559_TYPES_EXT__ 1
| #define __STDC_WANT_LIB_EXT2__ 1
| #define __STDC_WANT_MATH_SPEC_FUNCS__ 1
| #define _TANDEM_SOURCE 1
| #define __EXTENSIONS__ 1
| #define HAVE_DLFCN_H 1
| #define LT_OBJDIR ".libs/"
| #define HAVE_REALPATH 1
| /* end confdefs.h.  */
| /* Define bind_textdomain_codeset to an innocuous variant, in case <limits.h> declares bind_textdomain_codeset.
|    For example, HP-UX 11i <limits.h> declares gettimeofday.  */
| #define bind_textdomain_codeset innocuous_bind_textdomain_codeset
| 
| /* System header to define __stub macros and hopefully few prototypes,
|    which can conflict with char bind_textdomain_codeset (); below.  */
| 
| #include <limits.h>
| #undef bind_textdomain_codeset
| 
| /* Override any GCC internal prototype to avoid an error.
|    Use char because int might match the return type of a GCC
|    builtin and then its argument prototype would still apply.  */
| #ifdef __cplusplus
| extern "C"
| #endif
| char bind_textdomain_codeset ();
| /* The GNU C library defines this for functions which it implements
|     to always fail with ENOSYS.  Some functions are actually named
|     something starting with __ and the normal name is an alias.  */
| #if defined __stub_bind_textdomain_codeset || defined __stub___bind_textdomain_codeset
| choke me
| #endif
| 
| int
| main (void)
| {
| return bind_textdomain_codeset ();
|   ;
|   return 0;
| }
configure:14278: result: no
configure:14286: checking for errno.h
configure:14286: /home/nathan/secure-exec-wasmgui/experiments/wasm-gui/toolchain/clang-wasi-wrap.sh -c --target=wasm32-wasip1-threads --sysroot=/home/nathan/secure-exec/registry/native/c/vendor/wasi-sdk/share/wasi-sysroot -O2 -pthread -matomics -mbulk-memory -DSECURE_EXEC_WASM_THREADS -D_WASI_EMULATED_SIGNAL -D_WASI_EMULATED_MMAN -D_WASI_EMULATED_PROCESS_CLOCKS -D_GNU_SOURCE -mllvm -wasm-enable-sjlj -Wno-error=implicit-function-declaration -Wno-error=int-conversion -Wno-int-conversion -I/home/nathan/secure-exec-wasmgui/experiments/wasm-gui/toolchain/compat-include -include /home/nathan/secure-exec-wasmgui/experiments/wasm-gui/toolchain/wasi-compat.h -I/home/nathan/secure-exec-wasmgui/experiments/wasm-gui/third_party/wasm-prefix-threads/include -I/home/nathan/secure-exec-wasmgui/experiments/wasm-gui/third_party/wasm-prefix-threads/include/gtksourceview-4 -g0 --target=wasm32-wasip1-threads --sysroot=/home/nathan/secure-exec/registry/native/c/vendor/wasi-sdk/share/wasi-sysroot -I/home/nathan/secure-exec-wasmgui/experiments/wasm-gui/third_party/wasm-prefix-threads/include -I/home/nathan/secure-exec-wasmgui/experiments/wasm-gui/toolchain/compat-include -include /home/nathan/secure-exec-wasmgui/experiments/wasm-gui/toolchain/wasi-compat.h conftest.c >&5
configure:14286: $? = 0
configure:14286: result: yes
configure:14292: checking for libintl.h
configure:14292: /home/nathan/secure-exec-wasmgui/experiments/wasm-gui/toolchain/clang-wasi-wrap.sh -c --target=wasm32-wasip1-threads --sysroot=/home/nathan/secure-exec/registry/native/c/vendor/wasi-sdk/share/wasi-sysroot -O2 -pthread -matomics -mbulk-memory -DSECURE_EXEC_WASM_THREADS -D_WASI_EMULATED_SIGNAL -D_WASI_EMULATED_MMAN -D_WASI_EMULATED_PROCESS_CLOCKS -D_GNU_SOURCE -mllvm -wasm-enable-sjlj -Wno-error=implicit-function-declaration -Wno-error=int-conversion -Wno-int-conversion -I/home/nathan/secure-exec-wasmgui/experiments/wasm-gui/toolchain/compat-include -include /home/nathan/secure-exec-wasmgui/experiments/wasm-gui/toolchain/wasi-compat.h -I/home/nathan/secure-exec-wasmgui/experiments/wasm-gui/third_party/wasm-prefix-threads/include -I/home/nathan/secure-exec-wasmgui/experiments/wasm-gui/third_party/wasm-prefix-threads/include/gtksourceview-4 -g0 --target=wasm32-wasip1-threads --sysroot=/home/nathan/secure-exec/registry/native/c/vendor/wasi-sdk/share/wasi-sysroot -I/home/nathan/secure-exec-wasmgui/experiments/wasm-gui/third_party/wasm-prefix-threads/include -I/home/nathan/secure-exec-wasmgui/experiments/wasm-gui/toolchain/compat-include -include /home/nathan/secure-exec-wasmgui/experiments/wasm-gui/toolchain/wasi-compat.h conftest.c >&5
configure:14292: $? = 0
configure:14292: result: yes
configure:14298: checking for locale.h
configure:14298: /home/nathan/secure-exec-wasmgui/experiments/wasm-gui/toolchain/clang-wasi-wrap.sh -c --target=wasm32-wasip1-threads --sysroot=/home/nathan/secure-exec/registry/native/c/vendor/wasi-sdk/share/wasi-sysroot -O2 -pthread -matomics -mbulk-memory -DSECURE_EXEC_WASM_THREADS -D_WASI_EMULATED_SIGNAL -D_WASI_EMULATED_MMAN -D_WASI_EMULATED_PROCESS_CLOCKS -D_GNU_SOURCE -mllvm -wasm-enable-sjlj -Wno-error=implicit-function-declaration -Wno-error=int-conversion -Wno-int-conversion -I/home/nathan/secure-exec-wasmgui/experiments/wasm-gui/toolchain/compat-include -include /home/nathan/secure-exec-wasmgui/experiments/wasm-gui/toolchain/wasi-compat.h -I/home/nathan/secure-exec-wasmgui/experiments/wasm-gui/third_party/wasm-prefix-threads/include -I/home/nathan/secure-exec-wasmgui/experiments/wasm-gui/third_party/wasm-prefix-threads/include/gtksourceview-4 -g0 --target=wasm32-wasip1-threads --sysroot=/home/nathan/secure-exec/registry/native/c/vendor/wasi-sdk/share/wasi-sysroot -I/home/nathan/secure-exec-wasmgui/experiments/wasm-gui/third_party/wasm-prefix-threads/include -I/home/nathan/secure-exec-wasmgui/experiments/wasm-gui/toolchain/compat-include -include /home/nathan/secure-exec-wasmgui/experiments/wasm-gui/toolchain/wasi-compat.h conftest.c >&5
configure:14298: $? = 0
configure:14298: result: yes
configure:14304: checking for math.h
configure:14304: /home/nathan/secure-exec-wasmgui/experiments/wasm-gui/toolchain/clang-wasi-wrap.sh -c --target=wasm32-wasip1-threads --sysroot=/home/nathan/secure-exec/registry/native/c/vendor/wasi-sdk/share/wasi-sysroot -O2 -pthread -matomics -mbulk-memory -DSECURE_EXEC_WASM_THREADS -D_WASI_EMULATED_SIGNAL -D_WASI_EMULATED_MMAN -D_WASI_EMULATED_PROCESS_CLOCKS -D_GNU_SOURCE -mllvm -wasm-enable-sjlj -Wno-error=implicit-function-declaration -Wno-error=int-conversion -Wno-int-conversion -I/home/nathan/secure-exec-wasmgui/experiments/wasm-gui/toolchain/compat-include -include /home/nathan/secure-exec-wasmgui/experiments/wasm-gui/toolchain/wasi-compat.h -I/home/nathan/secure-exec-wasmgui/experiments/wasm-gui/third_party/wasm-prefix-threads/include -I/home/nathan/secure-exec-wasmgui/experiments/wasm-gui/third_party/wasm-prefix-threads/include/gtksourceview-4 -g0 --target=wasm32-wasip1-threads --sysroot=/home/nathan/secure-exec/registry/native/c/vendor/wasi-sdk/share/wasi-sysroot -I/home/nathan/secure-exec-wasmgui/experiments/wasm-gui/third_party/wasm-prefix-threads/include -I/home/nathan/secure-exec-wasmgui/experiments/wasm-gui/toolchain/compat-include -include /home/nathan/secure-exec-wasmgui/experiments/wasm-gui/toolchain/wasi-compat.h conftest.c >&5
configure:14304: $? = 0
configure:14304: result: yes
configure:14310: checking for stdio.h
configure:14310: result: yes
configure:14316: checking for stdlib.h
configure:14316: result: yes
configure:14322: checking for string.h
configure:14322: result: yes
configure:14336: checking whether NLS is requested
configure:14346: result: no
configure:14386: checking for msgfmt
configure: trying /home/nathan/secure-exec-wasmgui/experiments/wasm-gui/toolchain/host-bin/msgfmt...
configure:14419: result: /home/nathan/secure-exec-wasmgui/experiments/wasm-gui/toolchain/host-bin/msgfmt
configure:14428: checking for gmsgfmt
configure:14464: result: /home/nathan/secure-exec-wasmgui/experiments/wasm-gui/toolchain/host-bin/msgfmt
configure:14514: checking for xgettext
configure: trying /home/nathan/secure-exec-wasmgui/experiments/wasm-gui/toolchain/host-bin/xgettext...
configure:14547: result: /home/nathan/secure-exec-wasmgui/experiments/wasm-gui/toolchain/host-bin/xgettext
configure:14592: checking for msgmerge
configure: trying /home/nathan/secure-exec-wasmgui/experiments/wasm-gui/toolchain/host-bin/msgmerge...
configure:14624: result: /home/nathan/secure-exec-wasmgui/experiments/wasm-gui/toolchain/host-bin/msgmerge
configure:14683: checking for ld used by /home/nathan/secure-exec-wasmgui/experiments/wasm-gui/toolchain/clang-wasi-wrap.sh
configure:14751: result: /home/linuxbrew/.linuxbrew/bin/ld
configure:14758: checking if the linker (/home/linuxbrew/.linuxbrew/bin/ld) is GNU ld
configure:14774: result: yes
configure:14782: checking for shared library run path origin
configure:14796: result: done
configure:14821: checking how to run the C preprocessor
configure:14847: /home/nathan/secure-exec-wasmgui/experiments/wasm-gui/toolchain/clang-wasi-wrap.sh -E --target=wasm32-wasip1-threads --sysroot=/home/nathan/secure-exec/registry/native/c/vendor/wasi-sdk/share/wasi-sysroot -I/home/nathan/secure-exec-wasmgui/experiments/wasm-gui/third_party/wasm-prefix-threads/include -I/home/nathan/secure-exec-wasmgui/experiments/wasm-gui/toolchain/compat-include -include /home/nathan/secure-exec-wasmgui/experiments/wasm-gui/toolchain/wasi-compat.h conftest.c
configure:14847: $? = 0
configure:14862: /home/nathan/secure-exec-wasmgui/experiments/wasm-gui/toolchain/clang-wasi-wrap.sh -E --target=wasm32-wasip1-threads --sysroot=/home/nathan/secure-exec/registry/native/c/vendor/wasi-sdk/share/wasi-sysroot -I/home/nathan/secure-exec-wasmgui/experiments/wasm-gui/third_party/wasm-prefix-threads/include -I/home/nathan/secure-exec-wasmgui/experiments/wasm-gui/toolchain/compat-include -include /home/nathan/secure-exec-wasmgui/experiments/wasm-gui/toolchain/wasi-compat.h conftest.c
conftest.c:49:10: fatal error: 'ac_nonexistent.h' file not found
   49 | #include <ac_nonexistent.h>
      |          ^~~~~~~~~~~~~~~~~~
1 error generated.
configure:14862: $? = 1
configure: failed program was:
| /* confdefs.h */
| #define PACKAGE_NAME "Mousepad"
| #define PACKAGE_TARNAME "mousepad"
| #define PACKAGE_VERSION "0.6.1"
| #define PACKAGE_STRING "Mousepad 0.6.1"
| #define PACKAGE_BUGREPORT "https://gitlab.xfce.org/apps/mousepad"
| #define PACKAGE_URL ""
| #define PACKAGE "mousepad"
| #define VERSION "0.6.1"
| #define HAVE_STDIO_H 1
| #define HAVE_STDLIB_H 1
| #define HAVE_STRING_H 1
| #define HAVE_INTTYPES_H 1
| #define HAVE_STDINT_H 1
| #define HAVE_STRINGS_H 1
| #define HAVE_SYS_STAT_H 1
| #define HAVE_SYS_TYPES_H 1
| #define HAVE_UNISTD_H 1
| #define HAVE_WCHAR_H 1
| #define STDC_HEADERS 1
| #define _ALL_SOURCE 1
| #define _DARWIN_C_SOURCE 1
| #define _GNU_SOURCE 1
| #define _HPUX_ALT_XOPEN_SOCKET_API 1
| #define _NETBSD_SOURCE 1
| #define _OPENBSD_SOURCE 1
| #define _POSIX_PTHREAD_SEMANTICS 1
| #define __STDC_WANT_IEC_60559_ATTRIBS_EXT__ 1
| #define __STDC_WANT_IEC_60559_BFP_EXT__ 1
| #define __STDC_WANT_IEC_60559_DFP_EXT__ 1
| #define __STDC_WANT_IEC_60559_FUNCS_EXT__ 1
| #define __STDC_WANT_IEC_60559_TYPES_EXT__ 1
| #define __STDC_WANT_LIB_EXT2__ 1
| #define __STDC_WANT_MATH_SPEC_FUNCS__ 1
| #define _TANDEM_SOURCE 1
| #define __EXTENSIONS__ 1
| #define HAVE_DLFCN_H 1
| #define LT_OBJDIR ".libs/"
| #define HAVE_REALPATH 1
| #define HAVE_ERRNO_H 1
| #define HAVE_LIBINTL_H 1
| #define HAVE_LOCALE_H 1
| #define HAVE_MATH_H 1
| #define HAVE_STDIO_H 1
| #define HAVE_STDLIB_H 1
| #define HAVE_STRING_H 1
| #define GETTEXT_PACKAGE "mousepad"
| /* end confdefs.h.  */
| #include <ac_nonexistent.h>
configure:14889: result: /home/nathan/secure-exec-wasmgui/experiments/wasm-gui/toolchain/clang-wasi-wrap.sh -E
configure:14903: /home/nathan/secure-exec-wasmgui/experiments/wasm-gui/toolchain/clang-wasi-wrap.sh -E --target=wasm32-wasip1-threads --sysroot=/home/nathan/secure-exec/registry/native/c/vendor/wasi-sdk/share/wasi-sysroot -I/home/nathan/secure-exec-wasmgui/experiments/wasm-gui/third_party/wasm-prefix-threads/include -I/home/nathan/secure-exec-wasmgui/experiments/wasm-gui/toolchain/compat-include -include /home/nathan/secure-exec-wasmgui/experiments/wasm-gui/toolchain/wasi-compat.h conftest.c
configure:14903: $? = 0
configure:14918: /home/nathan/secure-exec-wasmgui/experiments/wasm-gui/toolchain/clang-wasi-wrap.sh -E --target=wasm32-wasip1-threads --sysroot=/home/nathan/secure-exec/registry/native/c/vendor/wasi-sdk/share/wasi-sysroot -I/home/nathan/secure-exec-wasmgui/experiments/wasm-gui/third_party/wasm-prefix-threads/include -I/home/nathan/secure-exec-wasmgui/experiments/wasm-gui/toolchain/compat-include -include /home/nathan/secure-exec-wasmgui/experiments/wasm-gui/toolchain/wasi-compat.h conftest.c
conftest.c:49:10: fatal error: 'ac_nonexistent.h' file not found
   49 | #include <ac_nonexistent.h>
      |          ^~~~~~~~~~~~~~~~~~
1 error generated.
configure:14918: $? = 1
configure: failed program was:
| /* confdefs.h */
| #define PACKAGE_NAME "Mousepad"
| #define PACKAGE_TARNAME "mousepad"
| #define PACKAGE_VERSION "0.6.1"
| #define PACKAGE_STRING "Mousepad 0.6.1"
| #define PACKAGE_BUGREPORT "https://gitlab.xfce.org/apps/mousepad"
| #define PACKAGE_URL ""
| #define PACKAGE "mousepad"
| #define VERSION "0.6.1"
| #define HAVE_STDIO_H 1
| #define HAVE_STDLIB_H 1
| #define HAVE_STRING_H 1
| #define HAVE_INTTYPES_H 1
| #define HAVE_STDINT_H 1
| #define HAVE_STRINGS_H 1
| #define HAVE_SYS_STAT_H 1
| #define HAVE_SYS_TYPES_H 1
| #define HAVE_UNISTD_H 1
| #define HAVE_WCHAR_H 1
| #define STDC_HEADERS 1
| #define _ALL_SOURCE 1
| #define _DARWIN_C_SOURCE 1
| #define _GNU_SOURCE 1
| #define _HPUX_ALT_XOPEN_SOCKET_API 1
| #define _NETBSD_SOURCE 1
| #define _OPENBSD_SOURCE 1
| #define _POSIX_PTHREAD_SEMANTICS 1
| #define __STDC_WANT_IEC_60559_ATTRIBS_EXT__ 1
| #define __STDC_WANT_IEC_60559_BFP_EXT__ 1
| #define __STDC_WANT_IEC_60559_DFP_EXT__ 1
| #define __STDC_WANT_IEC_60559_FUNCS_EXT__ 1
| #define __STDC_WANT_IEC_60559_TYPES_EXT__ 1
| #define __STDC_WANT_LIB_EXT2__ 1
| #define __STDC_WANT_MATH_SPEC_FUNCS__ 1
| #define _TANDEM_SOURCE 1
| #define __EXTENSIONS__ 1
| #define HAVE_DLFCN_H 1
| #define LT_OBJDIR ".libs/"
| #define HAVE_REALPATH 1
| #define HAVE_ERRNO_H 1
| #define HAVE_LIBINTL_H 1
| #define HAVE_LOCALE_H 1
| #define HAVE_MATH_H 1
| #define HAVE_STDIO_H 1
| #define HAVE_STDLIB_H 1
| #define HAVE_STRING_H 1
| #define GETTEXT_PACKAGE "mousepad"
| /* end confdefs.h.  */
| #include <ac_nonexistent.h>
configure:15505: checking for CFPreferencesCopyAppValue
configure:15524: /home/nathan/secure-exec-wasmgui/experiments/wasm-gui/toolchain/clang-wasi-wrap.sh -o conftest --target=wasm32-wasip1-threads --sysroot=/home/nathan/secure-exec/registry/native/c/vendor/wasi-sdk/share/wasi-sysroot -O2 -pthread -matomics -mbulk-memory -DSECURE_EXEC_WASM_THREADS -D_WASI_EMULATED_SIGNAL -D_WASI_EMULATED_MMAN -D_WASI_EMULATED_PROCESS_CLOCKS -D_GNU_SOURCE -mllvm -wasm-enable-sjlj -Wno-error=implicit-function-declaration -Wno-error=int-conversion -Wno-int-conversion -I/home/nathan/secure-exec-wasmgui/experiments/wasm-gui/toolchain/compat-include -include /home/nathan/secure-exec-wasmgui/experiments/wasm-gui/toolchain/wasi-compat.h -I/home/nathan/secure-exec-wasmgui/experiments/wasm-gui/third_party/wasm-prefix-threads/include -I/home/nathan/secure-exec-wasmgui/experiments/wasm-gui/third_party/wasm-prefix-threads/include/gtksourceview-4 -g0 --target=wasm32-wasip1-threads --sysroot=/home/nathan/secure-exec/registry/native/c/vendor/wasi-sdk/share/wasi-sysroot -I/home/nathan/secure-exec-wasmgui/experiments/wasm-gui/third_party/wasm-prefix-threads/include -I/home/nathan/secure-exec-wasmgui/experiments/wasm-gui/toolchain/compat-include -include /home/nathan/secure-exec-wasmgui/experiments/wasm-gui/toolchain/wasi-compat.h --target=wasm32-wasip1-threads --sysroot=/home/nathan/secure-exec/registry/native/c/vendor/wasi-sdk/share/wasi-sysroot -Wl,--shared-memory -Wl,--import-memory -Wl,--export-memory -Wl,--max-memory=536870912 -Wl,--export=wasi_thread_start -Wl,--no-check-features -lwasi-emulated-signal -L/home/nathan/secure-exec-wasmgui/experiments/wasm-gui/third_party/wasm-prefix-threads/lib -L/home/nathan/secure-exec/registry/native/c/vendor/wasi-sdk/share/wasi-sysroot/lib/wasm32-wasip1-threads -lwasi-emulated-mman -lwasi-emulated-process-clocks -L/home/nathan/secure-exec-wasmgui/experiments/wasm-gui/third_party/wasm-prefix-threads/lib -lhostcompat conftest.c  -Wl,-framework -Wl,CoreFoundation >&5
conftest.c:49:10: fatal error: 'CoreFoundation/CFPreferences.h' file not found
   49 | #include <CoreFoundation/CFPreferences.h>
      |          ^~~~~~~~~~~~~~~~~~~~~~~~~~~~~~~~
1 error generated.
configure:15524: $? = 1
configure: failed program was:
| /* confdefs.h */
| #define PACKAGE_NAME "Mousepad"
| #define PACKAGE_TARNAME "mousepad"
| #define PACKAGE_VERSION "0.6.1"
| #define PACKAGE_STRING "Mousepad 0.6.1"
| #define PACKAGE_BUGREPORT "https://gitlab.xfce.org/apps/mousepad"
| #define PACKAGE_URL ""
| #define PACKAGE "mousepad"
| #define VERSION "0.6.1"
| #define HAVE_STDIO_H 1
| #define HAVE_STDLIB_H 1
| #define HAVE_STRING_H 1
| #define HAVE_INTTYPES_H 1
| #define HAVE_STDINT_H 1
| #define HAVE_STRINGS_H 1
| #define HAVE_SYS_STAT_H 1
| #define HAVE_SYS_TYPES_H 1
| #define HAVE_UNISTD_H 1
| #define HAVE_WCHAR_H 1
| #define STDC_HEADERS 1
| #define _ALL_SOURCE 1
| #define _DARWIN_C_SOURCE 1
| #define _GNU_SOURCE 1
| #define _HPUX_ALT_XOPEN_SOCKET_API 1
| #define _NETBSD_SOURCE 1
| #define _OPENBSD_SOURCE 1
| #define _POSIX_PTHREAD_SEMANTICS 1
| #define __STDC_WANT_IEC_60559_ATTRIBS_EXT__ 1
| #define __STDC_WANT_IEC_60559_BFP_EXT__ 1
| #define __STDC_WANT_IEC_60559_DFP_EXT__ 1
| #define __STDC_WANT_IEC_60559_FUNCS_EXT__ 1
| #define __STDC_WANT_IEC_60559_TYPES_EXT__ 1
| #define __STDC_WANT_LIB_EXT2__ 1
| #define __STDC_WANT_MATH_SPEC_FUNCS__ 1
| #define _TANDEM_SOURCE 1
| #define __EXTENSIONS__ 1
| #define HAVE_DLFCN_H 1
| #define LT_OBJDIR ".libs/"
| #define HAVE_REALPATH 1
| #define HAVE_ERRNO_H 1
| #define HAVE_LIBINTL_H 1
| #define HAVE_LOCALE_H 1
| #define HAVE_MATH_H 1
| #define HAVE_STDIO_H 1
| #define HAVE_STDLIB_H 1
| #define HAVE_STRING_H 1
| #define GETTEXT_PACKAGE "mousepad"
| /* end confdefs.h.  */
| #include <CoreFoundation/CFPreferences.h>
| int
| main (void)
| {
| CFPreferencesCopyAppValue(NULL, NULL)
|   ;
|   return 0;
| }
configure:15534: result: no
configure:15541: checking for CFLocaleCopyCurrent
configure:15560: /home/nathan/secure-exec-wasmgui/experiments/wasm-gui/toolchain/clang-wasi-wrap.sh -o conftest --target=wasm32-wasip1-threads --sysroot=/home/nathan/secure-exec/registry/native/c/vendor/wasi-sdk/share/wasi-sysroot -O2 -pthread -matomics -mbulk-memory -DSECURE_EXEC_WASM_THREADS -D_WASI_EMULATED_SIGNAL -D_WASI_EMULATED_MMAN -D_WASI_EMULATED_PROCESS_CLOCKS -D_GNU_SOURCE -mllvm -wasm-enable-sjlj -Wno-error=implicit-function-declaration -Wno-error=int-conversion -Wno-int-conversion -I/home/nathan/secure-exec-wasmgui/experiments/wasm-gui/toolchain/compat-include -include /home/nathan/secure-exec-wasmgui/experiments/wasm-gui/toolchain/wasi-compat.h -I/home/nathan/secure-exec-wasmgui/experiments/wasm-gui/third_party/wasm-prefix-threads/include -I/home/nathan/secure-exec-wasmgui/experiments/wasm-gui/third_party/wasm-prefix-threads/include/gtksourceview-4 -g0 --target=wasm32-wasip1-threads --sysroot=/home/nathan/secure-exec/registry/native/c/vendor/wasi-sdk/share/wasi-sysroot -I/home/nathan/secure-exec-wasmgui/experiments/wasm-gui/third_party/wasm-prefix-threads/include -I/home/nathan/secure-exec-wasmgui/experiments/wasm-gui/toolchain/compat-include -include /home/nathan/secure-exec-wasmgui/experiments/wasm-gui/toolchain/wasi-compat.h --target=wasm32-wasip1-threads --sysroot=/home/nathan/secure-exec/registry/native/c/vendor/wasi-sdk/share/wasi-sysroot -Wl,--shared-memory -Wl,--import-memory -Wl,--export-memory -Wl,--max-memory=536870912 -Wl,--export=wasi_thread_start -Wl,--no-check-features -lwasi-emulated-signal -L/home/nathan/secure-exec-wasmgui/experiments/wasm-gui/third_party/wasm-prefix-threads/lib -L/home/nathan/secure-exec/registry/native/c/vendor/wasi-sdk/share/wasi-sysroot/lib/wasm32-wasip1-threads -lwasi-emulated-mman -lwasi-emulated-process-clocks -L/home/nathan/secure-exec-wasmgui/experiments/wasm-gui/third_party/wasm-prefix-threads/lib -lhostcompat conftest.c  -Wl,-framework -Wl,CoreFoundation >&5
conftest.c:49:10: fatal error: 'CoreFoundation/CFLocale.h' file not found
   49 | #include <CoreFoundation/CFLocale.h>
      |          ^~~~~~~~~~~~~~~~~~~~~~~~~~~
1 error generated.
configure:15560: $? = 1
configure: failed program was:
| /* confdefs.h */
| #define PACKAGE_NAME "Mousepad"
| #define PACKAGE_TARNAME "mousepad"
| #define PACKAGE_VERSION "0.6.1"
| #define PACKAGE_STRING "Mousepad 0.6.1"
| #define PACKAGE_BUGREPORT "https://gitlab.xfce.org/apps/mousepad"
| #define PACKAGE_URL ""
| #define PACKAGE "mousepad"
| #define VERSION "0.6.1"
| #define HAVE_STDIO_H 1
| #define HAVE_STDLIB_H 1
| #define HAVE_STRING_H 1
| #define HAVE_INTTYPES_H 1
| #define HAVE_STDINT_H 1
| #define HAVE_STRINGS_H 1
| #define HAVE_SYS_STAT_H 1
| #define HAVE_SYS_TYPES_H 1
| #define HAVE_UNISTD_H 1
| #define HAVE_WCHAR_H 1
| #define STDC_HEADERS 1
| #define _ALL_SOURCE 1
| #define _DARWIN_C_SOURCE 1
| #define _GNU_SOURCE 1
| #define _HPUX_ALT_XOPEN_SOCKET_API 1
| #define _NETBSD_SOURCE 1
| #define _OPENBSD_SOURCE 1
| #define _POSIX_PTHREAD_SEMANTICS 1
| #define __STDC_WANT_IEC_60559_ATTRIBS_EXT__ 1
| #define __STDC_WANT_IEC_60559_BFP_EXT__ 1
| #define __STDC_WANT_IEC_60559_DFP_EXT__ 1
| #define __STDC_WANT_IEC_60559_FUNCS_EXT__ 1
| #define __STDC_WANT_IEC_60559_TYPES_EXT__ 1
| #define __STDC_WANT_LIB_EXT2__ 1
| #define __STDC_WANT_MATH_SPEC_FUNCS__ 1
| #define _TANDEM_SOURCE 1
| #define __EXTENSIONS__ 1
| #define HAVE_DLFCN_H 1
| #define LT_OBJDIR ".libs/"
| #define HAVE_REALPATH 1
| #define HAVE_ERRNO_H 1
| #define HAVE_LIBINTL_H 1
| #define HAVE_LOCALE_H 1
| #define HAVE_MATH_H 1
| #define HAVE_STDIO_H 1
| #define HAVE_STDLIB_H 1
| #define HAVE_STRING_H 1
| #define GETTEXT_PACKAGE "mousepad"
| /* end confdefs.h.  */
| #include <CoreFoundation/CFLocale.h>
| int
| main (void)
| {
| CFLocaleCopyCurrent();
|   ;
|   return 0;
| }
configure:15570: result: no
configure:16516: checking whether to use NLS
configure:16518: result: no
configure:16608: checking for wasm32-wasi-pkg-config
configure:16646: result: no
configure:16656: checking for pkg-config
configure:16679: found /usr/bin/pkg-config
configure:16691: result: /usr/bin/pkg-config
configure:16716: checking pkg-config is at least version 0.9.0
configure:16719: result: yes
configure:16741: checking for glib-2.0 >= 2.56.2
configure:16745: result: 2.78.4
configure:16748: checking GLIB_CFLAGS
configure:16751: result: -I/home/nathan/secure-exec-wasmgui/experiments/wasm-gui/third_party/wasm-prefix-threads/include/glib-2.0 -pthread -I/home/nathan/secure-exec-wasmgui/experiments/wasm-gui/third_party/wasm-prefix-threads/lib/glib-2.0/include -I/home/nathan/secure-exec-wasmgui/experiments/wasm-gui/third_party/wasm-prefix-threads/include -DPCRE2_STATIC 
configure:16754: checking GLIB_LIBS
configure:16757: result: -L/home/nathan/secure-exec-wasmgui/experiments/wasm-gui/third_party/wasm-prefix-threads/lib -lglib-2.0 -lintl -lm -pthread -lpcre2-8 
configure:16774: setting GLIB_VERSION_MAX_ALLOWED and GLIB_VERSION_MIN_REQUIRED according to 2.56.2
configure:16833: checking for wasm32-wasi-pkg-config
configure:16868: result: /usr/bin/pkg-config
configure:16941: checking pkg-config is at least version 0.9.0
configure:16944: result: yes
configure:16966: checking for gmodule-2.0 >= 2.56.2
configure:16970: result: 2.78.4
configure:16973: checking GMODULE_CFLAGS
configure:16976: result: -I/home/nathan/secure-exec-wasmgui/experiments/wasm-gui/third_party/wasm-prefix-threads/include -I/home/nathan/secure-exec-wasmgui/experiments/wasm-gui/third_party/wasm-prefix-threads/include/glib-2.0 -I/home/nathan/secure-exec-wasmgui/experiments/wasm-gui/third_party/wasm-prefix-threads/lib/glib-2.0/include -pthread -DPCRE2_STATIC 
configure:16979: checking GMODULE_LIBS
configure:16982: result: -Wl,--export-dynamic -L/home/nathan/secure-exec-wasmgui/experiments/wasm-gui/third_party/wasm-prefix-threads/lib -lgmodule-2.0 -lintl -lglib-2.0 -lintl -lm -pthread -lpcre2-8 
configure:17046: checking for wasm32-wasi-pkg-config
configure:17081: result: /usr/bin/pkg-config
configure:17154: checking pkg-config is at least version 0.9.0
configure:17157: result: yes
configure:17179: checking for gtk+-3.0 >= 3.22.0
configure:17183: result: 3.24.43
configure:17186: checking GTK_CFLAGS
configure:17189: result: -I/home/nathan/secure-exec-wasmgui/experiments/wasm-gui/third_party/wasm-prefix-threads/include/gtk-3.0 -I/home/nathan/secure-exec-wasmgui/experiments/wasm-gui/third_party/pango/build-wasm-threads -I/home/nathan/secure-exec-wasmgui/experiments/wasm-gui/third_party/pango -I/home/nathan/secure-exec-wasmgui/experiments/wasm-gui/third_party/pango/build-wasm-threads/pango -I/home/nathan/secure-exec-wasmgui/experiments/wasm-gui/third_party/pango/pango -I/home/nathan/secure-exec-wasmgui/experiments/wasm-gui/third_party/wasm-prefix-threads/include/glib-2.0 -I/home/nathan/secure-exec-wasmgui/experiments/wasm-gui/third_party/wasm-prefix-threads/lib/glib-2.0/include -I/home/nathan/secure-exec-wasmgui/experiments/wasm-gui/third_party/wasm-prefix-threads/include -I/home/nathan/secure-exec-wasmgui/experiments/wasm-gui/third_party/wasm-prefix-threads/include/fribidi -I/home/nathan/secure-exec-wasmgui/experiments/wasm-gui/third_party/harfbuzz/build-wasm-threads -I/home/nathan/secure-exec-wasmgui/experiments/wasm-gui/third_party/harfbuzz -I/home/nathan/secure-exec-wasmgui/experiments/wasm-gui/third_party/harfbuzz/build-wasm-threads/src -I/home/nathan/secure-exec-wasmgui/experiments/wasm-gui/third_party/harfbuzz/src -I/home/nathan/secure-exec-wasmgui/experiments/wasm-gui/third_party/wasm-prefix-threads/include/freetype2 -I/home/nathan/secure-exec-wasmgui/experiments/wasm-gui/third_party/wasm-prefix-threads/include/cairo -I/home/nathan/secure-exec-wasmgui/experiments/wasm-gui/third_party/wasm-prefix-threads/include/pixman-1 -I/home/nathan/secure-exec-wasmgui/experiments/wasm-gui/third_party/wasm-prefix-threads/include/gdk-pixbuf-2.0 -I/home/nathan/secure-exec-wasmgui/experiments/wasm-gui/third_party/wasm-prefix-threads/include/gio-unix-2.0 -I/home/nathan/secure-exec-wasmgui/experiments/wasm-gui/third_party/wasm-prefix/include -I/home/nathan/secure-exec-wasmgui/experiments/wasm-gui/third_party/wasm-prefix-threads/include/atk-1.0 -I/home/nathan/secure-exec-wasmgui/experiments/wasm-gui/third_party/wasm-prefix-threads/include/at-spi2-atk/2.0 -pthread -DPCRE2_STATIC 
configure:17192: checking GTK_LIBS
configure:17195: result: -L/home/nathan/secure-exec-wasmgui/experiments/wasm-gui/third_party/wasm-prefix-threads/lib -lgtk-3 -lgdk-3 -L/home/nathan/secure-exec-wasmgui/experiments/wasm-gui/third_party/pango/build-wasm-threads/pango -lintl -L/home/nathan/secure-exec-wasmgui/experiments/wasm-gui/third_party/harfbuzz/build-wasm-threads/src -lm -lpangocairo-1.0 -lintl -lm -lpangoft2-1.0 -lpango-1.0 -lintl -lm -lintl -lm -lintl -lfribidi -lharfbuzz -lm -lXft -lintl -lintl -lz -latk-1.0 -lcairo-gobject -lcairo -ldl -lz -lfontconfig -lexpat -lfreetype -lXext -lXrender -lX11 -lpixman-1 -lgdk_pixbuf-2.0 -lpng16 -lintl -lintl -lgio-2.0 -lgobject-2.0 -lffi -lgmodule-2.0 -lintl -lglib-2.0 -lintl -lm -pthread -lpcre2-8 -lz 
configure:17349: checking for GTKSOURCEVIEW
configure:17356: $PKG_CONFIG --exists --print-errors "gtksourceview-4 >= 4.0.0"
configure:17359: $? = 0
configure:17373: $PKG_CONFIG --exists --print-errors "gtksourceview-4 >= 4.0.0"
configure:17376: $? = 0
configure:17414: result: yes
configure:17747: checking for optional package polkit-gobject-1 >= 0.102
configure:17749: result: not found
configure:17795: checking for wasm32-wasi-pkg-config
configure:17830: result: /usr/bin/pkg-config
configure:17903: checking pkg-config is at least version 0.16
configure:17906: result: yes
configure:17945: checking for glib-compile-schemas
configure:17968: found /home/linuxbrew/.linuxbrew/bin/glib-compile-schemas
configure:17980: result: /home/linuxbrew/.linuxbrew/bin/glib-compile-schemas
configure:18274: checking whether to build the gspell plugin
configure:18284: result: no
configure:18696: checking whether to build the shortcuts plugin
configure:18706: result: no
configure:18719: checking whether to build the test plugin
configure:18729: result: no
configure:18752: checking whether to build with debugging support
configure:18784: result: no
configure:18799: checking if /home/nathan/secure-exec-wasmgui/experiments/wasm-gui/toolchain/clang-wasi-wrap.sh supports -Wall
configure:18807: /home/nathan/secure-exec-wasmgui/experiments/wasm-gui/toolchain/clang-wasi-wrap.sh -c --target=wasm32-wasip1-threads --sysroot=/home/nathan/secure-exec/registry/native/c/vendor/wasi-sdk/share/wasi-sysroot -O2 -pthread -matomics -mbulk-memory -DSECURE_EXEC_WASM_THREADS -D_WASI_EMULATED_SIGNAL -D_WASI_EMULATED_MMAN -D_WASI_EMULATED_PROCESS_CLOCKS -D_GNU_SOURCE -mllvm -wasm-enable-sjlj -Wno-error=implicit-function-declaration -Wno-error=int-conversion -Wno-int-conversion -I/home/nathan/secure-exec-wasmgui/experiments/wasm-gui/toolchain/compat-include -include /home/nathan/secure-exec-wasmgui/experiments/wasm-gui/toolchain/wasi-compat.h -I/home/nathan/secure-exec-wasmgui/experiments/wasm-gui/third_party/wasm-prefix-threads/include -I/home/nathan/secure-exec-wasmgui/experiments/wasm-gui/third_party/wasm-prefix-threads/include/gtksourceview-4 -g0 -Wall --target=wasm32-wasip1-threads --sysroot=/home/nathan/secure-exec/registry/native/c/vendor/wasi-sdk/share/wasi-sysroot -I/home/nathan/secure-exec-wasmgui/experiments/wasm-gui/third_party/wasm-prefix-threads/include -I/home/nathan/secure-exec-wasmgui/experiments/wasm-gui/toolchain/compat-include -include /home/nathan/secure-exec-wasmgui/experiments/wasm-gui/toolchain/wasi-compat.h -DNDEBUG -DG_DISABLE_CAST_CHECKS -DG_DISABLE_ASSERT conftest.c >&5
configure:18807: $? = 0
configure:18815: result: yes
configure:18799: checking if /home/nathan/secure-exec-wasmgui/experiments/wasm-gui/toolchain/clang-wasi-wrap.sh supports -Wextra
configure:18807: /home/nathan/secure-exec-wasmgui/experiments/wasm-gui/toolchain/clang-wasi-wrap.sh -c --target=wasm32-wasip1-threads --sysroot=/home/nathan/secure-exec/registry/native/c/vendor/wasi-sdk/share/wasi-sysroot -O2 -pthread -matomics -mbulk-memory -DSECURE_EXEC_WASM_THREADS -D_WASI_EMULATED_SIGNAL -D_WASI_EMULATED_MMAN -D_WASI_EMULATED_PROCESS_CLOCKS -D_GNU_SOURCE -mllvm -wasm-enable-sjlj -Wno-error=implicit-function-declaration -Wno-error=int-conversion -Wno-int-conversion -I/home/nathan/secure-exec-wasmgui/experiments/wasm-gui/toolchain/compat-include -include /home/nathan/secure-exec-wasmgui/experiments/wasm-gui/toolchain/wasi-compat.h -I/home/nathan/secure-exec-wasmgui/experiments/wasm-gui/third_party/wasm-prefix-threads/include -I/home/nathan/secure-exec-wasmgui/experiments/wasm-gui/third_party/wasm-prefix-threads/include/gtksourceview-4 -g0 -Wextra --target=wasm32-wasip1-threads --sysroot=/home/nathan/secure-exec/registry/native/c/vendor/wasi-sdk/share/wasi-sysroot -I/home/nathan/secure-exec-wasmgui/experiments/wasm-gui/third_party/wasm-prefix-threads/include -I/home/nathan/secure-exec-wasmgui/experiments/wasm-gui/toolchain/compat-include -include /home/nathan/secure-exec-wasmgui/experiments/wasm-gui/toolchain/wasi-compat.h -DNDEBUG -DG_DISABLE_CAST_CHECKS -DG_DISABLE_ASSERT conftest.c >&5
configure:18807: $? = 0
configure:18815: result: yes
configure:18799: checking if /home/nathan/secure-exec-wasmgui/experiments/wasm-gui/toolchain/clang-wasi-wrap.sh supports -Wno-missing-field-initializers
configure:18807: /home/nathan/secure-exec-wasmgui/experiments/wasm-gui/toolchain/clang-wasi-wrap.sh -c --target=wasm32-wasip1-threads --sysroot=/home/nathan/secure-exec/registry/native/c/vendor/wasi-sdk/share/wasi-sysroot -O2 -pthread -matomics -mbulk-memory -DSECURE_EXEC_WASM_THREADS -D_WASI_EMULATED_SIGNAL -D_WASI_EMULATED_MMAN -D_WASI_EMULATED_PROCESS_CLOCKS -D_GNU_SOURCE -mllvm -wasm-enable-sjlj -Wno-error=implicit-function-declaration -Wno-error=int-conversion -Wno-int-conversion -I/home/nathan/secure-exec-wasmgui/experiments/wasm-gui/toolchain/compat-include -include /home/nathan/secure-exec-wasmgui/experiments/wasm-gui/toolchain/wasi-compat.h -I/home/nathan/secure-exec-wasmgui/experiments/wasm-gui/third_party/wasm-prefix-threads/include -I/home/nathan/secure-exec-wasmgui/experiments/wasm-gui/third_party/wasm-prefix-threads/include/gtksourceview-4 -g0 -Wno-missing-field-initializers --target=wasm32-wasip1-threads --sysroot=/home/nathan/secure-exec/registry/native/c/vendor/wasi-sdk/share/wasi-sysroot -I/home/nathan/secure-exec-wasmgui/experiments/wasm-gui/third_party/wasm-prefix-threads/include -I/home/nathan/secure-exec-wasmgui/experiments/wasm-gui/toolchain/compat-include -include /home/nathan/secure-exec-wasmgui/experiments/wasm-gui/toolchain/wasi-compat.h -DNDEBUG -DG_DISABLE_CAST_CHECKS -DG_DISABLE_ASSERT conftest.c >&5
configure:18807: $? = 0
configure:18815: result: yes
configure:18799: checking if /home/nathan/secure-exec-wasmgui/experiments/wasm-gui/toolchain/clang-wasi-wrap.sh supports -Wno-unused-parameter
configure:18807: /home/nathan/secure-exec-wasmgui/experiments/wasm-gui/toolchain/clang-wasi-wrap.sh -c --target=wasm32-wasip1-threads --sysroot=/home/nathan/secure-exec/registry/native/c/vendor/wasi-sdk/share/wasi-sysroot -O2 -pthread -matomics -mbulk-memory -DSECURE_EXEC_WASM_THREADS -D_WASI_EMULATED_SIGNAL -D_WASI_EMULATED_MMAN -D_WASI_EMULATED_PROCESS_CLOCKS -D_GNU_SOURCE -mllvm -wasm-enable-sjlj -Wno-error=implicit-function-declaration -Wno-error=int-conversion -Wno-int-conversion -I/home/nathan/secure-exec-wasmgui/experiments/wasm-gui/toolchain/compat-include -include /home/nathan/secure-exec-wasmgui/experiments/wasm-gui/toolchain/wasi-compat.h -I/home/nathan/secure-exec-wasmgui/experiments/wasm-gui/third_party/wasm-prefix-threads/include -I/home/nathan/secure-exec-wasmgui/experiments/wasm-gui/third_party/wasm-prefix-threads/include/gtksourceview-4 -g0 -Wno-unused-parameter --target=wasm32-wasip1-threads --sysroot=/home/nathan/secure-exec/registry/native/c/vendor/wasi-sdk/share/wasi-sysroot -I/home/nathan/secure-exec-wasmgui/experiments/wasm-gui/third_party/wasm-prefix-threads/include -I/home/nathan/secure-exec-wasmgui/experiments/wasm-gui/toolchain/compat-include -include /home/nathan/secure-exec-wasmgui/experiments/wasm-gui/toolchain/wasi-compat.h -DNDEBUG -DG_DISABLE_CAST_CHECKS -DG_DISABLE_ASSERT conftest.c >&5
configure:18807: $? = 0
configure:18815: result: yes
configure:18799: checking if /home/nathan/secure-exec-wasmgui/experiments/wasm-gui/toolchain/clang-wasi-wrap.sh supports -Wmissing-declarations
configure:18807: /home/nathan/secure-exec-wasmgui/experiments/wasm-gui/toolchain/clang-wasi-wrap.sh -c --target=wasm32-wasip1-threads --sysroot=/home/nathan/secure-exec/registry/native/c/vendor/wasi-sdk/share/wasi-sysroot -O2 -pthread -matomics -mbulk-memory -DSECURE_EXEC_WASM_THREADS -D_WASI_EMULATED_SIGNAL -D_WASI_EMULATED_MMAN -D_WASI_EMULATED_PROCESS_CLOCKS -D_GNU_SOURCE -mllvm -wasm-enable-sjlj -Wno-error=implicit-function-declaration -Wno-error=int-conversion -Wno-int-conversion -I/home/nathan/secure-exec-wasmgui/experiments/wasm-gui/toolchain/compat-include -include /home/nathan/secure-exec-wasmgui/experiments/wasm-gui/toolchain/wasi-compat.h -I/home/nathan/secure-exec-wasmgui/experiments/wasm-gui/third_party/wasm-prefix-threads/include -I/home/nathan/secure-exec-wasmgui/experiments/wasm-gui/third_party/wasm-prefix-threads/include/gtksourceview-4 -g0 -Wmissing-declarations --target=wasm32-wasip1-threads --sysroot=/home/nathan/secure-exec/registry/native/c/vendor/wasi-sdk/share/wasi-sysroot -I/home/nathan/secure-exec-wasmgui/experiments/wasm-gui/third_party/wasm-prefix-threads/include -I/home/nathan/secure-exec-wasmgui/experiments/wasm-gui/toolchain/compat-include -include /home/nathan/secure-exec-wasmgui/experiments/wasm-gui/toolchain/wasi-compat.h -DNDEBUG -DG_DISABLE_CAST_CHECKS -DG_DISABLE_ASSERT conftest.c >&5
configure:18807: $? = 0
configure:18815: result: yes
configure:18799: checking if /home/nathan/secure-exec-wasmgui/experiments/wasm-gui/toolchain/clang-wasi-wrap.sh supports -Wmissing-noreturn
configure:18807: /home/nathan/secure-exec-wasmgui/experiments/wasm-gui/toolchain/clang-wasi-wrap.sh -c --target=wasm32-wasip1-threads --sysroot=/home/nathan/secure-exec/registry/native/c/vendor/wasi-sdk/share/wasi-sysroot -O2 -pthread -matomics -mbulk-memory -DSECURE_EXEC_WASM_THREADS -D_WASI_EMULATED_SIGNAL -D_WASI_EMULATED_MMAN -D_WASI_EMULATED_PROCESS_CLOCKS -D_GNU_SOURCE -mllvm -wasm-enable-sjlj -Wno-error=implicit-function-declaration -Wno-error=int-conversion -Wno-int-conversion -I/home/nathan/secure-exec-wasmgui/experiments/wasm-gui/toolchain/compat-include -include /home/nathan/secure-exec-wasmgui/experiments/wasm-gui/toolchain/wasi-compat.h -I/home/nathan/secure-exec-wasmgui/experiments/wasm-gui/third_party/wasm-prefix-threads/include -I/home/nathan/secure-exec-wasmgui/experiments/wasm-gui/third_party/wasm-prefix-threads/include/gtksourceview-4 -g0 -Wmissing-noreturn --target=wasm32-wasip1-threads --sysroot=/home/nathan/secure-exec/registry/native/c/vendor/wasi-sdk/share/wasi-sysroot -I/home/nathan/secure-exec-wasmgui/experiments/wasm-gui/third_party/wasm-prefix-threads/include -I/home/nathan/secure-exec-wasmgui/experiments/wasm-gui/toolchain/compat-include -include /home/nathan/secure-exec-wasmgui/experiments/wasm-gui/toolchain/wasi-compat.h -DNDEBUG -DG_DISABLE_CAST_CHECKS -DG_DISABLE_ASSERT conftest.c >&5
configure:18807: $? = 0
configure:18815: result: yes
configure:18799: checking if /home/nathan/secure-exec-wasmgui/experiments/wasm-gui/toolchain/clang-wasi-wrap.sh supports -Wpointer-arith
configure:18807: /home/nathan/secure-exec-wasmgui/experiments/wasm-gui/toolchain/clang-wasi-wrap.sh -c --target=wasm32-wasip1-threads --sysroot=/home/nathan/secure-exec/registry/native/c/vendor/wasi-sdk/share/wasi-sysroot -O2 -pthread -matomics -mbulk-memory -DSECURE_EXEC_WASM_THREADS -D_WASI_EMULATED_SIGNAL -D_WASI_EMULATED_MMAN -D_WASI_EMULATED_PROCESS_CLOCKS -D_GNU_SOURCE -mllvm -wasm-enable-sjlj -Wno-error=implicit-function-declaration -Wno-error=int-conversion -Wno-int-conversion -I/home/nathan/secure-exec-wasmgui/experiments/wasm-gui/toolchain/compat-include -include /home/nathan/secure-exec-wasmgui/experiments/wasm-gui/toolchain/wasi-compat.h -I/home/nathan/secure-exec-wasmgui/experiments/wasm-gui/third_party/wasm-prefix-threads/include -I/home/nathan/secure-exec-wasmgui/experiments/wasm-gui/third_party/wasm-prefix-threads/include/gtksourceview-4 -g0 -Wpointer-arith --target=wasm32-wasip1-threads --sysroot=/home/nathan/secure-exec/registry/native/c/vendor/wasi-sdk/share/wasi-sysroot -I/home/nathan/secure-exec-wasmgui/experiments/wasm-gui/third_party/wasm-prefix-threads/include -I/home/nathan/secure-exec-wasmgui/experiments/wasm-gui/toolchain/compat-include -include /home/nathan/secure-exec-wasmgui/experiments/wasm-gui/toolchain/wasi-compat.h -DNDEBUG -DG_DISABLE_CAST_CHECKS -DG_DISABLE_ASSERT conftest.c >&5
configure:18807: $? = 0
configure:18815: result: yes
configure:18799: checking if /home/nathan/secure-exec-wasmgui/experiments/wasm-gui/toolchain/clang-wasi-wrap.sh supports -Wcast-align
configure:18807: /home/nathan/secure-exec-wasmgui/experiments/wasm-gui/toolchain/clang-wasi-wrap.sh -c --target=wasm32-wasip1-threads --sysroot=/home/nathan/secure-exec/registry/native/c/vendor/wasi-sdk/share/wasi-sysroot -O2 -pthread -matomics -mbulk-memory -DSECURE_EXEC_WASM_THREADS -D_WASI_EMULATED_SIGNAL -D_WASI_EMULATED_MMAN -D_WASI_EMULATED_PROCESS_CLOCKS -D_GNU_SOURCE -mllvm -wasm-enable-sjlj -Wno-error=implicit-function-declaration -Wno-error=int-conversion -Wno-int-conversion -I/home/nathan/secure-exec-wasmgui/experiments/wasm-gui/toolchain/compat-include -include /home/nathan/secure-exec-wasmgui/experiments/wasm-gui/toolchain/wasi-compat.h -I/home/nathan/secure-exec-wasmgui/experiments/wasm-gui/third_party/wasm-prefix-threads/include -I/home/nathan/secure-exec-wasmgui/experiments/wasm-gui/third_party/wasm-prefix-threads/include/gtksourceview-4 -g0 -Wcast-align --target=wasm32-wasip1-threads --sysroot=/home/nathan/secure-exec/registry/native/c/vendor/wasi-sdk/share/wasi-sysroot -I/home/nathan/secure-exec-wasmgui/experiments/wasm-gui/third_party/wasm-prefix-threads/include -I/home/nathan/secure-exec-wasmgui/experiments/wasm-gui/toolchain/compat-include -include /home/nathan/secure-exec-wasmgui/experiments/wasm-gui/toolchain/wasi-compat.h -DNDEBUG -DG_DISABLE_CAST_CHECKS -DG_DISABLE_ASSERT conftest.c >&5
configure:18807: $? = 0
configure:18815: result: yes
configure:18799: checking if /home/nathan/secure-exec-wasmgui/experiments/wasm-gui/toolchain/clang-wasi-wrap.sh supports -Wformat
configure:18807: /home/nathan/secure-exec-wasmgui/experiments/wasm-gui/toolchain/clang-wasi-wrap.sh -c --target=wasm32-wasip1-threads --sysroot=/home/nathan/secure-exec/registry/native/c/vendor/wasi-sdk/share/wasi-sysroot -O2 -pthread -matomics -mbulk-memory -DSECURE_EXEC_WASM_THREADS -D_WASI_EMULATED_SIGNAL -D_WASI_EMULATED_MMAN -D_WASI_EMULATED_PROCESS_CLOCKS -D_GNU_SOURCE -mllvm -wasm-enable-sjlj -Wno-error=implicit-function-declaration -Wno-error=int-conversion -Wno-int-conversion -I/home/nathan/secure-exec-wasmgui/experiments/wasm-gui/toolchain/compat-include -include /home/nathan/secure-exec-wasmgui/experiments/wasm-gui/toolchain/wasi-compat.h -I/home/nathan/secure-exec-wasmgui/experiments/wasm-gui/third_party/wasm-prefix-threads/include -I/home/nathan/secure-exec-wasmgui/experiments/wasm-gui/third_party/wasm-prefix-threads/include/gtksourceview-4 -g0 -Wformat --target=wasm32-wasip1-threads --sysroot=/home/nathan/secure-exec/registry/native/c/vendor/wasi-sdk/share/wasi-sysroot -I/home/nathan/secure-exec-wasmgui/experiments/wasm-gui/third_party/wasm-prefix-threads/include -I/home/nathan/secure-exec-wasmgui/experiments/wasm-gui/toolchain/compat-include -include /home/nathan/secure-exec-wasmgui/experiments/wasm-gui/toolchain/wasi-compat.h -DNDEBUG -DG_DISABLE_CAST_CHECKS -DG_DISABLE_ASSERT conftest.c >&5
configure:18807: $? = 0
configure:18815: result: yes
configure:18799: checking if /home/nathan/secure-exec-wasmgui/experiments/wasm-gui/toolchain/clang-wasi-wrap.sh supports -Wformat-security
configure:18807: /home/nathan/secure-exec-wasmgui/experiments/wasm-gui/toolchain/clang-wasi-wrap.sh -c --target=wasm32-wasip1-threads --sysroot=/home/nathan/secure-exec/registry/native/c/vendor/wasi-sdk/share/wasi-sysroot -O2 -pthread -matomics -mbulk-memory -DSECURE_EXEC_WASM_THREADS -D_WASI_EMULATED_SIGNAL -D_WASI_EMULATED_MMAN -D_WASI_EMULATED_PROCESS_CLOCKS -D_GNU_SOURCE -mllvm -wasm-enable-sjlj -Wno-error=implicit-function-declaration -Wno-error=int-conversion -Wno-int-conversion -I/home/nathan/secure-exec-wasmgui/experiments/wasm-gui/toolchain/compat-include -include /home/nathan/secure-exec-wasmgui/experiments/wasm-gui/toolchain/wasi-compat.h -I/home/nathan/secure-exec-wasmgui/experiments/wasm-gui/third_party/wasm-prefix-threads/include -I/home/nathan/secure-exec-wasmgui/experiments/wasm-gui/third_party/wasm-prefix-threads/include/gtksourceview-4 -g0 -Wformat-security --target=wasm32-wasip1-threads --sysroot=/home/nathan/secure-exec/registry/native/c/vendor/wasi-sdk/share/wasi-sysroot -I/home/nathan/secure-exec-wasmgui/experiments/wasm-gui/third_party/wasm-prefix-threads/include -I/home/nathan/secure-exec-wasmgui/experiments/wasm-gui/toolchain/compat-include -include /home/nathan/secure-exec-wasmgui/experiments/wasm-gui/toolchain/wasi-compat.h -DNDEBUG -DG_DISABLE_CAST_CHECKS -DG_DISABLE_ASSERT conftest.c >&5
configure:18807: $? = 0
configure:18815: result: yes
configure:18799: checking if /home/nathan/secure-exec-wasmgui/experiments/wasm-gui/toolchain/clang-wasi-wrap.sh supports -Wformat-y2k
configure:18807: /home/nathan/secure-exec-wasmgui/experiments/wasm-gui/toolchain/clang-wasi-wrap.sh -c --target=wasm32-wasip1-threads --sysroot=/home/nathan/secure-exec/registry/native/c/vendor/wasi-sdk/share/wasi-sysroot -O2 -pthread -matomics -mbulk-memory -DSECURE_EXEC_WASM_THREADS -D_WASI_EMULATED_SIGNAL -D_WASI_EMULATED_MMAN -D_WASI_EMULATED_PROCESS_CLOCKS -D_GNU_SOURCE -mllvm -wasm-enable-sjlj -Wno-error=implicit-function-declaration -Wno-error=int-conversion -Wno-int-conversion -I/home/nathan/secure-exec-wasmgui/experiments/wasm-gui/toolchain/compat-include -include /home/nathan/secure-exec-wasmgui/experiments/wasm-gui/toolchain/wasi-compat.h -I/home/nathan/secure-exec-wasmgui/experiments/wasm-gui/third_party/wasm-prefix-threads/include -I/home/nathan/secure-exec-wasmgui/experiments/wasm-gui/third_party/wasm-prefix-threads/include/gtksourceview-4 -g0 -Wformat-y2k --target=wasm32-wasip1-threads --sysroot=/home/nathan/secure-exec/registry/native/c/vendor/wasi-sdk/share/wasi-sysroot -I/home/nathan/secure-exec-wasmgui/experiments/wasm-gui/third_party/wasm-prefix-threads/include -I/home/nathan/secure-exec-wasmgui/experiments/wasm-gui/toolchain/compat-include -include /home/nathan/secure-exec-wasmgui/experiments/wasm-gui/toolchain/wasi-compat.h -DNDEBUG -DG_DISABLE_CAST_CHECKS -DG_DISABLE_ASSERT conftest.c >&5
configure:18807: $? = 0
configure:18815: result: yes
configure:18799: checking if /home/nathan/secure-exec-wasmgui/experiments/wasm-gui/toolchain/clang-wasi-wrap.sh supports -Winit-self
configure:18807: /home/nathan/secure-exec-wasmgui/experiments/wasm-gui/toolchain/clang-wasi-wrap.sh -c --target=wasm32-wasip1-threads --sysroot=/home/nathan/secure-exec/registry/native/c/vendor/wasi-sdk/share/wasi-sysroot -O2 -pthread -matomics -mbulk-memory -DSECURE_EXEC_WASM_THREADS -D_WASI_EMULATED_SIGNAL -D_WASI_EMULATED_MMAN -D_WASI_EMULATED_PROCESS_CLOCKS -D_GNU_SOURCE -mllvm -wasm-enable-sjlj -Wno-error=implicit-function-declaration -Wno-error=int-conversion -Wno-int-conversion -I/home/nathan/secure-exec-wasmgui/experiments/wasm-gui/toolchain/compat-include -include /home/nathan/secure-exec-wasmgui/experiments/wasm-gui/toolchain/wasi-compat.h -I/home/nathan/secure-exec-wasmgui/experiments/wasm-gui/third_party/wasm-prefix-threads/include -I/home/nathan/secure-exec-wasmgui/experiments/wasm-gui/third_party/wasm-prefix-threads/include/gtksourceview-4 -g0 -Winit-self --target=wasm32-wasip1-threads --sysroot=/home/nathan/secure-exec/registry/native/c/vendor/wasi-sdk/share/wasi-sysroot -I/home/nathan/secure-exec-wasmgui/experiments/wasm-gui/third_party/wasm-prefix-threads/include -I/home/nathan/secure-exec-wasmgui/experiments/wasm-gui/toolchain/compat-include -include /home/nathan/secure-exec-wasmgui/experiments/wasm-gui/toolchain/wasi-compat.h -DNDEBUG -DG_DISABLE_CAST_CHECKS -DG_DISABLE_ASSERT conftest.c >&5
configure:18807: $? = 0
configure:18815: result: yes
configure:18799: checking if /home/nathan/secure-exec-wasmgui/experiments/wasm-gui/toolchain/clang-wasi-wrap.sh supports -Wmissing-include-dirs
configure:18807: /home/nathan/secure-exec-wasmgui/experiments/wasm-gui/toolchain/clang-wasi-wrap.sh -c --target=wasm32-wasip1-threads --sysroot=/home/nathan/secure-exec/registry/native/c/vendor/wasi-sdk/share/wasi-sysroot -O2 -pthread -matomics -mbulk-memory -DSECURE_EXEC_WASM_THREADS -D_WASI_EMULATED_SIGNAL -D_WASI_EMULATED_MMAN -D_WASI_EMULATED_PROCESS_CLOCKS -D_GNU_SOURCE -mllvm -wasm-enable-sjlj -Wno-error=implicit-function-declaration -Wno-error=int-conversion -Wno-int-conversion -I/home/nathan/secure-exec-wasmgui/experiments/wasm-gui/toolchain/compat-include -include /home/nathan/secure-exec-wasmgui/experiments/wasm-gui/toolchain/wasi-compat.h -I/home/nathan/secure-exec-wasmgui/experiments/wasm-gui/third_party/wasm-prefix-threads/include -I/home/nathan/secure-exec-wasmgui/experiments/wasm-gui/third_party/wasm-prefix-threads/include/gtksourceview-4 -g0 -Wmissing-include-dirs --target=wasm32-wasip1-threads --sysroot=/home/nathan/secure-exec/registry/native/c/vendor/wasi-sdk/share/wasi-sysroot -I/home/nathan/secure-exec-wasmgui/experiments/wasm-gui/third_party/wasm-prefix-threads/include -I/home/nathan/secure-exec-wasmgui/experiments/wasm-gui/toolchain/compat-include -include /home/nathan/secure-exec-wasmgui/experiments/wasm-gui/toolchain/wasi-compat.h -DNDEBUG -DG_DISABLE_CAST_CHECKS -DG_DISABLE_ASSERT conftest.c >&5
configure:18807: $? = 0
configure:18815: result: yes
configure:18799: checking if /home/nathan/secure-exec-wasmgui/experiments/wasm-gui/toolchain/clang-wasi-wrap.sh supports -Wundef
configure:18807: /home/nathan/secure-exec-wasmgui/experiments/wasm-gui/toolchain/clang-wasi-wrap.sh -c --target=wasm32-wasip1-threads --sysroot=/home/nathan/secure-exec/registry/native/c/vendor/wasi-sdk/share/wasi-sysroot -O2 -pthread -matomics -mbulk-memory -DSECURE_EXEC_WASM_THREADS -D_WASI_EMULATED_SIGNAL -D_WASI_EMULATED_MMAN -D_WASI_EMULATED_PROCESS_CLOCKS -D_GNU_SOURCE -mllvm -wasm-enable-sjlj -Wno-error=implicit-function-declaration -Wno-error=int-conversion -Wno-int-conversion -I/home/nathan/secure-exec-wasmgui/experiments/wasm-gui/toolchain/compat-include -include /home/nathan/secure-exec-wasmgui/experiments/wasm-gui/toolchain/wasi-compat.h -I/home/nathan/secure-exec-wasmgui/experiments/wasm-gui/third_party/wasm-prefix-threads/include -I/home/nathan/secure-exec-wasmgui/experiments/wasm-gui/third_party/wasm-prefix-threads/include/gtksourceview-4 -g0 -Wundef --target=wasm32-wasip1-threads --sysroot=/home/nathan/secure-exec/registry/native/c/vendor/wasi-sdk/share/wasi-sysroot -I/home/nathan/secure-exec-wasmgui/experiments/wasm-gui/third_party/wasm-prefix-threads/include -I/home/nathan/secure-exec-wasmgui/experiments/wasm-gui/toolchain/compat-include -include /home/nathan/secure-exec-wasmgui/experiments/wasm-gui/toolchain/wasi-compat.h -DNDEBUG -DG_DISABLE_CAST_CHECKS -DG_DISABLE_ASSERT conftest.c >&5
configure:18807: $? = 0
configure:18815: result: yes
configure:18799: checking if /home/nathan/secure-exec-wasmgui/experiments/wasm-gui/toolchain/clang-wasi-wrap.sh supports -Wredundant-decls
configure:18807: /home/nathan/secure-exec-wasmgui/experiments/wasm-gui/toolchain/clang-wasi-wrap.sh -c --target=wasm32-wasip1-threads --sysroot=/home/nathan/secure-exec/registry/native/c/vendor/wasi-sdk/share/wasi-sysroot -O2 -pthread -matomics -mbulk-memory -DSECURE_EXEC_WASM_THREADS -D_WASI_EMULATED_SIGNAL -D_WASI_EMULATED_MMAN -D_WASI_EMULATED_PROCESS_CLOCKS -D_GNU_SOURCE -mllvm -wasm-enable-sjlj -Wno-error=implicit-function-declaration -Wno-error=int-conversion -Wno-int-conversion -I/home/nathan/secure-exec-wasmgui/experiments/wasm-gui/toolchain/compat-include -include /home/nathan/secure-exec-wasmgui/experiments/wasm-gui/toolchain/wasi-compat.h -I/home/nathan/secure-exec-wasmgui/experiments/wasm-gui/third_party/wasm-prefix-threads/include -I/home/nathan/secure-exec-wasmgui/experiments/wasm-gui/third_party/wasm-prefix-threads/include/gtksourceview-4 -g0 -Wredundant-decls --target=wasm32-wasip1-threads --sysroot=/home/nathan/secure-exec/registry/native/c/vendor/wasi-sdk/share/wasi-sysroot -I/home/nathan/secure-exec-wasmgui/experiments/wasm-gui/third_party/wasm-prefix-threads/include -I/home/nathan/secure-exec-wasmgui/experiments/wasm-gui/toolchain/compat-include -include /home/nathan/secure-exec-wasmgui/experiments/wasm-gui/toolchain/wasi-compat.h -DNDEBUG -DG_DISABLE_CAST_CHECKS -DG_DISABLE_ASSERT conftest.c >&5
configure:18807: $? = 0
configure:18815: result: yes
configure:18799: checking if /home/nathan/secure-exec-wasmgui/experiments/wasm-gui/toolchain/clang-wasi-wrap.sh supports -Wshadow
configure:18807: /home/nathan/secure-exec-wasmgui/experiments/wasm-gui/toolchain/clang-wasi-wrap.sh -c --target=wasm32-wasip1-threads --sysroot=/home/nathan/secure-exec/registry/native/c/vendor/wasi-sdk/share/wasi-sysroot -O2 -pthread -matomics -mbulk-memory -DSECURE_EXEC_WASM_THREADS -D_WASI_EMULATED_SIGNAL -D_WASI_EMULATED_MMAN -D_WASI_EMULATED_PROCESS_CLOCKS -D_GNU_SOURCE -mllvm -wasm-enable-sjlj -Wno-error=implicit-function-declaration -Wno-error=int-conversion -Wno-int-conversion -I/home/nathan/secure-exec-wasmgui/experiments/wasm-gui/toolchain/compat-include -include /home/nathan/secure-exec-wasmgui/experiments/wasm-gui/toolchain/wasi-compat.h -I/home/nathan/secure-exec-wasmgui/experiments/wasm-gui/third_party/wasm-prefix-threads/include -I/home/nathan/secure-exec-wasmgui/experiments/wasm-gui/third_party/wasm-prefix-threads/include/gtksourceview-4 -g0 -Wshadow --target=wasm32-wasip1-threads --sysroot=/home/nathan/secure-exec/registry/native/c/vendor/wasi-sdk/share/wasi-sysroot -I/home/nathan/secure-exec-wasmgui/experiments/wasm-gui/third_party/wasm-prefix-threads/include -I/home/nathan/secure-exec-wasmgui/experiments/wasm-gui/toolchain/compat-include -include /home/nathan/secure-exec-wasmgui/experiments/wasm-gui/toolchain/wasi-compat.h -DNDEBUG -DG_DISABLE_CAST_CHECKS -DG_DISABLE_ASSERT conftest.c >&5
configure:18807: $? = 0
configure:18815: result: yes
configure:18799: checking if /home/nathan/secure-exec-wasmgui/experiments/wasm-gui/toolchain/clang-wasi-wrap.sh supports -Wnested-externs
configure:18807: /home/nathan/secure-exec-wasmgui/experiments/wasm-gui/toolchain/clang-wasi-wrap.sh -c --target=wasm32-wasip1-threads --sysroot=/home/nathan/secure-exec/registry/native/c/vendor/wasi-sdk/share/wasi-sysroot -O2 -pthread -matomics -mbulk-memory -DSECURE_EXEC_WASM_THREADS -D_WASI_EMULATED_SIGNAL -D_WASI_EMULATED_MMAN -D_WASI_EMULATED_PROCESS_CLOCKS -D_GNU_SOURCE -mllvm -wasm-enable-sjlj -Wno-error=implicit-function-declaration -Wno-error=int-conversion -Wno-int-conversion -I/home/nathan/secure-exec-wasmgui/experiments/wasm-gui/toolchain/compat-include -include /home/nathan/secure-exec-wasmgui/experiments/wasm-gui/toolchain/wasi-compat.h -I/home/nathan/secure-exec-wasmgui/experiments/wasm-gui/third_party/wasm-prefix-threads/include -I/home/nathan/secure-exec-wasmgui/experiments/wasm-gui/third_party/wasm-prefix-threads/include/gtksourceview-4 -g0 -Wnested-externs --target=wasm32-wasip1-threads --sysroot=/home/nathan/secure-exec/registry/native/c/vendor/wasi-sdk/share/wasi-sysroot -I/home/nathan/secure-exec-wasmgui/experiments/wasm-gui/third_party/wasm-prefix-threads/include -I/home/nathan/secure-exec-wasmgui/experiments/wasm-gui/toolchain/compat-include -include /home/nathan/secure-exec-wasmgui/experiments/wasm-gui/toolchain/wasi-compat.h -DNDEBUG -DG_DISABLE_CAST_CHECKS -DG_DISABLE_ASSERT conftest.c >&5
configure:18807: $? = 0
configure:18815: result: yes
configure:18799: checking if /home/nathan/secure-exec-wasmgui/experiments/wasm-gui/toolchain/clang-wasi-wrap.sh supports -Wold-style-definition
configure:18807: /home/nathan/secure-exec-wasmgui/experiments/wasm-gui/toolchain/clang-wasi-wrap.sh -c --target=wasm32-wasip1-threads --sysroot=/home/nathan/secure-exec/registry/native/c/vendor/wasi-sdk/share/wasi-sysroot -O2 -pthread -matomics -mbulk-memory -DSECURE_EXEC_WASM_THREADS -D_WASI_EMULATED_SIGNAL -D_WASI_EMULATED_MMAN -D_WASI_EMULATED_PROCESS_CLOCKS -D_GNU_SOURCE -mllvm -wasm-enable-sjlj -Wno-error=implicit-function-declaration -Wno-error=int-conversion -Wno-int-conversion -I/home/nathan/secure-exec-wasmgui/experiments/wasm-gui/toolchain/compat-include -include /home/nathan/secure-exec-wasmgui/experiments/wasm-gui/toolchain/wasi-compat.h -I/home/nathan/secure-exec-wasmgui/experiments/wasm-gui/third_party/wasm-prefix-threads/include -I/home/nathan/secure-exec-wasmgui/experiments/wasm-gui/third_party/wasm-prefix-threads/include/gtksourceview-4 -g0 -Wold-style-definition --target=wasm32-wasip1-threads --sysroot=/home/nathan/secure-exec/registry/native/c/vendor/wasi-sdk/share/wasi-sysroot -I/home/nathan/secure-exec-wasmgui/experiments/wasm-gui/third_party/wasm-prefix-threads/include -I/home/nathan/secure-exec-wasmgui/experiments/wasm-gui/toolchain/compat-include -include /home/nathan/secure-exec-wasmgui/experiments/wasm-gui/toolchain/wasi-compat.h -DNDEBUG -DG_DISABLE_CAST_CHECKS -DG_DISABLE_ASSERT conftest.c >&5
configure:18807: $? = 0
configure:18815: result: yes
configure:18825: checking if /home/nathan/secure-exec-wasmgui/experiments/wasm-gui/toolchain/clang-wasi-wrap.sh supports -Wall
configure:18833: /home/nathan/secure-exec-wasmgui/experiments/wasm-gui/toolchain/clang-wasi-wrap.sh -c --target=wasm32-wasip1-threads --sysroot=/home/nathan/secure-exec/registry/native/c/vendor/wasi-sdk/share/wasi-sysroot -O2 -pthread -matomics -mbulk-memory -DSECURE_EXEC_WASM_THREADS -D_WASI_EMULATED_SIGNAL -D_WASI_EMULATED_MMAN -D_WASI_EMULATED_PROCESS_CLOCKS -D_GNU_SOURCE -mllvm -wasm-enable-sjlj -Wno-error=implicit-function-declaration -Wno-error=int-conversion -Wno-int-conversion -I/home/nathan/secure-exec-wasmgui/experiments/wasm-gui/toolchain/compat-include -include /home/nathan/secure-exec-wasmgui/experiments/wasm-gui/toolchain/wasi-compat.h -I/home/nathan/secure-exec-wasmgui/experiments/wasm-gui/third_party/wasm-prefix-threads/include -I/home/nathan/secure-exec-wasmgui/experiments/wasm-gui/third_party/wasm-prefix-threads/include/gtksourceview-4 -g0 -Wall --target=wasm32-wasip1-threads --sysroot=/home/nathan/secure-exec/registry/native/c/vendor/wasi-sdk/share/wasi-sysroot -I/home/nathan/secure-exec-wasmgui/experiments/wasm-gui/third_party/wasm-prefix-threads/include -I/home/nathan/secure-exec-wasmgui/experiments/wasm-gui/toolchain/compat-include -include /home/nathan/secure-exec-wasmgui/experiments/wasm-gui/toolchain/wasi-compat.h -DNDEBUG -DG_DISABLE_CAST_CHECKS -DG_DISABLE_ASSERT conftest.c >&5
configure:18833: $? = 0
configure:18841: result: yes
configure:18825: checking if /home/nathan/secure-exec-wasmgui/experiments/wasm-gui/toolchain/clang-wasi-wrap.sh supports -Wextra
configure:18833: /home/nathan/secure-exec-wasmgui/experiments/wasm-gui/toolchain/clang-wasi-wrap.sh -c --target=wasm32-wasip1-threads --sysroot=/home/nathan/secure-exec/registry/native/c/vendor/wasi-sdk/share/wasi-sysroot -O2 -pthread -matomics -mbulk-memory -DSECURE_EXEC_WASM_THREADS -D_WASI_EMULATED_SIGNAL -D_WASI_EMULATED_MMAN -D_WASI_EMULATED_PROCESS_CLOCKS -D_GNU_SOURCE -mllvm -wasm-enable-sjlj -Wno-error=implicit-function-declaration -Wno-error=int-conversion -Wno-int-conversion -I/home/nathan/secure-exec-wasmgui/experiments/wasm-gui/toolchain/compat-include -include /home/nathan/secure-exec-wasmgui/experiments/wasm-gui/toolchain/wasi-compat.h -I/home/nathan/secure-exec-wasmgui/experiments/wasm-gui/third_party/wasm-prefix-threads/include -I/home/nathan/secure-exec-wasmgui/experiments/wasm-gui/third_party/wasm-prefix-threads/include/gtksourceview-4 -g0 -Wextra --target=wasm32-wasip1-threads --sysroot=/home/nathan/secure-exec/registry/native/c/vendor/wasi-sdk/share/wasi-sysroot -I/home/nathan/secure-exec-wasmgui/experiments/wasm-gui/third_party/wasm-prefix-threads/include -I/home/nathan/secure-exec-wasmgui/experiments/wasm-gui/toolchain/compat-include -include /home/nathan/secure-exec-wasmgui/experiments/wasm-gui/toolchain/wasi-compat.h -DNDEBUG -DG_DISABLE_CAST_CHECKS -DG_DISABLE_ASSERT conftest.c >&5
configure:18833: $? = 0
configure:18841: result: yes
configure:18825: checking if /home/nathan/secure-exec-wasmgui/experiments/wasm-gui/toolchain/clang-wasi-wrap.sh supports -Wno-missing-field-initializers
configure:18833: /home/nathan/secure-exec-wasmgui/experiments/wasm-gui/toolchain/clang-wasi-wrap.sh -c --target=wasm32-wasip1-threads --sysroot=/home/nathan/secure-exec/registry/native/c/vendor/wasi-sdk/share/wasi-sysroot -O2 -pthread -matomics -mbulk-memory -DSECURE_EXEC_WASM_THREADS -D_WASI_EMULATED_SIGNAL -D_WASI_EMULATED_MMAN -D_WASI_EMULATED_PROCESS_CLOCKS -D_GNU_SOURCE -mllvm -wasm-enable-sjlj -Wno-error=implicit-function-declaration -Wno-error=int-conversion -Wno-int-conversion -I/home/nathan/secure-exec-wasmgui/experiments/wasm-gui/toolchain/compat-include -include /home/nathan/secure-exec-wasmgui/experiments/wasm-gui/toolchain/wasi-compat.h -I/home/nathan/secure-exec-wasmgui/experiments/wasm-gui/third_party/wasm-prefix-threads/include -I/home/nathan/secure-exec-wasmgui/experiments/wasm-gui/third_party/wasm-prefix-threads/include/gtksourceview-4 -g0 -Wno-missing-field-initializers --target=wasm32-wasip1-threads --sysroot=/home/nathan/secure-exec/registry/native/c/vendor/wasi-sdk/share/wasi-sysroot -I/home/nathan/secure-exec-wasmgui/experiments/wasm-gui/third_party/wasm-prefix-threads/include -I/home/nathan/secure-exec-wasmgui/experiments/wasm-gui/toolchain/compat-include -include /home/nathan/secure-exec-wasmgui/experiments/wasm-gui/toolchain/wasi-compat.h -DNDEBUG -DG_DISABLE_CAST_CHECKS -DG_DISABLE_ASSERT conftest.c >&5
configure:18833: $? = 0
configure:18841: result: yes
configure:18825: checking if /home/nathan/secure-exec-wasmgui/experiments/wasm-gui/toolchain/clang-wasi-wrap.sh supports -Wno-unused-parameter
configure:18833: /home/nathan/secure-exec-wasmgui/experiments/wasm-gui/toolchain/clang-wasi-wrap.sh -c --target=wasm32-wasip1-threads --sysroot=/home/nathan/secure-exec/registry/native/c/vendor/wasi-sdk/share/wasi-sysroot -O2 -pthread -matomics -mbulk-memory -DSECURE_EXEC_WASM_THREADS -D_WASI_EMULATED_SIGNAL -D_WASI_EMULATED_MMAN -D_WASI_EMULATED_PROCESS_CLOCKS -D_GNU_SOURCE -mllvm -wasm-enable-sjlj -Wno-error=implicit-function-declaration -Wno-error=int-conversion -Wno-int-conversion -I/home/nathan/secure-exec-wasmgui/experiments/wasm-gui/toolchain/compat-include -include /home/nathan/secure-exec-wasmgui/experiments/wasm-gui/toolchain/wasi-compat.h -I/home/nathan/secure-exec-wasmgui/experiments/wasm-gui/third_party/wasm-prefix-threads/include -I/home/nathan/secure-exec-wasmgui/experiments/wasm-gui/third_party/wasm-prefix-threads/include/gtksourceview-4 -g0 -Wno-unused-parameter --target=wasm32-wasip1-threads --sysroot=/home/nathan/secure-exec/registry/native/c/vendor/wasi-sdk/share/wasi-sysroot -I/home/nathan/secure-exec-wasmgui/experiments/wasm-gui/third_party/wasm-prefix-threads/include -I/home/nathan/secure-exec-wasmgui/experiments/wasm-gui/toolchain/compat-include -include /home/nathan/secure-exec-wasmgui/experiments/wasm-gui/toolchain/wasi-compat.h -DNDEBUG -DG_DISABLE_CAST_CHECKS -DG_DISABLE_ASSERT conftest.c >&5
configure:18833: $? = 0
configure:18841: result: yes
configure:18825: checking if /home/nathan/secure-exec-wasmgui/experiments/wasm-gui/toolchain/clang-wasi-wrap.sh supports -Wmissing-declarations
configure:18833: /home/nathan/secure-exec-wasmgui/experiments/wasm-gui/toolchain/clang-wasi-wrap.sh -c --target=wasm32-wasip1-threads --sysroot=/home/nathan/secure-exec/registry/native/c/vendor/wasi-sdk/share/wasi-sysroot -O2 -pthread -matomics -mbulk-memory -DSECURE_EXEC_WASM_THREADS -D_WASI_EMULATED_SIGNAL -D_WASI_EMULATED_MMAN -D_WASI_EMULATED_PROCESS_CLOCKS -D_GNU_SOURCE -mllvm -wasm-enable-sjlj -Wno-error=implicit-function-declaration -Wno-error=int-conversion -Wno-int-conversion -I/home/nathan/secure-exec-wasmgui/experiments/wasm-gui/toolchain/compat-include -include /home/nathan/secure-exec-wasmgui/experiments/wasm-gui/toolchain/wasi-compat.h -I/home/nathan/secure-exec-wasmgui/experiments/wasm-gui/third_party/wasm-prefix-threads/include -I/home/nathan/secure-exec-wasmgui/experiments/wasm-gui/third_party/wasm-prefix-threads/include/gtksourceview-4 -g0 -Wmissing-declarations --target=wasm32-wasip1-threads --sysroot=/home/nathan/secure-exec/registry/native/c/vendor/wasi-sdk/share/wasi-sysroot -I/home/nathan/secure-exec-wasmgui/experiments/wasm-gui/third_party/wasm-prefix-threads/include -I/home/nathan/secure-exec-wasmgui/experiments/wasm-gui/toolchain/compat-include -include /home/nathan/secure-exec-wasmgui/experiments/wasm-gui/toolchain/wasi-compat.h -DNDEBUG -DG_DISABLE_CAST_CHECKS -DG_DISABLE_ASSERT conftest.c >&5
configure:18833: $? = 0
configure:18841: result: yes
configure:18825: checking if /home/nathan/secure-exec-wasmgui/experiments/wasm-gui/toolchain/clang-wasi-wrap.sh supports -Wmissing-noreturn
configure:18833: /home/nathan/secure-exec-wasmgui/experiments/wasm-gui/toolchain/clang-wasi-wrap.sh -c --target=wasm32-wasip1-threads --sysroot=/home/nathan/secure-exec/registry/native/c/vendor/wasi-sdk/share/wasi-sysroot -O2 -pthread -matomics -mbulk-memory -DSECURE_EXEC_WASM_THREADS -D_WASI_EMULATED_SIGNAL -D_WASI_EMULATED_MMAN -D_WASI_EMULATED_PROCESS_CLOCKS -D_GNU_SOURCE -mllvm -wasm-enable-sjlj -Wno-error=implicit-function-declaration -Wno-error=int-conversion -Wno-int-conversion -I/home/nathan/secure-exec-wasmgui/experiments/wasm-gui/toolchain/compat-include -include /home/nathan/secure-exec-wasmgui/experiments/wasm-gui/toolchain/wasi-compat.h -I/home/nathan/secure-exec-wasmgui/experiments/wasm-gui/third_party/wasm-prefix-threads/include -I/home/nathan/secure-exec-wasmgui/experiments/wasm-gui/third_party/wasm-prefix-threads/include/gtksourceview-4 -g0 -Wmissing-noreturn --target=wasm32-wasip1-threads --sysroot=/home/nathan/secure-exec/registry/native/c/vendor/wasi-sdk/share/wasi-sysroot -I/home/nathan/secure-exec-wasmgui/experiments/wasm-gui/third_party/wasm-prefix-threads/include -I/home/nathan/secure-exec-wasmgui/experiments/wasm-gui/toolchain/compat-include -include /home/nathan/secure-exec-wasmgui/experiments/wasm-gui/toolchain/wasi-compat.h -DNDEBUG -DG_DISABLE_CAST_CHECKS -DG_DISABLE_ASSERT conftest.c >&5
configure:18833: $? = 0
configure:18841: result: yes
configure:18825: checking if /home/nathan/secure-exec-wasmgui/experiments/wasm-gui/toolchain/clang-wasi-wrap.sh supports -Wpointer-arith
configure:18833: /home/nathan/secure-exec-wasmgui/experiments/wasm-gui/toolchain/clang-wasi-wrap.sh -c --target=wasm32-wasip1-threads --sysroot=/home/nathan/secure-exec/registry/native/c/vendor/wasi-sdk/share/wasi-sysroot -O2 -pthread -matomics -mbulk-memory -DSECURE_EXEC_WASM_THREADS -D_WASI_EMULATED_SIGNAL -D_WASI_EMULATED_MMAN -D_WASI_EMULATED_PROCESS_CLOCKS -D_GNU_SOURCE -mllvm -wasm-enable-sjlj -Wno-error=implicit-function-declaration -Wno-error=int-conversion -Wno-int-conversion -I/home/nathan/secure-exec-wasmgui/experiments/wasm-gui/toolchain/compat-include -include /home/nathan/secure-exec-wasmgui/experiments/wasm-gui/toolchain/wasi-compat.h -I/home/nathan/secure-exec-wasmgui/experiments/wasm-gui/third_party/wasm-prefix-threads/include -I/home/nathan/secure-exec-wasmgui/experiments/wasm-gui/third_party/wasm-prefix-threads/include/gtksourceview-4 -g0 -Wpointer-arith --target=wasm32-wasip1-threads --sysroot=/home/nathan/secure-exec/registry/native/c/vendor/wasi-sdk/share/wasi-sysroot -I/home/nathan/secure-exec-wasmgui/experiments/wasm-gui/third_party/wasm-prefix-threads/include -I/home/nathan/secure-exec-wasmgui/experiments/wasm-gui/toolchain/compat-include -include /home/nathan/secure-exec-wasmgui/experiments/wasm-gui/toolchain/wasi-compat.h -DNDEBUG -DG_DISABLE_CAST_CHECKS -DG_DISABLE_ASSERT conftest.c >&5
configure:18833: $? = 0
configure:18841: result: yes
configure:18825: checking if /home/nathan/secure-exec-wasmgui/experiments/wasm-gui/toolchain/clang-wasi-wrap.sh supports -Wcast-align
configure:18833: /home/nathan/secure-exec-wasmgui/experiments/wasm-gui/toolchain/clang-wasi-wrap.sh -c --target=wasm32-wasip1-threads --sysroot=/home/nathan/secure-exec/registry/native/c/vendor/wasi-sdk/share/wasi-sysroot -O2 -pthread -matomics -mbulk-memory -DSECURE_EXEC_WASM_THREADS -D_WASI_EMULATED_SIGNAL -D_WASI_EMULATED_MMAN -D_WASI_EMULATED_PROCESS_CLOCKS -D_GNU_SOURCE -mllvm -wasm-enable-sjlj -Wno-error=implicit-function-declaration -Wno-error=int-conversion -Wno-int-conversion -I/home/nathan/secure-exec-wasmgui/experiments/wasm-gui/toolchain/compat-include -include /home/nathan/secure-exec-wasmgui/experiments/wasm-gui/toolchain/wasi-compat.h -I/home/nathan/secure-exec-wasmgui/experiments/wasm-gui/third_party/wasm-prefix-threads/include -I/home/nathan/secure-exec-wasmgui/experiments/wasm-gui/third_party/wasm-prefix-threads/include/gtksourceview-4 -g0 -Wcast-align --target=wasm32-wasip1-threads --sysroot=/home/nathan/secure-exec/registry/native/c/vendor/wasi-sdk/share/wasi-sysroot -I/home/nathan/secure-exec-wasmgui/experiments/wasm-gui/third_party/wasm-prefix-threads/include -I/home/nathan/secure-exec-wasmgui/experiments/wasm-gui/toolchain/compat-include -include /home/nathan/secure-exec-wasmgui/experiments/wasm-gui/toolchain/wasi-compat.h -DNDEBUG -DG_DISABLE_CAST_CHECKS -DG_DISABLE_ASSERT conftest.c >&5
configure:18833: $? = 0
configure:18841: result: yes
configure:18825: checking if /home/nathan/secure-exec-wasmgui/experiments/wasm-gui/toolchain/clang-wasi-wrap.sh supports -Wformat
configure:18833: /home/nathan/secure-exec-wasmgui/experiments/wasm-gui/toolchain/clang-wasi-wrap.sh -c --target=wasm32-wasip1-threads --sysroot=/home/nathan/secure-exec/registry/native/c/vendor/wasi-sdk/share/wasi-sysroot -O2 -pthread -matomics -mbulk-memory -DSECURE_EXEC_WASM_THREADS -D_WASI_EMULATED_SIGNAL -D_WASI_EMULATED_MMAN -D_WASI_EMULATED_PROCESS_CLOCKS -D_GNU_SOURCE -mllvm -wasm-enable-sjlj -Wno-error=implicit-function-declaration -Wno-error=int-conversion -Wno-int-conversion -I/home/nathan/secure-exec-wasmgui/experiments/wasm-gui/toolchain/compat-include -include /home/nathan/secure-exec-wasmgui/experiments/wasm-gui/toolchain/wasi-compat.h -I/home/nathan/secure-exec-wasmgui/experiments/wasm-gui/third_party/wasm-prefix-threads/include -I/home/nathan/secure-exec-wasmgui/experiments/wasm-gui/third_party/wasm-prefix-threads/include/gtksourceview-4 -g0 -Wformat --target=wasm32-wasip1-threads --sysroot=/home/nathan/secure-exec/registry/native/c/vendor/wasi-sdk/share/wasi-sysroot -I/home/nathan/secure-exec-wasmgui/experiments/wasm-gui/third_party/wasm-prefix-threads/include -I/home/nathan/secure-exec-wasmgui/experiments/wasm-gui/toolchain/compat-include -include /home/nathan/secure-exec-wasmgui/experiments/wasm-gui/toolchain/wasi-compat.h -DNDEBUG -DG_DISABLE_CAST_CHECKS -DG_DISABLE_ASSERT conftest.c >&5
configure:18833: $? = 0
configure:18841: result: yes
configure:18825: checking if /home/nathan/secure-exec-wasmgui/experiments/wasm-gui/toolchain/clang-wasi-wrap.sh supports -Wformat-security
configure:18833: /home/nathan/secure-exec-wasmgui/experiments/wasm-gui/toolchain/clang-wasi-wrap.sh -c --target=wasm32-wasip1-threads --sysroot=/home/nathan/secure-exec/registry/native/c/vendor/wasi-sdk/share/wasi-sysroot -O2 -pthread -matomics -mbulk-memory -DSECURE_EXEC_WASM_THREADS -D_WASI_EMULATED_SIGNAL -D_WASI_EMULATED_MMAN -D_WASI_EMULATED_PROCESS_CLOCKS -D_GNU_SOURCE -mllvm -wasm-enable-sjlj -Wno-error=implicit-function-declaration -Wno-error=int-conversion -Wno-int-conversion -I/home/nathan/secure-exec-wasmgui/experiments/wasm-gui/toolchain/compat-include -include /home/nathan/secure-exec-wasmgui/experiments/wasm-gui/toolchain/wasi-compat.h -I/home/nathan/secure-exec-wasmgui/experiments/wasm-gui/third_party/wasm-prefix-threads/include -I/home/nathan/secure-exec-wasmgui/experiments/wasm-gui/third_party/wasm-prefix-threads/include/gtksourceview-4 -g0 -Wformat-security --target=wasm32-wasip1-threads --sysroot=/home/nathan/secure-exec/registry/native/c/vendor/wasi-sdk/share/wasi-sysroot -I/home/nathan/secure-exec-wasmgui/experiments/wasm-gui/third_party/wasm-prefix-threads/include -I/home/nathan/secure-exec-wasmgui/experiments/wasm-gui/toolchain/compat-include -include /home/nathan/secure-exec-wasmgui/experiments/wasm-gui/toolchain/wasi-compat.h -DNDEBUG -DG_DISABLE_CAST_CHECKS -DG_DISABLE_ASSERT conftest.c >&5
configure:18833: $? = 0
configure:18841: result: yes
configure:18825: checking if /home/nathan/secure-exec-wasmgui/experiments/wasm-gui/toolchain/clang-wasi-wrap.sh supports -Wformat-y2k
configure:18833: /home/nathan/secure-exec-wasmgui/experiments/wasm-gui/toolchain/clang-wasi-wrap.sh -c --target=wasm32-wasip1-threads --sysroot=/home/nathan/secure-exec/registry/native/c/vendor/wasi-sdk/share/wasi-sysroot -O2 -pthread -matomics -mbulk-memory -DSECURE_EXEC_WASM_THREADS -D_WASI_EMULATED_SIGNAL -D_WASI_EMULATED_MMAN -D_WASI_EMULATED_PROCESS_CLOCKS -D_GNU_SOURCE -mllvm -wasm-enable-sjlj -Wno-error=implicit-function-declaration -Wno-error=int-conversion -Wno-int-conversion -I/home/nathan/secure-exec-wasmgui/experiments/wasm-gui/toolchain/compat-include -include /home/nathan/secure-exec-wasmgui/experiments/wasm-gui/toolchain/wasi-compat.h -I/home/nathan/secure-exec-wasmgui/experiments/wasm-gui/third_party/wasm-prefix-threads/include -I/home/nathan/secure-exec-wasmgui/experiments/wasm-gui/third_party/wasm-prefix-threads/include/gtksourceview-4 -g0 -Wformat-y2k --target=wasm32-wasip1-threads --sysroot=/home/nathan/secure-exec/registry/native/c/vendor/wasi-sdk/share/wasi-sysroot -I/home/nathan/secure-exec-wasmgui/experiments/wasm-gui/third_party/wasm-prefix-threads/include -I/home/nathan/secure-exec-wasmgui/experiments/wasm-gui/toolchain/compat-include -include /home/nathan/secure-exec-wasmgui/experiments/wasm-gui/toolchain/wasi-compat.h -DNDEBUG -DG_DISABLE_CAST_CHECKS -DG_DISABLE_ASSERT conftest.c >&5
configure:18833: $? = 0
configure:18841: result: yes
configure:18825: checking if /home/nathan/secure-exec-wasmgui/experiments/wasm-gui/toolchain/clang-wasi-wrap.sh supports -Winit-self
configure:18833: /home/nathan/secure-exec-wasmgui/experiments/wasm-gui/toolchain/clang-wasi-wrap.sh -c --target=wasm32-wasip1-threads --sysroot=/home/nathan/secure-exec/registry/native/c/vendor/wasi-sdk/share/wasi-sysroot -O2 -pthread -matomics -mbulk-memory -DSECURE_EXEC_WASM_THREADS -D_WASI_EMULATED_SIGNAL -D_WASI_EMULATED_MMAN -D_WASI_EMULATED_PROCESS_CLOCKS -D_GNU_SOURCE -mllvm -wasm-enable-sjlj -Wno-error=implicit-function-declaration -Wno-error=int-conversion -Wno-int-conversion -I/home/nathan/secure-exec-wasmgui/experiments/wasm-gui/toolchain/compat-include -include /home/nathan/secure-exec-wasmgui/experiments/wasm-gui/toolchain/wasi-compat.h -I/home/nathan/secure-exec-wasmgui/experiments/wasm-gui/third_party/wasm-prefix-threads/include -I/home/nathan/secure-exec-wasmgui/experiments/wasm-gui/third_party/wasm-prefix-threads/include/gtksourceview-4 -g0 -Winit-self --target=wasm32-wasip1-threads --sysroot=/home/nathan/secure-exec/registry/native/c/vendor/wasi-sdk/share/wasi-sysroot -I/home/nathan/secure-exec-wasmgui/experiments/wasm-gui/third_party/wasm-prefix-threads/include -I/home/nathan/secure-exec-wasmgui/experiments/wasm-gui/toolchain/compat-include -include /home/nathan/secure-exec-wasmgui/experiments/wasm-gui/toolchain/wasi-compat.h -DNDEBUG -DG_DISABLE_CAST_CHECKS -DG_DISABLE_ASSERT conftest.c >&5
configure:18833: $? = 0
configure:18841: result: yes
configure:18825: checking if /home/nathan/secure-exec-wasmgui/experiments/wasm-gui/toolchain/clang-wasi-wrap.sh supports -Wmissing-include-dirs
configure:18833: /home/nathan/secure-exec-wasmgui/experiments/wasm-gui/toolchain/clang-wasi-wrap.sh -c --target=wasm32-wasip1-threads --sysroot=/home/nathan/secure-exec/registry/native/c/vendor/wasi-sdk/share/wasi-sysroot -O2 -pthread -matomics -mbulk-memory -DSECURE_EXEC_WASM_THREADS -D_WASI_EMULATED_SIGNAL -D_WASI_EMULATED_MMAN -D_WASI_EMULATED_PROCESS_CLOCKS -D_GNU_SOURCE -mllvm -wasm-enable-sjlj -Wno-error=implicit-function-declaration -Wno-error=int-conversion -Wno-int-conversion -I/home/nathan/secure-exec-wasmgui/experiments/wasm-gui/toolchain/compat-include -include /home/nathan/secure-exec-wasmgui/experiments/wasm-gui/toolchain/wasi-compat.h -I/home/nathan/secure-exec-wasmgui/experiments/wasm-gui/third_party/wasm-prefix-threads/include -I/home/nathan/secure-exec-wasmgui/experiments/wasm-gui/third_party/wasm-prefix-threads/include/gtksourceview-4 -g0 -Wmissing-include-dirs --target=wasm32-wasip1-threads --sysroot=/home/nathan/secure-exec/registry/native/c/vendor/wasi-sdk/share/wasi-sysroot -I/home/nathan/secure-exec-wasmgui/experiments/wasm-gui/third_party/wasm-prefix-threads/include -I/home/nathan/secure-exec-wasmgui/experiments/wasm-gui/toolchain/compat-include -include /home/nathan/secure-exec-wasmgui/experiments/wasm-gui/toolchain/wasi-compat.h -DNDEBUG -DG_DISABLE_CAST_CHECKS -DG_DISABLE_ASSERT conftest.c >&5
configure:18833: $? = 0
configure:18841: result: yes
configure:18825: checking if /home/nathan/secure-exec-wasmgui/experiments/wasm-gui/toolchain/clang-wasi-wrap.sh supports -Wundef
configure:18833: /home/nathan/secure-exec-wasmgui/experiments/wasm-gui/toolchain/clang-wasi-wrap.sh -c --target=wasm32-wasip1-threads --sysroot=/home/nathan/secure-exec/registry/native/c/vendor/wasi-sdk/share/wasi-sysroot -O2 -pthread -matomics -mbulk-memory -DSECURE_EXEC_WASM_THREADS -D_WASI_EMULATED_SIGNAL -D_WASI_EMULATED_MMAN -D_WASI_EMULATED_PROCESS_CLOCKS -D_GNU_SOURCE -mllvm -wasm-enable-sjlj -Wno-error=implicit-function-declaration -Wno-error=int-conversion -Wno-int-conversion -I/home/nathan/secure-exec-wasmgui/experiments/wasm-gui/toolchain/compat-include -include /home/nathan/secure-exec-wasmgui/experiments/wasm-gui/toolchain/wasi-compat.h -I/home/nathan/secure-exec-wasmgui/experiments/wasm-gui/third_party/wasm-prefix-threads/include -I/home/nathan/secure-exec-wasmgui/experiments/wasm-gui/third_party/wasm-prefix-threads/include/gtksourceview-4 -g0 -Wundef --target=wasm32-wasip1-threads --sysroot=/home/nathan/secure-exec/registry/native/c/vendor/wasi-sdk/share/wasi-sysroot -I/home/nathan/secure-exec-wasmgui/experiments/wasm-gui/third_party/wasm-prefix-threads/include -I/home/nathan/secure-exec-wasmgui/experiments/wasm-gui/toolchain/compat-include -include /home/nathan/secure-exec-wasmgui/experiments/wasm-gui/toolchain/wasi-compat.h -DNDEBUG -DG_DISABLE_CAST_CHECKS -DG_DISABLE_ASSERT conftest.c >&5
configure:18833: $? = 0
configure:18841: result: yes
configure:18825: checking if /home/nathan/secure-exec-wasmgui/experiments/wasm-gui/toolchain/clang-wasi-wrap.sh supports -Wredundant-decls
configure:18833: /home/nathan/secure-exec-wasmgui/experiments/wasm-gui/toolchain/clang-wasi-wrap.sh -c --target=wasm32-wasip1-threads --sysroot=/home/nathan/secure-exec/registry/native/c/vendor/wasi-sdk/share/wasi-sysroot -O2 -pthread -matomics -mbulk-memory -DSECURE_EXEC_WASM_THREADS -D_WASI_EMULATED_SIGNAL -D_WASI_EMULATED_MMAN -D_WASI_EMULATED_PROCESS_CLOCKS -D_GNU_SOURCE -mllvm -wasm-enable-sjlj -Wno-error=implicit-function-declaration -Wno-error=int-conversion -Wno-int-conversion -I/home/nathan/secure-exec-wasmgui/experiments/wasm-gui/toolchain/compat-include -include /home/nathan/secure-exec-wasmgui/experiments/wasm-gui/toolchain/wasi-compat.h -I/home/nathan/secure-exec-wasmgui/experiments/wasm-gui/third_party/wasm-prefix-threads/include -I/home/nathan/secure-exec-wasmgui/experiments/wasm-gui/third_party/wasm-prefix-threads/include/gtksourceview-4 -g0 -Wredundant-decls --target=wasm32-wasip1-threads --sysroot=/home/nathan/secure-exec/registry/native/c/vendor/wasi-sdk/share/wasi-sysroot -I/home/nathan/secure-exec-wasmgui/experiments/wasm-gui/third_party/wasm-prefix-threads/include -I/home/nathan/secure-exec-wasmgui/experiments/wasm-gui/toolchain/compat-include -include /home/nathan/secure-exec-wasmgui/experiments/wasm-gui/toolchain/wasi-compat.h -DNDEBUG -DG_DISABLE_CAST_CHECKS -DG_DISABLE_ASSERT conftest.c >&5
configure:18833: $? = 0
configure:18841: result: yes
configure:18825: checking if /home/nathan/secure-exec-wasmgui/experiments/wasm-gui/toolchain/clang-wasi-wrap.sh supports -Wshadow
configure:18833: /home/nathan/secure-exec-wasmgui/experiments/wasm-gui/toolchain/clang-wasi-wrap.sh -c --target=wasm32-wasip1-threads --sysroot=/home/nathan/secure-exec/registry/native/c/vendor/wasi-sdk/share/wasi-sysroot -O2 -pthread -matomics -mbulk-memory -DSECURE_EXEC_WASM_THREADS -D_WASI_EMULATED_SIGNAL -D_WASI_EMULATED_MMAN -D_WASI_EMULATED_PROCESS_CLOCKS -D_GNU_SOURCE -mllvm -wasm-enable-sjlj -Wno-error=implicit-function-declaration -Wno-error=int-conversion -Wno-int-conversion -I/home/nathan/secure-exec-wasmgui/experiments/wasm-gui/toolchain/compat-include -include /home/nathan/secure-exec-wasmgui/experiments/wasm-gui/toolchain/wasi-compat.h -I/home/nathan/secure-exec-wasmgui/experiments/wasm-gui/third_party/wasm-prefix-threads/include -I/home/nathan/secure-exec-wasmgui/experiments/wasm-gui/third_party/wasm-prefix-threads/include/gtksourceview-4 -g0 -Wshadow --target=wasm32-wasip1-threads --sysroot=/home/nathan/secure-exec/registry/native/c/vendor/wasi-sdk/share/wasi-sysroot -I/home/nathan/secure-exec-wasmgui/experiments/wasm-gui/third_party/wasm-prefix-threads/include -I/home/nathan/secure-exec-wasmgui/experiments/wasm-gui/toolchain/compat-include -include /home/nathan/secure-exec-wasmgui/experiments/wasm-gui/toolchain/wasi-compat.h -DNDEBUG -DG_DISABLE_CAST_CHECKS -DG_DISABLE_ASSERT conftest.c >&5
configure:18833: $? = 0
configure:18841: result: yes
configure:18866: checking whether /home/linuxbrew/.linuxbrew/bin/ld accepts --as-needed
configure:18871: result: yes
configure:18880: checking whether /home/linuxbrew/.linuxbrew/bin/ld accepts -O1
configure:18885: result: yes
configure:18896: checking PLATFORM_CPPFLAGS
configure:18898: result: 
configure:18901: checking PLATFORM_CFLAGS
configure:18903: result: 
configure:18906: checking PLATFORM_LDFLAGS
configure:18908: result: 
configure:19015: checking that generated files are newer than configure
configure:19021: result: done
configure:19072: creating ./config.status

## ---------------------- ##
## Running config.status. ##
## ---------------------- ##

This file was extended by Mousepad config.status 0.6.1, which was
generated by GNU Autoconf 2.71.  Invocation command line was

  CONFIG_FILES    = 
  CONFIG_HEADERS  = 
  CONFIG_LINKS    = 
  CONFIG_COMMANDS = 
  $ ./config.status 

on nathan-dev

config.status:1304: creating Makefile
config.status:1304: creating mousepad/Makefile
config.status:1304: creating plugins/Makefile
config.status:1304: creating plugins/gspell-plugin/Makefile
config.status:1304: creating plugins/shortcuts-plugin/Makefile
config.status:1304: creating plugins/test-plugin/Makefile
config.status:1304: creating po/Makefile.in
config.status:1304: creating icons/Makefile
config.status:1304: creating icons/16x16/Makefile
config.status:1304: creating icons/48x48/Makefile
config.status:1304: creating icons/128x128/Makefile
config.status:1304: creating icons/scalable/Makefile
config.status:1304: creating config.h
config.status:1485: config.h is unchanged
config.status:1533: executing depfiles commands
config.status:1610: cd mousepad       && sed -e '/# am--include-marker/d' Makefile         | make -f - am--depfiles
make: Nothing to be done for 'am--depfiles'.
config.status:1615: $? = 0
config.status:1610: cd plugins/gspell-plugin       && sed -e '/# am--include-marker/d' Makefile         | make -f - am--depfiles
make: Nothing to be done for 'am--depfiles'.
config.status:1615: $? = 0
config.status:1610: cd plugins/shortcuts-plugin       && sed -e '/# am--include-marker/d' Makefile         | make -f - am--depfiles
make: Nothing to be done for 'am--depfiles'.
config.status:1615: $? = 0
config.status:1610: cd plugins/test-plugin       && sed -e '/# am--include-marker/d' Makefile         | make -f - am--depfiles
make: Nothing to be done for 'am--depfiles'.
config.status:1615: $? = 0
config.status:1533: executing libtool commands
config.status:1533: executing po-directories commands
configure:21350: WARNING: unrecognized options: --disable-malloc0returnsnull, --disable-gtk-doc, --disable-gtk-doc-html

## ---------------- ##
## Cache variables. ##
## ---------------- ##

ac_cv_build=x86_64-pc-linux-gnux32
ac_cv_c_compiler_gnu=yes
ac_cv_env_CC_set=set
ac_cv_env_CC_value=/home/nathan/secure-exec-wasmgui/experiments/wasm-gui/toolchain/clang-wasi-wrap.sh
ac_cv_env_CFLAGS_set=set
ac_cv_env_CFLAGS_value='--target=wasm32-wasip1-threads --sysroot=/home/nathan/secure-exec/registry/native/c/vendor/wasi-sdk/share/wasi-sysroot -O2 -pthread -matomics -mbulk-memory -DSECURE_EXEC_WASM_THREADS -D_WASI_EMULATED_SIGNAL -D_WASI_EMULATED_MMAN -D_WASI_EMULATED_PROCESS_CLOCKS -D_GNU_SOURCE -mllvm -wasm-enable-sjlj -Wno-error=implicit-function-declaration -Wno-error=int-conversion -Wno-int-conversion -I/home/nathan/secure-exec-wasmgui/experiments/wasm-gui/toolchain/compat-include -include /home/nathan/secure-exec-wasmgui/experiments/wasm-gui/toolchain/wasi-compat.h -I/home/nathan/secure-exec-wasmgui/experiments/wasm-gui/third_party/wasm-prefix-threads/include -I/home/nathan/secure-exec-wasmgui/experiments/wasm-gui/third_party/wasm-prefix-threads/include/gtksourceview-4 -g0'
ac_cv_env_CPPFLAGS_set=set
ac_cv_env_CPPFLAGS_value='--target=wasm32-wasip1-threads --sysroot=/home/nathan/secure-exec/registry/native/c/vendor/wasi-sdk/share/wasi-sysroot -I/home/nathan/secure-exec-wasmgui/experiments/wasm-gui/third_party/wasm-prefix-threads/include -I/home/nathan/secure-exec-wasmgui/experiments/wasm-gui/toolchain/compat-include -include /home/nathan/secure-exec-wasmgui/experiments/wasm-gui/toolchain/wasi-compat.h'
ac_cv_env_CPP_set=
ac_cv_env_CPP_value=
ac_cv_env_GLIB_COMPILE_SCHEMAS_set=
ac_cv_env_GLIB_COMPILE_SCHEMAS_value=
ac_cv_env_GTKSOURCEVIEW_CFLAGS_set=
ac_cv_env_GTKSOURCEVIEW_CFLAGS_value=
ac_cv_env_GTKSOURCEVIEW_LIBS_set=
ac_cv_env_GTKSOURCEVIEW_LIBS_value=
ac_cv_env_LDFLAGS_set=set
ac_cv_env_LDFLAGS_value='--target=wasm32-wasip1-threads --sysroot=/home/nathan/secure-exec/registry/native/c/vendor/wasi-sdk/share/wasi-sysroot -Wl,--shared-memory -Wl,--import-memory -Wl,--export-memory -Wl,--max-memory=536870912 -Wl,--export=wasi_thread_start -Wl,--no-check-features -lwasi-emulated-signal -L/home/nathan/secure-exec-wasmgui/experiments/wasm-gui/third_party/wasm-prefix-threads/lib -L/home/nathan/secure-exec/registry/native/c/vendor/wasi-sdk/share/wasi-sysroot/lib/wasm32-wasip1-threads -lwasi-emulated-mman -lwasi-emulated-process-clocks -L/home/nathan/secure-exec-wasmgui/experiments/wasm-gui/third_party/wasm-prefix-threads/lib -lhostcompat'
ac_cv_env_LIBS_set=
ac_cv_env_LIBS_value=
ac_cv_env_LT_SYS_LIBRARY_PATH_set=
ac_cv_env_LT_SYS_LIBRARY_PATH_value=
ac_cv_env_PKG_CONFIG_LIBDIR_set=set
ac_cv_env_PKG_CONFIG_LIBDIR_value=/home/nathan/secure-exec-wasmgui/experiments/wasm-gui/third_party/wasm-prefix-threads/lib/pkgconfig:/home/nathan/secure-exec-wasmgui/experiments/wasm-gui/third_party/wasm-prefix-threads/share/pkgconfig
ac_cv_env_PKG_CONFIG_PATH_set=set
ac_cv_env_PKG_CONFIG_PATH_value=
ac_cv_env_PKG_CONFIG_set=
ac_cv_env_PKG_CONFIG_value=
ac_cv_env_build_alias_set=
ac_cv_env_build_alias_value=
ac_cv_env_host_alias_set=set
ac_cv_env_host_alias_value=wasm32-wasi
ac_cv_env_target_alias_set=
ac_cv_env_target_alias_value=
ac_cv_func_bind_textdomain_codeset=no
ac_cv_func_realpath=yes
ac_cv_header_dlfcn_h=yes
ac_cv_header_errno_h=yes
ac_cv_header_inttypes_h=yes
ac_cv_header_libintl_h=yes
ac_cv_header_locale_h=yes
ac_cv_header_math_h=yes
ac_cv_header_minix_config_h=no
ac_cv_header_stdint_h=yes
ac_cv_header_stdio_h=yes
ac_cv_header_stdlib_h=yes
ac_cv_header_string_h=yes
ac_cv_header_strings_h=yes
ac_cv_header_sys_stat_h=yes
ac_cv_header_sys_types_h=yes
ac_cv_header_unistd_h=yes
ac_cv_header_wchar_h=yes
ac_cv_host=wasm32-unknown-wasi
ac_cv_objext=o
ac_cv_path_EGREP='/usr/bin/grep -E'
ac_cv_path_FGREP='/usr/bin/grep -F'
ac_cv_path_GLIB_COMPILE_SCHEMAS=/home/linuxbrew/.linuxbrew/bin/glib-compile-schemas
ac_cv_path_GMSGFMT=/home/nathan/secure-exec-wasmgui/experiments/wasm-gui/toolchain/host-bin/msgfmt
ac_cv_path_GREP=/usr/bin/grep
ac_cv_path_MSGFMT=/home/nathan/secure-exec-wasmgui/experiments/wasm-gui/toolchain/host-bin/msgfmt
ac_cv_path_MSGMERGE=/home/nathan/secure-exec-wasmgui/experiments/wasm-gui/toolchain/host-bin/msgmerge
ac_cv_path_PKG_CONFIG=/usr/bin/pkg-config
ac_cv_path_SED=/usr/bin/sed
ac_cv_path_XGETTEXT=/home/nathan/secure-exec-wasmgui/experiments/wasm-gui/toolchain/host-bin/xgettext
ac_cv_path_ac_pt_PKG_CONFIG=/usr/bin/pkg-config
ac_cv_path_install='/usr/bin/install -c'
ac_cv_path_lt_DD=/usr/bin/dd
ac_cv_path_mkdir=/usr/bin/mkdir
ac_cv_prog_AR=/home/nathan/secure-exec/registry/native/c/vendor/wasi-sdk/bin/llvm-ar
ac_cv_prog_AWK=mawk
ac_cv_prog_CC=/home/nathan/secure-exec-wasmgui/experiments/wasm-gui/toolchain/clang-wasi-wrap.sh
ac_cv_prog_CPP='/home/nathan/secure-exec-wasmgui/experiments/wasm-gui/toolchain/clang-wasi-wrap.sh -E'
ac_cv_prog_RANLIB=/home/nathan/secure-exec/registry/native/c/vendor/wasi-sdk/bin/llvm-ranlib
ac_cv_prog_STRIP=strip
ac_cv_prog_ac_ct_DLLTOOL=dlltool
ac_cv_prog_ac_ct_DUMPBIN='link -dump'
ac_cv_prog_ac_ct_FILECMD=file
ac_cv_prog_ac_ct_MANIFEST_TOOL=mt
ac_cv_prog_ac_ct_OBJDUMP=objdump
ac_cv_prog_ac_ct_STRIP=strip
ac_cv_prog_cc_c11=
ac_cv_prog_cc_g=yes
ac_cv_prog_cc_stdc=
ac_cv_prog_make_make_set=yes
ac_cv_safe_to_define___extensions__=yes
ac_cv_search_round='none required'
ac_cv_search_strerror='none required'
ac_cv_should_define__xopen_source=no
ac_cv_target=wasm32-unknown-wasi
acl_cv_hardcode_direct=no
acl_cv_hardcode_libdir_flag_spec='${wl}-rpath ${wl}$libdir'
acl_cv_hardcode_libdir_separator=
acl_cv_hardcode_minus_L=no
acl_cv_libext=a
acl_cv_libname_spec='lib$name'
acl_cv_library_names_spec=
acl_cv_path_LD=/home/linuxbrew/.linuxbrew/bin/ld
acl_cv_prog_gnu_ld=yes
acl_cv_rpath=done
acl_cv_shlibext=so
acl_cv_wl=-Wl,
am_cv_CC_dependencies_compiler_type=gcc3
am_cv_make_support_nested_variables=yes
am_cv_prog_cc_c_o=yes
am_cv_prog_tar_ustar=gnutar
gt_cv_func_CFLocaleCopyCurrent=no
gt_cv_func_CFPreferencesCopyAppValue=no
lt_cv_ar_at_file=@
lt_cv_deplibs_check_method=unknown
lt_cv_file_magic_cmd='$MAGIC_CMD'
lt_cv_file_magic_test_file=
lt_cv_ld_reload_flag=-r
lt_cv_nm_interface='BSD nm'
lt_cv_objdir=.libs
lt_cv_path_LD=/home/linuxbrew/.linuxbrew/bin/ld
lt_cv_path_NM=no
lt_cv_path_mainfest_tool=no
lt_cv_prog_compiler_c_o=yes
lt_cv_prog_compiler_pic='-fPIC -DPIC'
lt_cv_prog_compiler_pic_works=yes
lt_cv_prog_compiler_rtti_exceptions=yes
lt_cv_prog_compiler_static_works=yes
lt_cv_prog_gnu_ld=yes
lt_cv_sharedlib_from_linklib_cmd='printf %s\n'
lt_cv_sys_global_symbol_pipe=
lt_cv_sys_global_symbol_to_c_name_address='/usr/bin/sed -n -e '\''s/^: \(.*\) .*$/  {"\1", (void *) 0},/p'\'' -e '\''s/^[ABCDGIRSTW][ABCDGIRSTW]* .* \(.*\)$/  {"\1", (void *) \&\1},/p'\'''
lt_cv_sys_global_symbol_to_c_name_address_lib_prefix='/usr/bin/sed -n -e '\''s/^: \(.*\) .*$/  {"\1", (void *) 0},/p'\'' -e '\''s/^[ABCDGIRSTW][ABCDGIRSTW]* .* \(lib.*\)$/  {"\1", (void *) \&\1},/p'\'' -e '\''s/^[ABCDGIRSTW][ABCDGIRSTW]* .* \(.*\)$/  {"lib\1", (void *) \&\1},/p'\'''
lt_cv_sys_global_symbol_to_cdecl=
lt_cv_sys_global_symbol_to_import=
lt_cv_sys_max_cmd_len=1572864
lt_cv_to_host_file_cmd=func_convert_file_noop
lt_cv_to_tool_file_cmd=func_convert_file_noop
lt_cv_truncate_bin='/usr/bin/dd bs=4096 count=1'
pkg_cv_GTKSOURCEVIEW_CFLAGS='-I/home/nathan/secure-exec-wasmgui/experiments/wasm-gui/third_party/wasm-prefix-threads/include/gtksourceview-4 -I/home/nathan/secure-exec-wasmgui/experiments/wasm-gui/third_party/wasm-prefix-threads/include/glib-2.0 -I/home/nathan/secure-exec-wasmgui/experiments/wasm-gui/third_party/wasm-prefix-threads/lib/glib-2.0/include -I/home/nathan/secure-exec-wasmgui/experiments/wasm-gui/third_party/wasm-prefix-threads/include -I/home/nathan/secure-exec-wasmgui/experiments/wasm-gui/third_party/wasm-prefix-threads/include/gtk-3.0 -I/home/nathan/secure-exec-wasmgui/experiments/wasm-gui/third_party/pango/build-wasm-threads -I/home/nathan/secure-exec-wasmgui/experiments/wasm-gui/third_party/pango -I/home/nathan/secure-exec-wasmgui/experiments/wasm-gui/third_party/pango/build-wasm-threads/pango -I/home/nathan/secure-exec-wasmgui/experiments/wasm-gui/third_party/pango/pango -I/home/nathan/secure-exec-wasmgui/experiments/wasm-gui/third_party/wasm-prefix-threads/include/fribidi -I/home/nathan/secure-exec-wasmgui/experiments/wasm-gui/third_party/harfbuzz/build-wasm-threads -I/home/nathan/secure-exec-wasmgui/experiments/wasm-gui/third_party/harfbuzz -I/home/nathan/secure-exec-wasmgui/experiments/wasm-gui/third_party/harfbuzz/build-wasm-threads/src -I/home/nathan/secure-exec-wasmgui/experiments/wasm-gui/third_party/harfbuzz/src -I/home/nathan/secure-exec-wasmgui/experiments/wasm-gui/third_party/wasm-prefix-threads/include/freetype2 -I/home/nathan/secure-exec-wasmgui/experiments/wasm-gui/third_party/wasm-prefix-threads/include/cairo -I/home/nathan/secure-exec-wasmgui/experiments/wasm-gui/third_party/wasm-prefix-threads/include/pixman-1 -I/home/nathan/secure-exec-wasmgui/experiments/wasm-gui/third_party/wasm-prefix-threads/include/gdk-pixbuf-2.0 -I/home/nathan/secure-exec-wasmgui/experiments/wasm-gui/third_party/wasm-prefix-threads/include/gio-unix-2.0 -I/home/nathan/secure-exec-wasmgui/experiments/wasm-gui/third_party/wasm-prefix/include -I/home/nathan/secure-exec-wasmgui/experiments/wasm-gui/third_party/wasm-prefix-threads/include/atk-1.0 -I/home/nathan/secure-exec-wasmgui/experiments/wasm-gui/third_party/wasm-prefix-threads/include/at-spi2-atk/2.0 -pthread -DPCRE2_STATIC -I/home/nathan/secure-exec-wasmgui/experiments/wasm-gui/third_party/wasm-prefix-threads/include/libxml2 '
pkg_cv_GTKSOURCEVIEW_LIBS='-L/home/nathan/secure-exec-wasmgui/experiments/wasm-gui/third_party/wasm-prefix-threads/lib -lgtksourceview-4 -lintl -lgtk-3 -lgdk-3 -L/home/nathan/secure-exec-wasmgui/experiments/wasm-gui/third_party/pango/build-wasm-threads/pango -lintl -L/home/nathan/secure-exec-wasmgui/experiments/wasm-gui/third_party/harfbuzz/build-wasm-threads/src -lm -lpangocairo-1.0 -lintl -lm -lpangoft2-1.0 -lpango-1.0 -lintl -lm -lintl -lm -lintl -lfribidi -lharfbuzz -lm -lXft -lintl -lintl -lz -latk-1.0 -lcairo-gobject -lcairo -ldl -lz -lfontconfig -lexpat -lfreetype -lXext -lXrender -lX11 -lpixman-1 -lgdk_pixbuf-2.0 -lpng16 -lintl -lintl -lgio-2.0 -lgobject-2.0 -lffi -lgmodule-2.0 -lintl -lglib-2.0 -lintl -lm -pthread -lpcre2-8 -lz '
xdt_cv_PKG_CONFIG_MIN_VERSION=0.9.0
xdt_cv_POLKIT_check=yes
xdt_cv_additional_CFLAGS='-Wall -Wextra                                   -Wno-missing-field-initializers                                   -Wno-unused-parameter                                   -Wmissing-declarations                                   -Wmissing-noreturn -Wpointer-arith                                   -Wcast-align -Wformat -Wformat-security -Wformat-y2k                                   -Winit-self -Wmissing-include-dirs -Wundef                                   -Wredundant-decls -Wshadow                             -Wnested-externs                             -Wold-style-definition'
xdt_cv_additional_COMMON_FLAGS='-Wall -Wextra                                   -Wno-missing-field-initializers                                   -Wno-unused-parameter                                   -Wmissing-declarations                                   -Wmissing-noreturn -Wpointer-arith                                   -Wcast-align -Wformat -Wformat-security -Wformat-y2k                                   -Winit-self -Wmissing-include-dirs -Wundef                                   -Wredundant-decls -Wshadow'
xdt_cv_additional_CXXFLAGS='-Wall -Wextra                                   -Wno-missing-field-initializers                                   -Wno-unused-parameter                                   -Wmissing-declarations                                   -Wmissing-noreturn -Wpointer-arith                                   -Wcast-align -Wformat -Wformat-security -Wformat-y2k                                   -Winit-self -Wmissing-include-dirs -Wundef                                   -Wredundant-decls -Wshadow'

## ----------------- ##
## Output variables. ##
## ----------------- ##










		$(INSTALL_DATA) $^ "$(DESTDIR)$(gsettingsschemadir)"; \
		test -n "$(GSETTINGS_DISABLE_SCHEMAS_COMPILE)$(DESTDIR)" || $(GLIB_COMPILE_SCHEMAS) $(gsettingsschemadir); \
		test -z "$(gsettingsschemadir)" || $(MKDIR_P) "$(DESTDIR)$(gsettingsschemadir)"; \
	$(AM_V_GEN) $(GLIB_COMPILE_SCHEMAS) --strict --dry-run $(addprefix --schema-file=,$(gsettings__enum_file)) --schema-file=$< && mkdir -p $(@D) && touch $@
	$(AM_V_GEN) glib-mkenums --comments '\''<!-- @comment@ -->'\'' --fhead "<schemalist>" --vhead "  <@type@ id='\''$(gsettings_ENUM_NAMESPACE).@EnumName@'\''>" --vprod "    <value nick='\''@valuenick@'\'' value='\''@valuenum@'\''/>" --vtail "  </@type@>" --ftail "</schemalist>" $^ > $@.tmp && mv $@.tmp $@
	@$(NORMAL_INSTALL)
	@$(NORMAL_UNINSTALL)
	@list='\''$(gsettings_SCHEMAS) $(gsettings__enum_file)'\''; test -n "$(gsettingsschemadir)" || list=; \
	cd "$(DESTDIR)$(gsettingsschemadir)" && rm -f $$files
	echo " ( cd '\''$(DESTDIR)$(gsettingsschemadir)'\'' && rm -f" $$files ")"; \
	fi
	files=`for p in $$list; do echo $$p; done | sed -e '\''s|^.*/||'\''`; \
	if test -n "$^"; then \
	rm -f $(gsettings_SCHEMAS:.xml=.valid) $(gsettings__enum_file)
	test -n "$$files" || exit 0; \
	test -n "$(GSETTINGS_DISABLE_SCHEMAS_COMPILE)$(DESTDIR)" || $(GLIB_COMPILE_SCHEMAS) $(gsettingsschemadir)
$(gsettings__enum_file): $(gsettings_ENUM_FILES)
%.gschema.valid: %.gschema.xml $(gsettings__enum_file)
.PHONY : uninstall-gsettings-schemas install-gsettings-schemas clean-gsettings-schemas
.SECONDARY: $(gsettings_SCHEMAS)
ACLOCAL='${SHELL} '\''/home/nathan/secure-exec-wasmgui/experiments/wasm-gui/third_party/mousepad/missing'\'' aclocal-1.16'
AMDEPBACKSLASH='\'
AMDEP_FALSE='#'
AMDEP_TRUE=''
AMTAR='$${TAR-tar}'
AM_BACKSLASH='\'
AM_DEFAULT_V='$(AM_DEFAULT_VERBOSITY)'
AM_DEFAULT_VERBOSITY='0'
AM_V='$(V)'
AR='/home/nathan/secure-exec/registry/native/c/vendor/wasi-sdk/bin/llvm-ar'
AUTOCONF='${SHELL} '\''/home/nathan/secure-exec-wasmgui/experiments/wasm-gui/third_party/mousepad/missing'\'' autoconf'
AUTOHEADER='${SHELL} '\''/home/nathan/secure-exec-wasmgui/experiments/wasm-gui/third_party/mousepad/missing'\'' autoheader'
AUTOMAKE='${SHELL} '\''/home/nathan/secure-exec-wasmgui/experiments/wasm-gui/third_party/mousepad/missing'\'' automake-1.16'
AWK='mawk'
CC='/home/nathan/secure-exec-wasmgui/experiments/wasm-gui/toolchain/clang-wasi-wrap.sh'
CCDEPMODE='depmode=gcc3'
CFLAGS='--target=wasm32-wasip1-threads --sysroot=/home/nathan/secure-exec/registry/native/c/vendor/wasi-sdk/share/wasi-sysroot -O2 -pthread -matomics -mbulk-memory -DSECURE_EXEC_WASM_THREADS -D_WASI_EMULATED_SIGNAL -D_WASI_EMULATED_MMAN -D_WASI_EMULATED_PROCESS_CLOCKS -D_GNU_SOURCE -mllvm -wasm-enable-sjlj -Wno-error=implicit-function-declaration -Wno-error=int-conversion -Wno-int-conversion -I/home/nathan/secure-exec-wasmgui/experiments/wasm-gui/toolchain/compat-include -include /home/nathan/secure-exec-wasmgui/experiments/wasm-gui/toolchain/wasi-compat.h -I/home/nathan/secure-exec-wasmgui/experiments/wasm-gui/third_party/wasm-prefix-threads/include -I/home/nathan/secure-exec-wasmgui/experiments/wasm-gui/third_party/wasm-prefix-threads/include/gtksourceview-4 -g0  -Wall -Wextra -Wno-missing-field-initializers -Wno-unused-parameter -Wmissing-declarations -Wmissing-noreturn -Wpointer-arith -Wcast-align -Wformat -Wformat-security -Wformat-y2k -Winit-self -Wmissing-include-dirs -Wundef -Wredundant-decls -Wshadow -Wnested-externs -Wold-style-definition'
CPP='/home/nathan/secure-exec-wasmgui/experiments/wasm-gui/toolchain/clang-wasi-wrap.sh -E'
CPPFLAGS='--target=wasm32-wasip1-threads --sysroot=/home/nathan/secure-exec/registry/native/c/vendor/wasi-sdk/share/wasi-sysroot -I/home/nathan/secure-exec-wasmgui/experiments/wasm-gui/third_party/wasm-prefix-threads/include -I/home/nathan/secure-exec-wasmgui/experiments/wasm-gui/toolchain/compat-include -include /home/nathan/secure-exec-wasmgui/experiments/wasm-gui/toolchain/wasi-compat.h -DNDEBUG -DG_DISABLE_CAST_CHECKS -DG_DISABLE_ASSERT'
CSCOPE='cscope'
CTAGS='ctags'
CYGPATH_W='echo'
DEFS='-DHAVE_CONFIG_H'
DEPDIR='.deps'
DLLTOOL='dlltool'
DSYMUTIL=''
DUMPBIN=':'
ECHO_C=''
ECHO_N='-n'
ECHO_T=''
EGREP='/usr/bin/grep -E'
ETAGS='etags'
EXEEXT=''
FGREP='/usr/bin/grep -F'
FILECMD='file'
GETTEXT_MACRO_VERSION='0.19'
GETTEXT_PACKAGE='mousepad'
GLIB_CFLAGS='-I/home/nathan/secure-exec-wasmgui/experiments/wasm-gui/third_party/wasm-prefix-threads/include/glib-2.0 -pthread -I/home/nathan/secure-exec-wasmgui/experiments/wasm-gui/third_party/wasm-prefix-threads/lib/glib-2.0/include -I/home/nathan/secure-exec-wasmgui/experiments/wasm-gui/third_party/wasm-prefix-threads/include -DPCRE2_STATIC '
GLIB_COMPILE_SCHEMAS='/home/linuxbrew/.linuxbrew/bin/glib-compile-schemas'
GLIB_LIBS='-L/home/nathan/secure-exec-wasmgui/experiments/wasm-gui/third_party/wasm-prefix-threads/lib -lglib-2.0 -lintl -lm -pthread -lpcre2-8 '
GLIB_REQUIRED_VERSION='2.56.2'
GLIB_VERSION='2.78.4'
GMODULE_CFLAGS='-I/home/nathan/secure-exec-wasmgui/experiments/wasm-gui/third_party/wasm-prefix-threads/include -I/home/nathan/secure-exec-wasmgui/experiments/wasm-gui/third_party/wasm-prefix-threads/include/glib-2.0 -I/home/nathan/secure-exec-wasmgui/experiments/wasm-gui/third_party/wasm-prefix-threads/lib/glib-2.0/include -pthread -DPCRE2_STATIC '
GMODULE_LIBS='-Wl,--export-dynamic -L/home/nathan/secure-exec-wasmgui/experiments/wasm-gui/third_party/wasm-prefix-threads/lib -lgmodule-2.0 -lintl -lglib-2.0 -lintl -lm -pthread -lpcre2-8 '
GMODULE_REQUIRED_VERSION='2.56.2'
GMODULE_VERSION='2.78.4'
GMSGFMT='/home/nathan/secure-exec-wasmgui/experiments/wasm-gui/toolchain/host-bin/msgfmt'
GMSGFMT_015='/home/nathan/secure-exec-wasmgui/experiments/wasm-gui/toolchain/host-bin/msgfmt'
GREP='/usr/bin/grep'
GSETTINGS_DISABLE_SCHEMAS_COMPILE=''
GSETTINGS_RULES='
GSPELL_CFLAGS=''
GSPELL_LIBS=''
GSPELL_REQUIRED_VERSION=''
GSPELL_VERSION=''
GTKSOURCEVIEW_CFLAGS='-I/home/nathan/secure-exec-wasmgui/experiments/wasm-gui/third_party/wasm-prefix-threads/include/gtksourceview-4 -I/home/nathan/secure-exec-wasmgui/experiments/wasm-gui/third_party/wasm-prefix-threads/include/glib-2.0 -I/home/nathan/secure-exec-wasmgui/experiments/wasm-gui/third_party/wasm-prefix-threads/lib/glib-2.0/include -I/home/nathan/secure-exec-wasmgui/experiments/wasm-gui/third_party/wasm-prefix-threads/include -I/home/nathan/secure-exec-wasmgui/experiments/wasm-gui/third_party/wasm-prefix-threads/include/gtk-3.0 -I/home/nathan/secure-exec-wasmgui/experiments/wasm-gui/third_party/pango/build-wasm-threads -I/home/nathan/secure-exec-wasmgui/experiments/wasm-gui/third_party/pango -I/home/nathan/secure-exec-wasmgui/experiments/wasm-gui/third_party/pango/build-wasm-threads/pango -I/home/nathan/secure-exec-wasmgui/experiments/wasm-gui/third_party/pango/pango -I/home/nathan/secure-exec-wasmgui/experiments/wasm-gui/third_party/wasm-prefix-threads/include/fribidi -I/home/nathan/secure-exec-wasmgui/experiments/wasm-gui/third_party/harfbuzz/build-wasm-threads -I/home/nathan/secure-exec-wasmgui/experiments/wasm-gui/third_party/harfbuzz -I/home/nathan/secure-exec-wasmgui/experiments/wasm-gui/third_party/harfbuzz/build-wasm-threads/src -I/home/nathan/secure-exec-wasmgui/experiments/wasm-gui/third_party/harfbuzz/src -I/home/nathan/secure-exec-wasmgui/experiments/wasm-gui/third_party/wasm-prefix-threads/include/freetype2 -I/home/nathan/secure-exec-wasmgui/experiments/wasm-gui/third_party/wasm-prefix-threads/include/cairo -I/home/nathan/secure-exec-wasmgui/experiments/wasm-gui/third_party/wasm-prefix-threads/include/pixman-1 -I/home/nathan/secure-exec-wasmgui/experiments/wasm-gui/third_party/wasm-prefix-threads/include/gdk-pixbuf-2.0 -I/home/nathan/secure-exec-wasmgui/experiments/wasm-gui/third_party/wasm-prefix-threads/include/gio-unix-2.0 -I/home/nathan/secure-exec-wasmgui/experiments/wasm-gui/third_party/wasm-prefix/include -I/home/nathan/secure-exec-wasmgui/experiments/wasm-gui/third_party/wasm-prefix-threads/include/atk-1.0 -I/home/nathan/secure-exec-wasmgui/experiments/wasm-gui/third_party/wasm-prefix-threads/include/at-spi2-atk/2.0 -pthread -DPCRE2_STATIC -I/home/nathan/secure-exec-wasmgui/experiments/wasm-gui/third_party/wasm-prefix-threads/include/libxml2 '
GTKSOURCEVIEW_LIBS='-L/home/nathan/secure-exec-wasmgui/experiments/wasm-gui/third_party/wasm-prefix-threads/lib -lgtksourceview-4 -lintl -lgtk-3 -lgdk-3 -L/home/nathan/secure-exec-wasmgui/experiments/wasm-gui/third_party/pango/build-wasm-threads/pango -lintl -L/home/nathan/secure-exec-wasmgui/experiments/wasm-gui/third_party/harfbuzz/build-wasm-threads/src -lm -lpangocairo-1.0 -lintl -lm -lpangoft2-1.0 -lpango-1.0 -lintl -lm -lintl -lm -lintl -lfribidi -lharfbuzz -lm -lXft -lintl -lintl -lz -latk-1.0 -lcairo-gobject -lcairo -ldl -lz -lfontconfig -lexpat -lfreetype -lXext -lXrender -lX11 -lpixman-1 -lgdk_pixbuf-2.0 -lpng16 -lintl -lintl -lgio-2.0 -lgobject-2.0 -lffi -lgmodule-2.0 -lintl -lglib-2.0 -lintl -lm -pthread -lpcre2-8 -lz '
GTK_CFLAGS='-I/home/nathan/secure-exec-wasmgui/experiments/wasm-gui/third_party/wasm-prefix-threads/include/gtk-3.0 -I/home/nathan/secure-exec-wasmgui/experiments/wasm-gui/third_party/pango/build-wasm-threads -I/home/nathan/secure-exec-wasmgui/experiments/wasm-gui/third_party/pango -I/home/nathan/secure-exec-wasmgui/experiments/wasm-gui/third_party/pango/build-wasm-threads/pango -I/home/nathan/secure-exec-wasmgui/experiments/wasm-gui/third_party/pango/pango -I/home/nathan/secure-exec-wasmgui/experiments/wasm-gui/third_party/wasm-prefix-threads/include/glib-2.0 -I/home/nathan/secure-exec-wasmgui/experiments/wasm-gui/third_party/wasm-prefix-threads/lib/glib-2.0/include -I/home/nathan/secure-exec-wasmgui/experiments/wasm-gui/third_party/wasm-prefix-threads/include -I/home/nathan/secure-exec-wasmgui/experiments/wasm-gui/third_party/wasm-prefix-threads/include/fribidi -I/home/nathan/secure-exec-wasmgui/experiments/wasm-gui/third_party/harfbuzz/build-wasm-threads -I/home/nathan/secure-exec-wasmgui/experiments/wasm-gui/third_party/harfbuzz -I/home/nathan/secure-exec-wasmgui/experiments/wasm-gui/third_party/harfbuzz/build-wasm-threads/src -I/home/nathan/secure-exec-wasmgui/experiments/wasm-gui/third_party/harfbuzz/src -I/home/nathan/secure-exec-wasmgui/experiments/wasm-gui/third_party/wasm-prefix-threads/include/freetype2 -I/home/nathan/secure-exec-wasmgui/experiments/wasm-gui/third_party/wasm-prefix-threads/include/cairo -I/home/nathan/secure-exec-wasmgui/experiments/wasm-gui/third_party/wasm-prefix-threads/include/pixman-1 -I/home/nathan/secure-exec-wasmgui/experiments/wasm-gui/third_party/wasm-prefix-threads/include/gdk-pixbuf-2.0 -I/home/nathan/secure-exec-wasmgui/experiments/wasm-gui/third_party/wasm-prefix-threads/include/gio-unix-2.0 -I/home/nathan/secure-exec-wasmgui/experiments/wasm-gui/third_party/wasm-prefix/include -I/home/nathan/secure-exec-wasmgui/experiments/wasm-gui/third_party/wasm-prefix-threads/include/atk-1.0 -I/home/nathan/secure-exec-wasmgui/experiments/wasm-gui/third_party/wasm-prefix-threads/include/at-spi2-atk/2.0 -pthread -DPCRE2_STATIC '
GTK_LIBS='-L/home/nathan/secure-exec-wasmgui/experiments/wasm-gui/third_party/wasm-prefix-threads/lib -lgtk-3 -lgdk-3 -L/home/nathan/secure-exec-wasmgui/experiments/wasm-gui/third_party/pango/build-wasm-threads/pango -lintl -L/home/nathan/secure-exec-wasmgui/experiments/wasm-gui/third_party/harfbuzz/build-wasm-threads/src -lm -lpangocairo-1.0 -lintl -lm -lpangoft2-1.0 -lpango-1.0 -lintl -lm -lintl -lm -lintl -lfribidi -lharfbuzz -lm -lXft -lintl -lintl -lz -latk-1.0 -lcairo-gobject -lcairo -ldl -lz -lfontconfig -lexpat -lfreetype -lXext -lXrender -lX11 -lpixman-1 -lgdk_pixbuf-2.0 -lpng16 -lintl -lintl -lgio-2.0 -lgobject-2.0 -lffi -lgmodule-2.0 -lintl -lglib-2.0 -lintl -lm -pthread -lpcre2-8 -lz '
GTK_REQUIRED_VERSION='3.22.0'
GTK_VERSION='3.24.43'
HAVE_POLKIT_FALSE=''
HAVE_POLKIT_TRUE='#'
INSTALL_DATA='${INSTALL} -m 644'
INSTALL_PROGRAM='${INSTALL}'
INSTALL_SCRIPT='${INSTALL}'
INSTALL_STRIP_PROGRAM='$(install_sh) -c -s'
INTLLIBS=''
INTL_MACOSX_LIBS=''
LD='/home/linuxbrew/.linuxbrew/bin/ld'
LDFLAGS='--target=wasm32-wasip1-threads --sysroot=/home/nathan/secure-exec/registry/native/c/vendor/wasi-sdk/share/wasi-sysroot -Wl,--shared-memory -Wl,--import-memory -Wl,--export-memory -Wl,--max-memory=536870912 -Wl,--export=wasi_thread_start -Wl,--no-check-features -lwasi-emulated-signal -L/home/nathan/secure-exec-wasmgui/experiments/wasm-gui/third_party/wasm-prefix-threads/lib -L/home/nathan/secure-exec/registry/native/c/vendor/wasi-sdk/share/wasi-sysroot/lib/wasm32-wasip1-threads -lwasi-emulated-mman -lwasi-emulated-process-clocks -L/home/nathan/secure-exec-wasmgui/experiments/wasm-gui/third_party/wasm-prefix-threads/lib -lhostcompat -Wl,--as-needed -Wl,-O1'
LIBICONV='-liconv'
LIBINTL=''
LIBOBJS=''
LIBS=''
LIBTOOL='$(SHELL) $(top_builddir)/libtool'
LIBXFCE4KBD_PRIVATE_CFLAGS=''
LIBXFCE4KBD_PRIVATE_LIBS=''
LIBXFCE4KBD_PRIVATE_REQUIRED_VERSION=''
LIBXFCE4KBD_PRIVATE_VERSION=''
LIBXFCE4UI_CFLAGS=''
LIBXFCE4UI_LIBS=''
LIBXFCE4UI_REQUIRED_VERSION=''
LIBXFCE4UI_VERSION=''
LIPO=''
LN_S='ln -s'
LTLIBICONV='-liconv'
LTLIBINTL=''
LTLIBOBJS=''
LT_SYS_LIBRARY_PATH=''
MAINT='#'
MAINTAINER_MODE_FALSE=''
MAINTAINER_MODE_TRUE='#'
MAKEINFO='${SHELL} '\''/home/nathan/secure-exec-wasmgui/experiments/wasm-gui/third_party/mousepad/missing'\'' makeinfo'
MANIFEST_TOOL=':'
MKDIR_P='/usr/bin/mkdir -p'
MOUSEPAD_PLUGIN_GSPELL_FALSE=''
MOUSEPAD_PLUGIN_GSPELL_TRUE='#'
MOUSEPAD_PLUGIN_SHORTCUTS_FALSE=''
MOUSEPAD_PLUGIN_SHORTCUTS_TRUE='#'
MOUSEPAD_PLUGIN_TEST_FALSE=''
MOUSEPAD_PLUGIN_TEST_TRUE='#'
MOUSEPAD_VERSION_MAJOR='0'
MOUSEPAD_VERSION_MICRO='1'
MOUSEPAD_VERSION_MINOR='6'
MSGFMT='/home/nathan/secure-exec-wasmgui/experiments/wasm-gui/toolchain/host-bin/msgfmt'
MSGFMT_015='/home/nathan/secure-exec-wasmgui/experiments/wasm-gui/toolchain/host-bin/msgfmt'
MSGMERGE='/home/nathan/secure-exec-wasmgui/experiments/wasm-gui/toolchain/host-bin/msgmerge'
NM='nm'
NMEDIT=''
OBJDUMP='objdump'
OBJEXT='o'
OTOOL64=''
OTOOL=''
PACKAGE='mousepad'
PACKAGE_BUGREPORT='https://gitlab.xfce.org/apps/mousepad'
PACKAGE_NAME='Mousepad'
PACKAGE_STRING='Mousepad 0.6.1'
PACKAGE_TARNAME='mousepad'
PACKAGE_URL=''
PACKAGE_VERSION='0.6.1'
PATH_SEPARATOR=':'
PKG_CONFIG='/usr/bin/pkg-config'
PKG_CONFIG_LIBDIR='/home/nathan/secure-exec-wasmgui/experiments/wasm-gui/third_party/wasm-prefix-threads/lib/pkgconfig:/home/nathan/secure-exec-wasmgui/experiments/wasm-gui/third_party/wasm-prefix-threads/share/pkgconfig'
PKG_CONFIG_PATH=''
PLATFORM_CFLAGS=''
PLATFORM_CPPFLAGS=''
PLATFORM_LDFLAGS=''
POLKIT_CFLAGS=''
POLKIT_LIBS=''
POLKIT_REQUIRED_VERSION=''
POLKIT_VERSION=''
POSUB=''
RANLIB='/home/nathan/secure-exec/registry/native/c/vendor/wasi-sdk/bin/llvm-ranlib'
SED='/usr/bin/sed'
SET_MAKE=''
SHELL='/bin/bash'
STRIP='strip'
USE_NLS='no'
VERSION='0.6.1'
WITH_KEYFILE_SETTINGS_FALSE='#'
WITH_KEYFILE_SETTINGS_TRUE=''
XGETTEXT='/home/nathan/secure-exec-wasmgui/experiments/wasm-gui/toolchain/host-bin/xgettext'
XGETTEXT_015='/home/nathan/secure-exec-wasmgui/experiments/wasm-gui/toolchain/host-bin/xgettext'
XGETTEXT_EXTRA_OPTIONS=''
ac_ct_AR=''
ac_ct_CC=''
ac_ct_DUMPBIN='link -dump'
all-am: $(gsettings_SCHEMAS:.xml=.valid)
am__EXEEXT_FALSE=''
am__EXEEXT_TRUE='#'
am__fastdepCC_FALSE='#'
am__fastdepCC_TRUE=''
am__include='include'
am__isrc=''
am__leading_dot='.'
am__nodep='_no'
am__quote=''
am__tar='tar --format=ustar -chf - "$$tardir"'
am__untar='tar -xf -'
bindir='${exec_prefix}/bin'
build='x86_64-pc-linux-gnux32'
build_alias=''
build_cpu='x86_64'
build_os='linux-gnux32'
build_vendor='pc'
clean-gsettings-schemas:
datadir='/usr/share'
datarootdir='${prefix}/share'
docdir='${datarootdir}/doc/${PACKAGE_TARNAME}'
dvidir='${docdir}'
endif'
exec_prefix='${prefix}'
gsettings__enum_file = $(addsuffix .enums.xml,$(gsettings_ENUM_NAMESPACE))
gsettingsschemadir='/usr/share/glib-2.0/schemas'
host='wasm32-unknown-wasi'
host_alias='wasm32-wasi'
host_cpu='wasm32'
host_os='wasi'
host_vendor='unknown'
htmldir='${docdir}'
ifdef gsettings_ENUM_NAMESPACE
includedir='${prefix}/include'
infodir='${datarootdir}/info'
install-data-am: install-gsettings-schemas
install-gsettings-schemas: $(gsettings_SCHEMAS) $(gsettings__enum_file)
install_sh='${SHELL} /home/nathan/secure-exec-wasmgui/experiments/wasm-gui/third_party/mousepad/install-sh'
libdir='${exec_prefix}/lib'
libexecdir='${exec_prefix}/libexec'
localedir='${datarootdir}/locale'
localstatedir='${prefix}/var'
mandir='${datarootdir}/man'
mkdir_p='$(MKDIR_P)'
mostlyclean-am: clean-gsettings-schemas
oldincludedir='/usr/include'
pdfdir='${docdir}'
prefix='/home/nathan/secure-exec-wasmgui/experiments/wasm-gui/third_party/wasm-prefix-threads'
program_transform_name='s,x,x,'
psdir='${docdir}'
runstatedir='${localstatedir}/run'
sbindir='${exec_prefix}/sbin'
sharedstatedir='${prefix}/com'
sysconfdir='/etc'
target='wasm32-unknown-wasi'
target_alias=''
target_cpu='wasm32'
target_os='wasi'
target_vendor='unknown'
uninstall-am: uninstall-gsettings-schemas
uninstall-gsettings-schemas:

## ----------- ##
## confdefs.h. ##
## ----------- ##

/* confdefs.h */
#define PACKAGE_NAME "Mousepad"
#define PACKAGE_TARNAME "mousepad"
#define PACKAGE_VERSION "0.6.1"
#define PACKAGE_STRING "Mousepad 0.6.1"
#define PACKAGE_BUGREPORT "https://gitlab.xfce.org/apps/mousepad"
#define PACKAGE_URL ""
#define PACKAGE "mousepad"
#define VERSION "0.6.1"
#define HAVE_STDIO_H 1
#define HAVE_STDLIB_H 1
#define HAVE_STRING_H 1
#define HAVE_INTTYPES_H 1
#define HAVE_STDINT_H 1
#define HAVE_STRINGS_H 1
#define HAVE_SYS_STAT_H 1
#define HAVE_SYS_TYPES_H 1
#define HAVE_UNISTD_H 1
#define HAVE_WCHAR_H 1
#define STDC_HEADERS 1
#define _ALL_SOURCE 1
#define _DARWIN_C_SOURCE 1
#define _GNU_SOURCE 1
#define _HPUX_ALT_XOPEN_SOCKET_API 1
#define _NETBSD_SOURCE 1
#define _OPENBSD_SOURCE 1
#define _POSIX_PTHREAD_SEMANTICS 1
#define __STDC_WANT_IEC_60559_ATTRIBS_EXT__ 1
#define __STDC_WANT_IEC_60559_BFP_EXT__ 1
#define __STDC_WANT_IEC_60559_DFP_EXT__ 1
#define __STDC_WANT_IEC_60559_FUNCS_EXT__ 1
#define __STDC_WANT_IEC_60559_TYPES_EXT__ 1
#define __STDC_WANT_LIB_EXT2__ 1
#define __STDC_WANT_MATH_SPEC_FUNCS__ 1
#define _TANDEM_SOURCE 1
#define __EXTENSIONS__ 1
#define HAVE_DLFCN_H 1
#define LT_OBJDIR ".libs/"
#define HAVE_REALPATH 1
#define HAVE_ERRNO_H 1
#define HAVE_LIBINTL_H 1
#define HAVE_LOCALE_H 1
#define HAVE_MATH_H 1
#define HAVE_STDIO_H 1
#define HAVE_STDLIB_H 1
#define HAVE_STRING_H 1
#define GETTEXT_PACKAGE "mousepad"
#define G_LOG_USE_STRUCTURED 1
#define GLIB_VERSION_MAX_ALLOWED GLIB_VERSION_2_56
#define GLIB_VERSION_MIN_REQUIRED GLIB_VERSION_2_56

configure: exit 0
