This file contains any messages produced by compilers while
running configure, to aid debugging if configure makes a mistake.

It was created by libXi configure 1.8.2, which was
generated by GNU Autoconf 2.71.  Invocation command line was

  $ ./configure --host=wasm32-wasi --prefix=/home/nathan/secure-exec/experiments/wasm-gui/third_party/wasm-prefix --enable-static --disable-shared --disable-malloc0returnsnull --disable-docs --without-xsltproc --disable-specs

## --------- ##
## Platform. ##
## --------- ##

hostname = nathan-dev
uname -m = x86_64
uname -r = 6.1.0-41-amd64
uname -s = Linux
uname -v = #1 SMP PREEMPT_DYNAMIC Debian 6.1.158-1 (2025-11-09)

/usr/bin/uname -p = unknown
/bin/uname -X     = unknown

/bin/arch              = x86_64
/usr/bin/arch -k       = unknown
/usr/convex/getsysinfo = unknown
/usr/bin/hostinfo      = unknown
/bin/machine           = unknown
/usr/bin/oslevel       = unknown
/bin/universe          = unknown

PATH: /home/linuxbrew/.linuxbrew/bin/
PATH: /home/nathan/misc/bun/bin/
PATH: /home/nathan/.bun/bin/
PATH: /home/nathan/.bun/bin/
PATH: /home/nathan/.bun/bin/
PATH: /home/nathan/.bun/bin/
PATH: /home/nathan/.wasmer/bin/
PATH: /home/nathan/.opencode/bin/
PATH: /home/nathan/.local/bin/
PATH: /home/nathan/.bun/bin/
PATH: /home/nathan/.cargo/bin/
PATH: /home/nathan/.nix-profile/bin/
PATH: /nix/var/nix/profiles/default/bin/
PATH: /home/linuxbrew/.linuxbrew/bin/
PATH: /home/linuxbrew/.linuxbrew/sbin/
PATH: /home/nathan/.local/bin/
PATH: /home/linuxbrew/.linuxbrew/opt/rustup/bin/
PATH: /home/nathan/.local/bin/
PATH: /home/nathan/.atuin/bin/
PATH: /home/nathan/misc/bun/bin/
PATH: /home/nathan/.bun/bin/
PATH: /home/nathan/.bun/bin/
PATH: /home/nathan/.bun/bin/
PATH: /home/nathan/.bun/bin/
PATH: /home/nathan/.wasmer/bin/
PATH: /home/nathan/.deno/bin/
PATH: /home/nathan/.opencode/bin/
PATH: /home/nathan/.local/bin/
PATH: /home/nathan/.bun/bin/
PATH: /home/nathan/.cargo/bin/
PATH: /home/nathan/.nix-profile/bin/
PATH: /nix/var/nix/profiles/default/bin/
PATH: /tmp/pnpm/
PATH: /home/linuxbrew/.linuxbrew/bin/
PATH: /home/linuxbrew/.linuxbrew/sbin/
PATH: /home/nathan/.nvm/versions/node/v24.13.0/bin/
PATH: /home/nathan/.nix-profile/bin/
PATH: /nix/var/nix/profiles/default/bin/
PATH: /usr/local/bin/
PATH: /usr/bin/
PATH: /bin/
PATH: /usr/local/games/
PATH: /usr/games/


## ----------- ##
## Core tests. ##
## ----------- ##

configure:2618: looking for aux files: compile config.guess config.sub ltmain.sh missing install-sh
configure:2631:  trying ./
configure:2660:   ./compile found
configure:2660:   ./config.guess found
configure:2660:   ./config.sub found
configure:2660:   ./ltmain.sh found
configure:2660:   ./missing found
configure:2642:   ./install-sh found
configure:2795: checking for a BSD-compatible install
configure:2868: result: /usr/bin/install -c
configure:2879: checking whether build environment is sane
configure:2934: result: yes
configure:2990: checking for wasm32-wasi-strip
configure:3025: result: no
configure:3035: checking for strip
configure:3056: found /home/linuxbrew/.linuxbrew/bin/strip
configure:3067: result: strip
configure:3093: checking for a race-free mkdir -p
configure:3137: result: /usr/bin/mkdir -p
configure:3144: checking for gawk
configure:3179: result: no
configure:3144: checking for mawk
configure:3165: found /usr/bin/mawk
configure:3176: result: mawk
configure:3187: checking whether make sets $(MAKE)
configure:3210: result: yes
configure:3240: checking whether make supports nested variables
configure:3258: result: yes
configure:3428: checking build system type
configure:3443: result: x86_64-pc-linux-gnux32
configure:3463: checking host system type
configure:3477: result: wasm32-unknown-wasi
configure:3518: checking how to print strings
configure:3545: result: printf
configure:3579: checking whether make supports the include directive
configure:3594: make -f confmf.GNU && cat confinc.out
this is the am__doit target
configure:3597: $? = 0
configure:3616: result: yes (GNU style)
configure:3647: checking for wasm32-wasi-gcc
configure:3679: result: /home/nathan/secure-exec/registry/native/c/vendor/wasi-sdk/bin/clang
configure:4077: checking for C compiler version
configure:4086: /home/nathan/secure-exec/registry/native/c/vendor/wasi-sdk/bin/clang --version >&5
clang version 19.1.5-wasi-sdk (https://github.com/llvm/llvm-project ab4b5a2db582958af1ee308a790cfdb42bd24720)
Target: wasm32-unknown-wasi
Thread model: posix
InstalledDir: /home/nathan/secure-exec/registry/native/c/vendor/wasi-sdk/bin
configure:4097: $? = 0
configure:4086: /home/nathan/secure-exec/registry/native/c/vendor/wasi-sdk/bin/clang -v >&5
clang version 19.1.5-wasi-sdk (https://github.com/llvm/llvm-project ab4b5a2db582958af1ee308a790cfdb42bd24720)
Target: wasm32-unknown-wasi
Thread model: posix
InstalledDir: /home/nathan/secure-exec/registry/native/c/vendor/wasi-sdk/bin
configure:4097: $? = 0
configure:4086: /home/nathan/secure-exec/registry/native/c/vendor/wasi-sdk/bin/clang -V >&5
clang: error: argument to '-V' is missing (expected 1 value)
clang: error: no input files
configure:4097: $? = 1
configure:4086: /home/nathan/secure-exec/registry/native/c/vendor/wasi-sdk/bin/clang -qversion >&5
clang: error: unknown argument '-qversion'; did you mean '--version'?
clang: error: no input files
configure:4097: $? = 1
configure:4086: /home/nathan/secure-exec/registry/native/c/vendor/wasi-sdk/bin/clang -version >&5
clang: error: unknown argument '-version'; did you mean '--version'?
clang: error: no input files
configure:4097: $? = 1
configure:4117: checking whether the C compiler works
configure:4139: /home/nathan/secure-exec/registry/native/c/vendor/wasi-sdk/bin/clang --target=wasm32-wasip1 --sysroot=/home/nathan/secure-exec/registry/native/c/sysroot -O2 -D_WASI_EMULATED_MMAN -D_WASI_EMULATED_PROCESS_CLOCKS -D_GNU_SOURCE -mllvm -wasm-enable-sjlj -Wno-error=implicit-function-declaration -Wno-error=int-conversion -Wno-int-conversion -I/home/nathan/secure-exec/experiments/wasm-gui/toolchain/compat-include -include /home/nathan/secure-exec/experiments/wasm-gui/toolchain/wasi-compat.h --target=wasm32-wasip1 --sysroot=/home/nathan/secure-exec/registry/native/c/sysroot -I/home/nathan/secure-exec/experiments/wasm-gui/third_party/wasm-prefix/include -I/home/nathan/secure-exec/experiments/wasm-gui/toolchain/compat-include -include /home/nathan/secure-exec/experiments/wasm-gui/toolchain/wasi-compat.h --target=wasm32-wasip1 --sysroot=/home/nathan/secure-exec/registry/native/c/sysroot -L/home/nathan/secure-exec/experiments/wasm-gui/third_party/wasm-prefix/lib -L/home/nathan/secure-exec/registry/native/c/vendor/wasi-sdk/share/wasi-sysroot/lib/wasm32-wasip1 -lwasi-emulated-mman -lwasi-emulated-process-clocks conftest.c  >&5
configure:4143: $? = 0
configure:4193: result: yes
configure:4196: checking for C compiler default output file name
configure:4198: result: a.out
configure:4204: checking for suffix of executables
configure:4211: /home/nathan/secure-exec/registry/native/c/vendor/wasi-sdk/bin/clang -o conftest --target=wasm32-wasip1 --sysroot=/home/nathan/secure-exec/registry/native/c/sysroot -O2 -D_WASI_EMULATED_MMAN -D_WASI_EMULATED_PROCESS_CLOCKS -D_GNU_SOURCE -mllvm -wasm-enable-sjlj -Wno-error=implicit-function-declaration -Wno-error=int-conversion -Wno-int-conversion -I/home/nathan/secure-exec/experiments/wasm-gui/toolchain/compat-include -include /home/nathan/secure-exec/experiments/wasm-gui/toolchain/wasi-compat.h --target=wasm32-wasip1 --sysroot=/home/nathan/secure-exec/registry/native/c/sysroot -I/home/nathan/secure-exec/experiments/wasm-gui/third_party/wasm-prefix/include -I/home/nathan/secure-exec/experiments/wasm-gui/toolchain/compat-include -include /home/nathan/secure-exec/experiments/wasm-gui/toolchain/wasi-compat.h --target=wasm32-wasip1 --sysroot=/home/nathan/secure-exec/registry/native/c/sysroot -L/home/nathan/secure-exec/experiments/wasm-gui/third_party/wasm-prefix/lib -L/home/nathan/secure-exec/registry/native/c/vendor/wasi-sdk/share/wasi-sysroot/lib/wasm32-wasip1 -lwasi-emulated-mman -lwasi-emulated-process-clocks conftest.c  >&5
configure:4215: $? = 0
configure:4238: result: 
configure:4260: checking whether we are cross compiling
configure:4268: /home/nathan/secure-exec/registry/native/c/vendor/wasi-sdk/bin/clang -o conftest --target=wasm32-wasip1 --sysroot=/home/nathan/secure-exec/registry/native/c/sysroot -O2 -D_WASI_EMULATED_MMAN -D_WASI_EMULATED_PROCESS_CLOCKS -D_GNU_SOURCE -mllvm -wasm-enable-sjlj -Wno-error=implicit-function-declaration -Wno-error=int-conversion -Wno-int-conversion -I/home/nathan/secure-exec/experiments/wasm-gui/toolchain/compat-include -include /home/nathan/secure-exec/experiments/wasm-gui/toolchain/wasi-compat.h --target=wasm32-wasip1 --sysroot=/home/nathan/secure-exec/registry/native/c/sysroot -I/home/nathan/secure-exec/experiments/wasm-gui/third_party/wasm-prefix/include -I/home/nathan/secure-exec/experiments/wasm-gui/toolchain/compat-include -include /home/nathan/secure-exec/experiments/wasm-gui/toolchain/wasi-compat.h --target=wasm32-wasip1 --sysroot=/home/nathan/secure-exec/registry/native/c/sysroot -L/home/nathan/secure-exec/experiments/wasm-gui/third_party/wasm-prefix/lib -L/home/nathan/secure-exec/registry/native/c/vendor/wasi-sdk/share/wasi-sysroot/lib/wasm32-wasip1 -lwasi-emulated-mman -lwasi-emulated-process-clocks conftest.c  >&5
configure:4272: $? = 0
configure:4279: ./conftest
./configure: line 4281: ./conftest: cannot execute binary file: Exec format error
configure:4283: $? = 126
configure:4298: result: yes
configure:4303: checking for suffix of object files
configure:4326: /home/nathan/secure-exec/registry/native/c/vendor/wasi-sdk/bin/clang -c --target=wasm32-wasip1 --sysroot=/home/nathan/secure-exec/registry/native/c/sysroot -O2 -D_WASI_EMULATED_MMAN -D_WASI_EMULATED_PROCESS_CLOCKS -D_GNU_SOURCE -mllvm -wasm-enable-sjlj -Wno-error=implicit-function-declaration -Wno-error=int-conversion -Wno-int-conversion -I/home/nathan/secure-exec/experiments/wasm-gui/toolchain/compat-include -include /home/nathan/secure-exec/experiments/wasm-gui/toolchain/wasi-compat.h --target=wasm32-wasip1 --sysroot=/home/nathan/secure-exec/registry/native/c/sysroot -I/home/nathan/secure-exec/experiments/wasm-gui/third_party/wasm-prefix/include -I/home/nathan/secure-exec/experiments/wasm-gui/toolchain/compat-include -include /home/nathan/secure-exec/experiments/wasm-gui/toolchain/wasi-compat.h conftest.c >&5
configure:4330: $? = 0
configure:4352: result: o
configure:4356: checking whether the compiler supports GNU C
configure:4376: /home/nathan/secure-exec/registry/native/c/vendor/wasi-sdk/bin/clang -c --target=wasm32-wasip1 --sysroot=/home/nathan/secure-exec/registry/native/c/sysroot -O2 -D_WASI_EMULATED_MMAN -D_WASI_EMULATED_PROCESS_CLOCKS -D_GNU_SOURCE -mllvm -wasm-enable-sjlj -Wno-error=implicit-function-declaration -Wno-error=int-conversion -Wno-int-conversion -I/home/nathan/secure-exec/experiments/wasm-gui/toolchain/compat-include -include /home/nathan/secure-exec/experiments/wasm-gui/toolchain/wasi-compat.h --target=wasm32-wasip1 --sysroot=/home/nathan/secure-exec/registry/native/c/sysroot -I/home/nathan/secure-exec/experiments/wasm-gui/third_party/wasm-prefix/include -I/home/nathan/secure-exec/experiments/wasm-gui/toolchain/compat-include -include /home/nathan/secure-exec/experiments/wasm-gui/toolchain/wasi-compat.h conftest.c >&5
configure:4376: $? = 0
configure:4386: result: yes
configure:4397: checking whether /home/nathan/secure-exec/registry/native/c/vendor/wasi-sdk/bin/clang accepts -g
configure:4418: /home/nathan/secure-exec/registry/native/c/vendor/wasi-sdk/bin/clang -c -g --target=wasm32-wasip1 --sysroot=/home/nathan/secure-exec/registry/native/c/sysroot -I/home/nathan/secure-exec/experiments/wasm-gui/third_party/wasm-prefix/include -I/home/nathan/secure-exec/experiments/wasm-gui/toolchain/compat-include -include /home/nathan/secure-exec/experiments/wasm-gui/toolchain/wasi-compat.h conftest.c >&5
configure:4418: $? = 0
configure:4462: result: yes
configure:4482: checking for /home/nathan/secure-exec/registry/native/c/vendor/wasi-sdk/bin/clang option to enable C11 features
configure:4497: /home/nathan/secure-exec/registry/native/c/vendor/wasi-sdk/bin/clang  -c --target=wasm32-wasip1 --sysroot=/home/nathan/secure-exec/registry/native/c/sysroot -O2 -D_WASI_EMULATED_MMAN -D_WASI_EMULATED_PROCESS_CLOCKS -D_GNU_SOURCE -mllvm -wasm-enable-sjlj -Wno-error=implicit-function-declaration -Wno-error=int-conversion -Wno-int-conversion -I/home/nathan/secure-exec/experiments/wasm-gui/toolchain/compat-include -include /home/nathan/secure-exec/experiments/wasm-gui/toolchain/wasi-compat.h --target=wasm32-wasip1 --sysroot=/home/nathan/secure-exec/registry/native/c/sysroot -I/home/nathan/secure-exec/experiments/wasm-gui/third_party/wasm-prefix/include -I/home/nathan/secure-exec/experiments/wasm-gui/toolchain/compat-include -include /home/nathan/secure-exec/experiments/wasm-gui/toolchain/wasi-compat.h conftest.c >&5
conftest.c:25:14: warning: a function definition without a prototype is deprecated in all versions of C and is not supported in C23 [-Wdeprecated-non-prototype]
   25 | static char *e (p, i)
      |              ^
1 warning generated.
configure:4497: $? = 0
configure:4515: result: none needed
configure:4631: checking whether /home/nathan/secure-exec/registry/native/c/vendor/wasi-sdk/bin/clang understands -c and -o together
configure:4654: /home/nathan/secure-exec/registry/native/c/vendor/wasi-sdk/bin/clang -c conftest.c -o conftest2.o
configure:4657: $? = 0
configure:4654: /home/nathan/secure-exec/registry/native/c/vendor/wasi-sdk/bin/clang -c conftest.c -o conftest2.o
configure:4657: $? = 0
configure:4669: result: yes
configure:4688: checking dependency style of /home/nathan/secure-exec/registry/native/c/vendor/wasi-sdk/bin/clang
configure:4800: result: gcc3
configure:4815: checking for a sed that does not truncate output
configure:4885: result: /usr/bin/sed
configure:4903: checking for grep that handles long lines and -e
configure:4967: result: /usr/bin/grep
configure:4972: checking for egrep
configure:5040: result: /usr/bin/grep -E
configure:5045: checking for fgrep
configure:5113: result: /usr/bin/grep -F
configure:5149: checking for ld used by /home/nathan/secure-exec/registry/native/c/vendor/wasi-sdk/bin/clang
configure:5217: result: /home/linuxbrew/.linuxbrew/bin/ld
configure:5224: checking if the linker (/home/linuxbrew/.linuxbrew/bin/ld) is GNU ld
configure:5240: result: yes
configure:5252: checking for BSD- or MS-compatible name lister (nm)
configure:5307: result: no
configure:5321: checking for wasm32-wasi-dumpbin
configure:5356: result: no
configure:5321: checking for wasm32-wasi-link
configure:5356: result: no
configure:5370: checking for dumpbin
configure:5405: result: no
configure:5370: checking for link
configure:5391: found /usr/bin/link
configure:5402: result: link -dump
configure:5418: WARNING: using cross tools not prefixed with host triplet
configure:5447: checking the name lister (nm) interface
configure:5455: /home/nathan/secure-exec/registry/native/c/vendor/wasi-sdk/bin/clang -c --target=wasm32-wasip1 --sysroot=/home/nathan/secure-exec/registry/native/c/sysroot -O2 -D_WASI_EMULATED_MMAN -D_WASI_EMULATED_PROCESS_CLOCKS -D_GNU_SOURCE -mllvm -wasm-enable-sjlj -Wno-error=implicit-function-declaration -Wno-error=int-conversion -Wno-int-conversion -I/home/nathan/secure-exec/experiments/wasm-gui/toolchain/compat-include -include /home/nathan/secure-exec/experiments/wasm-gui/toolchain/wasi-compat.h --target=wasm32-wasip1 --sysroot=/home/nathan/secure-exec/registry/native/c/sysroot -I/home/nathan/secure-exec/experiments/wasm-gui/third_party/wasm-prefix/include -I/home/nathan/secure-exec/experiments/wasm-gui/toolchain/compat-include -include /home/nathan/secure-exec/experiments/wasm-gui/toolchain/wasi-compat.h conftest.c >&5
configure:5458: nm "conftest.o"
nm: conftest.o: file format not recognized
configure:5461: output
configure:5468: result: BSD nm
configure:5471: checking whether ln -s works
configure:5475: result: yes
configure:5483: checking the maximum length of command line arguments
configure:5615: result: 1572864
configure:5663: checking how to convert x86_64-pc-linux-gnux32 file names to wasm32-unknown-wasi format
configure:5704: result: func_convert_file_noop
configure:5711: checking how to convert x86_64-pc-linux-gnux32 file names to toolchain format
configure:5732: result: func_convert_file_noop
configure:5739: checking for /home/linuxbrew/.linuxbrew/bin/ld option to reload object files
configure:5747: result: -r
configure:5781: checking for wasm32-wasi-file
configure:5816: result: no
configure:5826: checking for file
configure:5847: found /usr/bin/file
configure:5858: result: file
configure:5889: checking for wasm32-wasi-objdump
configure:5924: result: no
configure:5934: checking for objdump
configure:5955: found /home/linuxbrew/.linuxbrew/bin/objdump
configure:5966: result: objdump
configure:5998: checking how to recognize dependent libraries
configure:6199: result: unknown
configure:6244: checking for wasm32-wasi-dlltool
configure:6279: result: no
configure:6289: checking for dlltool
configure:6310: found /home/linuxbrew/.linuxbrew/bin/dlltool
configure:6321: result: dlltool
configure:6354: checking how to associate runtime and link libraries
configure:6382: result: printf %s\n
configure:6399: checking for wasm32-wasi-ar
configure:6431: result: /home/nathan/secure-exec/registry/native/c/vendor/wasi-sdk/bin/llvm-ar
configure:6533: checking for archiver @FILE support
configure:6551: /home/nathan/secure-exec/registry/native/c/vendor/wasi-sdk/bin/clang -c --target=wasm32-wasip1 --sysroot=/home/nathan/secure-exec/registry/native/c/sysroot -O2 -D_WASI_EMULATED_MMAN -D_WASI_EMULATED_PROCESS_CLOCKS -D_GNU_SOURCE -mllvm -wasm-enable-sjlj -Wno-error=implicit-function-declaration -Wno-error=int-conversion -Wno-int-conversion -I/home/nathan/secure-exec/experiments/wasm-gui/toolchain/compat-include -include /home/nathan/secure-exec/experiments/wasm-gui/toolchain/wasi-compat.h --target=wasm32-wasip1 --sysroot=/home/nathan/secure-exec/registry/native/c/sysroot -I/home/nathan/secure-exec/experiments/wasm-gui/third_party/wasm-prefix/include -I/home/nathan/secure-exec/experiments/wasm-gui/toolchain/compat-include -include /home/nathan/secure-exec/experiments/wasm-gui/toolchain/wasi-compat.h conftest.c >&5
configure:6551: $? = 0
configure:6555: /home/nathan/secure-exec/registry/native/c/vendor/wasi-sdk/bin/llvm-ar cr libconftest.a @conftest.lst >&5
configure:6558: $? = 0
configure:6563: /home/nathan/secure-exec/registry/native/c/vendor/wasi-sdk/bin/llvm-ar cr libconftest.a @conftest.lst >&5
/home/nathan/secure-exec/registry/native/c/vendor/wasi-sdk/bin/llvm-ar: error: conftest.o: No such file or directory
configure:6566: $? = 1
configure:6578: result: @
configure:6596: checking for wasm32-wasi-strip
configure:6628: result: strip
configure:6705: checking for wasm32-wasi-ranlib
configure:6737: result: /home/nathan/secure-exec/registry/native/c/vendor/wasi-sdk/bin/llvm-ranlib
configure:6884: checking command to parse nm output from /home/nathan/secure-exec/registry/native/c/vendor/wasi-sdk/bin/clang object
configure:7038: /home/nathan/secure-exec/registry/native/c/vendor/wasi-sdk/bin/clang -c --target=wasm32-wasip1 --sysroot=/home/nathan/secure-exec/registry/native/c/sysroot -O2 -D_WASI_EMULATED_MMAN -D_WASI_EMULATED_PROCESS_CLOCKS -D_GNU_SOURCE -mllvm -wasm-enable-sjlj -Wno-error=implicit-function-declaration -Wno-error=int-conversion -Wno-int-conversion -I/home/nathan/secure-exec/experiments/wasm-gui/toolchain/compat-include -include /home/nathan/secure-exec/experiments/wasm-gui/toolchain/wasi-compat.h --target=wasm32-wasip1 --sysroot=/home/nathan/secure-exec/registry/native/c/sysroot -I/home/nathan/secure-exec/experiments/wasm-gui/third_party/wasm-prefix/include -I/home/nathan/secure-exec/experiments/wasm-gui/toolchain/compat-include -include /home/nathan/secure-exec/experiments/wasm-gui/toolchain/wasi-compat.h conftest.c >&5
configure:7041: $? = 0
configure:7045: nm conftest.o \| /usr/bin/sed -n -e 's/^.*[ ]\([ABCDGIRSTW][ABCDGIRSTW]*\)[ ][ ]*\([_A-Za-z][_A-Za-z0-9]*\)$/\1 \2 \2/p' | /usr/bin/sed '/ __gnu_lto/d' \> conftest.nm
nm: conftest.o: file format not recognized
configure:7048: $? = 0
cannot run /usr/bin/sed -n -e 's/^.*[	 ]\([ABCDGIRSTW][ABCDGIRSTW]*\)[	 ][	 ]*\([_A-Za-z][_A-Za-z0-9]*\)$/\1 \2 \2/p' | /usr/bin/sed '/ __gnu_lto/d'
configure:7038: /home/nathan/secure-exec/registry/native/c/vendor/wasi-sdk/bin/clang -c --target=wasm32-wasip1 --sysroot=/home/nathan/secure-exec/registry/native/c/sysroot -O2 -D_WASI_EMULATED_MMAN -D_WASI_EMULATED_PROCESS_CLOCKS -D_GNU_SOURCE -mllvm -wasm-enable-sjlj -Wno-error=implicit-function-declaration -Wno-error=int-conversion -Wno-int-conversion -I/home/nathan/secure-exec/experiments/wasm-gui/toolchain/compat-include -include /home/nathan/secure-exec/experiments/wasm-gui/toolchain/wasi-compat.h --target=wasm32-wasip1 --sysroot=/home/nathan/secure-exec/registry/native/c/sysroot -I/home/nathan/secure-exec/experiments/wasm-gui/third_party/wasm-prefix/include -I/home/nathan/secure-exec/experiments/wasm-gui/toolchain/compat-include -include /home/nathan/secure-exec/experiments/wasm-gui/toolchain/wasi-compat.h conftest.c >&5
configure:7041: $? = 0
configure:7045: nm conftest.o \| /usr/bin/sed -n -e 's/^.*[ ]\([ABCDGIRSTW][ABCDGIRSTW]*\)[ ][ ]*_\([_A-Za-z][_A-Za-z0-9]*\)$/\1 _\2 \2/p' | /usr/bin/sed '/ __gnu_lto/d' \> conftest.nm
nm: conftest.o: file format not recognized
configure:7048: $? = 0
cannot run /usr/bin/sed -n -e 's/^.*[	 ]\([ABCDGIRSTW][ABCDGIRSTW]*\)[	 ][	 ]*_\([_A-Za-z][_A-Za-z0-9]*\)$/\1 _\2 \2/p' | /usr/bin/sed '/ __gnu_lto/d'
configure:7152: result: failed
configure:7202: checking for sysroot
configure:7233: result: no
configure:7240: checking for a working dd
configure:7284: result: /usr/bin/dd
configure:7288: checking how to truncate binary pipes
configure:7304: result: /usr/bin/dd bs=4096 count=1
configure:7596: checking for wasm32-wasi-mt
configure:7631: result: no
configure:7641: checking for mt
configure:7662: found /usr/bin/mt
configure:7673: result: mt
configure:7696: checking if mt is a manifest tool
configure:7703: mt '-?'
configure:7711: result: no
configure:8436: checking for stdio.h
configure:8436: /home/nathan/secure-exec/registry/native/c/vendor/wasi-sdk/bin/clang -c --target=wasm32-wasip1 --sysroot=/home/nathan/secure-exec/registry/native/c/sysroot -O2 -D_WASI_EMULATED_MMAN -D_WASI_EMULATED_PROCESS_CLOCKS -D_GNU_SOURCE -mllvm -wasm-enable-sjlj -Wno-error=implicit-function-declaration -Wno-error=int-conversion -Wno-int-conversion -I/home/nathan/secure-exec/experiments/wasm-gui/toolchain/compat-include -include /home/nathan/secure-exec/experiments/wasm-gui/toolchain/wasi-compat.h --target=wasm32-wasip1 --sysroot=/home/nathan/secure-exec/registry/native/c/sysroot -I/home/nathan/secure-exec/experiments/wasm-gui/third_party/wasm-prefix/include -I/home/nathan/secure-exec/experiments/wasm-gui/toolchain/compat-include -include /home/nathan/secure-exec/experiments/wasm-gui/toolchain/wasi-compat.h conftest.c >&5
configure:8436: $? = 0
configure:8436: result: yes
configure:8436: checking for stdlib.h
configure:8436: /home/nathan/secure-exec/registry/native/c/vendor/wasi-sdk/bin/clang -c --target=wasm32-wasip1 --sysroot=/home/nathan/secure-exec/registry/native/c/sysroot -O2 -D_WASI_EMULATED_MMAN -D_WASI_EMULATED_PROCESS_CLOCKS -D_GNU_SOURCE -mllvm -wasm-enable-sjlj -Wno-error=implicit-function-declaration -Wno-error=int-conversion -Wno-int-conversion -I/home/nathan/secure-exec/experiments/wasm-gui/toolchain/compat-include -include /home/nathan/secure-exec/experiments/wasm-gui/toolchain/wasi-compat.h --target=wasm32-wasip1 --sysroot=/home/nathan/secure-exec/registry/native/c/sysroot -I/home/nathan/secure-exec/experiments/wasm-gui/third_party/wasm-prefix/include -I/home/nathan/secure-exec/experiments/wasm-gui/toolchain/compat-include -include /home/nathan/secure-exec/experiments/wasm-gui/toolchain/wasi-compat.h conftest.c >&5
configure:8436: $? = 0
configure:8436: result: yes
configure:8436: checking for string.h
configure:8436: /home/nathan/secure-exec/registry/native/c/vendor/wasi-sdk/bin/clang -c --target=wasm32-wasip1 --sysroot=/home/nathan/secure-exec/registry/native/c/sysroot -O2 -D_WASI_EMULATED_MMAN -D_WASI_EMULATED_PROCESS_CLOCKS -D_GNU_SOURCE -mllvm -wasm-enable-sjlj -Wno-error=implicit-function-declaration -Wno-error=int-conversion -Wno-int-conversion -I/home/nathan/secure-exec/experiments/wasm-gui/toolchain/compat-include -include /home/nathan/secure-exec/experiments/wasm-gui/toolchain/wasi-compat.h --target=wasm32-wasip1 --sysroot=/home/nathan/secure-exec/registry/native/c/sysroot -I/home/nathan/secure-exec/experiments/wasm-gui/third_party/wasm-prefix/include -I/home/nathan/secure-exec/experiments/wasm-gui/toolchain/compat-include -include /home/nathan/secure-exec/experiments/wasm-gui/toolchain/wasi-compat.h conftest.c >&5
configure:8436: $? = 0
configure:8436: result: yes
configure:8436: checking for inttypes.h
configure:8436: /home/nathan/secure-exec/registry/native/c/vendor/wasi-sdk/bin/clang -c --target=wasm32-wasip1 --sysroot=/home/nathan/secure-exec/registry/native/c/sysroot -O2 -D_WASI_EMULATED_MMAN -D_WASI_EMULATED_PROCESS_CLOCKS -D_GNU_SOURCE -mllvm -wasm-enable-sjlj -Wno-error=implicit-function-declaration -Wno-error=int-conversion -Wno-int-conversion -I/home/nathan/secure-exec/experiments/wasm-gui/toolchain/compat-include -include /home/nathan/secure-exec/experiments/wasm-gui/toolchain/wasi-compat.h --target=wasm32-wasip1 --sysroot=/home/nathan/secure-exec/registry/native/c/sysroot -I/home/nathan/secure-exec/experiments/wasm-gui/third_party/wasm-prefix/include -I/home/nathan/secure-exec/experiments/wasm-gui/toolchain/compat-include -include /home/nathan/secure-exec/experiments/wasm-gui/toolchain/wasi-compat.h conftest.c >&5
configure:8436: $? = 0
configure:8436: result: yes
configure:8436: checking for stdint.h
configure:8436: /home/nathan/secure-exec/registry/native/c/vendor/wasi-sdk/bin/clang -c --target=wasm32-wasip1 --sysroot=/home/nathan/secure-exec/registry/native/c/sysroot -O2 -D_WASI_EMULATED_MMAN -D_WASI_EMULATED_PROCESS_CLOCKS -D_GNU_SOURCE -mllvm -wasm-enable-sjlj -Wno-error=implicit-function-declaration -Wno-error=int-conversion -Wno-int-conversion -I/home/nathan/secure-exec/experiments/wasm-gui/toolchain/compat-include -include /home/nathan/secure-exec/experiments/wasm-gui/toolchain/wasi-compat.h --target=wasm32-wasip1 --sysroot=/home/nathan/secure-exec/registry/native/c/sysroot -I/home/nathan/secure-exec/experiments/wasm-gui/third_party/wasm-prefix/include -I/home/nathan/secure-exec/experiments/wasm-gui/toolchain/compat-include -include /home/nathan/secure-exec/experiments/wasm-gui/toolchain/wasi-compat.h conftest.c >&5
configure:8436: $? = 0
configure:8436: result: yes
configure:8436: checking for strings.h
configure:8436: /home/nathan/secure-exec/registry/native/c/vendor/wasi-sdk/bin/clang -c --target=wasm32-wasip1 --sysroot=/home/nathan/secure-exec/registry/native/c/sysroot -O2 -D_WASI_EMULATED_MMAN -D_WASI_EMULATED_PROCESS_CLOCKS -D_GNU_SOURCE -mllvm -wasm-enable-sjlj -Wno-error=implicit-function-declaration -Wno-error=int-conversion -Wno-int-conversion -I/home/nathan/secure-exec/experiments/wasm-gui/toolchain/compat-include -include /home/nathan/secure-exec/experiments/wasm-gui/toolchain/wasi-compat.h --target=wasm32-wasip1 --sysroot=/home/nathan/secure-exec/registry/native/c/sysroot -I/home/nathan/secure-exec/experiments/wasm-gui/third_party/wasm-prefix/include -I/home/nathan/secure-exec/experiments/wasm-gui/toolchain/compat-include -include /home/nathan/secure-exec/experiments/wasm-gui/toolchain/wasi-compat.h conftest.c >&5
configure:8436: $? = 0
configure:8436: result: yes
configure:8436: checking for sys/stat.h
configure:8436: /home/nathan/secure-exec/registry/native/c/vendor/wasi-sdk/bin/clang -c --target=wasm32-wasip1 --sysroot=/home/nathan/secure-exec/registry/native/c/sysroot -O2 -D_WASI_EMULATED_MMAN -D_WASI_EMULATED_PROCESS_CLOCKS -D_GNU_SOURCE -mllvm -wasm-enable-sjlj -Wno-error=implicit-function-declaration -Wno-error=int-conversion -Wno-int-conversion -I/home/nathan/secure-exec/experiments/wasm-gui/toolchain/compat-include -include /home/nathan/secure-exec/experiments/wasm-gui/toolchain/wasi-compat.h --target=wasm32-wasip1 --sysroot=/home/nathan/secure-exec/registry/native/c/sysroot -I/home/nathan/secure-exec/experiments/wasm-gui/third_party/wasm-prefix/include -I/home/nathan/secure-exec/experiments/wasm-gui/toolchain/compat-include -include /home/nathan/secure-exec/experiments/wasm-gui/toolchain/wasi-compat.h conftest.c >&5
configure:8436: $? = 0
configure:8436: result: yes
configure:8436: checking for sys/types.h
configure:8436: /home/nathan/secure-exec/registry/native/c/vendor/wasi-sdk/bin/clang -c --target=wasm32-wasip1 --sysroot=/home/nathan/secure-exec/registry/native/c/sysroot -O2 -D_WASI_EMULATED_MMAN -D_WASI_EMULATED_PROCESS_CLOCKS -D_GNU_SOURCE -mllvm -wasm-enable-sjlj -Wno-error=implicit-function-declaration -Wno-error=int-conversion -Wno-int-conversion -I/home/nathan/secure-exec/experiments/wasm-gui/toolchain/compat-include -include /home/nathan/secure-exec/experiments/wasm-gui/toolchain/wasi-compat.h --target=wasm32-wasip1 --sysroot=/home/nathan/secure-exec/registry/native/c/sysroot -I/home/nathan/secure-exec/experiments/wasm-gui/third_party/wasm-prefix/include -I/home/nathan/secure-exec/experiments/wasm-gui/toolchain/compat-include -include /home/nathan/secure-exec/experiments/wasm-gui/toolchain/wasi-compat.h conftest.c >&5
configure:8436: $? = 0
configure:8436: result: yes
configure:8436: checking for unistd.h
configure:8436: /home/nathan/secure-exec/registry/native/c/vendor/wasi-sdk/bin/clang -c --target=wasm32-wasip1 --sysroot=/home/nathan/secure-exec/registry/native/c/sysroot -O2 -D_WASI_EMULATED_MMAN -D_WASI_EMULATED_PROCESS_CLOCKS -D_GNU_SOURCE -mllvm -wasm-enable-sjlj -Wno-error=implicit-function-declaration -Wno-error=int-conversion -Wno-int-conversion -I/home/nathan/secure-exec/experiments/wasm-gui/toolchain/compat-include -include /home/nathan/secure-exec/experiments/wasm-gui/toolchain/wasi-compat.h --target=wasm32-wasip1 --sysroot=/home/nathan/secure-exec/registry/native/c/sysroot -I/home/nathan/secure-exec/experiments/wasm-gui/third_party/wasm-prefix/include -I/home/nathan/secure-exec/experiments/wasm-gui/toolchain/compat-include -include /home/nathan/secure-exec/experiments/wasm-gui/toolchain/wasi-compat.h conftest.c >&5
configure:8436: $? = 0
configure:8436: result: yes
configure:8461: checking for dlfcn.h
configure:8461: /home/nathan/secure-exec/registry/native/c/vendor/wasi-sdk/bin/clang -c --target=wasm32-wasip1 --sysroot=/home/nathan/secure-exec/registry/native/c/sysroot -O2 -D_WASI_EMULATED_MMAN -D_WASI_EMULATED_PROCESS_CLOCKS -D_GNU_SOURCE -mllvm -wasm-enable-sjlj -Wno-error=implicit-function-declaration -Wno-error=int-conversion -Wno-int-conversion -I/home/nathan/secure-exec/experiments/wasm-gui/toolchain/compat-include -include /home/nathan/secure-exec/experiments/wasm-gui/toolchain/wasi-compat.h --target=wasm32-wasip1 --sysroot=/home/nathan/secure-exec/registry/native/c/sysroot -I/home/nathan/secure-exec/experiments/wasm-gui/third_party/wasm-prefix/include -I/home/nathan/secure-exec/experiments/wasm-gui/toolchain/compat-include -include /home/nathan/secure-exec/experiments/wasm-gui/toolchain/wasi-compat.h conftest.c >&5
configure:8461: $? = 0
configure:8461: result: yes
configure:8720: checking for objdir
configure:8736: result: .libs
configure:9000: checking if /home/nathan/secure-exec/registry/native/c/vendor/wasi-sdk/bin/clang supports -fno-rtti -fno-exceptions
configure:9019: /home/nathan/secure-exec/registry/native/c/vendor/wasi-sdk/bin/clang -c --target=wasm32-wasip1 --sysroot=/home/nathan/secure-exec/registry/native/c/sysroot -O2 -D_WASI_EMULATED_MMAN -D_WASI_EMULATED_PROCESS_CLOCKS -D_GNU_SOURCE -mllvm -wasm-enable-sjlj -Wno-error=implicit-function-declaration -Wno-error=int-conversion -Wno-int-conversion -I/home/nathan/secure-exec/experiments/wasm-gui/toolchain/compat-include -include /home/nathan/secure-exec/experiments/wasm-gui/toolchain/wasi-compat.h --target=wasm32-wasip1 --sysroot=/home/nathan/secure-exec/registry/native/c/sysroot -I/home/nathan/secure-exec/experiments/wasm-gui/third_party/wasm-prefix/include -I/home/nathan/secure-exec/experiments/wasm-gui/toolchain/compat-include -include /home/nathan/secure-exec/experiments/wasm-gui/toolchain/wasi-compat.h -fno-rtti -fno-exceptions conftest.c >&5
configure:9023: $? = 0
configure:9036: result: yes
configure:9394: checking for /home/nathan/secure-exec/registry/native/c/vendor/wasi-sdk/bin/clang option to produce PIC
configure:9402: result: -fPIC -DPIC
configure:9410: checking if /home/nathan/secure-exec/registry/native/c/vendor/wasi-sdk/bin/clang PIC flag -fPIC -DPIC works
configure:9429: /home/nathan/secure-exec/registry/native/c/vendor/wasi-sdk/bin/clang -c --target=wasm32-wasip1 --sysroot=/home/nathan/secure-exec/registry/native/c/sysroot -O2 -D_WASI_EMULATED_MMAN -D_WASI_EMULATED_PROCESS_CLOCKS -D_GNU_SOURCE -mllvm -wasm-enable-sjlj -Wno-error=implicit-function-declaration -Wno-error=int-conversion -Wno-int-conversion -I/home/nathan/secure-exec/experiments/wasm-gui/toolchain/compat-include -include /home/nathan/secure-exec/experiments/wasm-gui/toolchain/wasi-compat.h --target=wasm32-wasip1 --sysroot=/home/nathan/secure-exec/registry/native/c/sysroot -I/home/nathan/secure-exec/experiments/wasm-gui/third_party/wasm-prefix/include -I/home/nathan/secure-exec/experiments/wasm-gui/toolchain/compat-include -include /home/nathan/secure-exec/experiments/wasm-gui/toolchain/wasi-compat.h -fPIC -DPIC -DPIC conftest.c >&5
configure:9433: $? = 0
configure:9446: result: yes
configure:9475: checking if /home/nathan/secure-exec/registry/native/c/vendor/wasi-sdk/bin/clang static flag -static works
configure:9504: result: yes
configure:9519: checking if /home/nathan/secure-exec/registry/native/c/vendor/wasi-sdk/bin/clang supports -c -o file.o
configure:9541: /home/nathan/secure-exec/registry/native/c/vendor/wasi-sdk/bin/clang -c --target=wasm32-wasip1 --sysroot=/home/nathan/secure-exec/registry/native/c/sysroot -O2 -D_WASI_EMULATED_MMAN -D_WASI_EMULATED_PROCESS_CLOCKS -D_GNU_SOURCE -mllvm -wasm-enable-sjlj -Wno-error=implicit-function-declaration -Wno-error=int-conversion -Wno-int-conversion -I/home/nathan/secure-exec/experiments/wasm-gui/toolchain/compat-include -include /home/nathan/secure-exec/experiments/wasm-gui/toolchain/wasi-compat.h --target=wasm32-wasip1 --sysroot=/home/nathan/secure-exec/registry/native/c/sysroot -I/home/nathan/secure-exec/experiments/wasm-gui/third_party/wasm-prefix/include -I/home/nathan/secure-exec/experiments/wasm-gui/toolchain/compat-include -include /home/nathan/secure-exec/experiments/wasm-gui/toolchain/wasi-compat.h -o out/conftest2.o conftest.c >&5
configure:9545: $? = 0
configure:9567: result: yes
configure:9575: checking if /home/nathan/secure-exec/registry/native/c/vendor/wasi-sdk/bin/clang supports -c -o file.o
configure:9623: result: yes
configure:9656: checking whether the /home/nathan/secure-exec/registry/native/c/vendor/wasi-sdk/bin/clang linker (/home/linuxbrew/.linuxbrew/bin/ld) supports shared libraries
configure:10924: result: yes
configure:11165: checking dynamic linker characteristics
configure:11989: result: no
configure:12111: checking how to hardcode library paths into programs
configure:12136: result: immediate
configure:12688: checking whether stripping libraries is possible
configure:12697: result: yes
configure:12739: checking if libtool supports shared libraries
configure:12741: result: no
configure:12744: checking whether to build shared libraries
configure:12769: result: no
configure:12772: checking whether to build static libraries
configure:12776: result: yes
configure:12826: checking for /home/nathan/secure-exec/registry/native/c/vendor/wasi-sdk/bin/clang options needed to detect all undeclared functions
configure:12848: /home/nathan/secure-exec/registry/native/c/vendor/wasi-sdk/bin/clang -c --target=wasm32-wasip1 --sysroot=/home/nathan/secure-exec/registry/native/c/sysroot -O2 -D_WASI_EMULATED_MMAN -D_WASI_EMULATED_PROCESS_CLOCKS -D_GNU_SOURCE -mllvm -wasm-enable-sjlj -Wno-error=implicit-function-declaration -Wno-error=int-conversion -Wno-int-conversion -I/home/nathan/secure-exec/experiments/wasm-gui/toolchain/compat-include -include /home/nathan/secure-exec/experiments/wasm-gui/toolchain/wasi-compat.h  --target=wasm32-wasip1 --sysroot=/home/nathan/secure-exec/registry/native/c/sysroot -I/home/nathan/secure-exec/experiments/wasm-gui/third_party/wasm-prefix/include -I/home/nathan/secure-exec/experiments/wasm-gui/toolchain/compat-include -include /home/nathan/secure-exec/experiments/wasm-gui/toolchain/wasi-compat.h conftest.c >&5
conftest.c:27:8: warning: call to undeclared library function 'strchr' with type 'char *(const char *, int)'; ISO C99 and later do not support implicit function declarations [-Wimplicit-function-declaration]
   27 | (void) strchr;
      |        ^
conftest.c:27:8: note: include the header <string.h> or explicitly provide a declaration for 'strchr'
1 warning generated.
configure:12848: $? = 0
configure:12848: /home/nathan/secure-exec/registry/native/c/vendor/wasi-sdk/bin/clang -c --target=wasm32-wasip1 --sysroot=/home/nathan/secure-exec/registry/native/c/sysroot -O2 -D_WASI_EMULATED_MMAN -D_WASI_EMULATED_PROCESS_CLOCKS -D_GNU_SOURCE -mllvm -wasm-enable-sjlj -Wno-error=implicit-function-declaration -Wno-error=int-conversion -Wno-int-conversion -I/home/nathan/secure-exec/experiments/wasm-gui/toolchain/compat-include -include /home/nathan/secure-exec/experiments/wasm-gui/toolchain/wasi-compat.h -fno-builtin --target=wasm32-wasip1 --sysroot=/home/nathan/secure-exec/registry/native/c/sysroot -I/home/nathan/secure-exec/experiments/wasm-gui/third_party/wasm-prefix/include -I/home/nathan/secure-exec/experiments/wasm-gui/toolchain/compat-include -include /home/nathan/secure-exec/experiments/wasm-gui/toolchain/wasi-compat.h conftest.c >&5
conftest.c:27:8: error: use of undeclared identifier 'strchr'
   27 | (void) strchr;
      |        ^
1 error generated.
configure:12848: $? = 1
configure: failed program was:
| /* confdefs.h */
| #define PACKAGE_NAME "libXi"
| #define PACKAGE_TARNAME "libXi"
| #define PACKAGE_VERSION "1.8.2"
| #define PACKAGE_STRING "libXi 1.8.2"
| #define PACKAGE_BUGREPORT "https://gitlab.freedesktop.org/xorg/lib/libXi/issues"
| #define PACKAGE_URL ""
| #define PACKAGE "libXi"
| #define VERSION "1.8.2"
| #define HAVE_STDIO_H 1
| #define HAVE_STDLIB_H 1
| #define HAVE_STRING_H 1
| #define HAVE_INTTYPES_H 1
| #define HAVE_STDINT_H 1
| #define HAVE_STRINGS_H 1
| #define HAVE_SYS_STAT_H 1
| #define HAVE_SYS_TYPES_H 1
| #define HAVE_UNISTD_H 1
| #define STDC_HEADERS 1
| #define HAVE_DLFCN_H 1
| #define LT_OBJDIR ".libs/"
| /* end confdefs.h.  */
| 
| int
| main (void)
| {
| (void) strchr;
|   ;
|   return 0;
| }
configure:12875: /home/nathan/secure-exec/registry/native/c/vendor/wasi-sdk/bin/clang -c --target=wasm32-wasip1 --sysroot=/home/nathan/secure-exec/registry/native/c/sysroot -O2 -D_WASI_EMULATED_MMAN -D_WASI_EMULATED_PROCESS_CLOCKS -D_GNU_SOURCE -mllvm -wasm-enable-sjlj -Wno-error=implicit-function-declaration -Wno-error=int-conversion -Wno-int-conversion -I/home/nathan/secure-exec/experiments/wasm-gui/toolchain/compat-include -include /home/nathan/secure-exec/experiments/wasm-gui/toolchain/wasi-compat.h -fno-builtin --target=wasm32-wasip1 --sysroot=/home/nathan/secure-exec/registry/native/c/sysroot -I/home/nathan/secure-exec/experiments/wasm-gui/third_party/wasm-prefix/include -I/home/nathan/secure-exec/experiments/wasm-gui/toolchain/compat-include -include /home/nathan/secure-exec/experiments/wasm-gui/toolchain/wasi-compat.h conftest.c >&5
configure:12875: $? = 0
configure:12892: result: -fno-builtin
configure:12910: checking whether __clang__ is declared
configure:12910: /home/nathan/secure-exec/registry/native/c/vendor/wasi-sdk/bin/clang -c --target=wasm32-wasip1 --sysroot=/home/nathan/secure-exec/registry/native/c/sysroot -O2 -D_WASI_EMULATED_MMAN -D_WASI_EMULATED_PROCESS_CLOCKS -D_GNU_SOURCE -mllvm -wasm-enable-sjlj -Wno-error=implicit-function-declaration -Wno-error=int-conversion -Wno-int-conversion -I/home/nathan/secure-exec/experiments/wasm-gui/toolchain/compat-include -include /home/nathan/secure-exec/experiments/wasm-gui/toolchain/wasi-compat.h -fno-builtin --target=wasm32-wasip1 --sysroot=/home/nathan/secure-exec/registry/native/c/sysroot -I/home/nathan/secure-exec/experiments/wasm-gui/third_party/wasm-prefix/include -I/home/nathan/secure-exec/experiments/wasm-gui/toolchain/compat-include -include /home/nathan/secure-exec/experiments/wasm-gui/toolchain/wasi-compat.h conftest.c >&5
configure:12910: $? = 0
configure:12910: result: yes
configure:12917: checking whether __INTEL_COMPILER is declared
configure:12917: /home/nathan/secure-exec/registry/native/c/vendor/wasi-sdk/bin/clang -c --target=wasm32-wasip1 --sysroot=/home/nathan/secure-exec/registry/native/c/sysroot -O2 -D_WASI_EMULATED_MMAN -D_WASI_EMULATED_PROCESS_CLOCKS -D_GNU_SOURCE -mllvm -wasm-enable-sjlj -Wno-error=implicit-function-declaration -Wno-error=int-conversion -Wno-int-conversion -I/home/nathan/secure-exec/experiments/wasm-gui/toolchain/compat-include -include /home/nathan/secure-exec/experiments/wasm-gui/toolchain/wasi-compat.h -fno-builtin --target=wasm32-wasip1 --sysroot=/home/nathan/secure-exec/registry/native/c/sysroot -I/home/nathan/secure-exec/experiments/wasm-gui/third_party/wasm-prefix/include -I/home/nathan/secure-exec/experiments/wasm-gui/toolchain/compat-include -include /home/nathan/secure-exec/experiments/wasm-gui/toolchain/wasi-compat.h conftest.c >&5
conftest.c:58:10: error: use of undeclared identifier '__INTEL_COMPILER'
   58 |   (void) __INTEL_COMPILER;
      |          ^
1 error generated.
configure:12917: $? = 1
configure: failed program was:
| /* confdefs.h */
| #define PACKAGE_NAME "libXi"
| #define PACKAGE_TARNAME "libXi"
| #define PACKAGE_VERSION "1.8.2"
| #define PACKAGE_STRING "libXi 1.8.2"
| #define PACKAGE_BUGREPORT "https://gitlab.freedesktop.org/xorg/lib/libXi/issues"
| #define PACKAGE_URL ""
| #define PACKAGE "libXi"
| #define VERSION "1.8.2"
| #define HAVE_STDIO_H 1
| #define HAVE_STDLIB_H 1
| #define HAVE_STRING_H 1
| #define HAVE_INTTYPES_H 1
| #define HAVE_STDINT_H 1
| #define HAVE_STRINGS_H 1
| #define HAVE_SYS_STAT_H 1
| #define HAVE_SYS_TYPES_H 1
| #define HAVE_UNISTD_H 1
| #define STDC_HEADERS 1
| #define HAVE_DLFCN_H 1
| #define LT_OBJDIR ".libs/"
| /* end confdefs.h.  */
| #include <stddef.h>
| #ifdef HAVE_STDIO_H
| # include <stdio.h>
| #endif
| #ifdef HAVE_STDLIB_H
| # include <stdlib.h>
| #endif
| #ifdef HAVE_STRING_H
| # include <string.h>
| #endif
| #ifdef HAVE_INTTYPES_H
| # include <inttypes.h>
| #endif
| #ifdef HAVE_STDINT_H
| # include <stdint.h>
| #endif
| #ifdef HAVE_STRINGS_H
| # include <strings.h>
| #endif
| #ifdef HAVE_SYS_TYPES_H
| # include <sys/types.h>
| #endif
| #ifdef HAVE_SYS_STAT_H
| # include <sys/stat.h>
| #endif
| #ifdef HAVE_UNISTD_H
| # include <unistd.h>
| #endif
| int
| main (void)
| {
| #ifndef __INTEL_COMPILER
| #ifdef __cplusplus
|   (void) __INTEL_COMPILER;
| #else
|   (void) __INTEL_COMPILER;
| #endif
| #endif
| 
|   ;
|   return 0;
| }
configure:12917: result: no
configure:12924: checking whether __SUNPRO_C is declared
configure:12924: /home/nathan/secure-exec/registry/native/c/vendor/wasi-sdk/bin/clang -c --target=wasm32-wasip1 --sysroot=/home/nathan/secure-exec/registry/native/c/sysroot -O2 -D_WASI_EMULATED_MMAN -D_WASI_EMULATED_PROCESS_CLOCKS -D_GNU_SOURCE -mllvm -wasm-enable-sjlj -Wno-error=implicit-function-declaration -Wno-error=int-conversion -Wno-int-conversion -I/home/nathan/secure-exec/experiments/wasm-gui/toolchain/compat-include -include /home/nathan/secure-exec/experiments/wasm-gui/toolchain/wasi-compat.h -fno-builtin --target=wasm32-wasip1 --sysroot=/home/nathan/secure-exec/registry/native/c/sysroot -I/home/nathan/secure-exec/experiments/wasm-gui/third_party/wasm-prefix/include -I/home/nathan/secure-exec/experiments/wasm-gui/toolchain/compat-include -include /home/nathan/secure-exec/experiments/wasm-gui/toolchain/wasi-compat.h conftest.c >&5
conftest.c:58:10: error: use of undeclared identifier '__SUNPRO_C'
   58 |   (void) __SUNPRO_C;
      |          ^
1 error generated.
configure:12924: $? = 1
configure: failed program was:
| /* confdefs.h */
| #define PACKAGE_NAME "libXi"
| #define PACKAGE_TARNAME "libXi"
| #define PACKAGE_VERSION "1.8.2"
| #define PACKAGE_STRING "libXi 1.8.2"
| #define PACKAGE_BUGREPORT "https://gitlab.freedesktop.org/xorg/lib/libXi/issues"
| #define PACKAGE_URL ""
| #define PACKAGE "libXi"
| #define VERSION "1.8.2"
| #define HAVE_STDIO_H 1
| #define HAVE_STDLIB_H 1
| #define HAVE_STRING_H 1
| #define HAVE_INTTYPES_H 1
| #define HAVE_STDINT_H 1
| #define HAVE_STRINGS_H 1
| #define HAVE_SYS_STAT_H 1
| #define HAVE_SYS_TYPES_H 1
| #define HAVE_UNISTD_H 1
| #define STDC_HEADERS 1
| #define HAVE_DLFCN_H 1
| #define LT_OBJDIR ".libs/"
| /* end confdefs.h.  */
| #include <stddef.h>
| #ifdef HAVE_STDIO_H
| # include <stdio.h>
| #endif
| #ifdef HAVE_STDLIB_H
| # include <stdlib.h>
| #endif
| #ifdef HAVE_STRING_H
| # include <string.h>
| #endif
| #ifdef HAVE_INTTYPES_H
| # include <inttypes.h>
| #endif
| #ifdef HAVE_STDINT_H
| # include <stdint.h>
| #endif
| #ifdef HAVE_STRINGS_H
| # include <strings.h>
| #endif
| #ifdef HAVE_SYS_TYPES_H
| # include <sys/types.h>
| #endif
| #ifdef HAVE_SYS_STAT_H
| # include <sys/stat.h>
| #endif
| #ifdef HAVE_UNISTD_H
| # include <unistd.h>
| #endif
| int
| main (void)
| {
| #ifndef __SUNPRO_C
| #ifdef __cplusplus
|   (void) __SUNPRO_C;
| #else
|   (void) __SUNPRO_C;
| #endif
| #endif
| 
|   ;
|   return 0;
| }
configure:12924: result: no
configure:12943: checking for wasm32-wasi-pkg-config
configure:12981: result: no
configure:12991: checking for pkg-config
configure:13014: found /usr/bin/pkg-config
configure:13026: result: /usr/bin/pkg-config
configure:13051: checking pkg-config is at least version 0.9.0
configure:13054: result: yes
configure:13104: checking if /home/nathan/secure-exec/registry/native/c/vendor/wasi-sdk/bin/clang supports -Werror=unknown-warning-option
configure:13114: /home/nathan/secure-exec/registry/native/c/vendor/wasi-sdk/bin/clang -c --target=wasm32-wasip1 --sysroot=/home/nathan/secure-exec/registry/native/c/sysroot -O2 -D_WASI_EMULATED_MMAN -D_WASI_EMULATED_PROCESS_CLOCKS -D_GNU_SOURCE -mllvm -wasm-enable-sjlj -Wno-error=implicit-function-declaration -Wno-error=int-conversion -Wno-int-conversion -I/home/nathan/secure-exec/experiments/wasm-gui/toolchain/compat-include -include /home/nathan/secure-exec/experiments/wasm-gui/toolchain/wasi-compat.h -Werror=unknown-warning-option --target=wasm32-wasip1 --sysroot=/home/nathan/secure-exec/registry/native/c/sysroot -I/home/nathan/secure-exec/experiments/wasm-gui/third_party/wasm-prefix/include -I/home/nathan/secure-exec/experiments/wasm-gui/toolchain/compat-include -include /home/nathan/secure-exec/experiments/wasm-gui/toolchain/wasi-compat.h conftest.c >&5
configure:13114: $? = 0
configure:13122: result: yes
configure:13133: checking if /home/nathan/secure-exec/registry/native/c/vendor/wasi-sdk/bin/clang supports -Werror=unused-command-line-argument
configure:13143: /home/nathan/secure-exec/registry/native/c/vendor/wasi-sdk/bin/clang -c --target=wasm32-wasip1 --sysroot=/home/nathan/secure-exec/registry/native/c/sysroot -O2 -D_WASI_EMULATED_MMAN -D_WASI_EMULATED_PROCESS_CLOCKS -D_GNU_SOURCE -mllvm -wasm-enable-sjlj -Wno-error=implicit-function-declaration -Wno-error=int-conversion -Wno-int-conversion -I/home/nathan/secure-exec/experiments/wasm-gui/toolchain/compat-include -include /home/nathan/secure-exec/experiments/wasm-gui/toolchain/wasi-compat.h -Werror=unknown-warning-option -Werror=unused-command-line-argument --target=wasm32-wasip1 --sysroot=/home/nathan/secure-exec/registry/native/c/sysroot -I/home/nathan/secure-exec/experiments/wasm-gui/third_party/wasm-prefix/include -I/home/nathan/secure-exec/experiments/wasm-gui/toolchain/compat-include -include /home/nathan/secure-exec/experiments/wasm-gui/toolchain/wasi-compat.h conftest.c >&5
configure:13143: $? = 0
configure:13151: result: yes
configure:13170: checking if /home/nathan/secure-exec/registry/native/c/vendor/wasi-sdk/bin/clang supports -Wall
configure:13188: /home/nathan/secure-exec/registry/native/c/vendor/wasi-sdk/bin/clang -o conftest --target=wasm32-wasip1 --sysroot=/home/nathan/secure-exec/registry/native/c/sysroot -O2 -D_WASI_EMULATED_MMAN -D_WASI_EMULATED_PROCESS_CLOCKS -D_GNU_SOURCE -mllvm -wasm-enable-sjlj -Wno-error=implicit-function-declaration -Wno-error=int-conversion -Wno-int-conversion -I/home/nathan/secure-exec/experiments/wasm-gui/toolchain/compat-include -include /home/nathan/secure-exec/experiments/wasm-gui/toolchain/wasi-compat.h -Werror=unknown-warning-option -Werror=unused-command-line-argument -Wall --target=wasm32-wasip1 --sysroot=/home/nathan/secure-exec/registry/native/c/sysroot -I/home/nathan/secure-exec/experiments/wasm-gui/third_party/wasm-prefix/include -I/home/nathan/secure-exec/experiments/wasm-gui/toolchain/compat-include -include /home/nathan/secure-exec/experiments/wasm-gui/toolchain/wasi-compat.h --target=wasm32-wasip1 --sysroot=/home/nathan/secure-exec/registry/native/c/sysroot -L/home/nathan/secure-exec/experiments/wasm-gui/third_party/wasm-prefix/lib -L/home/nathan/secure-exec/registry/native/c/vendor/wasi-sdk/share/wasi-sysroot/lib/wasm32-wasip1 -lwasi-emulated-mman -lwasi-emulated-process-clocks conftest.c  >&5
configure:13188: $? = 0
configure:13202: result: yes
configure:13294: checking if /home/nathan/secure-exec/registry/native/c/vendor/wasi-sdk/bin/clang supports -Wpointer-arith
configure:13312: /home/nathan/secure-exec/registry/native/c/vendor/wasi-sdk/bin/clang -o conftest --target=wasm32-wasip1 --sysroot=/home/nathan/secure-exec/registry/native/c/sysroot -O2 -D_WASI_EMULATED_MMAN -D_WASI_EMULATED_PROCESS_CLOCKS -D_GNU_SOURCE -mllvm -wasm-enable-sjlj -Wno-error=implicit-function-declaration -Wno-error=int-conversion -Wno-int-conversion -I/home/nathan/secure-exec/experiments/wasm-gui/toolchain/compat-include -include /home/nathan/secure-exec/experiments/wasm-gui/toolchain/wasi-compat.h -Werror=unknown-warning-option -Werror=unused-command-line-argument -Wpointer-arith --target=wasm32-wasip1 --sysroot=/home/nathan/secure-exec/registry/native/c/sysroot -I/home/nathan/secure-exec/experiments/wasm-gui/third_party/wasm-prefix/include -I/home/nathan/secure-exec/experiments/wasm-gui/toolchain/compat-include -include /home/nathan/secure-exec/experiments/wasm-gui/toolchain/wasi-compat.h --target=wasm32-wasip1 --sysroot=/home/nathan/secure-exec/registry/native/c/sysroot -L/home/nathan/secure-exec/experiments/wasm-gui/third_party/wasm-prefix/lib -L/home/nathan/secure-exec/registry/native/c/vendor/wasi-sdk/share/wasi-sysroot/lib/wasm32-wasip1 -lwasi-emulated-mman -lwasi-emulated-process-clocks conftest.c  >&5
configure:13312: $? = 0
configure:13326: result: yes
configure:13418: checking if /home/nathan/secure-exec/registry/native/c/vendor/wasi-sdk/bin/clang supports -Wmissing-declarations
configure:13436: /home/nathan/secure-exec/registry/native/c/vendor/wasi-sdk/bin/clang -o conftest --target=wasm32-wasip1 --sysroot=/home/nathan/secure-exec/registry/native/c/sysroot -O2 -D_WASI_EMULATED_MMAN -D_WASI_EMULATED_PROCESS_CLOCKS -D_GNU_SOURCE -mllvm -wasm-enable-sjlj -Wno-error=implicit-function-declaration -Wno-error=int-conversion -Wno-int-conversion -I/home/nathan/secure-exec/experiments/wasm-gui/toolchain/compat-include -include /home/nathan/secure-exec/experiments/wasm-gui/toolchain/wasi-compat.h -Werror=unknown-warning-option -Werror=unused-command-line-argument -Wmissing-declarations --target=wasm32-wasip1 --sysroot=/home/nathan/secure-exec/registry/native/c/sysroot -I/home/nathan/secure-exec/experiments/wasm-gui/third_party/wasm-prefix/include -I/home/nathan/secure-exec/experiments/wasm-gui/toolchain/compat-include -include /home/nathan/secure-exec/experiments/wasm-gui/toolchain/wasi-compat.h --target=wasm32-wasip1 --sysroot=/home/nathan/secure-exec/registry/native/c/sysroot -L/home/nathan/secure-exec/experiments/wasm-gui/third_party/wasm-prefix/lib -L/home/nathan/secure-exec/registry/native/c/vendor/wasi-sdk/share/wasi-sysroot/lib/wasm32-wasip1 -lwasi-emulated-mman -lwasi-emulated-process-clocks conftest.c  >&5
configure:13436: $? = 0
configure:13450: result: yes
configure:13542: checking if /home/nathan/secure-exec/registry/native/c/vendor/wasi-sdk/bin/clang supports -Wformat=2
configure:13560: /home/nathan/secure-exec/registry/native/c/vendor/wasi-sdk/bin/clang -o conftest --target=wasm32-wasip1 --sysroot=/home/nathan/secure-exec/registry/native/c/sysroot -O2 -D_WASI_EMULATED_MMAN -D_WASI_EMULATED_PROCESS_CLOCKS -D_GNU_SOURCE -mllvm -wasm-enable-sjlj -Wno-error=implicit-function-declaration -Wno-error=int-conversion -Wno-int-conversion -I/home/nathan/secure-exec/experiments/wasm-gui/toolchain/compat-include -include /home/nathan/secure-exec/experiments/wasm-gui/toolchain/wasi-compat.h -Werror=unknown-warning-option -Werror=unused-command-line-argument -Wformat=2 --target=wasm32-wasip1 --sysroot=/home/nathan/secure-exec/registry/native/c/sysroot -I/home/nathan/secure-exec/experiments/wasm-gui/third_party/wasm-prefix/include -I/home/nathan/secure-exec/experiments/wasm-gui/toolchain/compat-include -include /home/nathan/secure-exec/experiments/wasm-gui/toolchain/wasi-compat.h --target=wasm32-wasip1 --sysroot=/home/nathan/secure-exec/registry/native/c/sysroot -L/home/nathan/secure-exec/experiments/wasm-gui/third_party/wasm-prefix/lib -L/home/nathan/secure-exec/registry/native/c/vendor/wasi-sdk/share/wasi-sysroot/lib/wasm32-wasip1 -lwasi-emulated-mman -lwasi-emulated-process-clocks conftest.c  >&5
configure:13560: $? = 0
configure:13574: result: yes
configure:13719: checking if /home/nathan/secure-exec/registry/native/c/vendor/wasi-sdk/bin/clang supports -Wstrict-prototypes
configure:13737: /home/nathan/secure-exec/registry/native/c/vendor/wasi-sdk/bin/clang -o conftest --target=wasm32-wasip1 --sysroot=/home/nathan/secure-exec/registry/native/c/sysroot -O2 -D_WASI_EMULATED_MMAN -D_WASI_EMULATED_PROCESS_CLOCKS -D_GNU_SOURCE -mllvm -wasm-enable-sjlj -Wno-error=implicit-function-declaration -Wno-error=int-conversion -Wno-int-conversion -I/home/nathan/secure-exec/experiments/wasm-gui/toolchain/compat-include -include /home/nathan/secure-exec/experiments/wasm-gui/toolchain/wasi-compat.h -Werror=unknown-warning-option -Werror=unused-command-line-argument -Wstrict-prototypes --target=wasm32-wasip1 --sysroot=/home/nathan/secure-exec/registry/native/c/sysroot -I/home/nathan/secure-exec/experiments/wasm-gui/third_party/wasm-prefix/include -I/home/nathan/secure-exec/experiments/wasm-gui/toolchain/compat-include -include /home/nathan/secure-exec/experiments/wasm-gui/toolchain/wasi-compat.h --target=wasm32-wasip1 --sysroot=/home/nathan/secure-exec/registry/native/c/sysroot -L/home/nathan/secure-exec/experiments/wasm-gui/third_party/wasm-prefix/lib -L/home/nathan/secure-exec/registry/native/c/vendor/wasi-sdk/share/wasi-sysroot/lib/wasm32-wasip1 -lwasi-emulated-mman -lwasi-emulated-process-clocks conftest.c  >&5
configure:13737: $? = 0
configure:13751: result: yes
configure:13843: checking if /home/nathan/secure-exec/registry/native/c/vendor/wasi-sdk/bin/clang supports -Wmissing-prototypes
configure:13861: /home/nathan/secure-exec/registry/native/c/vendor/wasi-sdk/bin/clang -o conftest --target=wasm32-wasip1 --sysroot=/home/nathan/secure-exec/registry/native/c/sysroot -O2 -D_WASI_EMULATED_MMAN -D_WASI_EMULATED_PROCESS_CLOCKS -D_GNU_SOURCE -mllvm -wasm-enable-sjlj -Wno-error=implicit-function-declaration -Wno-error=int-conversion -Wno-int-conversion -I/home/nathan/secure-exec/experiments/wasm-gui/toolchain/compat-include -include /home/nathan/secure-exec/experiments/wasm-gui/toolchain/wasi-compat.h -Werror=unknown-warning-option -Werror=unused-command-line-argument -Wmissing-prototypes --target=wasm32-wasip1 --sysroot=/home/nathan/secure-exec/registry/native/c/sysroot -I/home/nathan/secure-exec/experiments/wasm-gui/third_party/wasm-prefix/include -I/home/nathan/secure-exec/experiments/wasm-gui/toolchain/compat-include -include /home/nathan/secure-exec/experiments/wasm-gui/toolchain/wasi-compat.h --target=wasm32-wasip1 --sysroot=/home/nathan/secure-exec/registry/native/c/sysroot -L/home/nathan/secure-exec/experiments/wasm-gui/third_party/wasm-prefix/lib -L/home/nathan/secure-exec/registry/native/c/vendor/wasi-sdk/share/wasi-sysroot/lib/wasm32-wasip1 -lwasi-emulated-mman -lwasi-emulated-process-clocks conftest.c  >&5
configure:13861: $? = 0
configure:13875: result: yes
configure:13967: checking if /home/nathan/secure-exec/registry/native/c/vendor/wasi-sdk/bin/clang supports -Wnested-externs
configure:13985: /home/nathan/secure-exec/registry/native/c/vendor/wasi-sdk/bin/clang -o conftest --target=wasm32-wasip1 --sysroot=/home/nathan/secure-exec/registry/native/c/sysroot -O2 -D_WASI_EMULATED_MMAN -D_WASI_EMULATED_PROCESS_CLOCKS -D_GNU_SOURCE -mllvm -wasm-enable-sjlj -Wno-error=implicit-function-declaration -Wno-error=int-conversion -Wno-int-conversion -I/home/nathan/secure-exec/experiments/wasm-gui/toolchain/compat-include -include /home/nathan/secure-exec/experiments/wasm-gui/toolchain/wasi-compat.h -Werror=unknown-warning-option -Werror=unused-command-line-argument -Wnested-externs --target=wasm32-wasip1 --sysroot=/home/nathan/secure-exec/registry/native/c/sysroot -I/home/nathan/secure-exec/experiments/wasm-gui/third_party/wasm-prefix/include -I/home/nathan/secure-exec/experiments/wasm-gui/toolchain/compat-include -include /home/nathan/secure-exec/experiments/wasm-gui/toolchain/wasi-compat.h --target=wasm32-wasip1 --sysroot=/home/nathan/secure-exec/registry/native/c/sysroot -L/home/nathan/secure-exec/experiments/wasm-gui/third_party/wasm-prefix/lib -L/home/nathan/secure-exec/registry/native/c/vendor/wasi-sdk/share/wasi-sysroot/lib/wasm32-wasip1 -lwasi-emulated-mman -lwasi-emulated-process-clocks conftest.c  >&5
configure:13985: $? = 0
configure:13999: result: yes
configure:14091: checking if /home/nathan/secure-exec/registry/native/c/vendor/wasi-sdk/bin/clang supports -Wbad-function-cast
configure:14109: /home/nathan/secure-exec/registry/native/c/vendor/wasi-sdk/bin/clang -o conftest --target=wasm32-wasip1 --sysroot=/home/nathan/secure-exec/registry/native/c/sysroot -O2 -D_WASI_EMULATED_MMAN -D_WASI_EMULATED_PROCESS_CLOCKS -D_GNU_SOURCE -mllvm -wasm-enable-sjlj -Wno-error=implicit-function-declaration -Wno-error=int-conversion -Wno-int-conversion -I/home/nathan/secure-exec/experiments/wasm-gui/toolchain/compat-include -include /home/nathan/secure-exec/experiments/wasm-gui/toolchain/wasi-compat.h -Werror=unknown-warning-option -Werror=unused-command-line-argument -Wbad-function-cast --target=wasm32-wasip1 --sysroot=/home/nathan/secure-exec/registry/native/c/sysroot -I/home/nathan/secure-exec/experiments/wasm-gui/third_party/wasm-prefix/include -I/home/nathan/secure-exec/experiments/wasm-gui/toolchain/compat-include -include /home/nathan/secure-exec/experiments/wasm-gui/toolchain/wasi-compat.h --target=wasm32-wasip1 --sysroot=/home/nathan/secure-exec/registry/native/c/sysroot -L/home/nathan/secure-exec/experiments/wasm-gui/third_party/wasm-prefix/lib -L/home/nathan/secure-exec/registry/native/c/vendor/wasi-sdk/share/wasi-sysroot/lib/wasm32-wasip1 -lwasi-emulated-mman -lwasi-emulated-process-clocks conftest.c  >&5
configure:14109: $? = 0
configure:14123: result: yes
configure:14215: checking if /home/nathan/secure-exec/registry/native/c/vendor/wasi-sdk/bin/clang supports -Wold-style-definition
configure:14233: /home/nathan/secure-exec/registry/native/c/vendor/wasi-sdk/bin/clang -o conftest --target=wasm32-wasip1 --sysroot=/home/nathan/secure-exec/registry/native/c/sysroot -O2 -D_WASI_EMULATED_MMAN -D_WASI_EMULATED_PROCESS_CLOCKS -D_GNU_SOURCE -mllvm -wasm-enable-sjlj -Wno-error=implicit-function-declaration -Wno-error=int-conversion -Wno-int-conversion -I/home/nathan/secure-exec/experiments/wasm-gui/toolchain/compat-include -include /home/nathan/secure-exec/experiments/wasm-gui/toolchain/wasi-compat.h -Werror=unknown-warning-option -Werror=unused-command-line-argument -Wold-style-definition --target=wasm32-wasip1 --sysroot=/home/nathan/secure-exec/registry/native/c/sysroot -I/home/nathan/secure-exec/experiments/wasm-gui/third_party/wasm-prefix/include -I/home/nathan/secure-exec/experiments/wasm-gui/toolchain/compat-include -include /home/nathan/secure-exec/experiments/wasm-gui/toolchain/wasi-compat.h --target=wasm32-wasip1 --sysroot=/home/nathan/secure-exec/registry/native/c/sysroot -L/home/nathan/secure-exec/experiments/wasm-gui/third_party/wasm-prefix/lib -L/home/nathan/secure-exec/registry/native/c/vendor/wasi-sdk/share/wasi-sysroot/lib/wasm32-wasip1 -lwasi-emulated-mman -lwasi-emulated-process-clocks conftest.c  >&5
configure:14233: $? = 0
configure:14247: result: yes
configure:14390: checking if /home/nathan/secure-exec/registry/native/c/vendor/wasi-sdk/bin/clang supports -Wdeclaration-after-statement
configure:14408: /home/nathan/secure-exec/registry/native/c/vendor/wasi-sdk/bin/clang -o conftest --target=wasm32-wasip1 --sysroot=/home/nathan/secure-exec/registry/native/c/sysroot -O2 -D_WASI_EMULATED_MMAN -D_WASI_EMULATED_PROCESS_CLOCKS -D_GNU_SOURCE -mllvm -wasm-enable-sjlj -Wno-error=implicit-function-declaration -Wno-error=int-conversion -Wno-int-conversion -I/home/nathan/secure-exec/experiments/wasm-gui/toolchain/compat-include -include /home/nathan/secure-exec/experiments/wasm-gui/toolchain/wasi-compat.h -Werror=unknown-warning-option -Werror=unused-command-line-argument -Wdeclaration-after-statement --target=wasm32-wasip1 --sysroot=/home/nathan/secure-exec/registry/native/c/sysroot -I/home/nathan/secure-exec/experiments/wasm-gui/third_party/wasm-prefix/include -I/home/nathan/secure-exec/experiments/wasm-gui/toolchain/compat-include -include /home/nathan/secure-exec/experiments/wasm-gui/toolchain/wasi-compat.h --target=wasm32-wasip1 --sysroot=/home/nathan/secure-exec/registry/native/c/sysroot -L/home/nathan/secure-exec/experiments/wasm-gui/third_party/wasm-prefix/lib -L/home/nathan/secure-exec/registry/native/c/vendor/wasi-sdk/share/wasi-sysroot/lib/wasm32-wasip1 -lwasi-emulated-mman -lwasi-emulated-process-clocks conftest.c  >&5
configure:14408: $? = 0
configure:14422: result: yes
configure:14518: checking if /home/nathan/secure-exec/registry/native/c/vendor/wasi-sdk/bin/clang supports -Wunused
configure:14536: /home/nathan/secure-exec/registry/native/c/vendor/wasi-sdk/bin/clang -o conftest --target=wasm32-wasip1 --sysroot=/home/nathan/secure-exec/registry/native/c/sysroot -O2 -D_WASI_EMULATED_MMAN -D_WASI_EMULATED_PROCESS_CLOCKS -D_GNU_SOURCE -mllvm -wasm-enable-sjlj -Wno-error=implicit-function-declaration -Wno-error=int-conversion -Wno-int-conversion -I/home/nathan/secure-exec/experiments/wasm-gui/toolchain/compat-include -include /home/nathan/secure-exec/experiments/wasm-gui/toolchain/wasi-compat.h -Werror=unknown-warning-option -Werror=unused-command-line-argument -Wunused --target=wasm32-wasip1 --sysroot=/home/nathan/secure-exec/registry/native/c/sysroot -I/home/nathan/secure-exec/experiments/wasm-gui/third_party/wasm-prefix/include -I/home/nathan/secure-exec/experiments/wasm-gui/toolchain/compat-include -include /home/nathan/secure-exec/experiments/wasm-gui/toolchain/wasi-compat.h --target=wasm32-wasip1 --sysroot=/home/nathan/secure-exec/registry/native/c/sysroot -L/home/nathan/secure-exec/experiments/wasm-gui/third_party/wasm-prefix/lib -L/home/nathan/secure-exec/registry/native/c/vendor/wasi-sdk/share/wasi-sysroot/lib/wasm32-wasip1 -lwasi-emulated-mman -lwasi-emulated-process-clocks conftest.c  >&5
configure:14536: $? = 0
configure:14550: result: yes
configure:14642: checking if /home/nathan/secure-exec/registry/native/c/vendor/wasi-sdk/bin/clang supports -Wuninitialized
configure:14660: /home/nathan/secure-exec/registry/native/c/vendor/wasi-sdk/bin/clang -o conftest --target=wasm32-wasip1 --sysroot=/home/nathan/secure-exec/registry/native/c/sysroot -O2 -D_WASI_EMULATED_MMAN -D_WASI_EMULATED_PROCESS_CLOCKS -D_GNU_SOURCE -mllvm -wasm-enable-sjlj -Wno-error=implicit-function-declaration -Wno-error=int-conversion -Wno-int-conversion -I/home/nathan/secure-exec/experiments/wasm-gui/toolchain/compat-include -include /home/nathan/secure-exec/experiments/wasm-gui/toolchain/wasi-compat.h -Werror=unknown-warning-option -Werror=unused-command-line-argument -Wuninitialized --target=wasm32-wasip1 --sysroot=/home/nathan/secure-exec/registry/native/c/sysroot -I/home/nathan/secure-exec/experiments/wasm-gui/third_party/wasm-prefix/include -I/home/nathan/secure-exec/experiments/wasm-gui/toolchain/compat-include -include /home/nathan/secure-exec/experiments/wasm-gui/toolchain/wasi-compat.h --target=wasm32-wasip1 --sysroot=/home/nathan/secure-exec/registry/native/c/sysroot -L/home/nathan/secure-exec/experiments/wasm-gui/third_party/wasm-prefix/lib -L/home/nathan/secure-exec/registry/native/c/vendor/wasi-sdk/share/wasi-sysroot/lib/wasm32-wasip1 -lwasi-emulated-mman -lwasi-emulated-process-clocks conftest.c  >&5
configure:14660: $? = 0
configure:14674: result: yes
configure:14766: checking if /home/nathan/secure-exec/registry/native/c/vendor/wasi-sdk/bin/clang supports -Wshadow
configure:14784: /home/nathan/secure-exec/registry/native/c/vendor/wasi-sdk/bin/clang -o conftest --target=wasm32-wasip1 --sysroot=/home/nathan/secure-exec/registry/native/c/sysroot -O2 -D_WASI_EMULATED_MMAN -D_WASI_EMULATED_PROCESS_CLOCKS -D_GNU_SOURCE -mllvm -wasm-enable-sjlj -Wno-error=implicit-function-declaration -Wno-error=int-conversion -Wno-int-conversion -I/home/nathan/secure-exec/experiments/wasm-gui/toolchain/compat-include -include /home/nathan/secure-exec/experiments/wasm-gui/toolchain/wasi-compat.h -Werror=unknown-warning-option -Werror=unused-command-line-argument -Wshadow --target=wasm32-wasip1 --sysroot=/home/nathan/secure-exec/registry/native/c/sysroot -I/home/nathan/secure-exec/experiments/wasm-gui/third_party/wasm-prefix/include -I/home/nathan/secure-exec/experiments/wasm-gui/toolchain/compat-include -include /home/nathan/secure-exec/experiments/wasm-gui/toolchain/wasi-compat.h --target=wasm32-wasip1 --sysroot=/home/nathan/secure-exec/registry/native/c/sysroot -L/home/nathan/secure-exec/experiments/wasm-gui/third_party/wasm-prefix/lib -L/home/nathan/secure-exec/registry/native/c/vendor/wasi-sdk/share/wasi-sysroot/lib/wasm32-wasip1 -lwasi-emulated-mman -lwasi-emulated-process-clocks conftest.c  >&5
configure:14784: $? = 0
configure:14798: result: yes
configure:14890: checking if /home/nathan/secure-exec/registry/native/c/vendor/wasi-sdk/bin/clang supports -Wmissing-noreturn
configure:14908: /home/nathan/secure-exec/registry/native/c/vendor/wasi-sdk/bin/clang -o conftest --target=wasm32-wasip1 --sysroot=/home/nathan/secure-exec/registry/native/c/sysroot -O2 -D_WASI_EMULATED_MMAN -D_WASI_EMULATED_PROCESS_CLOCKS -D_GNU_SOURCE -mllvm -wasm-enable-sjlj -Wno-error=implicit-function-declaration -Wno-error=int-conversion -Wno-int-conversion -I/home/nathan/secure-exec/experiments/wasm-gui/toolchain/compat-include -include /home/nathan/secure-exec/experiments/wasm-gui/toolchain/wasi-compat.h -Werror=unknown-warning-option -Werror=unused-command-line-argument -Wmissing-noreturn --target=wasm32-wasip1 --sysroot=/home/nathan/secure-exec/registry/native/c/sysroot -I/home/nathan/secure-exec/experiments/wasm-gui/third_party/wasm-prefix/include -I/home/nathan/secure-exec/experiments/wasm-gui/toolchain/compat-include -include /home/nathan/secure-exec/experiments/wasm-gui/toolchain/wasi-compat.h --target=wasm32-wasip1 --sysroot=/home/nathan/secure-exec/registry/native/c/sysroot -L/home/nathan/secure-exec/experiments/wasm-gui/third_party/wasm-prefix/lib -L/home/nathan/secure-exec/registry/native/c/vendor/wasi-sdk/share/wasi-sysroot/lib/wasm32-wasip1 -lwasi-emulated-mman -lwasi-emulated-process-clocks conftest.c  >&5
configure:14908: $? = 0
configure:14922: result: yes
configure:15014: checking if /home/nathan/secure-exec/registry/native/c/vendor/wasi-sdk/bin/clang supports -Wmissing-format-attribute
configure:15032: /home/nathan/secure-exec/registry/native/c/vendor/wasi-sdk/bin/clang -o conftest --target=wasm32-wasip1 --sysroot=/home/nathan/secure-exec/registry/native/c/sysroot -O2 -D_WASI_EMULATED_MMAN -D_WASI_EMULATED_PROCESS_CLOCKS -D_GNU_SOURCE -mllvm -wasm-enable-sjlj -Wno-error=implicit-function-declaration -Wno-error=int-conversion -Wno-int-conversion -I/home/nathan/secure-exec/experiments/wasm-gui/toolchain/compat-include -include /home/nathan/secure-exec/experiments/wasm-gui/toolchain/wasi-compat.h -Werror=unknown-warning-option -Werror=unused-command-line-argument -Wmissing-format-attribute --target=wasm32-wasip1 --sysroot=/home/nathan/secure-exec/registry/native/c/sysroot -I/home/nathan/secure-exec/experiments/wasm-gui/third_party/wasm-prefix/include -I/home/nathan/secure-exec/experiments/wasm-gui/toolchain/compat-include -include /home/nathan/secure-exec/experiments/wasm-gui/toolchain/wasi-compat.h --target=wasm32-wasip1 --sysroot=/home/nathan/secure-exec/registry/native/c/sysroot -L/home/nathan/secure-exec/experiments/wasm-gui/third_party/wasm-prefix/lib -L/home/nathan/secure-exec/registry/native/c/vendor/wasi-sdk/share/wasi-sysroot/lib/wasm32-wasip1 -lwasi-emulated-mman -lwasi-emulated-process-clocks conftest.c  >&5
configure:15032: $? = 0
configure:15046: result: yes
configure:15138: checking if /home/nathan/secure-exec/registry/native/c/vendor/wasi-sdk/bin/clang supports -Wredundant-decls
configure:15156: /home/nathan/secure-exec/registry/native/c/vendor/wasi-sdk/bin/clang -o conftest --target=wasm32-wasip1 --sysroot=/home/nathan/secure-exec/registry/native/c/sysroot -O2 -D_WASI_EMULATED_MMAN -D_WASI_EMULATED_PROCESS_CLOCKS -D_GNU_SOURCE -mllvm -wasm-enable-sjlj -Wno-error=implicit-function-declaration -Wno-error=int-conversion -Wno-int-conversion -I/home/nathan/secure-exec/experiments/wasm-gui/toolchain/compat-include -include /home/nathan/secure-exec/experiments/wasm-gui/toolchain/wasi-compat.h -Werror=unknown-warning-option -Werror=unused-command-line-argument -Wredundant-decls --target=wasm32-wasip1 --sysroot=/home/nathan/secure-exec/registry/native/c/sysroot -I/home/nathan/secure-exec/experiments/wasm-gui/third_party/wasm-prefix/include -I/home/nathan/secure-exec/experiments/wasm-gui/toolchain/compat-include -include /home/nathan/secure-exec/experiments/wasm-gui/toolchain/wasi-compat.h --target=wasm32-wasip1 --sysroot=/home/nathan/secure-exec/registry/native/c/sysroot -L/home/nathan/secure-exec/experiments/wasm-gui/third_party/wasm-prefix/lib -L/home/nathan/secure-exec/registry/native/c/vendor/wasi-sdk/share/wasi-sysroot/lib/wasm32-wasip1 -lwasi-emulated-mman -lwasi-emulated-process-clocks conftest.c  >&5
configure:15156: $? = 0
configure:15170: result: yes
configure:15262: checking if /home/nathan/secure-exec/registry/native/c/vendor/wasi-sdk/bin/clang supports -Wlogical-op
configure:15280: /home/nathan/secure-exec/registry/native/c/vendor/wasi-sdk/bin/clang -o conftest --target=wasm32-wasip1 --sysroot=/home/nathan/secure-exec/registry/native/c/sysroot -O2 -D_WASI_EMULATED_MMAN -D_WASI_EMULATED_PROCESS_CLOCKS -D_GNU_SOURCE -mllvm -wasm-enable-sjlj -Wno-error=implicit-function-declaration -Wno-error=int-conversion -Wno-int-conversion -I/home/nathan/secure-exec/experiments/wasm-gui/toolchain/compat-include -include /home/nathan/secure-exec/experiments/wasm-gui/toolchain/wasi-compat.h -Werror=unknown-warning-option -Werror=unused-command-line-argument -Wlogical-op --target=wasm32-wasip1 --sysroot=/home/nathan/secure-exec/registry/native/c/sysroot -I/home/nathan/secure-exec/experiments/wasm-gui/third_party/wasm-prefix/include -I/home/nathan/secure-exec/experiments/wasm-gui/toolchain/compat-include -include /home/nathan/secure-exec/experiments/wasm-gui/toolchain/wasi-compat.h --target=wasm32-wasip1 --sysroot=/home/nathan/secure-exec/registry/native/c/sysroot -L/home/nathan/secure-exec/experiments/wasm-gui/third_party/wasm-prefix/lib -L/home/nathan/secure-exec/registry/native/c/vendor/wasi-sdk/share/wasi-sysroot/lib/wasm32-wasip1 -lwasi-emulated-mman -lwasi-emulated-process-clocks conftest.c  >&5
error: unknown warning option '-Wlogical-op'; did you mean '-Wlong-long'? [-Werror,-Wunknown-warning-option]
configure:15280: $? = 1
configure: failed program was:
| /* confdefs.h */
| #define PACKAGE_NAME "libXi"
| #define PACKAGE_TARNAME "libXi"
| #define PACKAGE_VERSION "1.8.2"
| #define PACKAGE_STRING "libXi 1.8.2"
| #define PACKAGE_BUGREPORT "https://gitlab.freedesktop.org/xorg/lib/libXi/issues"
| #define PACKAGE_URL ""
| #define PACKAGE "libXi"
| #define VERSION "1.8.2"
| #define HAVE_STDIO_H 1
| #define HAVE_STDLIB_H 1
| #define HAVE_STRING_H 1
| #define HAVE_INTTYPES_H 1
| #define HAVE_STDINT_H 1
| #define HAVE_STRINGS_H 1
| #define HAVE_SYS_STAT_H 1
| #define HAVE_SYS_TYPES_H 1
| #define HAVE_UNISTD_H 1
| #define STDC_HEADERS 1
| #define HAVE_DLFCN_H 1
| #define LT_OBJDIR ".libs/"
| /* end confdefs.h.  */
| int i;
| int
| main (void)
| {
| 
|   ;
|   return 0;
| }
configure:15294: result: no
configure:15398: checking if /home/nathan/secure-exec/registry/native/c/vendor/wasi-sdk/bin/clang supports -Werror=implicit
configure:15416: /home/nathan/secure-exec/registry/native/c/vendor/wasi-sdk/bin/clang -o conftest --target=wasm32-wasip1 --sysroot=/home/nathan/secure-exec/registry/native/c/sysroot -O2 -D_WASI_EMULATED_MMAN -D_WASI_EMULATED_PROCESS_CLOCKS -D_GNU_SOURCE -mllvm -wasm-enable-sjlj -Wno-error=implicit-function-declaration -Wno-error=int-conversion -Wno-int-conversion -I/home/nathan/secure-exec/experiments/wasm-gui/toolchain/compat-include -include /home/nathan/secure-exec/experiments/wasm-gui/toolchain/wasi-compat.h -Werror=unknown-warning-option -Werror=unused-command-line-argument -Werror=implicit --target=wasm32-wasip1 --sysroot=/home/nathan/secure-exec/registry/native/c/sysroot -I/home/nathan/secure-exec/experiments/wasm-gui/third_party/wasm-prefix/include -I/home/nathan/secure-exec/experiments/wasm-gui/toolchain/compat-include -include /home/nathan/secure-exec/experiments/wasm-gui/toolchain/wasi-compat.h --target=wasm32-wasip1 --sysroot=/home/nathan/secure-exec/registry/native/c/sysroot -L/home/nathan/secure-exec/experiments/wasm-gui/third_party/wasm-prefix/lib -L/home/nathan/secure-exec/registry/native/c/vendor/wasi-sdk/share/wasi-sysroot/lib/wasm32-wasip1 -lwasi-emulated-mman -lwasi-emulated-process-clocks conftest.c  >&5
configure:15416: $? = 0
configure:15430: result: yes
configure:15573: checking if /home/nathan/secure-exec/registry/native/c/vendor/wasi-sdk/bin/clang supports -Werror=nonnull
configure:15591: /home/nathan/secure-exec/registry/native/c/vendor/wasi-sdk/bin/clang -o conftest --target=wasm32-wasip1 --sysroot=/home/nathan/secure-exec/registry/native/c/sysroot -O2 -D_WASI_EMULATED_MMAN -D_WASI_EMULATED_PROCESS_CLOCKS -D_GNU_SOURCE -mllvm -wasm-enable-sjlj -Wno-error=implicit-function-declaration -Wno-error=int-conversion -Wno-int-conversion -I/home/nathan/secure-exec/experiments/wasm-gui/toolchain/compat-include -include /home/nathan/secure-exec/experiments/wasm-gui/toolchain/wasi-compat.h -Werror=unknown-warning-option -Werror=unused-command-line-argument -Werror=nonnull --target=wasm32-wasip1 --sysroot=/home/nathan/secure-exec/registry/native/c/sysroot -I/home/nathan/secure-exec/experiments/wasm-gui/third_party/wasm-prefix/include -I/home/nathan/secure-exec/experiments/wasm-gui/toolchain/compat-include -include /home/nathan/secure-exec/experiments/wasm-gui/toolchain/wasi-compat.h --target=wasm32-wasip1 --sysroot=/home/nathan/secure-exec/registry/native/c/sysroot -L/home/nathan/secure-exec/experiments/wasm-gui/third_party/wasm-prefix/lib -L/home/nathan/secure-exec/registry/native/c/vendor/wasi-sdk/share/wasi-sysroot/lib/wasm32-wasip1 -lwasi-emulated-mman -lwasi-emulated-process-clocks conftest.c  >&5
configure:15591: $? = 0
configure:15605: result: yes
configure:15697: checking if /home/nathan/secure-exec/registry/native/c/vendor/wasi-sdk/bin/clang supports -Werror=init-self
configure:15715: /home/nathan/secure-exec/registry/native/c/vendor/wasi-sdk/bin/clang -o conftest --target=wasm32-wasip1 --sysroot=/home/nathan/secure-exec/registry/native/c/sysroot -O2 -D_WASI_EMULATED_MMAN -D_WASI_EMULATED_PROCESS_CLOCKS -D_GNU_SOURCE -mllvm -wasm-enable-sjlj -Wno-error=implicit-function-declaration -Wno-error=int-conversion -Wno-int-conversion -I/home/nathan/secure-exec/experiments/wasm-gui/toolchain/compat-include -include /home/nathan/secure-exec/experiments/wasm-gui/toolchain/wasi-compat.h -Werror=unknown-warning-option -Werror=unused-command-line-argument -Werror=init-self --target=wasm32-wasip1 --sysroot=/home/nathan/secure-exec/registry/native/c/sysroot -I/home/nathan/secure-exec/experiments/wasm-gui/third_party/wasm-prefix/include -I/home/nathan/secure-exec/experiments/wasm-gui/toolchain/compat-include -include /home/nathan/secure-exec/experiments/wasm-gui/toolchain/wasi-compat.h --target=wasm32-wasip1 --sysroot=/home/nathan/secure-exec/registry/native/c/sysroot -L/home/nathan/secure-exec/experiments/wasm-gui/third_party/wasm-prefix/lib -L/home/nathan/secure-exec/registry/native/c/vendor/wasi-sdk/share/wasi-sysroot/lib/wasm32-wasip1 -lwasi-emulated-mman -lwasi-emulated-process-clocks conftest.c  >&5
configure:15715: $? = 0
configure:15729: result: yes
configure:15821: checking if /home/nathan/secure-exec/registry/native/c/vendor/wasi-sdk/bin/clang supports -Werror=main
configure:15839: /home/nathan/secure-exec/registry/native/c/vendor/wasi-sdk/bin/clang -o conftest --target=wasm32-wasip1 --sysroot=/home/nathan/secure-exec/registry/native/c/sysroot -O2 -D_WASI_EMULATED_MMAN -D_WASI_EMULATED_PROCESS_CLOCKS -D_GNU_SOURCE -mllvm -wasm-enable-sjlj -Wno-error=implicit-function-declaration -Wno-error=int-conversion -Wno-int-conversion -I/home/nathan/secure-exec/experiments/wasm-gui/toolchain/compat-include -include /home/nathan/secure-exec/experiments/wasm-gui/toolchain/wasi-compat.h -Werror=unknown-warning-option -Werror=unused-command-line-argument -Werror=main --target=wasm32-wasip1 --sysroot=/home/nathan/secure-exec/registry/native/c/sysroot -I/home/nathan/secure-exec/experiments/wasm-gui/third_party/wasm-prefix/include -I/home/nathan/secure-exec/experiments/wasm-gui/toolchain/compat-include -include /home/nathan/secure-exec/experiments/wasm-gui/toolchain/wasi-compat.h --target=wasm32-wasip1 --sysroot=/home/nathan/secure-exec/registry/native/c/sysroot -L/home/nathan/secure-exec/experiments/wasm-gui/third_party/wasm-prefix/lib -L/home/nathan/secure-exec/registry/native/c/vendor/wasi-sdk/share/wasi-sysroot/lib/wasm32-wasip1 -lwasi-emulated-mman -lwasi-emulated-process-clocks conftest.c  >&5
configure:15839: $? = 0
configure:15853: result: yes
configure:15945: checking if /home/nathan/secure-exec/registry/native/c/vendor/wasi-sdk/bin/clang supports -Werror=missing-braces
configure:15963: /home/nathan/secure-exec/registry/native/c/vendor/wasi-sdk/bin/clang -o conftest --target=wasm32-wasip1 --sysroot=/home/nathan/secure-exec/registry/native/c/sysroot -O2 -D_WASI_EMULATED_MMAN -D_WASI_EMULATED_PROCESS_CLOCKS -D_GNU_SOURCE -mllvm -wasm-enable-sjlj -Wno-error=implicit-function-declaration -Wno-error=int-conversion -Wno-int-conversion -I/home/nathan/secure-exec/experiments/wasm-gui/toolchain/compat-include -include /home/nathan/secure-exec/experiments/wasm-gui/toolchain/wasi-compat.h -Werror=unknown-warning-option -Werror=unused-command-line-argument -Werror=missing-braces --target=wasm32-wasip1 --sysroot=/home/nathan/secure-exec/registry/native/c/sysroot -I/home/nathan/secure-exec/experiments/wasm-gui/third_party/wasm-prefix/include -I/home/nathan/secure-exec/experiments/wasm-gui/toolchain/compat-include -include /home/nathan/secure-exec/experiments/wasm-gui/toolchain/wasi-compat.h --target=wasm32-wasip1 --sysroot=/home/nathan/secure-exec/registry/native/c/sysroot -L/home/nathan/secure-exec/experiments/wasm-gui/third_party/wasm-prefix/lib -L/home/nathan/secure-exec/registry/native/c/vendor/wasi-sdk/share/wasi-sysroot/lib/wasm32-wasip1 -lwasi-emulated-mman -lwasi-emulated-process-clocks conftest.c  >&5
configure:15963: $? = 0
configure:15977: result: yes
configure:16069: checking if /home/nathan/secure-exec/registry/native/c/vendor/wasi-sdk/bin/clang supports -Werror=sequence-point
configure:16087: /home/nathan/secure-exec/registry/native/c/vendor/wasi-sdk/bin/clang -o conftest --target=wasm32-wasip1 --sysroot=/home/nathan/secure-exec/registry/native/c/sysroot -O2 -D_WASI_EMULATED_MMAN -D_WASI_EMULATED_PROCESS_CLOCKS -D_GNU_SOURCE -mllvm -wasm-enable-sjlj -Wno-error=implicit-function-declaration -Wno-error=int-conversion -Wno-int-conversion -I/home/nathan/secure-exec/experiments/wasm-gui/toolchain/compat-include -include /home/nathan/secure-exec/experiments/wasm-gui/toolchain/wasi-compat.h -Werror=unknown-warning-option -Werror=unused-command-line-argument -Werror=sequence-point --target=wasm32-wasip1 --sysroot=/home/nathan/secure-exec/registry/native/c/sysroot -I/home/nathan/secure-exec/experiments/wasm-gui/third_party/wasm-prefix/include -I/home/nathan/secure-exec/experiments/wasm-gui/toolchain/compat-include -include /home/nathan/secure-exec/experiments/wasm-gui/toolchain/wasi-compat.h --target=wasm32-wasip1 --sysroot=/home/nathan/secure-exec/registry/native/c/sysroot -L/home/nathan/secure-exec/experiments/wasm-gui/third_party/wasm-prefix/lib -L/home/nathan/secure-exec/registry/native/c/vendor/wasi-sdk/share/wasi-sysroot/lib/wasm32-wasip1 -lwasi-emulated-mman -lwasi-emulated-process-clocks conftest.c  >&5
configure:16087: $? = 0
configure:16101: result: yes
configure:16193: checking if /home/nathan/secure-exec/registry/native/c/vendor/wasi-sdk/bin/clang supports -Werror=return-type
configure:16211: /home/nathan/secure-exec/registry/native/c/vendor/wasi-sdk/bin/clang -o conftest --target=wasm32-wasip1 --sysroot=/home/nathan/secure-exec/registry/native/c/sysroot -O2 -D_WASI_EMULATED_MMAN -D_WASI_EMULATED_PROCESS_CLOCKS -D_GNU_SOURCE -mllvm -wasm-enable-sjlj -Wno-error=implicit-function-declaration -Wno-error=int-conversion -Wno-int-conversion -I/home/nathan/secure-exec/experiments/wasm-gui/toolchain/compat-include -include /home/nathan/secure-exec/experiments/wasm-gui/toolchain/wasi-compat.h -Werror=unknown-warning-option -Werror=unused-command-line-argument -Werror=return-type --target=wasm32-wasip1 --sysroot=/home/nathan/secure-exec/registry/native/c/sysroot -I/home/nathan/secure-exec/experiments/wasm-gui/third_party/wasm-prefix/include -I/home/nathan/secure-exec/experiments/wasm-gui/toolchain/compat-include -include /home/nathan/secure-exec/experiments/wasm-gui/toolchain/wasi-compat.h --target=wasm32-wasip1 --sysroot=/home/nathan/secure-exec/registry/native/c/sysroot -L/home/nathan/secure-exec/experiments/wasm-gui/third_party/wasm-prefix/lib -L/home/nathan/secure-exec/registry/native/c/vendor/wasi-sdk/share/wasi-sysroot/lib/wasm32-wasip1 -lwasi-emulated-mman -lwasi-emulated-process-clocks conftest.c  >&5
configure:16211: $? = 0
configure:16225: result: yes
configure:16368: checking if /home/nathan/secure-exec/registry/native/c/vendor/wasi-sdk/bin/clang supports -Werror=trigraphs
configure:16386: /home/nathan/secure-exec/registry/native/c/vendor/wasi-sdk/bin/clang -o conftest --target=wasm32-wasip1 --sysroot=/home/nathan/secure-exec/registry/native/c/sysroot -O2 -D_WASI_EMULATED_MMAN -D_WASI_EMULATED_PROCESS_CLOCKS -D_GNU_SOURCE -mllvm -wasm-enable-sjlj -Wno-error=implicit-function-declaration -Wno-error=int-conversion -Wno-int-conversion -I/home/nathan/secure-exec/experiments/wasm-gui/toolchain/compat-include -include /home/nathan/secure-exec/experiments/wasm-gui/toolchain/wasi-compat.h -Werror=unknown-warning-option -Werror=unused-command-line-argument -Werror=trigraphs --target=wasm32-wasip1 --sysroot=/home/nathan/secure-exec/registry/native/c/sysroot -I/home/nathan/secure-exec/experiments/wasm-gui/third_party/wasm-prefix/include -I/home/nathan/secure-exec/experiments/wasm-gui/toolchain/compat-include -include /home/nathan/secure-exec/experiments/wasm-gui/toolchain/wasi-compat.h --target=wasm32-wasip1 --sysroot=/home/nathan/secure-exec/registry/native/c/sysroot -L/home/nathan/secure-exec/experiments/wasm-gui/third_party/wasm-prefix/lib -L/home/nathan/secure-exec/registry/native/c/vendor/wasi-sdk/share/wasi-sysroot/lib/wasm32-wasip1 -lwasi-emulated-mman -lwasi-emulated-process-clocks conftest.c  >&5
configure:16386: $? = 0
configure:16400: result: yes
configure:16492: checking if /home/nathan/secure-exec/registry/native/c/vendor/wasi-sdk/bin/clang supports -Werror=array-bounds
configure:16510: /home/nathan/secure-exec/registry/native/c/vendor/wasi-sdk/bin/clang -o conftest --target=wasm32-wasip1 --sysroot=/home/nathan/secure-exec/registry/native/c/sysroot -O2 -D_WASI_EMULATED_MMAN -D_WASI_EMULATED_PROCESS_CLOCKS -D_GNU_SOURCE -mllvm -wasm-enable-sjlj -Wno-error=implicit-function-declaration -Wno-error=int-conversion -Wno-int-conversion -I/home/nathan/secure-exec/experiments/wasm-gui/toolchain/compat-include -include /home/nathan/secure-exec/experiments/wasm-gui/toolchain/wasi-compat.h -Werror=unknown-warning-option -Werror=unused-command-line-argument -Werror=array-bounds --target=wasm32-wasip1 --sysroot=/home/nathan/secure-exec/registry/native/c/sysroot -I/home/nathan/secure-exec/experiments/wasm-gui/third_party/wasm-prefix/include -I/home/nathan/secure-exec/experiments/wasm-gui/toolchain/compat-include -include /home/nathan/secure-exec/experiments/wasm-gui/toolchain/wasi-compat.h --target=wasm32-wasip1 --sysroot=/home/nathan/secure-exec/registry/native/c/sysroot -L/home/nathan/secure-exec/experiments/wasm-gui/third_party/wasm-prefix/lib -L/home/nathan/secure-exec/registry/native/c/vendor/wasi-sdk/share/wasi-sysroot/lib/wasm32-wasip1 -lwasi-emulated-mman -lwasi-emulated-process-clocks conftest.c  >&5
configure:16510: $? = 0
configure:16524: result: yes
configure:16616: checking if /home/nathan/secure-exec/registry/native/c/vendor/wasi-sdk/bin/clang supports -Werror=write-strings
configure:16634: /home/nathan/secure-exec/registry/native/c/vendor/wasi-sdk/bin/clang -o conftest --target=wasm32-wasip1 --sysroot=/home/nathan/secure-exec/registry/native/c/sysroot -O2 -D_WASI_EMULATED_MMAN -D_WASI_EMULATED_PROCESS_CLOCKS -D_GNU_SOURCE -mllvm -wasm-enable-sjlj -Wno-error=implicit-function-declaration -Wno-error=int-conversion -Wno-int-conversion -I/home/nathan/secure-exec/experiments/wasm-gui/toolchain/compat-include -include /home/nathan/secure-exec/experiments/wasm-gui/toolchain/wasi-compat.h -Werror=unknown-warning-option -Werror=unused-command-line-argument -Werror=write-strings --target=wasm32-wasip1 --sysroot=/home/nathan/secure-exec/registry/native/c/sysroot -I/home/nathan/secure-exec/experiments/wasm-gui/third_party/wasm-prefix/include -I/home/nathan/secure-exec/experiments/wasm-gui/toolchain/compat-include -include /home/nathan/secure-exec/experiments/wasm-gui/toolchain/wasi-compat.h --target=wasm32-wasip1 --sysroot=/home/nathan/secure-exec/registry/native/c/sysroot -L/home/nathan/secure-exec/experiments/wasm-gui/third_party/wasm-prefix/lib -L/home/nathan/secure-exec/registry/native/c/vendor/wasi-sdk/share/wasi-sysroot/lib/wasm32-wasip1 -lwasi-emulated-mman -lwasi-emulated-process-clocks conftest.c  >&5
configure:16634: $? = 0
configure:16648: result: yes
configure:16740: checking if /home/nathan/secure-exec/registry/native/c/vendor/wasi-sdk/bin/clang supports -Werror=address
configure:16758: /home/nathan/secure-exec/registry/native/c/vendor/wasi-sdk/bin/clang -o conftest --target=wasm32-wasip1 --sysroot=/home/nathan/secure-exec/registry/native/c/sysroot -O2 -D_WASI_EMULATED_MMAN -D_WASI_EMULATED_PROCESS_CLOCKS -D_GNU_SOURCE -mllvm -wasm-enable-sjlj -Wno-error=implicit-function-declaration -Wno-error=int-conversion -Wno-int-conversion -I/home/nathan/secure-exec/experiments/wasm-gui/toolchain/compat-include -include /home/nathan/secure-exec/experiments/wasm-gui/toolchain/wasi-compat.h -Werror=unknown-warning-option -Werror=unused-command-line-argument -Werror=address --target=wasm32-wasip1 --sysroot=/home/nathan/secure-exec/registry/native/c/sysroot -I/home/nathan/secure-exec/experiments/wasm-gui/third_party/wasm-prefix/include -I/home/nathan/secure-exec/experiments/wasm-gui/toolchain/compat-include -include /home/nathan/secure-exec/experiments/wasm-gui/toolchain/wasi-compat.h --target=wasm32-wasip1 --sysroot=/home/nathan/secure-exec/registry/native/c/sysroot -L/home/nathan/secure-exec/experiments/wasm-gui/third_party/wasm-prefix/lib -L/home/nathan/secure-exec/registry/native/c/vendor/wasi-sdk/share/wasi-sysroot/lib/wasm32-wasip1 -lwasi-emulated-mman -lwasi-emulated-process-clocks conftest.c  >&5
configure:16758: $? = 0
configure:16772: result: yes
configure:16864: checking if /home/nathan/secure-exec/registry/native/c/vendor/wasi-sdk/bin/clang supports -Werror=int-to-pointer-cast
configure:16882: /home/nathan/secure-exec/registry/native/c/vendor/wasi-sdk/bin/clang -o conftest --target=wasm32-wasip1 --sysroot=/home/nathan/secure-exec/registry/native/c/sysroot -O2 -D_WASI_EMULATED_MMAN -D_WASI_EMULATED_PROCESS_CLOCKS -D_GNU_SOURCE -mllvm -wasm-enable-sjlj -Wno-error=implicit-function-declaration -Wno-error=int-conversion -Wno-int-conversion -I/home/nathan/secure-exec/experiments/wasm-gui/toolchain/compat-include -include /home/nathan/secure-exec/experiments/wasm-gui/toolchain/wasi-compat.h -Werror=unknown-warning-option -Werror=unused-command-line-argument -Werror=int-to-pointer-cast --target=wasm32-wasip1 --sysroot=/home/nathan/secure-exec/registry/native/c/sysroot -I/home/nathan/secure-exec/experiments/wasm-gui/third_party/wasm-prefix/include -I/home/nathan/secure-exec/experiments/wasm-gui/toolchain/compat-include -include /home/nathan/secure-exec/experiments/wasm-gui/toolchain/wasi-compat.h --target=wasm32-wasip1 --sysroot=/home/nathan/secure-exec/registry/native/c/sysroot -L/home/nathan/secure-exec/experiments/wasm-gui/third_party/wasm-prefix/lib -L/home/nathan/secure-exec/registry/native/c/vendor/wasi-sdk/share/wasi-sysroot/lib/wasm32-wasip1 -lwasi-emulated-mman -lwasi-emulated-process-clocks conftest.c  >&5
configure:16882: $? = 0
configure:16896: result: yes
configure:17039: checking if /home/nathan/secure-exec/registry/native/c/vendor/wasi-sdk/bin/clang supports -Werror=pointer-to-int-cast
configure:17057: /home/nathan/secure-exec/registry/native/c/vendor/wasi-sdk/bin/clang -o conftest --target=wasm32-wasip1 --sysroot=/home/nathan/secure-exec/registry/native/c/sysroot -O2 -D_WASI_EMULATED_MMAN -D_WASI_EMULATED_PROCESS_CLOCKS -D_GNU_SOURCE -mllvm -wasm-enable-sjlj -Wno-error=implicit-function-declaration -Wno-error=int-conversion -Wno-int-conversion -I/home/nathan/secure-exec/experiments/wasm-gui/toolchain/compat-include -include /home/nathan/secure-exec/experiments/wasm-gui/toolchain/wasi-compat.h -Werror=unknown-warning-option -Werror=unused-command-line-argument -Werror=pointer-to-int-cast --target=wasm32-wasip1 --sysroot=/home/nathan/secure-exec/registry/native/c/sysroot -I/home/nathan/secure-exec/experiments/wasm-gui/third_party/wasm-prefix/include -I/home/nathan/secure-exec/experiments/wasm-gui/toolchain/compat-include -include /home/nathan/secure-exec/experiments/wasm-gui/toolchain/wasi-compat.h --target=wasm32-wasip1 --sysroot=/home/nathan/secure-exec/registry/native/c/sysroot -L/home/nathan/secure-exec/experiments/wasm-gui/third_party/wasm-prefix/lib -L/home/nathan/secure-exec/registry/native/c/vendor/wasi-sdk/share/wasi-sysroot/lib/wasm32-wasip1 -lwasi-emulated-mman -lwasi-emulated-process-clocks conftest.c  >&5
configure:17057: $? = 0
configure:17071: result: yes
configure:18812: checking if /home/nathan/secure-exec/registry/native/c/vendor/wasi-sdk/bin/clang supports -pedantic
configure:18830: /home/nathan/secure-exec/registry/native/c/vendor/wasi-sdk/bin/clang -o conftest --target=wasm32-wasip1 --sysroot=/home/nathan/secure-exec/registry/native/c/sysroot -O2 -D_WASI_EMULATED_MMAN -D_WASI_EMULATED_PROCESS_CLOCKS -D_GNU_SOURCE -mllvm -wasm-enable-sjlj -Wno-error=implicit-function-declaration -Wno-error=int-conversion -Wno-int-conversion -I/home/nathan/secure-exec/experiments/wasm-gui/toolchain/compat-include -include /home/nathan/secure-exec/experiments/wasm-gui/toolchain/wasi-compat.h -Werror=unknown-warning-option -Werror=unused-command-line-argument -pedantic --target=wasm32-wasip1 --sysroot=/home/nathan/secure-exec/registry/native/c/sysroot -I/home/nathan/secure-exec/experiments/wasm-gui/third_party/wasm-prefix/include -I/home/nathan/secure-exec/experiments/wasm-gui/toolchain/compat-include -include /home/nathan/secure-exec/experiments/wasm-gui/toolchain/wasi-compat.h --target=wasm32-wasip1 --sysroot=/home/nathan/secure-exec/registry/native/c/sysroot -L/home/nathan/secure-exec/experiments/wasm-gui/third_party/wasm-prefix/lib -L/home/nathan/secure-exec/registry/native/c/vendor/wasi-sdk/share/wasi-sysroot/lib/wasm32-wasip1 -lwasi-emulated-mman -lwasi-emulated-process-clocks conftest.c  >&5
configure:18830: $? = 0
configure:18844: result: yes
configure:18936: checking if /home/nathan/secure-exec/registry/native/c/vendor/wasi-sdk/bin/clang supports -Werror
configure:18954: /home/nathan/secure-exec/registry/native/c/vendor/wasi-sdk/bin/clang -o conftest --target=wasm32-wasip1 --sysroot=/home/nathan/secure-exec/registry/native/c/sysroot -O2 -D_WASI_EMULATED_MMAN -D_WASI_EMULATED_PROCESS_CLOCKS -D_GNU_SOURCE -mllvm -wasm-enable-sjlj -Wno-error=implicit-function-declaration -Wno-error=int-conversion -Wno-int-conversion -I/home/nathan/secure-exec/experiments/wasm-gui/toolchain/compat-include -include /home/nathan/secure-exec/experiments/wasm-gui/toolchain/wasi-compat.h -Werror=unknown-warning-option -Werror=unused-command-line-argument -Werror --target=wasm32-wasip1 --sysroot=/home/nathan/secure-exec/registry/native/c/sysroot -I/home/nathan/secure-exec/experiments/wasm-gui/third_party/wasm-prefix/include -I/home/nathan/secure-exec/experiments/wasm-gui/toolchain/compat-include -include /home/nathan/secure-exec/experiments/wasm-gui/toolchain/wasi-compat.h --target=wasm32-wasip1 --sysroot=/home/nathan/secure-exec/registry/native/c/sysroot -L/home/nathan/secure-exec/experiments/wasm-gui/third_party/wasm-prefix/lib -L/home/nathan/secure-exec/registry/native/c/vendor/wasi-sdk/share/wasi-sysroot/lib/wasm32-wasip1 -lwasi-emulated-mman -lwasi-emulated-process-clocks conftest.c  >&5
configure:18954: $? = 0
configure:18968: result: yes
configure:19114: checking if /home/nathan/secure-exec/registry/native/c/vendor/wasi-sdk/bin/clang supports -Werror=attributes
configure:19132: /home/nathan/secure-exec/registry/native/c/vendor/wasi-sdk/bin/clang -o conftest --target=wasm32-wasip1 --sysroot=/home/nathan/secure-exec/registry/native/c/sysroot -O2 -D_WASI_EMULATED_MMAN -D_WASI_EMULATED_PROCESS_CLOCKS -D_GNU_SOURCE -mllvm -wasm-enable-sjlj -Wno-error=implicit-function-declaration -Wno-error=int-conversion -Wno-int-conversion -I/home/nathan/secure-exec/experiments/wasm-gui/toolchain/compat-include -include /home/nathan/secure-exec/experiments/wasm-gui/toolchain/wasi-compat.h -Werror=unknown-warning-option -Werror=unused-command-line-argument -Werror=attributes --target=wasm32-wasip1 --sysroot=/home/nathan/secure-exec/registry/native/c/sysroot -I/home/nathan/secure-exec/experiments/wasm-gui/third_party/wasm-prefix/include -I/home/nathan/secure-exec/experiments/wasm-gui/toolchain/compat-include -include /home/nathan/secure-exec/experiments/wasm-gui/toolchain/wasi-compat.h --target=wasm32-wasip1 --sysroot=/home/nathan/secure-exec/registry/native/c/sysroot -L/home/nathan/secure-exec/experiments/wasm-gui/third_party/wasm-prefix/lib -L/home/nathan/secure-exec/registry/native/c/vendor/wasi-sdk/share/wasi-sysroot/lib/wasm32-wasip1 -lwasi-emulated-mman -lwasi-emulated-process-clocks conftest.c  >&5
configure:19132: $? = 0
configure:19146: result: yes
configure:19339: checking whether make supports nested variables
configure:19357: result: yes
configure:19389: checking whether to build documentation
configure:19391: result: no
configure:19413: checking whether to build functional specifications
configure:19415: result: no
configure:19435: checking for xmlto
configure:19473: result: no
configure:19479: WARNING: xmlto not found - documentation targets will be skipped
configure:19637: checking for fop
configure:19675: result: no
configure:19681: WARNING: fop not found - documentation targets will be skipped
configure:19897: checking for X.Org SGML entities >= 1.8
configure:19901: $PKG_CONFIG --exists --print-errors "xorg-sgml-doctools >= 1.8"
Package xorg-sgml-doctools was not found in the pkg-config search path.
Perhaps you should add the directory containing `xorg-sgml-doctools.pc'
to the PKG_CONFIG_PATH environment variable
Package 'xorg-sgml-doctools', required by 'virtual:world', not found
configure:19904: $? = 1
configure:19920: result: no
configure:19953: checking for asciidoc
configure:19991: result: no
configure:19997: WARNING: asciidoc not found - documentation targets will be skipped
configure:20108: checking whether malloc(0) returns NULL
configure:20156: result: no
configure:20177: checking for xproto >= 7.0.13 x11 >= 1.6 xextproto >= 7.0.3 xext >= 1.0.99.1 inputproto >= 2.3.99.1
configure:20184: $PKG_CONFIG --exists --print-errors "xproto >= 7.0.13 x11 >= 1.6 xextproto >= 7.0.3 xext >= 1.0.99.1 inputproto >= 2.3.99.1"
configure:20187: $? = 0
configure:20201: $PKG_CONFIG --exists --print-errors "xproto >= 7.0.13 x11 >= 1.6 xextproto >= 7.0.3 xext >= 1.0.99.1 inputproto >= 2.3.99.1"
configure:20204: $? = 0
configure:20262: result: yes
configure:20269: checking for xfixes >= 5
configure:20276: $PKG_CONFIG --exists --print-errors "xfixes >= 5"
configure:20279: $? = 0
configure:20293: $PKG_CONFIG --exists --print-errors "xfixes >= 5"
configure:20296: $? = 0
configure:20354: result: yes
configure:20375: WARNING: xmlto or asciidoc not found - cannot create man pages without it
configure:20494: checking that generated files are newer than configure
configure:20500: result: done
configure:20563: creating ./config.status

## ---------------------- ##
## Running config.status. ##
## ---------------------- ##

This file was extended by libXi config.status 1.8.2, which was
generated by GNU Autoconf 2.71.  Invocation command line was

  CONFIG_FILES    = 
  CONFIG_HEADERS  = 
  CONFIG_LINKS    = 
  CONFIG_COMMANDS = 
  $ ./config.status 

on nathan-dev

config.status:1162: creating Makefile
config.status:1162: creating src/Makefile
config.status:1162: creating man/Makefile
config.status:1162: creating specs/Makefile
config.status:1162: creating xi.pc
config.status:1162: creating src/config.h
config.status:1343: src/config.h is unchanged
config.status:1391: executing depfiles commands
config.status:1468: cd src       && sed -e '/# am--include-marker/d' Makefile         | make -f - am--depfiles
make: Nothing to be done for 'am--depfiles'.
config.status:1473: $? = 0
config.status:1391: executing libtool commands

## ---------------- ##
## Cache variables. ##
## ---------------- ##

ac_cv_build=x86_64-pc-linux-gnux32
ac_cv_c_compiler_gnu=yes
ac_cv_c_undeclared_builtin_options=-fno-builtin
ac_cv_env_ASCIIDOC_set=
ac_cv_env_ASCIIDOC_value=
ac_cv_env_CC_set=set
ac_cv_env_CC_value=/home/nathan/secure-exec/registry/native/c/vendor/wasi-sdk/bin/clang
ac_cv_env_CFLAGS_set=set
ac_cv_env_CFLAGS_value='--target=wasm32-wasip1 --sysroot=/home/nathan/secure-exec/registry/native/c/sysroot -O2 -D_WASI_EMULATED_MMAN -D_WASI_EMULATED_PROCESS_CLOCKS -D_GNU_SOURCE -mllvm -wasm-enable-sjlj -Wno-error=implicit-function-declaration -Wno-error=int-conversion -Wno-int-conversion -I/home/nathan/secure-exec/experiments/wasm-gui/toolchain/compat-include -include /home/nathan/secure-exec/experiments/wasm-gui/toolchain/wasi-compat.h'
ac_cv_env_CPPFLAGS_set=set
ac_cv_env_CPPFLAGS_value='--target=wasm32-wasip1 --sysroot=/home/nathan/secure-exec/registry/native/c/sysroot -I/home/nathan/secure-exec/experiments/wasm-gui/third_party/wasm-prefix/include -I/home/nathan/secure-exec/experiments/wasm-gui/toolchain/compat-include -include /home/nathan/secure-exec/experiments/wasm-gui/toolchain/wasi-compat.h'
ac_cv_env_FOP_set=
ac_cv_env_FOP_value=
ac_cv_env_LDFLAGS_set=set
ac_cv_env_LDFLAGS_value='--target=wasm32-wasip1 --sysroot=/home/nathan/secure-exec/registry/native/c/sysroot -L/home/nathan/secure-exec/experiments/wasm-gui/third_party/wasm-prefix/lib -L/home/nathan/secure-exec/registry/native/c/vendor/wasi-sdk/share/wasi-sysroot/lib/wasm32-wasip1 -lwasi-emulated-mman -lwasi-emulated-process-clocks'
ac_cv_env_LIBS_set=
ac_cv_env_LIBS_value=
ac_cv_env_LT_SYS_LIBRARY_PATH_set=
ac_cv_env_LT_SYS_LIBRARY_PATH_value=
ac_cv_env_PKG_CONFIG_LIBDIR_set=set
ac_cv_env_PKG_CONFIG_LIBDIR_value=/home/nathan/secure-exec/experiments/wasm-gui/third_party/wasm-prefix/lib/pkgconfig:/home/nathan/secure-exec/experiments/wasm-gui/third_party/wasm-prefix/share/pkgconfig
ac_cv_env_PKG_CONFIG_PATH_set=set
ac_cv_env_PKG_CONFIG_PATH_value=
ac_cv_env_PKG_CONFIG_set=
ac_cv_env_PKG_CONFIG_value=
ac_cv_env_XFIXES_CFLAGS_set=
ac_cv_env_XFIXES_CFLAGS_value=
ac_cv_env_XFIXES_LIBS_set=
ac_cv_env_XFIXES_LIBS_value=
ac_cv_env_XI_CFLAGS_set=
ac_cv_env_XI_CFLAGS_value=
ac_cv_env_XI_LIBS_set=
ac_cv_env_XI_LIBS_value=
ac_cv_env_XMLTO_set=
ac_cv_env_XMLTO_value=
ac_cv_env_XSLTPROC_set=
ac_cv_env_XSLTPROC_value=
ac_cv_env_build_alias_set=
ac_cv_env_build_alias_value=
ac_cv_env_host_alias_set=set
ac_cv_env_host_alias_value=wasm32-wasi
ac_cv_env_target_alias_set=
ac_cv_env_target_alias_value=
ac_cv_have_decl___INTEL_COMPILER=no
ac_cv_have_decl___SUNPRO_C=no
ac_cv_have_decl___clang__=yes
ac_cv_header_dlfcn_h=yes
ac_cv_header_inttypes_h=yes
ac_cv_header_stdint_h=yes
ac_cv_header_stdio_h=yes
ac_cv_header_stdlib_h=yes
ac_cv_header_string_h=yes
ac_cv_header_strings_h=yes
ac_cv_header_sys_stat_h=yes
ac_cv_header_sys_types_h=yes
ac_cv_header_unistd_h=yes
ac_cv_host=wasm32-unknown-wasi
ac_cv_objext=o
ac_cv_path_EGREP='/usr/bin/grep -E'
ac_cv_path_FGREP='/usr/bin/grep -F'
ac_cv_path_GREP=/usr/bin/grep
ac_cv_path_SED=/usr/bin/sed
ac_cv_path_ac_pt_PKG_CONFIG=/usr/bin/pkg-config
ac_cv_path_install='/usr/bin/install -c'
ac_cv_path_lt_DD=/usr/bin/dd
ac_cv_path_mkdir=/usr/bin/mkdir
ac_cv_prog_AR=/home/nathan/secure-exec/registry/native/c/vendor/wasi-sdk/bin/llvm-ar
ac_cv_prog_AWK=mawk
ac_cv_prog_CC=/home/nathan/secure-exec/registry/native/c/vendor/wasi-sdk/bin/clang
ac_cv_prog_RANLIB=/home/nathan/secure-exec/registry/native/c/vendor/wasi-sdk/bin/llvm-ranlib
ac_cv_prog_STRIP=strip
ac_cv_prog_ac_ct_DLLTOOL=dlltool
ac_cv_prog_ac_ct_DUMPBIN='link -dump'
ac_cv_prog_ac_ct_FILECMD=file
ac_cv_prog_ac_ct_MANIFEST_TOOL=mt
ac_cv_prog_ac_ct_OBJDUMP=objdump
ac_cv_prog_ac_ct_STRIP=strip
ac_cv_prog_cc_c11=
ac_cv_prog_cc_g=yes
ac_cv_prog_cc_stdc=
ac_cv_prog_make_make_set=yes
am_cv_CC_dependencies_compiler_type=gcc3
am_cv_make_support_nested_variables=yes
am_cv_prog_cc_c_o=yes
lt_cv_ar_at_file=@
lt_cv_deplibs_check_method=unknown
lt_cv_file_magic_cmd='$MAGIC_CMD'
lt_cv_file_magic_test_file=
lt_cv_ld_reload_flag=-r
lt_cv_nm_interface='BSD nm'
lt_cv_objdir=.libs
lt_cv_path_LD=/home/linuxbrew/.linuxbrew/bin/ld
lt_cv_path_NM=no
lt_cv_path_mainfest_tool=no
lt_cv_prog_compiler_c_o=yes
lt_cv_prog_compiler_pic='-fPIC -DPIC'
lt_cv_prog_compiler_pic_works=yes
lt_cv_prog_compiler_rtti_exceptions=yes
lt_cv_prog_compiler_static_works=yes
lt_cv_prog_gnu_ld=yes
lt_cv_sharedlib_from_linklib_cmd='printf %s\n'
lt_cv_sys_global_symbol_pipe=
lt_cv_sys_global_symbol_to_c_name_address='/usr/bin/sed -n -e '\''s/^: \(.*\) .*$/  {"\1", (void *) 0},/p'\'' -e '\''s/^[ABCDGIRSTW][ABCDGIRSTW]* .* \(.*\)$/  {"\1", (void *) \&\1},/p'\'''
lt_cv_sys_global_symbol_to_c_name_address_lib_prefix='/usr/bin/sed -n -e '\''s/^: \(.*\) .*$/  {"\1", (void *) 0},/p'\'' -e '\''s/^[ABCDGIRSTW][ABCDGIRSTW]* .* \(lib.*\)$/  {"\1", (void *) \&\1},/p'\'' -e '\''s/^[ABCDGIRSTW][ABCDGIRSTW]* .* \(.*\)$/  {"lib\1", (void *) \&\1},/p'\'''
lt_cv_sys_global_symbol_to_cdecl=
lt_cv_sys_global_symbol_to_import=
lt_cv_sys_max_cmd_len=1572864
lt_cv_to_host_file_cmd=func_convert_file_noop
lt_cv_to_tool_file_cmd=func_convert_file_noop
lt_cv_truncate_bin='/usr/bin/dd bs=4096 count=1'
pkg_cv_XFIXES_CFLAGS='-I/home/nathan/secure-exec/experiments/wasm-gui/third_party/wasm-prefix/include '
pkg_cv_XFIXES_LIBS='-L/home/nathan/secure-exec/experiments/wasm-gui/third_party/wasm-prefix/lib -lXfixes '
pkg_cv_XI_CFLAGS='-I/home/nathan/secure-exec/experiments/wasm-gui/third_party/wasm-prefix/include '
pkg_cv_XI_LIBS='-L/home/nathan/secure-exec/experiments/wasm-gui/third_party/wasm-prefix/lib -lX11 -lXext '
xorg_cv_cc_flag__Wall=yes
xorg_cv_cc_flag__Wbad_function_cast=yes
xorg_cv_cc_flag__Wdeclaration_after_statement=yes
xorg_cv_cc_flag__Werror=yes
xorg_cv_cc_flag__Werror_address=yes
xorg_cv_cc_flag__Werror_array_bounds=yes
xorg_cv_cc_flag__Werror_attributes=yes
xorg_cv_cc_flag__Werror_implicit=yes
xorg_cv_cc_flag__Werror_init_self=yes
xorg_cv_cc_flag__Werror_int_to_pointer_cast=yes
xorg_cv_cc_flag__Werror_main=yes
xorg_cv_cc_flag__Werror_missing_braces=yes
xorg_cv_cc_flag__Werror_nonnull=yes
xorg_cv_cc_flag__Werror_pointer_to_int_cast=yes
xorg_cv_cc_flag__Werror_return_type=yes
xorg_cv_cc_flag__Werror_sequence_point=yes
xorg_cv_cc_flag__Werror_trigraphs=yes
xorg_cv_cc_flag__Werror_write_strings=yes
xorg_cv_cc_flag__Wformat_2=yes
xorg_cv_cc_flag__Wlogical_op=no
xorg_cv_cc_flag__Wmissing_declarations=yes
xorg_cv_cc_flag__Wmissing_format_attribute=yes
xorg_cv_cc_flag__Wmissing_noreturn=yes
xorg_cv_cc_flag__Wmissing_prototypes=yes
xorg_cv_cc_flag__Wnested_externs=yes
xorg_cv_cc_flag__Wold_style_definition=yes
xorg_cv_cc_flag__Wpointer_arith=yes
xorg_cv_cc_flag__Wredundant_decls=yes
xorg_cv_cc_flag__Wshadow=yes
xorg_cv_cc_flag__Wstrict_prototypes=yes
xorg_cv_cc_flag__Wuninitialized=yes
xorg_cv_cc_flag__Wunused=yes
xorg_cv_cc_flag__pedantic=yes
xorg_cv_cc_flag_unknown_warning_option=yes
xorg_cv_cc_flag_unused_command_line_argument=yes

## ----------------- ##
## Output variables. ##
## ----------------- ##

ACLOCAL='${SHELL} '\''/home/nathan/secure-exec/experiments/wasm-gui/third_party/libXi/missing'\'' aclocal-1.16'
ADMIN_MAN_DIR='$(mandir)/man$(ADMIN_MAN_SUFFIX)'
ADMIN_MAN_SUFFIX='8'
AMDEPBACKSLASH='\'
AMDEP_FALSE='#'
AMDEP_TRUE=''
AMTAR='$${TAR-tar}'
AM_BACKSLASH='\'
AM_DEFAULT_V='$(AM_DEFAULT_VERBOSITY)'
AM_DEFAULT_VERBOSITY='0'
AM_V='$(V)'
APP_MAN_DIR='$(mandir)/man$(APP_MAN_SUFFIX)'
APP_MAN_SUFFIX='1'
AR='/home/nathan/secure-exec/registry/native/c/vendor/wasi-sdk/bin/llvm-ar'
ASCIIDOC=''
AUTOCONF='${SHELL} '\''/home/nathan/secure-exec/experiments/wasm-gui/third_party/libXi/missing'\'' autoconf'
AUTOHEADER='${SHELL} '\''/home/nathan/secure-exec/experiments/wasm-gui/third_party/libXi/missing'\'' autoheader'
AUTOMAKE='${SHELL} '\''/home/nathan/secure-exec/experiments/wasm-gui/third_party/libXi/missing'\'' automake-1.16'
AWK='mawk'
BASE_CFLAGS=' -Wall -Wpointer-arith -Wmissing-declarations -Wformat=2 -Wstrict-prototypes -Wmissing-prototypes -Wnested-externs -Wbad-function-cast -Wold-style-definition -Wdeclaration-after-statement -Wunused -Wuninitialized -Wshadow -Wmissing-noreturn -Wmissing-format-attribute -Wredundant-decls -Werror=implicit -Werror=nonnull -Werror=init-self -Werror=main -Werror=missing-braces -Werror=sequence-point -Werror=return-type -Werror=trigraphs -Werror=array-bounds -Werror=write-strings -Werror=address -Werror=int-to-pointer-cast -Werror=pointer-to-int-cast'
CC='/home/nathan/secure-exec/registry/native/c/vendor/wasi-sdk/bin/clang'
CCDEPMODE='depmode=gcc3'
CFLAGS='--target=wasm32-wasip1 --sysroot=/home/nathan/secure-exec/registry/native/c/sysroot -O2 -D_WASI_EMULATED_MMAN -D_WASI_EMULATED_PROCESS_CLOCKS -D_GNU_SOURCE -mllvm -wasm-enable-sjlj -Wno-error=implicit-function-declaration -Wno-error=int-conversion -Wno-int-conversion -I/home/nathan/secure-exec/experiments/wasm-gui/toolchain/compat-include -include /home/nathan/secure-exec/experiments/wasm-gui/toolchain/wasi-compat.h'
CHANGELOG_CMD='((GIT_DIR=$(top_srcdir)/.git git log > $(top_srcdir)/.changelog.tmp) 2>/dev/null && mv $(top_srcdir)/.changelog.tmp $(top_srcdir)/ChangeLog) || (rm -f $(top_srcdir)/.changelog.tmp; test -e $(top_srcdir)/ChangeLog || ( touch $(top_srcdir)/ChangeLog; echo '\''git failed to create ChangeLog: installing empty ChangeLog.'\'' >&2))'
CPPFLAGS='--target=wasm32-wasip1 --sysroot=/home/nathan/secure-exec/registry/native/c/sysroot -I/home/nathan/secure-exec/experiments/wasm-gui/third_party/wasm-prefix/include -I/home/nathan/secure-exec/experiments/wasm-gui/toolchain/compat-include -include /home/nathan/secure-exec/experiments/wasm-gui/toolchain/wasi-compat.h'
CSCOPE='cscope'
CTAGS='ctags'
CWARNFLAGS=' -Wall -Wpointer-arith -Wmissing-declarations -Wformat=2 -Wstrict-prototypes -Wmissing-prototypes -Wnested-externs -Wbad-function-cast -Wold-style-definition -Wdeclaration-after-statement -Wunused -Wuninitialized -Wshadow -Wmissing-noreturn -Wmissing-format-attribute -Wredundant-decls -Werror=implicit -Werror=nonnull -Werror=init-self -Werror=main -Werror=missing-braces -Werror=sequence-point -Werror=return-type -Werror=trigraphs -Werror=array-bounds -Werror=write-strings -Werror=address -Werror=int-to-pointer-cast -Werror=pointer-to-int-cast -fno-strict-aliasing'
CYGPATH_W='echo'
DEFS='-DHAVE_CONFIG_H'
DEPDIR='.deps'
DLLTOOL='dlltool'
DRIVER_MAN_DIR='$(mandir)/man$(DRIVER_MAN_SUFFIX)'
DRIVER_MAN_SUFFIX='4'
DSYMUTIL=''
DUMPBIN=':'
ECHO_C=''
ECHO_N='-n'
ECHO_T=''
EGREP='/usr/bin/grep -E'
ENABLE_DOCS_FALSE=''
ENABLE_DOCS_TRUE='#'
ENABLE_SPECS_FALSE=''
ENABLE_SPECS_TRUE='#'
ETAGS='etags'
EXEEXT=''
FGREP='/usr/bin/grep -F'
FILECMD='file'
FILE_MAN_DIR='$(mandir)/man$(FILE_MAN_SUFFIX)'
FILE_MAN_SUFFIX='5'
FOP=''
GREP='/usr/bin/grep'
HAVE_ASCIIDOC_FALSE=''
HAVE_ASCIIDOC_TRUE='#'
HAVE_DOCTOOLS_FALSE=''
HAVE_DOCTOOLS_TRUE='#'
HAVE_FOP_FALSE=''
HAVE_FOP_TRUE='#'
HAVE_STYLESHEETS_FALSE=''
HAVE_STYLESHEETS_TRUE='#'
HAVE_XMLTO_FALSE=''
HAVE_XMLTO_TEXT_FALSE=''
HAVE_XMLTO_TEXT_TRUE='#'
HAVE_XMLTO_TRUE='#'
HAVE_XSLTPROC_FALSE=''
HAVE_XSLTPROC_TRUE='#'
INSTALL_CMD='(cp -f /home/nathan/secure-exec/experiments/wasm-gui/third_party/wasm-prefix/share/util-macros/INSTALL $(top_srcdir)/.INSTALL.tmp && mv $(top_srcdir)/.INSTALL.tmp $(top_srcdir)/INSTALL) || (rm -f $(top_srcdir)/.INSTALL.tmp; test -e $(top_srcdir)/INSTALL || ( touch $(top_srcdir)/INSTALL; echo '\''failed to copy INSTALL from util-macros: installing empty INSTALL.'\'' >&2))'
INSTALL_DATA='${INSTALL} -m 644'
INSTALL_MANPAGES_FALSE='#'
INSTALL_MANPAGES_TRUE=''
INSTALL_PROGRAM='${INSTALL}'
INSTALL_SCRIPT='${INSTALL}'
INSTALL_STRIP_PROGRAM='$(install_sh) -c -s'
LD='/home/linuxbrew/.linuxbrew/bin/ld'
LDFLAGS='--target=wasm32-wasip1 --sysroot=/home/nathan/secure-exec/registry/native/c/sysroot -L/home/nathan/secure-exec/experiments/wasm-gui/third_party/wasm-prefix/lib -L/home/nathan/secure-exec/registry/native/c/vendor/wasi-sdk/share/wasi-sysroot/lib/wasm32-wasip1 -lwasi-emulated-mman -lwasi-emulated-process-clocks'
LIBOBJS=''
LIBS=''
LIBTOOL='$(SHELL) $(top_builddir)/libtool'
LIB_MAN_DIR='$(mandir)/man$(LIB_MAN_SUFFIX)'
LIB_MAN_SUFFIX='3'
LIPO=''
LN_S='ln -s'
LTLIBOBJS=''
LT_SYS_LIBRARY_PATH=''
MAKEINFO='${SHELL} '\''/home/nathan/secure-exec/experiments/wasm-gui/third_party/libXi/missing'\'' makeinfo'
MALLOC_ZERO_CFLAGS=''
MANIFEST_TOOL=':'
MAN_SUBSTS='	-e '\''s|__vendorversion__|"$(PACKAGE_STRING)" "$(XORG_MAN_PAGE)"|'\'' 	-e '\''s|__xorgversion__|"$(PACKAGE_STRING)" "$(XORG_MAN_PAGE)"|'\'' 	-e '\''s|__xservername__|Xorg|g'\'' 	-e '\''s|__xconfigfile__|xorg.conf|g'\'' 	-e '\''s|__projectroot__|$(prefix)|g'\'' 	-e '\''s|__apploaddir__|$(appdefaultdir)|g'\'' 	-e '\''s|__appmansuffix__|$(APP_MAN_SUFFIX)|g'\'' 	-e '\''s|__drivermansuffix__|$(DRIVER_MAN_SUFFIX)|g'\'' 	-e '\''s|__adminmansuffix__|$(ADMIN_MAN_SUFFIX)|g'\'' 	-e '\''s|__libmansuffix__|$(LIB_MAN_SUFFIX)|g'\'' 	-e '\''s|__miscmansuffix__|$(MISC_MAN_SUFFIX)|g'\'' 	-e '\''s|__filemansuffix__|$(FILE_MAN_SUFFIX)|g'\'''
MISC_MAN_DIR='$(mandir)/man$(MISC_MAN_SUFFIX)'
MISC_MAN_SUFFIX='7'
MKDIR_P='/usr/bin/mkdir -p'
NM='nm'
NMEDIT=''
OBJDUMP='objdump'
OBJEXT='o'
OTOOL64=''
OTOOL=''
PACKAGE='libXi'
PACKAGE_BUGREPORT='https://gitlab.freedesktop.org/xorg/lib/libXi/issues'
PACKAGE_NAME='libXi'
PACKAGE_STRING='libXi 1.8.2'
PACKAGE_TARNAME='libXi'
PACKAGE_URL=''
PACKAGE_VERSION='1.8.2'
PATH_SEPARATOR=':'
PKG_CONFIG='/usr/bin/pkg-config'
PKG_CONFIG_LIBDIR='/home/nathan/secure-exec/experiments/wasm-gui/third_party/wasm-prefix/lib/pkgconfig:/home/nathan/secure-exec/experiments/wasm-gui/third_party/wasm-prefix/share/pkgconfig'
PKG_CONFIG_PATH=''
RANLIB='/home/nathan/secure-exec/registry/native/c/vendor/wasi-sdk/bin/llvm-ranlib'
SED='/usr/bin/sed'
SET_MAKE=''
SHELL='/bin/bash'
STRICT_CFLAGS=' -pedantic -Werror -Werror=attributes'
STRIP='strip'
STYLESHEET_SRCDIR=''
VERSION='1.8.2'
XFIXES_CFLAGS='-I/home/nathan/secure-exec/experiments/wasm-gui/third_party/wasm-prefix/include '
XFIXES_LIBS='-L/home/nathan/secure-exec/experiments/wasm-gui/third_party/wasm-prefix/lib -lXfixes '
XI_CFLAGS='-I/home/nathan/secure-exec/experiments/wasm-gui/third_party/wasm-prefix/include '
XI_LIBS='-L/home/nathan/secure-exec/experiments/wasm-gui/third_party/wasm-prefix/lib -lX11 -lXext '
XMALLOC_ZERO_CFLAGS=''
XMLTO=''
XORG_MAN_PAGE='X Version 11'
XORG_SGML_PATH=''
XSLTPROC=''
XSL_STYLESHEET=''
XTMALLOC_ZERO_CFLAGS=''
ac_ct_AR=''
ac_ct_CC=''
ac_ct_DUMPBIN='link -dump'
am__EXEEXT_FALSE=''
am__EXEEXT_TRUE='#'
am__fastdepCC_FALSE='#'
am__fastdepCC_TRUE=''
am__include='include'
am__isrc=''
am__leading_dot='.'
am__nodep='_no'
am__quote=''
am__tar='$${TAR-tar} chof - "$$tardir"'
am__untar='$${TAR-tar} xf -'
bindir='${exec_prefix}/bin'
build='x86_64-pc-linux-gnux32'
build_alias=''
build_cpu='x86_64'
build_os='linux-gnux32'
build_vendor='pc'
datadir='${datarootdir}'
datarootdir='${prefix}/share'
docdir='${datarootdir}/doc/${PACKAGE_TARNAME}'
dvidir='${docdir}'
exec_prefix='${prefix}'
host='wasm32-unknown-wasi'
host_alias='wasm32-wasi'
host_cpu='wasm32'
host_os='wasi'
host_vendor='unknown'
htmldir='${docdir}'
includedir='${prefix}/include'
infodir='${datarootdir}/info'
install_sh='${SHELL} /home/nathan/secure-exec/experiments/wasm-gui/third_party/libXi/install-sh'
libdir='${exec_prefix}/lib'
libexecdir='${exec_prefix}/libexec'
localedir='${datarootdir}/locale'
localstatedir='${prefix}/var'
mandir='${datarootdir}/man'
mkdir_p='$(MKDIR_P)'
oldincludedir='/usr/include'
pdfdir='${docdir}'
prefix='/home/nathan/secure-exec/experiments/wasm-gui/third_party/wasm-prefix'
program_transform_name='s,x,x,'
psdir='${docdir}'
runstatedir='${localstatedir}/run'
sbindir='${exec_prefix}/sbin'
sharedstatedir='${prefix}/com'
sysconfdir='${prefix}/etc'
target_alias=''

## ----------- ##
## confdefs.h. ##
## ----------- ##

/* confdefs.h */
#define PACKAGE_NAME "libXi"
#define PACKAGE_TARNAME "libXi"
#define PACKAGE_VERSION "1.8.2"
#define PACKAGE_STRING "libXi 1.8.2"
#define PACKAGE_BUGREPORT "https://gitlab.freedesktop.org/xorg/lib/libXi/issues"
#define PACKAGE_URL ""
#define PACKAGE "libXi"
#define VERSION "1.8.2"
#define HAVE_STDIO_H 1
#define HAVE_STDLIB_H 1
#define HAVE_STRING_H 1
#define HAVE_INTTYPES_H 1
#define HAVE_STDINT_H 1
#define HAVE_STRINGS_H 1
#define HAVE_SYS_STAT_H 1
#define HAVE_SYS_TYPES_H 1
#define HAVE_UNISTD_H 1
#define STDC_HEADERS 1
#define HAVE_DLFCN_H 1
#define LT_OBJDIR ".libs/"
#define PACKAGE_VERSION_MAJOR 1
#define PACKAGE_VERSION_MINOR 8
#define PACKAGE_VERSION_PATCHLEVEL 2

configure: exit 0
