This file contains any messages produced by compilers while
running configure, to aid debugging if configure makes a mistake.

It was created by jwm configure 2.4.6, which was
generated by GNU Autoconf 2.69.  Invocation command line was

  $ ./configure --host=wasm32-wasi --prefix=/home/nathan/secure-exec-wasmgui/experiments/wasm-gui/third_party/wasm-prefix --disable-xinerama --disable-xrandr --disable-xpm --disable-png --disable-jpeg --disable-cairo --disable-rsvg --disable-fribidi --disable-nls --disable-shape --disable-confirm

## --------- ##
## Platform. ##
## --------- ##

hostname = nathan-dev
uname -m = x86_64
uname -r = 6.1.0-41-amd64
uname -s = Linux
uname -v = #1 SMP PREEMPT_DYNAMIC Debian 6.1.158-1 (2025-11-09)

/usr/bin/uname -p = unknown
/bin/uname -X     = unknown

/bin/arch              = x86_64
/usr/bin/arch -k       = unknown
/usr/convex/getsysinfo = unknown
/usr/bin/hostinfo      = unknown
/bin/machine           = unknown
/usr/bin/oslevel       = unknown
/bin/universe          = unknown

PATH: /home/linuxbrew/.linuxbrew/bin
PATH: /home/nathan/misc/bun/bin
PATH: /home/nathan/.bun/bin
PATH: /home/nathan/.bun/bin
PATH: /home/nathan/.bun/bin
PATH: /home/nathan/.bun/bin
PATH: /home/nathan/.wasmer/bin
PATH: /home/nathan/.opencode/bin
PATH: /home/nathan/.local/bin
PATH: /home/nathan/.bun/bin
PATH: /home/nathan/.cargo/bin
PATH: /home/nathan/.nix-profile/bin
PATH: /nix/var/nix/profiles/default/bin
PATH: /home/linuxbrew/.linuxbrew/bin
PATH: /home/linuxbrew/.linuxbrew/sbin
PATH: /home/nathan/.local/bin
PATH: /home/linuxbrew/.linuxbrew/opt/rustup/bin
PATH: /home/nathan/.local/bin
PATH: /home/nathan/.atuin/bin
PATH: /home/nathan/misc/bun/bin
PATH: /home/nathan/.bun/bin
PATH: /home/nathan/.bun/bin
PATH: /home/nathan/.bun/bin
PATH: /home/nathan/.bun/bin
PATH: /home/nathan/.wasmer/bin
PATH: /home/nathan/.deno/bin
PATH: /home/nathan/.opencode/bin
PATH: /home/nathan/.local/bin
PATH: /home/nathan/.bun/bin
PATH: /home/nathan/.cargo/bin
PATH: /home/nathan/.nix-profile/bin
PATH: /nix/var/nix/profiles/default/bin
PATH: /tmp/pnpm
PATH: /home/linuxbrew/.linuxbrew/bin
PATH: /home/linuxbrew/.linuxbrew/sbin
PATH: /home/nathan/.nvm/versions/node/v24.13.0/bin
PATH: /home/nathan/.nix-profile/bin
PATH: /nix/var/nix/profiles/default/bin
PATH: /usr/local/bin
PATH: /usr/bin
PATH: /bin
PATH: /usr/local/games
PATH: /usr/games


## ----------- ##
## Core tests. ##
## ----------- ##

configure:2398: checking for a BSD-compatible install
configure:2466: result: /usr/bin/install -c
configure:2477: checking whether build environment is sane
configure:2532: result: yes
configure:2586: checking for wasm32-wasi-strip
configure:2616: result: no
configure:2626: checking for strip
configure:2642: found /home/linuxbrew/.linuxbrew/bin/strip
configure:2653: result: strip
configure:2678: checking for a thread-safe mkdir -p
configure:2717: result: /usr/bin/mkdir -p
configure:2724: checking for gawk
configure:2754: result: no
configure:2724: checking for mawk
configure:2740: found /usr/bin/mawk
configure:2751: result: mawk
configure:2762: checking whether make sets $(MAKE)
configure:2784: result: yes
configure:2813: checking whether make supports nested variables
configure:2830: result: yes
configure:2979: checking for wasm32-wasi-gcc
configure:3006: result: /home/nathan/secure-exec/registry/native/c/vendor/wasi-sdk/bin/clang
configure:3275: checking for C compiler version
configure:3284: /home/nathan/secure-exec/registry/native/c/vendor/wasi-sdk/bin/clang --version >&5
clang version 19.1.5-wasi-sdk (https://github.com/llvm/llvm-project ab4b5a2db582958af1ee308a790cfdb42bd24720)
Target: wasm32-unknown-wasi
Thread model: posix
InstalledDir: /home/nathan/secure-exec/registry/native/c/vendor/wasi-sdk/bin
configure:3295: $? = 0
configure:3284: /home/nathan/secure-exec/registry/native/c/vendor/wasi-sdk/bin/clang -v >&5
clang version 19.1.5-wasi-sdk (https://github.com/llvm/llvm-project ab4b5a2db582958af1ee308a790cfdb42bd24720)
Target: wasm32-unknown-wasi
Thread model: posix
InstalledDir: /home/nathan/secure-exec/registry/native/c/vendor/wasi-sdk/bin
configure:3295: $? = 0
configure:3284: /home/nathan/secure-exec/registry/native/c/vendor/wasi-sdk/bin/clang -V >&5
clang: error: argument to '-V' is missing (expected 1 value)
clang: error: no input files
configure:3295: $? = 1
configure:3284: /home/nathan/secure-exec/registry/native/c/vendor/wasi-sdk/bin/clang -qversion >&5
clang: error: unknown argument '-qversion'; did you mean '--version'?
clang: error: no input files
configure:3295: $? = 1
configure:3315: checking whether the C compiler works
configure:3337: /home/nathan/secure-exec/registry/native/c/vendor/wasi-sdk/bin/clang --target=wasm32-wasip1 --sysroot=/home/nathan/secure-exec/registry/native/c/sysroot -O2 -D_WASI_EMULATED_MMAN -D_WASI_EMULATED_PROCESS_CLOCKS -D_GNU_SOURCE -mllvm -wasm-enable-sjlj -Wno-error=implicit-function-declaration -Wno-error=int-conversion -Wno-int-conversion -I/home/nathan/secure-exec-wasmgui/experiments/wasm-gui/toolchain/compat-include -include /home/nathan/secure-exec-wasmgui/experiments/wasm-gui/toolchain/wasi-compat.h -I/home/nathan/secure-exec-wasmgui/experiments/wasm-gui/third_party/wasm-prefix/include/freetype2 --target=wasm32-wasip1 --sysroot=/home/nathan/secure-exec/registry/native/c/sysroot -I/home/nathan/secure-exec-wasmgui/experiments/wasm-gui/third_party/wasm-prefix/include -I/home/nathan/secure-exec-wasmgui/experiments/wasm-gui/toolchain/compat-include -include /home/nathan/secure-exec-wasmgui/experiments/wasm-gui/toolchain/wasi-compat.h -I/home/nathan/secure-exec-wasmgui/experiments/wasm-gui/third_party/wasm-prefix/include/freetype2 --target=wasm32-wasip1 --sysroot=/home/nathan/secure-exec/registry/native/c/sysroot -L/home/nathan/secure-exec-wasmgui/experiments/wasm-gui/third_party/wasm-prefix/lib -L/home/nathan/secure-exec/registry/native/c/vendor/wasi-sdk/share/wasi-sysroot/lib/wasm32-wasip1 -lwasi-emulated-mman -lwasi-emulated-process-clocks conftest.c  >&5
configure:3341: $? = 0
configure:3389: result: yes
configure:3392: checking for C compiler default output file name
configure:3394: result: a.out
configure:3400: checking for suffix of executables
configure:3407: /home/nathan/secure-exec/registry/native/c/vendor/wasi-sdk/bin/clang -o conftest --target=wasm32-wasip1 --sysroot=/home/nathan/secure-exec/registry/native/c/sysroot -O2 -D_WASI_EMULATED_MMAN -D_WASI_EMULATED_PROCESS_CLOCKS -D_GNU_SOURCE -mllvm -wasm-enable-sjlj -Wno-error=implicit-function-declaration -Wno-error=int-conversion -Wno-int-conversion -I/home/nathan/secure-exec-wasmgui/experiments/wasm-gui/toolchain/compat-include -include /home/nathan/secure-exec-wasmgui/experiments/wasm-gui/toolchain/wasi-compat.h -I/home/nathan/secure-exec-wasmgui/experiments/wasm-gui/third_party/wasm-prefix/include/freetype2 --target=wasm32-wasip1 --sysroot=/home/nathan/secure-exec/registry/native/c/sysroot -I/home/nathan/secure-exec-wasmgui/experiments/wasm-gui/third_party/wasm-prefix/include -I/home/nathan/secure-exec-wasmgui/experiments/wasm-gui/toolchain/compat-include -include /home/nathan/secure-exec-wasmgui/experiments/wasm-gui/toolchain/wasi-compat.h -I/home/nathan/secure-exec-wasmgui/experiments/wasm-gui/third_party/wasm-prefix/include/freetype2 --target=wasm32-wasip1 --sysroot=/home/nathan/secure-exec/registry/native/c/sysroot -L/home/nathan/secure-exec-wasmgui/experiments/wasm-gui/third_party/wasm-prefix/lib -L/home/nathan/secure-exec/registry/native/c/vendor/wasi-sdk/share/wasi-sysroot/lib/wasm32-wasip1 -lwasi-emulated-mman -lwasi-emulated-process-clocks conftest.c  >&5
configure:3411: $? = 0
configure:3433: result: 
configure:3455: checking whether we are cross compiling
configure:3463: /home/nathan/secure-exec/registry/native/c/vendor/wasi-sdk/bin/clang -o conftest --target=wasm32-wasip1 --sysroot=/home/nathan/secure-exec/registry/native/c/sysroot -O2 -D_WASI_EMULATED_MMAN -D_WASI_EMULATED_PROCESS_CLOCKS -D_GNU_SOURCE -mllvm -wasm-enable-sjlj -Wno-error=implicit-function-declaration -Wno-error=int-conversion -Wno-int-conversion -I/home/nathan/secure-exec-wasmgui/experiments/wasm-gui/toolchain/compat-include -include /home/nathan/secure-exec-wasmgui/experiments/wasm-gui/toolchain/wasi-compat.h -I/home/nathan/secure-exec-wasmgui/experiments/wasm-gui/third_party/wasm-prefix/include/freetype2 --target=wasm32-wasip1 --sysroot=/home/nathan/secure-exec/registry/native/c/sysroot -I/home/nathan/secure-exec-wasmgui/experiments/wasm-gui/third_party/wasm-prefix/include -I/home/nathan/secure-exec-wasmgui/experiments/wasm-gui/toolchain/compat-include -include /home/nathan/secure-exec-wasmgui/experiments/wasm-gui/toolchain/wasi-compat.h -I/home/nathan/secure-exec-wasmgui/experiments/wasm-gui/third_party/wasm-prefix/include/freetype2 --target=wasm32-wasip1 --sysroot=/home/nathan/secure-exec/registry/native/c/sysroot -L/home/nathan/secure-exec-wasmgui/experiments/wasm-gui/third_party/wasm-prefix/lib -L/home/nathan/secure-exec/registry/native/c/vendor/wasi-sdk/share/wasi-sysroot/lib/wasm32-wasip1 -lwasi-emulated-mman -lwasi-emulated-process-clocks conftest.c  >&5
configure:3467: $? = 0
configure:3474: ./conftest
./configure: line 3476: ./conftest: cannot execute binary file: Exec format error
configure:3478: $? = 126
configure:3493: result: yes
configure:3498: checking for suffix of object files
configure:3520: /home/nathan/secure-exec/registry/native/c/vendor/wasi-sdk/bin/clang -c --target=wasm32-wasip1 --sysroot=/home/nathan/secure-exec/registry/native/c/sysroot -O2 -D_WASI_EMULATED_MMAN -D_WASI_EMULATED_PROCESS_CLOCKS -D_GNU_SOURCE -mllvm -wasm-enable-sjlj -Wno-error=implicit-function-declaration -Wno-error=int-conversion -Wno-int-conversion -I/home/nathan/secure-exec-wasmgui/experiments/wasm-gui/toolchain/compat-include -include /home/nathan/secure-exec-wasmgui/experiments/wasm-gui/toolchain/wasi-compat.h -I/home/nathan/secure-exec-wasmgui/experiments/wasm-gui/third_party/wasm-prefix/include/freetype2 --target=wasm32-wasip1 --sysroot=/home/nathan/secure-exec/registry/native/c/sysroot -I/home/nathan/secure-exec-wasmgui/experiments/wasm-gui/third_party/wasm-prefix/include -I/home/nathan/secure-exec-wasmgui/experiments/wasm-gui/toolchain/compat-include -include /home/nathan/secure-exec-wasmgui/experiments/wasm-gui/toolchain/wasi-compat.h -I/home/nathan/secure-exec-wasmgui/experiments/wasm-gui/third_party/wasm-prefix/include/freetype2 conftest.c >&5
configure:3524: $? = 0
configure:3545: result: o
configure:3549: checking whether we are using the GNU C compiler
configure:3568: /home/nathan/secure-exec/registry/native/c/vendor/wasi-sdk/bin/clang -c --target=wasm32-wasip1 --sysroot=/home/nathan/secure-exec/registry/native/c/sysroot -O2 -D_WASI_EMULATED_MMAN -D_WASI_EMULATED_PROCESS_CLOCKS -D_GNU_SOURCE -mllvm -wasm-enable-sjlj -Wno-error=implicit-function-declaration -Wno-error=int-conversion -Wno-int-conversion -I/home/nathan/secure-exec-wasmgui/experiments/wasm-gui/toolchain/compat-include -include /home/nathan/secure-exec-wasmgui/experiments/wasm-gui/toolchain/wasi-compat.h -I/home/nathan/secure-exec-wasmgui/experiments/wasm-gui/third_party/wasm-prefix/include/freetype2 --target=wasm32-wasip1 --sysroot=/home/nathan/secure-exec/registry/native/c/sysroot -I/home/nathan/secure-exec-wasmgui/experiments/wasm-gui/third_party/wasm-prefix/include -I/home/nathan/secure-exec-wasmgui/experiments/wasm-gui/toolchain/compat-include -include /home/nathan/secure-exec-wasmgui/experiments/wasm-gui/toolchain/wasi-compat.h -I/home/nathan/secure-exec-wasmgui/experiments/wasm-gui/third_party/wasm-prefix/include/freetype2 conftest.c >&5
configure:3568: $? = 0
configure:3577: result: yes
configure:3586: checking whether /home/nathan/secure-exec/registry/native/c/vendor/wasi-sdk/bin/clang accepts -g
configure:3606: /home/nathan/secure-exec/registry/native/c/vendor/wasi-sdk/bin/clang -c -g --target=wasm32-wasip1 --sysroot=/home/nathan/secure-exec/registry/native/c/sysroot -I/home/nathan/secure-exec-wasmgui/experiments/wasm-gui/third_party/wasm-prefix/include -I/home/nathan/secure-exec-wasmgui/experiments/wasm-gui/toolchain/compat-include -include /home/nathan/secure-exec-wasmgui/experiments/wasm-gui/toolchain/wasi-compat.h -I/home/nathan/secure-exec-wasmgui/experiments/wasm-gui/third_party/wasm-prefix/include/freetype2 conftest.c >&5
configure:3606: $? = 0
configure:3647: result: yes
configure:3664: checking for /home/nathan/secure-exec/registry/native/c/vendor/wasi-sdk/bin/clang option to accept ISO C89
configure:3727: /home/nathan/secure-exec/registry/native/c/vendor/wasi-sdk/bin/clang  -c --target=wasm32-wasip1 --sysroot=/home/nathan/secure-exec/registry/native/c/sysroot -O2 -D_WASI_EMULATED_MMAN -D_WASI_EMULATED_PROCESS_CLOCKS -D_GNU_SOURCE -mllvm -wasm-enable-sjlj -Wno-error=implicit-function-declaration -Wno-error=int-conversion -Wno-int-conversion -I/home/nathan/secure-exec-wasmgui/experiments/wasm-gui/toolchain/compat-include -include /home/nathan/secure-exec-wasmgui/experiments/wasm-gui/toolchain/wasi-compat.h -I/home/nathan/secure-exec-wasmgui/experiments/wasm-gui/third_party/wasm-prefix/include/freetype2 --target=wasm32-wasip1 --sysroot=/home/nathan/secure-exec/registry/native/c/sysroot -I/home/nathan/secure-exec-wasmgui/experiments/wasm-gui/third_party/wasm-prefix/include -I/home/nathan/secure-exec-wasmgui/experiments/wasm-gui/toolchain/compat-include -include /home/nathan/secure-exec-wasmgui/experiments/wasm-gui/toolchain/wasi-compat.h -I/home/nathan/secure-exec-wasmgui/experiments/wasm-gui/third_party/wasm-prefix/include/freetype2 conftest.c >&5
conftest.c:17:14: warning: a function definition without a prototype is deprecated in all versions of C and is not supported in C23 [-Wdeprecated-non-prototype]
   17 | static char *e (p, i)
      |              ^
1 warning generated.
configure:3727: $? = 0
configure:3740: result: none needed
configure:3765: checking whether /home/nathan/secure-exec/registry/native/c/vendor/wasi-sdk/bin/clang understands -c and -o together
configure:3787: /home/nathan/secure-exec/registry/native/c/vendor/wasi-sdk/bin/clang -c conftest.c -o conftest2.o
configure:3790: $? = 0
configure:3787: /home/nathan/secure-exec/registry/native/c/vendor/wasi-sdk/bin/clang -c conftest.c -o conftest2.o
configure:3790: $? = 0
configure:3802: result: yes
configure:3822: checking whether make supports the include directive
configure:3837: make -f confmf.GNU && cat confinc.out
this is the am__doit target
configure:3840: $? = 0
configure:3859: result: yes (GNU style)
configure:3884: checking dependency style of /home/nathan/secure-exec/registry/native/c/vendor/wasi-sdk/bin/clang
configure:3995: result: none
configure:4015: checking how to run the C preprocessor
configure:4046: /home/nathan/secure-exec/registry/native/c/vendor/wasi-sdk/bin/clang -E --target=wasm32-wasip1 --sysroot=/home/nathan/secure-exec/registry/native/c/sysroot -I/home/nathan/secure-exec-wasmgui/experiments/wasm-gui/third_party/wasm-prefix/include -I/home/nathan/secure-exec-wasmgui/experiments/wasm-gui/toolchain/compat-include -include /home/nathan/secure-exec-wasmgui/experiments/wasm-gui/toolchain/wasi-compat.h -I/home/nathan/secure-exec-wasmgui/experiments/wasm-gui/third_party/wasm-prefix/include/freetype2 conftest.c
configure:4046: $? = 0
configure:4060: /home/nathan/secure-exec/registry/native/c/vendor/wasi-sdk/bin/clang -E --target=wasm32-wasip1 --sysroot=/home/nathan/secure-exec/registry/native/c/sysroot -I/home/nathan/secure-exec-wasmgui/experiments/wasm-gui/third_party/wasm-prefix/include -I/home/nathan/secure-exec-wasmgui/experiments/wasm-gui/toolchain/compat-include -include /home/nathan/secure-exec-wasmgui/experiments/wasm-gui/toolchain/wasi-compat.h -I/home/nathan/secure-exec-wasmgui/experiments/wasm-gui/third_party/wasm-prefix/include/freetype2 conftest.c
conftest.c:11:10: fatal error: 'ac_nonexistent.h' file not found
   11 | #include <ac_nonexistent.h>
      |          ^~~~~~~~~~~~~~~~~~
1 error generated.
configure:4060: $? = 1
configure: failed program was:
| /* confdefs.h */
| #define PACKAGE_NAME "jwm"
| #define PACKAGE_TARNAME "jwm"
| #define PACKAGE_VERSION "2.4.6"
| #define PACKAGE_STRING "jwm 2.4.6"
| #define PACKAGE_BUGREPORT "joewing@joewing.net"
| #define PACKAGE_URL ""
| #define PACKAGE "jwm"
| #define VERSION "2.4.6"
| /* end confdefs.h.  */
| #include <ac_nonexistent.h>
configure:4085: result: /home/nathan/secure-exec/registry/native/c/vendor/wasi-sdk/bin/clang -E
configure:4105: /home/nathan/secure-exec/registry/native/c/vendor/wasi-sdk/bin/clang -E --target=wasm32-wasip1 --sysroot=/home/nathan/secure-exec/registry/native/c/sysroot -I/home/nathan/secure-exec-wasmgui/experiments/wasm-gui/third_party/wasm-prefix/include -I/home/nathan/secure-exec-wasmgui/experiments/wasm-gui/toolchain/compat-include -include /home/nathan/secure-exec-wasmgui/experiments/wasm-gui/toolchain/wasi-compat.h -I/home/nathan/secure-exec-wasmgui/experiments/wasm-gui/third_party/wasm-prefix/include/freetype2 conftest.c
configure:4105: $? = 0
configure:4119: /home/nathan/secure-exec/registry/native/c/vendor/wasi-sdk/bin/clang -E --target=wasm32-wasip1 --sysroot=/home/nathan/secure-exec/registry/native/c/sysroot -I/home/nathan/secure-exec-wasmgui/experiments/wasm-gui/third_party/wasm-prefix/include -I/home/nathan/secure-exec-wasmgui/experiments/wasm-gui/toolchain/compat-include -include /home/nathan/secure-exec-wasmgui/experiments/wasm-gui/toolchain/wasi-compat.h -I/home/nathan/secure-exec-wasmgui/experiments/wasm-gui/third_party/wasm-prefix/include/freetype2 conftest.c
conftest.c:11:10: fatal error: 'ac_nonexistent.h' file not found
   11 | #include <ac_nonexistent.h>
      |          ^~~~~~~~~~~~~~~~~~
1 error generated.
configure:4119: $? = 1
configure: failed program was:
| /* confdefs.h */
| #define PACKAGE_NAME "jwm"
| #define PACKAGE_TARNAME "jwm"
| #define PACKAGE_VERSION "2.4.6"
| #define PACKAGE_STRING "jwm 2.4.6"
| #define PACKAGE_BUGREPORT "joewing@joewing.net"
| #define PACKAGE_URL ""
| #define PACKAGE "jwm"
| #define VERSION "2.4.6"
| /* end confdefs.h.  */
| #include <ac_nonexistent.h>
configure:4155: checking if _XOPEN_SOURCE should be defined
configure:4172: /home/nathan/secure-exec/registry/native/c/vendor/wasi-sdk/bin/clang -c --target=wasm32-wasip1 --sysroot=/home/nathan/secure-exec/registry/native/c/sysroot -O2 -D_WASI_EMULATED_MMAN -D_WASI_EMULATED_PROCESS_CLOCKS -D_GNU_SOURCE -mllvm -wasm-enable-sjlj -Wno-error=implicit-function-declaration -Wno-error=int-conversion -Wno-int-conversion -I/home/nathan/secure-exec-wasmgui/experiments/wasm-gui/toolchain/compat-include -include /home/nathan/secure-exec-wasmgui/experiments/wasm-gui/toolchain/wasi-compat.h -I/home/nathan/secure-exec-wasmgui/experiments/wasm-gui/third_party/wasm-prefix/include/freetype2 --target=wasm32-wasip1 --sysroot=/home/nathan/secure-exec/registry/native/c/sysroot -I/home/nathan/secure-exec-wasmgui/experiments/wasm-gui/third_party/wasm-prefix/include -I/home/nathan/secure-exec-wasmgui/experiments/wasm-gui/toolchain/compat-include -include /home/nathan/secure-exec-wasmgui/experiments/wasm-gui/toolchain/wasi-compat.h -I/home/nathan/secure-exec-wasmgui/experiments/wasm-gui/third_party/wasm-prefix/include/freetype2 conftest.c >&5
configure:4172: $? = 0
configure:4178: result: yes
configure:4203: checking for X
configure:4311: /home/nathan/secure-exec/registry/native/c/vendor/wasi-sdk/bin/clang -E --target=wasm32-wasip1 --sysroot=/home/nathan/secure-exec/registry/native/c/sysroot -I/home/nathan/secure-exec-wasmgui/experiments/wasm-gui/third_party/wasm-prefix/include -I/home/nathan/secure-exec-wasmgui/experiments/wasm-gui/toolchain/compat-include -include /home/nathan/secure-exec-wasmgui/experiments/wasm-gui/toolchain/wasi-compat.h -I/home/nathan/secure-exec-wasmgui/experiments/wasm-gui/third_party/wasm-prefix/include/freetype2 conftest.c
configure:4311: $? = 0
configure:4342: /home/nathan/secure-exec/registry/native/c/vendor/wasi-sdk/bin/clang -o conftest --target=wasm32-wasip1 --sysroot=/home/nathan/secure-exec/registry/native/c/sysroot -O2 -D_WASI_EMULATED_MMAN -D_WASI_EMULATED_PROCESS_CLOCKS -D_GNU_SOURCE -mllvm -wasm-enable-sjlj -Wno-error=implicit-function-declaration -Wno-error=int-conversion -Wno-int-conversion -I/home/nathan/secure-exec-wasmgui/experiments/wasm-gui/toolchain/compat-include -include /home/nathan/secure-exec-wasmgui/experiments/wasm-gui/toolchain/wasi-compat.h -I/home/nathan/secure-exec-wasmgui/experiments/wasm-gui/third_party/wasm-prefix/include/freetype2 --target=wasm32-wasip1 --sysroot=/home/nathan/secure-exec/registry/native/c/sysroot -I/home/nathan/secure-exec-wasmgui/experiments/wasm-gui/third_party/wasm-prefix/include -I/home/nathan/secure-exec-wasmgui/experiments/wasm-gui/toolchain/compat-include -include /home/nathan/secure-exec-wasmgui/experiments/wasm-gui/toolchain/wasi-compat.h -I/home/nathan/secure-exec-wasmgui/experiments/wasm-gui/third_party/wasm-prefix/include/freetype2 --target=wasm32-wasip1 --sysroot=/home/nathan/secure-exec/registry/native/c/sysroot -L/home/nathan/secure-exec-wasmgui/experiments/wasm-gui/third_party/wasm-prefix/lib -L/home/nathan/secure-exec/registry/native/c/vendor/wasi-sdk/share/wasi-sysroot/lib/wasm32-wasip1 -lwasi-emulated-mman -lwasi-emulated-process-clocks conftest.c -lX11  >&5
configure:4342: $? = 0
configure:4392: result: libraries , headers 
configure:4408: checking for XOpenDisplay in -lX11
configure:4433: /home/nathan/secure-exec/registry/native/c/vendor/wasi-sdk/bin/clang -o conftest --target=wasm32-wasip1 --sysroot=/home/nathan/secure-exec/registry/native/c/sysroot -O2 -D_WASI_EMULATED_MMAN -D_WASI_EMULATED_PROCESS_CLOCKS -D_GNU_SOURCE -mllvm -wasm-enable-sjlj -Wno-error=implicit-function-declaration -Wno-error=int-conversion -Wno-int-conversion -I/home/nathan/secure-exec-wasmgui/experiments/wasm-gui/toolchain/compat-include -include /home/nathan/secure-exec-wasmgui/experiments/wasm-gui/toolchain/wasi-compat.h -I/home/nathan/secure-exec-wasmgui/experiments/wasm-gui/third_party/wasm-prefix/include/freetype2 --target=wasm32-wasip1 --sysroot=/home/nathan/secure-exec/registry/native/c/sysroot -I/home/nathan/secure-exec-wasmgui/experiments/wasm-gui/third_party/wasm-prefix/include -I/home/nathan/secure-exec-wasmgui/experiments/wasm-gui/toolchain/compat-include -include /home/nathan/secure-exec-wasmgui/experiments/wasm-gui/toolchain/wasi-compat.h -I/home/nathan/secure-exec-wasmgui/experiments/wasm-gui/third_party/wasm-prefix/include/freetype2 --target=wasm32-wasip1 --sysroot=/home/nathan/secure-exec/registry/native/c/sysroot -L/home/nathan/secure-exec-wasmgui/experiments/wasm-gui/third_party/wasm-prefix/lib -L/home/nathan/secure-exec/registry/native/c/vendor/wasi-sdk/share/wasi-sysroot/lib/wasm32-wasip1 -lwasi-emulated-mman -lwasi-emulated-process-clocks conftest.c -lX11   >&5
wasm-ld: warning: function signature mismatch: XOpenDisplay
>>> defined as () -> i32 in /tmp/conftest-bfb6ae.o
>>> defined as (i32) -> i32 in /home/nathan/secure-exec-wasmgui/experiments/wasm-gui/third_party/wasm-prefix/lib/libX11.a(OpenDis.o)
configure:4433: $? = 0
configure:4442: result: yes
configure:4451: checking for Xutf8TextPropertyToTextList in -lX11
configure:4476: /home/nathan/secure-exec/registry/native/c/vendor/wasi-sdk/bin/clang -o conftest --target=wasm32-wasip1 --sysroot=/home/nathan/secure-exec/registry/native/c/sysroot -O2 -D_WASI_EMULATED_MMAN -D_WASI_EMULATED_PROCESS_CLOCKS -D_GNU_SOURCE -mllvm -wasm-enable-sjlj -Wno-error=implicit-function-declaration -Wno-error=int-conversion -Wno-int-conversion -I/home/nathan/secure-exec-wasmgui/experiments/wasm-gui/toolchain/compat-include -include /home/nathan/secure-exec-wasmgui/experiments/wasm-gui/toolchain/wasi-compat.h -I/home/nathan/secure-exec-wasmgui/experiments/wasm-gui/third_party/wasm-prefix/include/freetype2 --target=wasm32-wasip1 --sysroot=/home/nathan/secure-exec/registry/native/c/sysroot -I/home/nathan/secure-exec-wasmgui/experiments/wasm-gui/third_party/wasm-prefix/include -I/home/nathan/secure-exec-wasmgui/experiments/wasm-gui/toolchain/compat-include -include /home/nathan/secure-exec-wasmgui/experiments/wasm-gui/toolchain/wasi-compat.h -I/home/nathan/secure-exec-wasmgui/experiments/wasm-gui/third_party/wasm-prefix/include/freetype2 --target=wasm32-wasip1 --sysroot=/home/nathan/secure-exec/registry/native/c/sysroot -L/home/nathan/secure-exec-wasmgui/experiments/wasm-gui/third_party/wasm-prefix/lib -L/home/nathan/secure-exec/registry/native/c/vendor/wasi-sdk/share/wasi-sysroot/lib/wasm32-wasip1 -lwasi-emulated-mman -lwasi-emulated-process-clocks -lX11 conftest.c -lX11   >&5
wasm-ld: error: /home/nathan/secure-exec-wasmgui/experiments/wasm-gui/third_party/wasm-prefix/lib/libX11.a(xcb_io.o): undefined symbol: xcb_connection_has_error
wasm-ld: error: /home/nathan/secure-exec-wasmgui/experiments/wasm-gui/third_party/wasm-prefix/lib/libX11.a(xcb_io.o): undefined symbol: xcb_writev
wasm-ld: error: /home/nathan/secure-exec-wasmgui/experiments/wasm-gui/third_party/wasm-prefix/lib/libX11.a(xcb_io.o): undefined symbol: xcb_poll_for_reply64
wasm-ld: error: /home/nathan/secure-exec-wasmgui/experiments/wasm-gui/third_party/wasm-prefix/lib/libX11.a(xcb_io.o): undefined symbol: xcb_take_socket
wasm-ld: error: /home/nathan/secure-exec-wasmgui/experiments/wasm-gui/third_party/wasm-prefix/lib/libX11.a(xcb_io.o): undefined symbol: xcb_poll_for_queued_event
wasm-ld: error: /home/nathan/secure-exec-wasmgui/experiments/wasm-gui/third_party/wasm-prefix/lib/libX11.a(xcb_io.o): undefined symbol: xcb_poll_for_event
wasm-ld: error: /home/nathan/secure-exec-wasmgui/experiments/wasm-gui/third_party/wasm-prefix/lib/libX11.a(xcb_io.o): undefined symbol: xcb_wait_for_event
wasm-ld: error: /home/nathan/secure-exec-wasmgui/experiments/wasm-gui/third_party/wasm-prefix/lib/libX11.a(xcb_io.o): undefined symbol: xcb_connection_has_error
wasm-ld: error: /home/nathan/secure-exec-wasmgui/experiments/wasm-gui/third_party/wasm-prefix/lib/libX11.a(xcb_io.o): undefined symbol: xcb_take_socket
wasm-ld: error: /home/nathan/secure-exec-wasmgui/experiments/wasm-gui/third_party/wasm-prefix/lib/libX11.a(xcb_io.o): undefined symbol: xcb_generate_id
wasm-ld: error: /home/nathan/secure-exec-wasmgui/experiments/wasm-gui/third_party/wasm-prefix/lib/libX11.a(xcb_io.o): undefined symbol: xcb_wait_for_reply64
wasm-ld: error: /home/nathan/secure-exec-wasmgui/experiments/wasm-gui/third_party/wasm-prefix/lib/libX11.a(xim_trans.o): undefined symbol: gethostname
wasm-ld: error: /home/nathan/secure-exec-wasmgui/experiments/wasm-gui/third_party/wasm-prefix/lib/libX11.a(xim_trans.o): undefined symbol: socket
wasm-ld: error: /home/nathan/secure-exec-wasmgui/experiments/wasm-gui/third_party/wasm-prefix/lib/libX11.a(xim_trans.o): undefined symbol: setsockopt
wasm-ld: error: /home/nathan/secure-exec-wasmgui/experiments/wasm-gui/third_party/wasm-prefix/lib/libX11.a(xim_trans.o): undefined symbol: gethostname
wasm-ld: error: /home/nathan/secure-exec-wasmgui/experiments/wasm-gui/third_party/wasm-prefix/lib/libX11.a(xim_trans.o): undefined symbol: gethostbyname
wasm-ld: error: /home/nathan/secure-exec-wasmgui/experiments/wasm-gui/third_party/wasm-prefix/lib/libX11.a(xim_trans.o): undefined symbol: gethostbyname
wasm-ld: error: /home/nathan/secure-exec-wasmgui/experiments/wasm-gui/third_party/wasm-prefix/lib/libX11.a(xim_trans.o): undefined symbol: connect
clang: error: linker command failed with exit code 1 (use -v to see invocation)
configure:4476: $? = 1
configure: failed program was:
| /* confdefs.h */
| #define PACKAGE_NAME "jwm"
| #define PACKAGE_TARNAME "jwm"
| #define PACKAGE_VERSION "2.4.6"
| #define PACKAGE_STRING "jwm 2.4.6"
| #define PACKAGE_BUGREPORT "joewing@joewing.net"
| #define PACKAGE_URL ""
| #define PACKAGE "jwm"
| #define VERSION "2.4.6"
| #define _XOPEN_SOURCE 600L
| #define _XOPEN_SOURCE_EXTENDED 1
| #define __EXTENSIONS__ 1
| /* end confdefs.h.  */
| 
| /* Override any GCC internal prototype to avoid an error.
|    Use char because int might match the return type of a GCC
|    builtin and then its argument prototype would still apply.  */
| #ifdef __cplusplus
| extern "C"
| #endif
| char Xutf8TextPropertyToTextList ();
| int
| main ()
| {
| return Xutf8TextPropertyToTextList ();
|   ;
|   return 0;
| }
configure:4485: result: no
configure:4492: WARNING: Xutf8TextPropertyToTextList not found in libX11
configure:4500: checking for grep that handles long lines and -e
configure:4558: result: /usr/bin/grep
configure:4563: checking for egrep
configure:4625: result: /usr/bin/grep -E
configure:4630: checking for ANSI C header files
configure:4650: /home/nathan/secure-exec/registry/native/c/vendor/wasi-sdk/bin/clang -c --target=wasm32-wasip1 --sysroot=/home/nathan/secure-exec/registry/native/c/sysroot -O2 -D_WASI_EMULATED_MMAN -D_WASI_EMULATED_PROCESS_CLOCKS -D_GNU_SOURCE -mllvm -wasm-enable-sjlj -Wno-error=implicit-function-declaration -Wno-error=int-conversion -Wno-int-conversion -I/home/nathan/secure-exec-wasmgui/experiments/wasm-gui/toolchain/compat-include -include /home/nathan/secure-exec-wasmgui/experiments/wasm-gui/toolchain/wasi-compat.h -I/home/nathan/secure-exec-wasmgui/experiments/wasm-gui/third_party/wasm-prefix/include/freetype2 --target=wasm32-wasip1 --sysroot=/home/nathan/secure-exec/registry/native/c/sysroot -I/home/nathan/secure-exec-wasmgui/experiments/wasm-gui/third_party/wasm-prefix/include -I/home/nathan/secure-exec-wasmgui/experiments/wasm-gui/toolchain/compat-include -include /home/nathan/secure-exec-wasmgui/experiments/wasm-gui/toolchain/wasi-compat.h -I/home/nathan/secure-exec-wasmgui/experiments/wasm-gui/third_party/wasm-prefix/include/freetype2 conftest.c >&5
configure:4650: $? = 0
configure:4734: result: yes
configure:4747: checking for sys/types.h
configure:4747: /home/nathan/secure-exec/registry/native/c/vendor/wasi-sdk/bin/clang -c --target=wasm32-wasip1 --sysroot=/home/nathan/secure-exec/registry/native/c/sysroot -O2 -D_WASI_EMULATED_MMAN -D_WASI_EMULATED_PROCESS_CLOCKS -D_GNU_SOURCE -mllvm -wasm-enable-sjlj -Wno-error=implicit-function-declaration -Wno-error=int-conversion -Wno-int-conversion -I/home/nathan/secure-exec-wasmgui/experiments/wasm-gui/toolchain/compat-include -include /home/nathan/secure-exec-wasmgui/experiments/wasm-gui/toolchain/wasi-compat.h -I/home/nathan/secure-exec-wasmgui/experiments/wasm-gui/third_party/wasm-prefix/include/freetype2 --target=wasm32-wasip1 --sysroot=/home/nathan/secure-exec/registry/native/c/sysroot -I/home/nathan/secure-exec-wasmgui/experiments/wasm-gui/third_party/wasm-prefix/include -I/home/nathan/secure-exec-wasmgui/experiments/wasm-gui/toolchain/compat-include -include /home/nathan/secure-exec-wasmgui/experiments/wasm-gui/toolchain/wasi-compat.h -I/home/nathan/secure-exec-wasmgui/experiments/wasm-gui/third_party/wasm-prefix/include/freetype2 conftest.c >&5
configure:4747: $? = 0
configure:4747: result: yes
configure:4747: checking for sys/stat.h
configure:4747: /home/nathan/secure-exec/registry/native/c/vendor/wasi-sdk/bin/clang -c --target=wasm32-wasip1 --sysroot=/home/nathan/secure-exec/registry/native/c/sysroot -O2 -D_WASI_EMULATED_MMAN -D_WASI_EMULATED_PROCESS_CLOCKS -D_GNU_SOURCE -mllvm -wasm-enable-sjlj -Wno-error=implicit-function-declaration -Wno-error=int-conversion -Wno-int-conversion -I/home/nathan/secure-exec-wasmgui/experiments/wasm-gui/toolchain/compat-include -include /home/nathan/secure-exec-wasmgui/experiments/wasm-gui/toolchain/wasi-compat.h -I/home/nathan/secure-exec-wasmgui/experiments/wasm-gui/third_party/wasm-prefix/include/freetype2 --target=wasm32-wasip1 --sysroot=/home/nathan/secure-exec/registry/native/c/sysroot -I/home/nathan/secure-exec-wasmgui/experiments/wasm-gui/third_party/wasm-prefix/include -I/home/nathan/secure-exec-wasmgui/experiments/wasm-gui/toolchain/compat-include -include /home/nathan/secure-exec-wasmgui/experiments/wasm-gui/toolchain/wasi-compat.h -I/home/nathan/secure-exec-wasmgui/experiments/wasm-gui/third_party/wasm-prefix/include/freetype2 conftest.c >&5
configure:4747: $? = 0
configure:4747: result: yes
configure:4747: checking for stdlib.h
configure:4747: /home/nathan/secure-exec/registry/native/c/vendor/wasi-sdk/bin/clang -c --target=wasm32-wasip1 --sysroot=/home/nathan/secure-exec/registry/native/c/sysroot -O2 -D_WASI_EMULATED_MMAN -D_WASI_EMULATED_PROCESS_CLOCKS -D_GNU_SOURCE -mllvm -wasm-enable-sjlj -Wno-error=implicit-function-declaration -Wno-error=int-conversion -Wno-int-conversion -I/home/nathan/secure-exec-wasmgui/experiments/wasm-gui/toolchain/compat-include -include /home/nathan/secure-exec-wasmgui/experiments/wasm-gui/toolchain/wasi-compat.h -I/home/nathan/secure-exec-wasmgui/experiments/wasm-gui/third_party/wasm-prefix/include/freetype2 --target=wasm32-wasip1 --sysroot=/home/nathan/secure-exec/registry/native/c/sysroot -I/home/nathan/secure-exec-wasmgui/experiments/wasm-gui/third_party/wasm-prefix/include -I/home/nathan/secure-exec-wasmgui/experiments/wasm-gui/toolchain/compat-include -include /home/nathan/secure-exec-wasmgui/experiments/wasm-gui/toolchain/wasi-compat.h -I/home/nathan/secure-exec-wasmgui/experiments/wasm-gui/third_party/wasm-prefix/include/freetype2 conftest.c >&5
configure:4747: $? = 0
configure:4747: result: yes
configure:4747: checking for string.h
configure:4747: /home/nathan/secure-exec/registry/native/c/vendor/wasi-sdk/bin/clang -c --target=wasm32-wasip1 --sysroot=/home/nathan/secure-exec/registry/native/c/sysroot -O2 -D_WASI_EMULATED_MMAN -D_WASI_EMULATED_PROCESS_CLOCKS -D_GNU_SOURCE -mllvm -wasm-enable-sjlj -Wno-error=implicit-function-declaration -Wno-error=int-conversion -Wno-int-conversion -I/home/nathan/secure-exec-wasmgui/experiments/wasm-gui/toolchain/compat-include -include /home/nathan/secure-exec-wasmgui/experiments/wasm-gui/toolchain/wasi-compat.h -I/home/nathan/secure-exec-wasmgui/experiments/wasm-gui/third_party/wasm-prefix/include/freetype2 --target=wasm32-wasip1 --sysroot=/home/nathan/secure-exec/registry/native/c/sysroot -I/home/nathan/secure-exec-wasmgui/experiments/wasm-gui/third_party/wasm-prefix/include -I/home/nathan/secure-exec-wasmgui/experiments/wasm-gui/toolchain/compat-include -include /home/nathan/secure-exec-wasmgui/experiments/wasm-gui/toolchain/wasi-compat.h -I/home/nathan/secure-exec-wasmgui/experiments/wasm-gui/third_party/wasm-prefix/include/freetype2 conftest.c >&5
configure:4747: $? = 0
configure:4747: result: yes
configure:4747: checking for memory.h
configure:4747: /home/nathan/secure-exec/registry/native/c/vendor/wasi-sdk/bin/clang -c --target=wasm32-wasip1 --sysroot=/home/nathan/secure-exec/registry/native/c/sysroot -O2 -D_WASI_EMULATED_MMAN -D_WASI_EMULATED_PROCESS_CLOCKS -D_GNU_SOURCE -mllvm -wasm-enable-sjlj -Wno-error=implicit-function-declaration -Wno-error=int-conversion -Wno-int-conversion -I/home/nathan/secure-exec-wasmgui/experiments/wasm-gui/toolchain/compat-include -include /home/nathan/secure-exec-wasmgui/experiments/wasm-gui/toolchain/wasi-compat.h -I/home/nathan/secure-exec-wasmgui/experiments/wasm-gui/third_party/wasm-prefix/include/freetype2 --target=wasm32-wasip1 --sysroot=/home/nathan/secure-exec/registry/native/c/sysroot -I/home/nathan/secure-exec-wasmgui/experiments/wasm-gui/third_party/wasm-prefix/include -I/home/nathan/secure-exec-wasmgui/experiments/wasm-gui/toolchain/compat-include -include /home/nathan/secure-exec-wasmgui/experiments/wasm-gui/toolchain/wasi-compat.h -I/home/nathan/secure-exec-wasmgui/experiments/wasm-gui/third_party/wasm-prefix/include/freetype2 conftest.c >&5
configure:4747: $? = 0
configure:4747: result: yes
configure:4747: checking for strings.h
configure:4747: /home/nathan/secure-exec/registry/native/c/vendor/wasi-sdk/bin/clang -c --target=wasm32-wasip1 --sysroot=/home/nathan/secure-exec/registry/native/c/sysroot -O2 -D_WASI_EMULATED_MMAN -D_WASI_EMULATED_PROCESS_CLOCKS -D_GNU_SOURCE -mllvm -wasm-enable-sjlj -Wno-error=implicit-function-declaration -Wno-error=int-conversion -Wno-int-conversion -I/home/nathan/secure-exec-wasmgui/experiments/wasm-gui/toolchain/compat-include -include /home/nathan/secure-exec-wasmgui/experiments/wasm-gui/toolchain/wasi-compat.h -I/home/nathan/secure-exec-wasmgui/experiments/wasm-gui/third_party/wasm-prefix/include/freetype2 --target=wasm32-wasip1 --sysroot=/home/nathan/secure-exec/registry/native/c/sysroot -I/home/nathan/secure-exec-wasmgui/experiments/wasm-gui/third_party/wasm-prefix/include -I/home/nathan/secure-exec-wasmgui/experiments/wasm-gui/toolchain/compat-include -include /home/nathan/secure-exec-wasmgui/experiments/wasm-gui/toolchain/wasi-compat.h -I/home/nathan/secure-exec-wasmgui/experiments/wasm-gui/third_party/wasm-prefix/include/freetype2 conftest.c >&5
configure:4747: $? = 0
configure:4747: result: yes
configure:4747: checking for inttypes.h
configure:4747: /home/nathan/secure-exec/registry/native/c/vendor/wasi-sdk/bin/clang -c --target=wasm32-wasip1 --sysroot=/home/nathan/secure-exec/registry/native/c/sysroot -O2 -D_WASI_EMULATED_MMAN -D_WASI_EMULATED_PROCESS_CLOCKS -D_GNU_SOURCE -mllvm -wasm-enable-sjlj -Wno-error=implicit-function-declaration -Wno-error=int-conversion -Wno-int-conversion -I/home/nathan/secure-exec-wasmgui/experiments/wasm-gui/toolchain/compat-include -include /home/nathan/secure-exec-wasmgui/experiments/wasm-gui/toolchain/wasi-compat.h -I/home/nathan/secure-exec-wasmgui/experiments/wasm-gui/third_party/wasm-prefix/include/freetype2 --target=wasm32-wasip1 --sysroot=/home/nathan/secure-exec/registry/native/c/sysroot -I/home/nathan/secure-exec-wasmgui/experiments/wasm-gui/third_party/wasm-prefix/include -I/home/nathan/secure-exec-wasmgui/experiments/wasm-gui/toolchain/compat-include -include /home/nathan/secure-exec-wasmgui/experiments/wasm-gui/toolchain/wasi-compat.h -I/home/nathan/secure-exec-wasmgui/experiments/wasm-gui/third_party/wasm-prefix/include/freetype2 conftest.c >&5
configure:4747: $? = 0
configure:4747: result: yes
configure:4747: checking for stdint.h
configure:4747: /home/nathan/secure-exec/registry/native/c/vendor/wasi-sdk/bin/clang -c --target=wasm32-wasip1 --sysroot=/home/nathan/secure-exec/registry/native/c/sysroot -O2 -D_WASI_EMULATED_MMAN -D_WASI_EMULATED_PROCESS_CLOCKS -D_GNU_SOURCE -mllvm -wasm-enable-sjlj -Wno-error=implicit-function-declaration -Wno-error=int-conversion -Wno-int-conversion -I/home/nathan/secure-exec-wasmgui/experiments/wasm-gui/toolchain/compat-include -include /home/nathan/secure-exec-wasmgui/experiments/wasm-gui/toolchain/wasi-compat.h -I/home/nathan/secure-exec-wasmgui/experiments/wasm-gui/third_party/wasm-prefix/include/freetype2 --target=wasm32-wasip1 --sysroot=/home/nathan/secure-exec/registry/native/c/sysroot -I/home/nathan/secure-exec-wasmgui/experiments/wasm-gui/third_party/wasm-prefix/include -I/home/nathan/secure-exec-wasmgui/experiments/wasm-gui/toolchain/compat-include -include /home/nathan/secure-exec-wasmgui/experiments/wasm-gui/toolchain/wasi-compat.h -I/home/nathan/secure-exec-wasmgui/experiments/wasm-gui/third_party/wasm-prefix/include/freetype2 conftest.c >&5
configure:4747: $? = 0
configure:4747: result: yes
configure:4747: checking for unistd.h
configure:4747: /home/nathan/secure-exec/registry/native/c/vendor/wasi-sdk/bin/clang -c --target=wasm32-wasip1 --sysroot=/home/nathan/secure-exec/registry/native/c/sysroot -O2 -D_WASI_EMULATED_MMAN -D_WASI_EMULATED_PROCESS_CLOCKS -D_GNU_SOURCE -mllvm -wasm-enable-sjlj -Wno-error=implicit-function-declaration -Wno-error=int-conversion -Wno-int-conversion -I/home/nathan/secure-exec-wasmgui/experiments/wasm-gui/toolchain/compat-include -include /home/nathan/secure-exec-wasmgui/experiments/wasm-gui/toolchain/wasi-compat.h -I/home/nathan/secure-exec-wasmgui/experiments/wasm-gui/third_party/wasm-prefix/include/freetype2 --target=wasm32-wasip1 --sysroot=/home/nathan/secure-exec/registry/native/c/sysroot -I/home/nathan/secure-exec-wasmgui/experiments/wasm-gui/third_party/wasm-prefix/include -I/home/nathan/secure-exec-wasmgui/experiments/wasm-gui/toolchain/compat-include -include /home/nathan/secure-exec-wasmgui/experiments/wasm-gui/toolchain/wasi-compat.h -I/home/nathan/secure-exec-wasmgui/experiments/wasm-gui/third_party/wasm-prefix/include/freetype2 conftest.c >&5
configure:4747: $? = 0
configure:4747: result: yes
configure:4762: checking stdarg.h usability
configure:4762: /home/nathan/secure-exec/registry/native/c/vendor/wasi-sdk/bin/clang -c --target=wasm32-wasip1 --sysroot=/home/nathan/secure-exec/registry/native/c/sysroot -O2 -D_WASI_EMULATED_MMAN -D_WASI_EMULATED_PROCESS_CLOCKS -D_GNU_SOURCE -mllvm -wasm-enable-sjlj -Wno-error=implicit-function-declaration -Wno-error=int-conversion -Wno-int-conversion -I/home/nathan/secure-exec-wasmgui/experiments/wasm-gui/toolchain/compat-include -include /home/nathan/secure-exec-wasmgui/experiments/wasm-gui/toolchain/wasi-compat.h -I/home/nathan/secure-exec-wasmgui/experiments/wasm-gui/third_party/wasm-prefix/include/freetype2 --target=wasm32-wasip1 --sysroot=/home/nathan/secure-exec/registry/native/c/sysroot -I/home/nathan/secure-exec-wasmgui/experiments/wasm-gui/third_party/wasm-prefix/include -I/home/nathan/secure-exec-wasmgui/experiments/wasm-gui/toolchain/compat-include -include /home/nathan/secure-exec-wasmgui/experiments/wasm-gui/toolchain/wasi-compat.h -I/home/nathan/secure-exec-wasmgui/experiments/wasm-gui/third_party/wasm-prefix/include/freetype2 conftest.c >&5
configure:4762: $? = 0
configure:4762: result: yes
configure:4762: checking stdarg.h presence
configure:4762: /home/nathan/secure-exec/registry/native/c/vendor/wasi-sdk/bin/clang -E --target=wasm32-wasip1 --sysroot=/home/nathan/secure-exec/registry/native/c/sysroot -I/home/nathan/secure-exec-wasmgui/experiments/wasm-gui/third_party/wasm-prefix/include -I/home/nathan/secure-exec-wasmgui/experiments/wasm-gui/toolchain/compat-include -include /home/nathan/secure-exec-wasmgui/experiments/wasm-gui/toolchain/wasi-compat.h -I/home/nathan/secure-exec-wasmgui/experiments/wasm-gui/third_party/wasm-prefix/include/freetype2 conftest.c
configure:4762: $? = 0
configure:4762: result: yes
configure:4762: checking for stdarg.h
configure:4762: result: yes
configure:4762: checking stdio.h usability
configure:4762: /home/nathan/secure-exec/registry/native/c/vendor/wasi-sdk/bin/clang -c --target=wasm32-wasip1 --sysroot=/home/nathan/secure-exec/registry/native/c/sysroot -O2 -D_WASI_EMULATED_MMAN -D_WASI_EMULATED_PROCESS_CLOCKS -D_GNU_SOURCE -mllvm -wasm-enable-sjlj -Wno-error=implicit-function-declaration -Wno-error=int-conversion -Wno-int-conversion -I/home/nathan/secure-exec-wasmgui/experiments/wasm-gui/toolchain/compat-include -include /home/nathan/secure-exec-wasmgui/experiments/wasm-gui/toolchain/wasi-compat.h -I/home/nathan/secure-exec-wasmgui/experiments/wasm-gui/third_party/wasm-prefix/include/freetype2 --target=wasm32-wasip1 --sysroot=/home/nathan/secure-exec/registry/native/c/sysroot -I/home/nathan/secure-exec-wasmgui/experiments/wasm-gui/third_party/wasm-prefix/include -I/home/nathan/secure-exec-wasmgui/experiments/wasm-gui/toolchain/compat-include -include /home/nathan/secure-exec-wasmgui/experiments/wasm-gui/toolchain/wasi-compat.h -I/home/nathan/secure-exec-wasmgui/experiments/wasm-gui/third_party/wasm-prefix/include/freetype2 conftest.c >&5
configure:4762: $? = 0
configure:4762: result: yes
configure:4762: checking stdio.h presence
configure:4762: /home/nathan/secure-exec/registry/native/c/vendor/wasi-sdk/bin/clang -E --target=wasm32-wasip1 --sysroot=/home/nathan/secure-exec/registry/native/c/sysroot -I/home/nathan/secure-exec-wasmgui/experiments/wasm-gui/third_party/wasm-prefix/include -I/home/nathan/secure-exec-wasmgui/experiments/wasm-gui/toolchain/compat-include -include /home/nathan/secure-exec-wasmgui/experiments/wasm-gui/toolchain/wasi-compat.h -I/home/nathan/secure-exec-wasmgui/experiments/wasm-gui/third_party/wasm-prefix/include/freetype2 conftest.c
configure:4762: $? = 0
configure:4762: result: yes
configure:4762: checking for stdio.h
configure:4762: result: yes
configure:4762: checking for stdlib.h
configure:4762: result: yes
configure:4762: checking ctype.h usability
configure:4762: /home/nathan/secure-exec/registry/native/c/vendor/wasi-sdk/bin/clang -c --target=wasm32-wasip1 --sysroot=/home/nathan/secure-exec/registry/native/c/sysroot -O2 -D_WASI_EMULATED_MMAN -D_WASI_EMULATED_PROCESS_CLOCKS -D_GNU_SOURCE -mllvm -wasm-enable-sjlj -Wno-error=implicit-function-declaration -Wno-error=int-conversion -Wno-int-conversion -I/home/nathan/secure-exec-wasmgui/experiments/wasm-gui/toolchain/compat-include -include /home/nathan/secure-exec-wasmgui/experiments/wasm-gui/toolchain/wasi-compat.h -I/home/nathan/secure-exec-wasmgui/experiments/wasm-gui/third_party/wasm-prefix/include/freetype2 --target=wasm32-wasip1 --sysroot=/home/nathan/secure-exec/registry/native/c/sysroot -I/home/nathan/secure-exec-wasmgui/experiments/wasm-gui/third_party/wasm-prefix/include -I/home/nathan/secure-exec-wasmgui/experiments/wasm-gui/toolchain/compat-include -include /home/nathan/secure-exec-wasmgui/experiments/wasm-gui/toolchain/wasi-compat.h -I/home/nathan/secure-exec-wasmgui/experiments/wasm-gui/third_party/wasm-prefix/include/freetype2 conftest.c >&5
configure:4762: $? = 0
configure:4762: result: yes
configure:4762: checking ctype.h presence
configure:4762: /home/nathan/secure-exec/registry/native/c/vendor/wasi-sdk/bin/clang -E --target=wasm32-wasip1 --sysroot=/home/nathan/secure-exec/registry/native/c/sysroot -I/home/nathan/secure-exec-wasmgui/experiments/wasm-gui/third_party/wasm-prefix/include -I/home/nathan/secure-exec-wasmgui/experiments/wasm-gui/toolchain/compat-include -include /home/nathan/secure-exec-wasmgui/experiments/wasm-gui/toolchain/wasi-compat.h -I/home/nathan/secure-exec-wasmgui/experiments/wasm-gui/third_party/wasm-prefix/include/freetype2 conftest.c
configure:4762: $? = 0
configure:4762: result: yes
configure:4762: checking for ctype.h
configure:4762: result: yes
configure:4778: checking sys/select.h usability
configure:4778: /home/nathan/secure-exec/registry/native/c/vendor/wasi-sdk/bin/clang -c --target=wasm32-wasip1 --sysroot=/home/nathan/secure-exec/registry/native/c/sysroot -O2 -D_WASI_EMULATED_MMAN -D_WASI_EMULATED_PROCESS_CLOCKS -D_GNU_SOURCE -mllvm -wasm-enable-sjlj -Wno-error=implicit-function-declaration -Wno-error=int-conversion -Wno-int-conversion -I/home/nathan/secure-exec-wasmgui/experiments/wasm-gui/toolchain/compat-include -include /home/nathan/secure-exec-wasmgui/experiments/wasm-gui/toolchain/wasi-compat.h -I/home/nathan/secure-exec-wasmgui/experiments/wasm-gui/third_party/wasm-prefix/include/freetype2 --target=wasm32-wasip1 --sysroot=/home/nathan/secure-exec/registry/native/c/sysroot -I/home/nathan/secure-exec-wasmgui/experiments/wasm-gui/third_party/wasm-prefix/include -I/home/nathan/secure-exec-wasmgui/experiments/wasm-gui/toolchain/compat-include -include /home/nathan/secure-exec-wasmgui/experiments/wasm-gui/toolchain/wasi-compat.h -I/home/nathan/secure-exec-wasmgui/experiments/wasm-gui/third_party/wasm-prefix/include/freetype2 conftest.c >&5
configure:4778: $? = 0
configure:4778: result: yes
configure:4778: checking sys/select.h presence
configure:4778: /home/nathan/secure-exec/registry/native/c/vendor/wasi-sdk/bin/clang -E --target=wasm32-wasip1 --sysroot=/home/nathan/secure-exec/registry/native/c/sysroot -I/home/nathan/secure-exec-wasmgui/experiments/wasm-gui/third_party/wasm-prefix/include -I/home/nathan/secure-exec-wasmgui/experiments/wasm-gui/toolchain/compat-include -include /home/nathan/secure-exec-wasmgui/experiments/wasm-gui/toolchain/wasi-compat.h -I/home/nathan/secure-exec-wasmgui/experiments/wasm-gui/third_party/wasm-prefix/include/freetype2 conftest.c
configure:4778: $? = 0
configure:4778: result: yes
configure:4778: checking for sys/select.h
configure:4778: result: yes
configure:4778: checking signal.h usability
configure:4778: /home/nathan/secure-exec/registry/native/c/vendor/wasi-sdk/bin/clang -c --target=wasm32-wasip1 --sysroot=/home/nathan/secure-exec/registry/native/c/sysroot -O2 -D_WASI_EMULATED_MMAN -D_WASI_EMULATED_PROCESS_CLOCKS -D_GNU_SOURCE -mllvm -wasm-enable-sjlj -Wno-error=implicit-function-declaration -Wno-error=int-conversion -Wno-int-conversion -I/home/nathan/secure-exec-wasmgui/experiments/wasm-gui/toolchain/compat-include -include /home/nathan/secure-exec-wasmgui/experiments/wasm-gui/toolchain/wasi-compat.h -I/home/nathan/secure-exec-wasmgui/experiments/wasm-gui/third_party/wasm-prefix/include/freetype2 --target=wasm32-wasip1 --sysroot=/home/nathan/secure-exec/registry/native/c/sysroot -I/home/nathan/secure-exec-wasmgui/experiments/wasm-gui/third_party/wasm-prefix/include -I/home/nathan/secure-exec-wasmgui/experiments/wasm-gui/toolchain/compat-include -include /home/nathan/secure-exec-wasmgui/experiments/wasm-gui/toolchain/wasi-compat.h -I/home/nathan/secure-exec-wasmgui/experiments/wasm-gui/third_party/wasm-prefix/include/freetype2 conftest.c >&5
configure:4778: $? = 0
configure:4778: result: yes
configure:4778: checking signal.h presence
configure:4778: /home/nathan/secure-exec/registry/native/c/vendor/wasi-sdk/bin/clang -E --target=wasm32-wasip1 --sysroot=/home/nathan/secure-exec/registry/native/c/sysroot -I/home/nathan/secure-exec-wasmgui/experiments/wasm-gui/third_party/wasm-prefix/include -I/home/nathan/secure-exec-wasmgui/experiments/wasm-gui/toolchain/compat-include -include /home/nathan/secure-exec-wasmgui/experiments/wasm-gui/toolchain/wasi-compat.h -I/home/nathan/secure-exec-wasmgui/experiments/wasm-gui/third_party/wasm-prefix/include/freetype2 conftest.c
configure:4778: $? = 0
configure:4778: result: yes
configure:4778: checking for signal.h
configure:4778: result: yes
configure:4778: checking for unistd.h
configure:4778: result: yes
configure:4778: checking time.h usability
configure:4778: /home/nathan/secure-exec/registry/native/c/vendor/wasi-sdk/bin/clang -c --target=wasm32-wasip1 --sysroot=/home/nathan/secure-exec/registry/native/c/sysroot -O2 -D_WASI_EMULATED_MMAN -D_WASI_EMULATED_PROCESS_CLOCKS -D_GNU_SOURCE -mllvm -wasm-enable-sjlj -Wno-error=implicit-function-declaration -Wno-error=int-conversion -Wno-int-conversion -I/home/nathan/secure-exec-wasmgui/experiments/wasm-gui/toolchain/compat-include -include /home/nathan/secure-exec-wasmgui/experiments/wasm-gui/toolchain/wasi-compat.h -I/home/nathan/secure-exec-wasmgui/experiments/wasm-gui/third_party/wasm-prefix/include/freetype2 --target=wasm32-wasip1 --sysroot=/home/nathan/secure-exec/registry/native/c/sysroot -I/home/nathan/secure-exec-wasmgui/experiments/wasm-gui/third_party/wasm-prefix/include -I/home/nathan/secure-exec-wasmgui/experiments/wasm-gui/toolchain/compat-include -include /home/nathan/secure-exec-wasmgui/experiments/wasm-gui/toolchain/wasi-compat.h -I/home/nathan/secure-exec-wasmgui/experiments/wasm-gui/third_party/wasm-prefix/include/freetype2 conftest.c >&5
configure:4778: $? = 0
configure:4778: result: yes
configure:4778: checking time.h presence
configure:4778: /home/nathan/secure-exec/registry/native/c/vendor/wasi-sdk/bin/clang -E --target=wasm32-wasip1 --sysroot=/home/nathan/secure-exec/registry/native/c/sysroot -I/home/nathan/secure-exec-wasmgui/experiments/wasm-gui/third_party/wasm-prefix/include -I/home/nathan/secure-exec-wasmgui/experiments/wasm-gui/toolchain/compat-include -include /home/nathan/secure-exec-wasmgui/experiments/wasm-gui/toolchain/wasi-compat.h -I/home/nathan/secure-exec-wasmgui/experiments/wasm-gui/third_party/wasm-prefix/include/freetype2 conftest.c
configure:4778: $? = 0
configure:4778: result: yes
configure:4778: checking for time.h
configure:4778: result: yes
configure:4778: checking sys/wait.h usability
configure:4778: /home/nathan/secure-exec/registry/native/c/vendor/wasi-sdk/bin/clang -c --target=wasm32-wasip1 --sysroot=/home/nathan/secure-exec/registry/native/c/sysroot -O2 -D_WASI_EMULATED_MMAN -D_WASI_EMULATED_PROCESS_CLOCKS -D_GNU_SOURCE -mllvm -wasm-enable-sjlj -Wno-error=implicit-function-declaration -Wno-error=int-conversion -Wno-int-conversion -I/home/nathan/secure-exec-wasmgui/experiments/wasm-gui/toolchain/compat-include -include /home/nathan/secure-exec-wasmgui/experiments/wasm-gui/toolchain/wasi-compat.h -I/home/nathan/secure-exec-wasmgui/experiments/wasm-gui/third_party/wasm-prefix/include/freetype2 --target=wasm32-wasip1 --sysroot=/home/nathan/secure-exec/registry/native/c/sysroot -I/home/nathan/secure-exec-wasmgui/experiments/wasm-gui/third_party/wasm-prefix/include -I/home/nathan/secure-exec-wasmgui/experiments/wasm-gui/toolchain/compat-include -include /home/nathan/secure-exec-wasmgui/experiments/wasm-gui/toolchain/wasi-compat.h -I/home/nathan/secure-exec-wasmgui/experiments/wasm-gui/third_party/wasm-prefix/include/freetype2 conftest.c >&5
configure:4778: $? = 0
configure:4778: result: yes
configure:4778: checking sys/wait.h presence
configure:4778: /home/nathan/secure-exec/registry/native/c/vendor/wasi-sdk/bin/clang -E --target=wasm32-wasip1 --sysroot=/home/nathan/secure-exec/registry/native/c/sysroot -I/home/nathan/secure-exec-wasmgui/experiments/wasm-gui/third_party/wasm-prefix/include -I/home/nathan/secure-exec-wasmgui/experiments/wasm-gui/toolchain/compat-include -include /home/nathan/secure-exec-wasmgui/experiments/wasm-gui/toolchain/wasi-compat.h -I/home/nathan/secure-exec-wasmgui/experiments/wasm-gui/third_party/wasm-prefix/include/freetype2 conftest.c
configure:4778: $? = 0
configure:4778: result: yes
configure:4778: checking for sys/wait.h
configure:4778: result: yes
configure:4778: checking sys/time.h usability
configure:4778: /home/nathan/secure-exec/registry/native/c/vendor/wasi-sdk/bin/clang -c --target=wasm32-wasip1 --sysroot=/home/nathan/secure-exec/registry/native/c/sysroot -O2 -D_WASI_EMULATED_MMAN -D_WASI_EMULATED_PROCESS_CLOCKS -D_GNU_SOURCE -mllvm -wasm-enable-sjlj -Wno-error=implicit-function-declaration -Wno-error=int-conversion -Wno-int-conversion -I/home/nathan/secure-exec-wasmgui/experiments/wasm-gui/toolchain/compat-include -include /home/nathan/secure-exec-wasmgui/experiments/wasm-gui/toolchain/wasi-compat.h -I/home/nathan/secure-exec-wasmgui/experiments/wasm-gui/third_party/wasm-prefix/include/freetype2 --target=wasm32-wasip1 --sysroot=/home/nathan/secure-exec/registry/native/c/sysroot -I/home/nathan/secure-exec-wasmgui/experiments/wasm-gui/third_party/wasm-prefix/include -I/home/nathan/secure-exec-wasmgui/experiments/wasm-gui/toolchain/compat-include -include /home/nathan/secure-exec-wasmgui/experiments/wasm-gui/toolchain/wasi-compat.h -I/home/nathan/secure-exec-wasmgui/experiments/wasm-gui/third_party/wasm-prefix/include/freetype2 conftest.c >&5
configure:4778: $? = 0
configure:4778: result: yes
configure:4778: checking sys/time.h presence
configure:4778: /home/nathan/secure-exec/registry/native/c/vendor/wasi-sdk/bin/clang -E --target=wasm32-wasip1 --sysroot=/home/nathan/secure-exec/registry/native/c/sysroot -I/home/nathan/secure-exec-wasmgui/experiments/wasm-gui/third_party/wasm-prefix/include -I/home/nathan/secure-exec-wasmgui/experiments/wasm-gui/toolchain/compat-include -include /home/nathan/secure-exec-wasmgui/experiments/wasm-gui/toolchain/wasi-compat.h -I/home/nathan/secure-exec-wasmgui/experiments/wasm-gui/third_party/wasm-prefix/include/freetype2 conftest.c
configure:4778: $? = 0
configure:4778: result: yes
configure:4778: checking for sys/time.h
configure:4778: result: yes
configure:4792: checking langinfo.h usability
configure:4792: /home/nathan/secure-exec/registry/native/c/vendor/wasi-sdk/bin/clang -c --target=wasm32-wasip1 --sysroot=/home/nathan/secure-exec/registry/native/c/sysroot -O2 -D_WASI_EMULATED_MMAN -D_WASI_EMULATED_PROCESS_CLOCKS -D_GNU_SOURCE -mllvm -wasm-enable-sjlj -Wno-error=implicit-function-declaration -Wno-error=int-conversion -Wno-int-conversion -I/home/nathan/secure-exec-wasmgui/experiments/wasm-gui/toolchain/compat-include -include /home/nathan/secure-exec-wasmgui/experiments/wasm-gui/toolchain/wasi-compat.h -I/home/nathan/secure-exec-wasmgui/experiments/wasm-gui/third_party/wasm-prefix/include/freetype2 --target=wasm32-wasip1 --sysroot=/home/nathan/secure-exec/registry/native/c/sysroot -I/home/nathan/secure-exec-wasmgui/experiments/wasm-gui/third_party/wasm-prefix/include -I/home/nathan/secure-exec-wasmgui/experiments/wasm-gui/toolchain/compat-include -include /home/nathan/secure-exec-wasmgui/experiments/wasm-gui/toolchain/wasi-compat.h -I/home/nathan/secure-exec-wasmgui/experiments/wasm-gui/third_party/wasm-prefix/include/freetype2 conftest.c >&5
configure:4792: $? = 0
configure:4792: result: yes
configure:4792: checking langinfo.h presence
configure:4792: /home/nathan/secure-exec/registry/native/c/vendor/wasi-sdk/bin/clang -E --target=wasm32-wasip1 --sysroot=/home/nathan/secure-exec/registry/native/c/sysroot -I/home/nathan/secure-exec-wasmgui/experiments/wasm-gui/third_party/wasm-prefix/include -I/home/nathan/secure-exec-wasmgui/experiments/wasm-gui/toolchain/compat-include -include /home/nathan/secure-exec-wasmgui/experiments/wasm-gui/toolchain/wasi-compat.h -I/home/nathan/secure-exec-wasmgui/experiments/wasm-gui/third_party/wasm-prefix/include/freetype2 conftest.c
configure:4792: $? = 0
configure:4792: result: yes
configure:4792: checking for langinfo.h
configure:4792: result: yes
configure:4792: checking iconv.h usability
configure:4792: /home/nathan/secure-exec/registry/native/c/vendor/wasi-sdk/bin/clang -c --target=wasm32-wasip1 --sysroot=/home/nathan/secure-exec/registry/native/c/sysroot -O2 -D_WASI_EMULATED_MMAN -D_WASI_EMULATED_PROCESS_CLOCKS -D_GNU_SOURCE -mllvm -wasm-enable-sjlj -Wno-error=implicit-function-declaration -Wno-error=int-conversion -Wno-int-conversion -I/home/nathan/secure-exec-wasmgui/experiments/wasm-gui/toolchain/compat-include -include /home/nathan/secure-exec-wasmgui/experiments/wasm-gui/toolchain/wasi-compat.h -I/home/nathan/secure-exec-wasmgui/experiments/wasm-gui/third_party/wasm-prefix/include/freetype2 --target=wasm32-wasip1 --sysroot=/home/nathan/secure-exec/registry/native/c/sysroot -I/home/nathan/secure-exec-wasmgui/experiments/wasm-gui/third_party/wasm-prefix/include -I/home/nathan/secure-exec-wasmgui/experiments/wasm-gui/toolchain/compat-include -include /home/nathan/secure-exec-wasmgui/experiments/wasm-gui/toolchain/wasi-compat.h -I/home/nathan/secure-exec-wasmgui/experiments/wasm-gui/third_party/wasm-prefix/include/freetype2 conftest.c >&5
configure:4792: $? = 0
configure:4792: result: yes
configure:4792: checking iconv.h presence
configure:4792: /home/nathan/secure-exec/registry/native/c/vendor/wasi-sdk/bin/clang -E --target=wasm32-wasip1 --sysroot=/home/nathan/secure-exec/registry/native/c/sysroot -I/home/nathan/secure-exec-wasmgui/experiments/wasm-gui/third_party/wasm-prefix/include -I/home/nathan/secure-exec-wasmgui/experiments/wasm-gui/toolchain/compat-include -include /home/nathan/secure-exec-wasmgui/experiments/wasm-gui/toolchain/wasi-compat.h -I/home/nathan/secure-exec-wasmgui/experiments/wasm-gui/third_party/wasm-prefix/include/freetype2 conftest.c
configure:4792: $? = 0
configure:4792: result: yes
configure:4792: checking for iconv.h
configure:4792: result: yes
configure:4806: checking locale.h usability
configure:4806: /home/nathan/secure-exec/registry/native/c/vendor/wasi-sdk/bin/clang -c --target=wasm32-wasip1 --sysroot=/home/nathan/secure-exec/registry/native/c/sysroot -O2 -D_WASI_EMULATED_MMAN -D_WASI_EMULATED_PROCESS_CLOCKS -D_GNU_SOURCE -mllvm -wasm-enable-sjlj -Wno-error=implicit-function-declaration -Wno-error=int-conversion -Wno-int-conversion -I/home/nathan/secure-exec-wasmgui/experiments/wasm-gui/toolchain/compat-include -include /home/nathan/secure-exec-wasmgui/experiments/wasm-gui/toolchain/wasi-compat.h -I/home/nathan/secure-exec-wasmgui/experiments/wasm-gui/third_party/wasm-prefix/include/freetype2 --target=wasm32-wasip1 --sysroot=/home/nathan/secure-exec/registry/native/c/sysroot -I/home/nathan/secure-exec-wasmgui/experiments/wasm-gui/third_party/wasm-prefix/include -I/home/nathan/secure-exec-wasmgui/experiments/wasm-gui/toolchain/compat-include -include /home/nathan/secure-exec-wasmgui/experiments/wasm-gui/toolchain/wasi-compat.h -I/home/nathan/secure-exec-wasmgui/experiments/wasm-gui/third_party/wasm-prefix/include/freetype2 conftest.c >&5
configure:4806: $? = 0
configure:4806: result: yes
configure:4806: checking locale.h presence
configure:4806: /home/nathan/secure-exec/registry/native/c/vendor/wasi-sdk/bin/clang -E --target=wasm32-wasip1 --sysroot=/home/nathan/secure-exec/registry/native/c/sysroot -I/home/nathan/secure-exec-wasmgui/experiments/wasm-gui/third_party/wasm-prefix/include -I/home/nathan/secure-exec-wasmgui/experiments/wasm-gui/toolchain/compat-include -include /home/nathan/secure-exec-wasmgui/experiments/wasm-gui/toolchain/wasi-compat.h -I/home/nathan/secure-exec-wasmgui/experiments/wasm-gui/third_party/wasm-prefix/include/freetype2 conftest.c
configure:4806: $? = 0
configure:4806: result: yes
configure:4806: checking for locale.h
configure:4806: result: yes
configure:4806: checking libintl.h usability
configure:4806: /home/nathan/secure-exec/registry/native/c/vendor/wasi-sdk/bin/clang -c --target=wasm32-wasip1 --sysroot=/home/nathan/secure-exec/registry/native/c/sysroot -O2 -D_WASI_EMULATED_MMAN -D_WASI_EMULATED_PROCESS_CLOCKS -D_GNU_SOURCE -mllvm -wasm-enable-sjlj -Wno-error=implicit-function-declaration -Wno-error=int-conversion -Wno-int-conversion -I/home/nathan/secure-exec-wasmgui/experiments/wasm-gui/toolchain/compat-include -include /home/nathan/secure-exec-wasmgui/experiments/wasm-gui/toolchain/wasi-compat.h -I/home/nathan/secure-exec-wasmgui/experiments/wasm-gui/third_party/wasm-prefix/include/freetype2 --target=wasm32-wasip1 --sysroot=/home/nathan/secure-exec/registry/native/c/sysroot -I/home/nathan/secure-exec-wasmgui/experiments/wasm-gui/third_party/wasm-prefix/include -I/home/nathan/secure-exec-wasmgui/experiments/wasm-gui/toolchain/compat-include -include /home/nathan/secure-exec-wasmgui/experiments/wasm-gui/toolchain/wasi-compat.h -I/home/nathan/secure-exec-wasmgui/experiments/wasm-gui/third_party/wasm-prefix/include/freetype2 conftest.c >&5
conftest.c:70:10: fatal error: 'libintl.h' file not found
   70 | #include <libintl.h>
      |          ^~~~~~~~~~~
1 error generated.
configure:4806: $? = 1
configure: failed program was:
| /* confdefs.h */
| #define PACKAGE_NAME "jwm"
| #define PACKAGE_TARNAME "jwm"
| #define PACKAGE_VERSION "2.4.6"
| #define PACKAGE_STRING "jwm 2.4.6"
| #define PACKAGE_BUGREPORT "joewing@joewing.net"
| #define PACKAGE_URL ""
| #define PACKAGE "jwm"
| #define VERSION "2.4.6"
| #define _XOPEN_SOURCE 600L
| #define _XOPEN_SOURCE_EXTENDED 1
| #define __EXTENSIONS__ 1
| #define STDC_HEADERS 1
| #define HAVE_SYS_TYPES_H 1
| #define HAVE_SYS_STAT_H 1
| #define HAVE_STDLIB_H 1
| #define HAVE_STRING_H 1
| #define HAVE_MEMORY_H 1
| #define HAVE_STRINGS_H 1
| #define HAVE_INTTYPES_H 1
| #define HAVE_STDINT_H 1
| #define HAVE_UNISTD_H 1
| #define HAVE_STDARG_H 1
| #define HAVE_STDIO_H 1
| #define HAVE_STDLIB_H 1
| #define HAVE_CTYPE_H 1
| #define HAVE_SYS_SELECT_H 1
| #define HAVE_SIGNAL_H 1
| #define HAVE_UNISTD_H 1
| #define HAVE_TIME_H 1
| #define HAVE_SYS_WAIT_H 1
| #define HAVE_SYS_TIME_H 1
| #define HAVE_LANGINFO_H 1
| #define HAVE_ICONV_H 1
| #define HAVE_LOCALE_H 1
| /* end confdefs.h.  */
| #include <stdio.h>
| #ifdef HAVE_SYS_TYPES_H
| # include <sys/types.h>
| #endif
| #ifdef HAVE_SYS_STAT_H
| # include <sys/stat.h>
| #endif
| #ifdef STDC_HEADERS
| # include <stdlib.h>
| # include <stddef.h>
| #else
| # ifdef HAVE_STDLIB_H
| #  include <stdlib.h>
| # endif
| #endif
| #ifdef HAVE_STRING_H
| # if !defined STDC_HEADERS && defined HAVE_MEMORY_H
| #  include <memory.h>
| # endif
| # include <string.h>
| #endif
| #ifdef HAVE_STRINGS_H
| # include <strings.h>
| #endif
| #ifdef HAVE_INTTYPES_H
| # include <inttypes.h>
| #endif
| #ifdef HAVE_STDINT_H
| # include <stdint.h>
| #endif
| #ifdef HAVE_UNISTD_H
| # include <unistd.h>
| #endif
| #include <libintl.h>
configure:4806: result: no
configure:4806: checking libintl.h presence
configure:4806: /home/nathan/secure-exec/registry/native/c/vendor/wasi-sdk/bin/clang -E --target=wasm32-wasip1 --sysroot=/home/nathan/secure-exec/registry/native/c/sysroot -I/home/nathan/secure-exec-wasmgui/experiments/wasm-gui/third_party/wasm-prefix/include -I/home/nathan/secure-exec-wasmgui/experiments/wasm-gui/toolchain/compat-include -include /home/nathan/secure-exec-wasmgui/experiments/wasm-gui/toolchain/wasi-compat.h -I/home/nathan/secure-exec-wasmgui/experiments/wasm-gui/third_party/wasm-prefix/include/freetype2 conftest.c
conftest.c:37:10: fatal error: 'libintl.h' file not found
   37 | #include <libintl.h>
      |          ^~~~~~~~~~~
1 error generated.
configure:4806: $? = 1
configure: failed program was:
| /* confdefs.h */
| #define PACKAGE_NAME "jwm"
| #define PACKAGE_TARNAME "jwm"
| #define PACKAGE_VERSION "2.4.6"
| #define PACKAGE_STRING "jwm 2.4.6"
| #define PACKAGE_BUGREPORT "joewing@joewing.net"
| #define PACKAGE_URL ""
| #define PACKAGE "jwm"
| #define VERSION "2.4.6"
| #define _XOPEN_SOURCE 600L
| #define _XOPEN_SOURCE_EXTENDED 1
| #define __EXTENSIONS__ 1
| #define STDC_HEADERS 1
| #define HAVE_SYS_TYPES_H 1
| #define HAVE_SYS_STAT_H 1
| #define HAVE_STDLIB_H 1
| #define HAVE_STRING_H 1
| #define HAVE_MEMORY_H 1
| #define HAVE_STRINGS_H 1
| #define HAVE_INTTYPES_H 1
| #define HAVE_STDINT_H 1
| #define HAVE_UNISTD_H 1
| #define HAVE_STDARG_H 1
| #define HAVE_STDIO_H 1
| #define HAVE_STDLIB_H 1
| #define HAVE_CTYPE_H 1
| #define HAVE_SYS_SELECT_H 1
| #define HAVE_SIGNAL_H 1
| #define HAVE_UNISTD_H 1
| #define HAVE_TIME_H 1
| #define HAVE_SYS_WAIT_H 1
| #define HAVE_SYS_TIME_H 1
| #define HAVE_LANGINFO_H 1
| #define HAVE_ICONV_H 1
| #define HAVE_LOCALE_H 1
| /* end confdefs.h.  */
| #include <libintl.h>
configure:4806: result: no
configure:4806: checking for libintl.h
configure:4806: result: no
configure:4819: checking for X11/Xlib.h
configure:4819: /home/nathan/secure-exec/registry/native/c/vendor/wasi-sdk/bin/clang -c --target=wasm32-wasip1 --sysroot=/home/nathan/secure-exec/registry/native/c/sysroot -O2 -D_WASI_EMULATED_MMAN -D_WASI_EMULATED_PROCESS_CLOCKS -D_GNU_SOURCE -mllvm -wasm-enable-sjlj -Wno-error=implicit-function-declaration -Wno-error=int-conversion -Wno-int-conversion -I/home/nathan/secure-exec-wasmgui/experiments/wasm-gui/toolchain/compat-include -include /home/nathan/secure-exec-wasmgui/experiments/wasm-gui/toolchain/wasi-compat.h -I/home/nathan/secure-exec-wasmgui/experiments/wasm-gui/third_party/wasm-prefix/include/freetype2 --target=wasm32-wasip1 --sysroot=/home/nathan/secure-exec/registry/native/c/sysroot -I/home/nathan/secure-exec-wasmgui/experiments/wasm-gui/third_party/wasm-prefix/include -I/home/nathan/secure-exec-wasmgui/experiments/wasm-gui/toolchain/compat-include -include /home/nathan/secure-exec-wasmgui/experiments/wasm-gui/toolchain/wasi-compat.h -I/home/nathan/secure-exec-wasmgui/experiments/wasm-gui/third_party/wasm-prefix/include/freetype2 conftest.c >&5
configure:4819: $? = 0
configure:4819: result: yes
configure:4839: checking for X11/Xutil.h
configure:4839: /home/nathan/secure-exec/registry/native/c/vendor/wasi-sdk/bin/clang -c --target=wasm32-wasip1 --sysroot=/home/nathan/secure-exec/registry/native/c/sysroot -O2 -D_WASI_EMULATED_MMAN -D_WASI_EMULATED_PROCESS_CLOCKS -D_GNU_SOURCE -mllvm -wasm-enable-sjlj -Wno-error=implicit-function-declaration -Wno-error=int-conversion -Wno-int-conversion -I/home/nathan/secure-exec-wasmgui/experiments/wasm-gui/toolchain/compat-include -include /home/nathan/secure-exec-wasmgui/experiments/wasm-gui/toolchain/wasi-compat.h -I/home/nathan/secure-exec-wasmgui/experiments/wasm-gui/third_party/wasm-prefix/include/freetype2 --target=wasm32-wasip1 --sysroot=/home/nathan/secure-exec/registry/native/c/sysroot -I/home/nathan/secure-exec-wasmgui/experiments/wasm-gui/third_party/wasm-prefix/include -I/home/nathan/secure-exec-wasmgui/experiments/wasm-gui/toolchain/compat-include -include /home/nathan/secure-exec-wasmgui/experiments/wasm-gui/toolchain/wasi-compat.h -I/home/nathan/secure-exec-wasmgui/experiments/wasm-gui/third_party/wasm-prefix/include/freetype2 conftest.c >&5
configure:4839: $? = 0
configure:4839: result: yes
configure:4839: checking for X11/cursorfont.h
configure:4839: /home/nathan/secure-exec/registry/native/c/vendor/wasi-sdk/bin/clang -c --target=wasm32-wasip1 --sysroot=/home/nathan/secure-exec/registry/native/c/sysroot -O2 -D_WASI_EMULATED_MMAN -D_WASI_EMULATED_PROCESS_CLOCKS -D_GNU_SOURCE -mllvm -wasm-enable-sjlj -Wno-error=implicit-function-declaration -Wno-error=int-conversion -Wno-int-conversion -I/home/nathan/secure-exec-wasmgui/experiments/wasm-gui/toolchain/compat-include -include /home/nathan/secure-exec-wasmgui/experiments/wasm-gui/toolchain/wasi-compat.h -I/home/nathan/secure-exec-wasmgui/experiments/wasm-gui/third_party/wasm-prefix/include/freetype2 --target=wasm32-wasip1 --sysroot=/home/nathan/secure-exec/registry/native/c/sysroot -I/home/nathan/secure-exec-wasmgui/experiments/wasm-gui/third_party/wasm-prefix/include -I/home/nathan/secure-exec-wasmgui/experiments/wasm-gui/toolchain/compat-include -include /home/nathan/secure-exec-wasmgui/experiments/wasm-gui/toolchain/wasi-compat.h -I/home/nathan/secure-exec-wasmgui/experiments/wasm-gui/third_party/wasm-prefix/include/freetype2 conftest.c >&5
configure:4839: $? = 0
configure:4839: result: yes
configure:4839: checking for X11/Xproto.h
configure:4839: /home/nathan/secure-exec/registry/native/c/vendor/wasi-sdk/bin/clang -c --target=wasm32-wasip1 --sysroot=/home/nathan/secure-exec/registry/native/c/sysroot -O2 -D_WASI_EMULATED_MMAN -D_WASI_EMULATED_PROCESS_CLOCKS -D_GNU_SOURCE -mllvm -wasm-enable-sjlj -Wno-error=implicit-function-declaration -Wno-error=int-conversion -Wno-int-conversion -I/home/nathan/secure-exec-wasmgui/experiments/wasm-gui/toolchain/compat-include -include /home/nathan/secure-exec-wasmgui/experiments/wasm-gui/toolchain/wasi-compat.h -I/home/nathan/secure-exec-wasmgui/experiments/wasm-gui/third_party/wasm-prefix/include/freetype2 --target=wasm32-wasip1 --sysroot=/home/nathan/secure-exec/registry/native/c/sysroot -I/home/nathan/secure-exec-wasmgui/experiments/wasm-gui/third_party/wasm-prefix/include -I/home/nathan/secure-exec-wasmgui/experiments/wasm-gui/toolchain/compat-include -include /home/nathan/secure-exec-wasmgui/experiments/wasm-gui/toolchain/wasi-compat.h -I/home/nathan/secure-exec-wasmgui/experiments/wasm-gui/third_party/wasm-prefix/include/freetype2 conftest.c >&5
configure:4839: $? = 0
configure:4839: result: yes
configure:4839: checking for X11/Xatom.h
configure:4839: /home/nathan/secure-exec/registry/native/c/vendor/wasi-sdk/bin/clang -c --target=wasm32-wasip1 --sysroot=/home/nathan/secure-exec/registry/native/c/sysroot -O2 -D_WASI_EMULATED_MMAN -D_WASI_EMULATED_PROCESS_CLOCKS -D_GNU_SOURCE -mllvm -wasm-enable-sjlj -Wno-error=implicit-function-declaration -Wno-error=int-conversion -Wno-int-conversion -I/home/nathan/secure-exec-wasmgui/experiments/wasm-gui/toolchain/compat-include -include /home/nathan/secure-exec-wasmgui/experiments/wasm-gui/toolchain/wasi-compat.h -I/home/nathan/secure-exec-wasmgui/experiments/wasm-gui/third_party/wasm-prefix/include/freetype2 --target=wasm32-wasip1 --sysroot=/home/nathan/secure-exec/registry/native/c/sysroot -I/home/nathan/secure-exec-wasmgui/experiments/wasm-gui/third_party/wasm-prefix/include -I/home/nathan/secure-exec-wasmgui/experiments/wasm-gui/toolchain/compat-include -include /home/nathan/secure-exec-wasmgui/experiments/wasm-gui/toolchain/wasi-compat.h -I/home/nathan/secure-exec-wasmgui/experiments/wasm-gui/third_party/wasm-prefix/include/freetype2 conftest.c >&5
configure:4839: $? = 0
configure:4839: result: yes
configure:4839: checking for X11/keysym.h
configure:4839: /home/nathan/secure-exec/registry/native/c/vendor/wasi-sdk/bin/clang -c --target=wasm32-wasip1 --sysroot=/home/nathan/secure-exec/registry/native/c/sysroot -O2 -D_WASI_EMULATED_MMAN -D_WASI_EMULATED_PROCESS_CLOCKS -D_GNU_SOURCE -mllvm -wasm-enable-sjlj -Wno-error=implicit-function-declaration -Wno-error=int-conversion -Wno-int-conversion -I/home/nathan/secure-exec-wasmgui/experiments/wasm-gui/toolchain/compat-include -include /home/nathan/secure-exec-wasmgui/experiments/wasm-gui/toolchain/wasi-compat.h -I/home/nathan/secure-exec-wasmgui/experiments/wasm-gui/third_party/wasm-prefix/include/freetype2 --target=wasm32-wasip1 --sysroot=/home/nathan/secure-exec/registry/native/c/sysroot -I/home/nathan/secure-exec-wasmgui/experiments/wasm-gui/third_party/wasm-prefix/include -I/home/nathan/secure-exec-wasmgui/experiments/wasm-gui/toolchain/compat-include -include /home/nathan/secure-exec-wasmgui/experiments/wasm-gui/toolchain/wasi-compat.h -I/home/nathan/secure-exec-wasmgui/experiments/wasm-gui/third_party/wasm-prefix/include/freetype2 conftest.c >&5
configure:4839: $? = 0
configure:4839: result: yes
configure:4839: checking for X11/Xresource.h
configure:4839: /home/nathan/secure-exec/registry/native/c/vendor/wasi-sdk/bin/clang -c --target=wasm32-wasip1 --sysroot=/home/nathan/secure-exec/registry/native/c/sysroot -O2 -D_WASI_EMULATED_MMAN -D_WASI_EMULATED_PROCESS_CLOCKS -D_GNU_SOURCE -mllvm -wasm-enable-sjlj -Wno-error=implicit-function-declaration -Wno-error=int-conversion -Wno-int-conversion -I/home/nathan/secure-exec-wasmgui/experiments/wasm-gui/toolchain/compat-include -include /home/nathan/secure-exec-wasmgui/experiments/wasm-gui/toolchain/wasi-compat.h -I/home/nathan/secure-exec-wasmgui/experiments/wasm-gui/third_party/wasm-prefix/include/freetype2 --target=wasm32-wasip1 --sysroot=/home/nathan/secure-exec/registry/native/c/sysroot -I/home/nathan/secure-exec-wasmgui/experiments/wasm-gui/third_party/wasm-prefix/include -I/home/nathan/secure-exec-wasmgui/experiments/wasm-gui/toolchain/compat-include -include /home/nathan/secure-exec-wasmgui/experiments/wasm-gui/toolchain/wasi-compat.h -I/home/nathan/secure-exec-wasmgui/experiments/wasm-gui/third_party/wasm-prefix/include/freetype2 conftest.c >&5
configure:4839: $? = 0
configure:4839: result: yes
configure:4856: checking for unsetenv
configure:4856: /home/nathan/secure-exec/registry/native/c/vendor/wasi-sdk/bin/clang -o conftest --target=wasm32-wasip1 --sysroot=/home/nathan/secure-exec/registry/native/c/sysroot -O2 -D_WASI_EMULATED_MMAN -D_WASI_EMULATED_PROCESS_CLOCKS -D_GNU_SOURCE -mllvm -wasm-enable-sjlj -Wno-error=implicit-function-declaration -Wno-error=int-conversion -Wno-int-conversion -I/home/nathan/secure-exec-wasmgui/experiments/wasm-gui/toolchain/compat-include -include /home/nathan/secure-exec-wasmgui/experiments/wasm-gui/toolchain/wasi-compat.h -I/home/nathan/secure-exec-wasmgui/experiments/wasm-gui/third_party/wasm-prefix/include/freetype2 --target=wasm32-wasip1 --sysroot=/home/nathan/secure-exec/registry/native/c/sysroot -I/home/nathan/secure-exec-wasmgui/experiments/wasm-gui/third_party/wasm-prefix/include -I/home/nathan/secure-exec-wasmgui/experiments/wasm-gui/toolchain/compat-include -include /home/nathan/secure-exec-wasmgui/experiments/wasm-gui/toolchain/wasi-compat.h -I/home/nathan/secure-exec-wasmgui/experiments/wasm-gui/third_party/wasm-prefix/include/freetype2 --target=wasm32-wasip1 --sysroot=/home/nathan/secure-exec/registry/native/c/sysroot -L/home/nathan/secure-exec-wasmgui/experiments/wasm-gui/third_party/wasm-prefix/lib -L/home/nathan/secure-exec/registry/native/c/vendor/wasi-sdk/share/wasi-sysroot/lib/wasm32-wasip1 -lwasi-emulated-mman -lwasi-emulated-process-clocks -lX11 conftest.c  >&5
wasm-ld: warning: function signature mismatch: unsetenv
>>> defined as () -> i32 in /tmp/conftest-938fc3.o
>>> defined as (i32) -> i32 in /home/nathan/secure-exec/registry/native/c/vendor/wasi-sdk/share/wasi-sysroot/lib/wasm32-wasip1/libc.a(unsetenv.o)
configure:4856: $? = 0
configure:4856: result: yes
configure:4856: checking for putenv
configure:4856: /home/nathan/secure-exec/registry/native/c/vendor/wasi-sdk/bin/clang -o conftest --target=wasm32-wasip1 --sysroot=/home/nathan/secure-exec/registry/native/c/sysroot -O2 -D_WASI_EMULATED_MMAN -D_WASI_EMULATED_PROCESS_CLOCKS -D_GNU_SOURCE -mllvm -wasm-enable-sjlj -Wno-error=implicit-function-declaration -Wno-error=int-conversion -Wno-int-conversion -I/home/nathan/secure-exec-wasmgui/experiments/wasm-gui/toolchain/compat-include -include /home/nathan/secure-exec-wasmgui/experiments/wasm-gui/toolchain/wasi-compat.h -I/home/nathan/secure-exec-wasmgui/experiments/wasm-gui/third_party/wasm-prefix/include/freetype2 --target=wasm32-wasip1 --sysroot=/home/nathan/secure-exec/registry/native/c/sysroot -I/home/nathan/secure-exec-wasmgui/experiments/wasm-gui/third_party/wasm-prefix/include -I/home/nathan/secure-exec-wasmgui/experiments/wasm-gui/toolchain/compat-include -include /home/nathan/secure-exec-wasmgui/experiments/wasm-gui/toolchain/wasi-compat.h -I/home/nathan/secure-exec-wasmgui/experiments/wasm-gui/third_party/wasm-prefix/include/freetype2 --target=wasm32-wasip1 --sysroot=/home/nathan/secure-exec/registry/native/c/sysroot -L/home/nathan/secure-exec-wasmgui/experiments/wasm-gui/third_party/wasm-prefix/lib -L/home/nathan/secure-exec/registry/native/c/vendor/wasi-sdk/share/wasi-sysroot/lib/wasm32-wasip1 -lwasi-emulated-mman -lwasi-emulated-process-clocks -lX11 conftest.c  >&5
wasm-ld: warning: function signature mismatch: putenv
>>> defined as () -> i32 in /tmp/conftest-5b6928.o
>>> defined as (i32) -> i32 in /home/nathan/secure-exec/registry/native/c/vendor/wasi-sdk/share/wasi-sysroot/lib/wasm32-wasip1/libc.a(putenv.o)
configure:4856: $? = 0
configure:4856: result: yes
configure:4856: checking for setlocale
configure:4856: /home/nathan/secure-exec/registry/native/c/vendor/wasi-sdk/bin/clang -o conftest --target=wasm32-wasip1 --sysroot=/home/nathan/secure-exec/registry/native/c/sysroot -O2 -D_WASI_EMULATED_MMAN -D_WASI_EMULATED_PROCESS_CLOCKS -D_GNU_SOURCE -mllvm -wasm-enable-sjlj -Wno-error=implicit-function-declaration -Wno-error=int-conversion -Wno-int-conversion -I/home/nathan/secure-exec-wasmgui/experiments/wasm-gui/toolchain/compat-include -include /home/nathan/secure-exec-wasmgui/experiments/wasm-gui/toolchain/wasi-compat.h -I/home/nathan/secure-exec-wasmgui/experiments/wasm-gui/third_party/wasm-prefix/include/freetype2 --target=wasm32-wasip1 --sysroot=/home/nathan/secure-exec/registry/native/c/sysroot -I/home/nathan/secure-exec-wasmgui/experiments/wasm-gui/third_party/wasm-prefix/include -I/home/nathan/secure-exec-wasmgui/experiments/wasm-gui/toolchain/compat-include -include /home/nathan/secure-exec-wasmgui/experiments/wasm-gui/toolchain/wasi-compat.h -I/home/nathan/secure-exec-wasmgui/experiments/wasm-gui/third_party/wasm-prefix/include/freetype2 --target=wasm32-wasip1 --sysroot=/home/nathan/secure-exec/registry/native/c/sysroot -L/home/nathan/secure-exec-wasmgui/experiments/wasm-gui/third_party/wasm-prefix/lib -L/home/nathan/secure-exec/registry/native/c/vendor/wasi-sdk/share/wasi-sysroot/lib/wasm32-wasip1 -lwasi-emulated-mman -lwasi-emulated-process-clocks -lX11 conftest.c  >&5
wasm-ld: warning: function signature mismatch: setlocale
>>> defined as () -> i32 in /tmp/conftest-4fde9c.o
>>> defined as (i32, i32) -> i32 in /home/nathan/secure-exec/registry/native/c/vendor/wasi-sdk/share/wasi-sysroot/lib/wasm32-wasip1/libc.a(setlocale.o)
configure:4856: $? = 0
configure:4856: result: yes
configure:4865: checking for size_t
configure:4865: /home/nathan/secure-exec/registry/native/c/vendor/wasi-sdk/bin/clang -c --target=wasm32-wasip1 --sysroot=/home/nathan/secure-exec/registry/native/c/sysroot -O2 -D_WASI_EMULATED_MMAN -D_WASI_EMULATED_PROCESS_CLOCKS -D_GNU_SOURCE -mllvm -wasm-enable-sjlj -Wno-error=implicit-function-declaration -Wno-error=int-conversion -Wno-int-conversion -I/home/nathan/secure-exec-wasmgui/experiments/wasm-gui/toolchain/compat-include -include /home/nathan/secure-exec-wasmgui/experiments/wasm-gui/toolchain/wasi-compat.h -I/home/nathan/secure-exec-wasmgui/experiments/wasm-gui/third_party/wasm-prefix/include/freetype2 --target=wasm32-wasip1 --sysroot=/home/nathan/secure-exec/registry/native/c/sysroot -I/home/nathan/secure-exec-wasmgui/experiments/wasm-gui/third_party/wasm-prefix/include -I/home/nathan/secure-exec-wasmgui/experiments/wasm-gui/toolchain/compat-include -include /home/nathan/secure-exec-wasmgui/experiments/wasm-gui/toolchain/wasi-compat.h -I/home/nathan/secure-exec-wasmgui/experiments/wasm-gui/third_party/wasm-prefix/include/freetype2 conftest.c >&5
configure:4865: $? = 0
configure:4865: /home/nathan/secure-exec/registry/native/c/vendor/wasi-sdk/bin/clang -c --target=wasm32-wasip1 --sysroot=/home/nathan/secure-exec/registry/native/c/sysroot -O2 -D_WASI_EMULATED_MMAN -D_WASI_EMULATED_PROCESS_CLOCKS -D_GNU_SOURCE -mllvm -wasm-enable-sjlj -Wno-error=implicit-function-declaration -Wno-error=int-conversion -Wno-int-conversion -I/home/nathan/secure-exec-wasmgui/experiments/wasm-gui/toolchain/compat-include -include /home/nathan/secure-exec-wasmgui/experiments/wasm-gui/toolchain/wasi-compat.h -I/home/nathan/secure-exec-wasmgui/experiments/wasm-gui/third_party/wasm-prefix/include/freetype2 --target=wasm32-wasip1 --sysroot=/home/nathan/secure-exec/registry/native/c/sysroot -I/home/nathan/secure-exec-wasmgui/experiments/wasm-gui/third_party/wasm-prefix/include -I/home/nathan/secure-exec-wasmgui/experiments/wasm-gui/toolchain/compat-include -include /home/nathan/secure-exec-wasmgui/experiments/wasm-gui/toolchain/wasi-compat.h -I/home/nathan/secure-exec-wasmgui/experiments/wasm-gui/third_party/wasm-prefix/include/freetype2 conftest.c >&5
conftest.c:83:21: error: expected expression
   83 | if (sizeof ((size_t)))
      |                     ^
1 error generated.
configure:4865: $? = 1
configure: failed program was:
| /* confdefs.h */
| #define PACKAGE_NAME "jwm"
| #define PACKAGE_TARNAME "jwm"
| #define PACKAGE_VERSION "2.4.6"
| #define PACKAGE_STRING "jwm 2.4.6"
| #define PACKAGE_BUGREPORT "joewing@joewing.net"
| #define PACKAGE_URL ""
| #define PACKAGE "jwm"
| #define VERSION "2.4.6"
| #define _XOPEN_SOURCE 600L
| #define _XOPEN_SOURCE_EXTENDED 1
| #define __EXTENSIONS__ 1
| #define STDC_HEADERS 1
| #define HAVE_SYS_TYPES_H 1
| #define HAVE_SYS_STAT_H 1
| #define HAVE_STDLIB_H 1
| #define HAVE_STRING_H 1
| #define HAVE_MEMORY_H 1
| #define HAVE_STRINGS_H 1
| #define HAVE_INTTYPES_H 1
| #define HAVE_STDINT_H 1
| #define HAVE_UNISTD_H 1
| #define HAVE_STDARG_H 1
| #define HAVE_STDIO_H 1
| #define HAVE_STDLIB_H 1
| #define HAVE_CTYPE_H 1
| #define HAVE_SYS_SELECT_H 1
| #define HAVE_SIGNAL_H 1
| #define HAVE_UNISTD_H 1
| #define HAVE_TIME_H 1
| #define HAVE_SYS_WAIT_H 1
| #define HAVE_SYS_TIME_H 1
| #define HAVE_LANGINFO_H 1
| #define HAVE_ICONV_H 1
| #define HAVE_LOCALE_H 1
| #define HAVE_X11_XLIB_H 1
| #define HAVE_X11_XUTIL_H 1
| #define HAVE_X11_CURSORFONT_H 1
| #define HAVE_X11_XPROTO_H 1
| #define HAVE_X11_XATOM_H 1
| #define HAVE_X11_KEYSYM_H 1
| #define HAVE_X11_XRESOURCE_H 1
| #define HAVE_UNSETENV 1
| #define HAVE_PUTENV 1
| #define HAVE_SETLOCALE 1
| /* end confdefs.h.  */
| #include <stdio.h>
| #ifdef HAVE_SYS_TYPES_H
| # include <sys/types.h>
| #endif
| #ifdef HAVE_SYS_STAT_H
| # include <sys/stat.h>
| #endif
| #ifdef STDC_HEADERS
| # include <stdlib.h>
| # include <stddef.h>
| #else
| # ifdef HAVE_STDLIB_H
| #  include <stdlib.h>
| # endif
| #endif
| #ifdef HAVE_STRING_H
| # if !defined STDC_HEADERS && defined HAVE_MEMORY_H
| #  include <memory.h>
| # endif
| # include <string.h>
| #endif
| #ifdef HAVE_STRINGS_H
| # include <strings.h>
| #endif
| #ifdef HAVE_INTTYPES_H
| # include <inttypes.h>
| #endif
| #ifdef HAVE_STDINT_H
| # include <stdint.h>
| #endif
| #ifdef HAVE_UNISTD_H
| # include <unistd.h>
| #endif
| int
| main ()
| {
| if (sizeof ((size_t)))
| 	    return 0;
|   ;
|   return 0;
| }
configure:4865: result: yes
configure:4878: checking for working alloca.h
configure:4895: /home/nathan/secure-exec/registry/native/c/vendor/wasi-sdk/bin/clang -o conftest --target=wasm32-wasip1 --sysroot=/home/nathan/secure-exec/registry/native/c/sysroot -O2 -D_WASI_EMULATED_MMAN -D_WASI_EMULATED_PROCESS_CLOCKS -D_GNU_SOURCE -mllvm -wasm-enable-sjlj -Wno-error=implicit-function-declaration -Wno-error=int-conversion -Wno-int-conversion -I/home/nathan/secure-exec-wasmgui/experiments/wasm-gui/toolchain/compat-include -include /home/nathan/secure-exec-wasmgui/experiments/wasm-gui/toolchain/wasi-compat.h -I/home/nathan/secure-exec-wasmgui/experiments/wasm-gui/third_party/wasm-prefix/include/freetype2 --target=wasm32-wasip1 --sysroot=/home/nathan/secure-exec/registry/native/c/sysroot -I/home/nathan/secure-exec-wasmgui/experiments/wasm-gui/third_party/wasm-prefix/include -I/home/nathan/secure-exec-wasmgui/experiments/wasm-gui/toolchain/compat-include -include /home/nathan/secure-exec-wasmgui/experiments/wasm-gui/toolchain/wasi-compat.h -I/home/nathan/secure-exec-wasmgui/experiments/wasm-gui/third_party/wasm-prefix/include/freetype2 --target=wasm32-wasip1 --sysroot=/home/nathan/secure-exec/registry/native/c/sysroot -L/home/nathan/secure-exec-wasmgui/experiments/wasm-gui/third_party/wasm-prefix/lib -L/home/nathan/secure-exec/registry/native/c/vendor/wasi-sdk/share/wasi-sysroot/lib/wasm32-wasip1 -lwasi-emulated-mman -lwasi-emulated-process-clocks -lX11 conftest.c  >&5
configure:4895: $? = 0
configure:4903: result: yes
configure:4911: checking for alloca
configure:4948: /home/nathan/secure-exec/registry/native/c/vendor/wasi-sdk/bin/clang -o conftest --target=wasm32-wasip1 --sysroot=/home/nathan/secure-exec/registry/native/c/sysroot -O2 -D_WASI_EMULATED_MMAN -D_WASI_EMULATED_PROCESS_CLOCKS -D_GNU_SOURCE -mllvm -wasm-enable-sjlj -Wno-error=implicit-function-declaration -Wno-error=int-conversion -Wno-int-conversion -I/home/nathan/secure-exec-wasmgui/experiments/wasm-gui/toolchain/compat-include -include /home/nathan/secure-exec-wasmgui/experiments/wasm-gui/toolchain/wasi-compat.h -I/home/nathan/secure-exec-wasmgui/experiments/wasm-gui/third_party/wasm-prefix/include/freetype2 --target=wasm32-wasip1 --sysroot=/home/nathan/secure-exec/registry/native/c/sysroot -I/home/nathan/secure-exec-wasmgui/experiments/wasm-gui/third_party/wasm-prefix/include -I/home/nathan/secure-exec-wasmgui/experiments/wasm-gui/toolchain/compat-include -include /home/nathan/secure-exec-wasmgui/experiments/wasm-gui/toolchain/wasi-compat.h -I/home/nathan/secure-exec-wasmgui/experiments/wasm-gui/third_party/wasm-prefix/include/freetype2 --target=wasm32-wasip1 --sysroot=/home/nathan/secure-exec/registry/native/c/sysroot -L/home/nathan/secure-exec-wasmgui/experiments/wasm-gui/third_party/wasm-prefix/lib -L/home/nathan/secure-exec/registry/native/c/vendor/wasi-sdk/share/wasi-sysroot/lib/wasm32-wasip1 -lwasi-emulated-mman -lwasi-emulated-process-clocks -lX11 conftest.c  >&5
configure:4948: $? = 0
configure:4956: result: yes
configure:5074: checking for wasm32-wasi-pkg-config
configure:5107: result: no
configure:5117: checking for pkg-config
configure:5135: found /usr/bin/pkg-config
configure:5147: result: /usr/bin/pkg-config
configure:5159: WARNING: using cross tools not prefixed with host triplet
configure:5172: checking if pkg-config knows about libpng
configure:5179: result: no
configure:5188: checking if pkg-config knows about libjpeg
configure:5195: result: no
configure:5204: checking if pkg-config knows about cairo
configure:5211: result: no
configure:5220: checking if pkg-config knows about librsvg-2.0
configure:5227: result: no
configure:5236: checking if pkg-config knows about xft
configure:5243: result: yes
configure:5252: checking if pkg-config knows about xrender
configure:5259: result: yes
configure:5268: checking if pkg-config knows about pangoxft
configure:5275: result: no
configure:5656: checking for XftFontOpenName in -lXft
configure:5681: /home/nathan/secure-exec/registry/native/c/vendor/wasi-sdk/bin/clang -o conftest --target=wasm32-wasip1 --sysroot=/home/nathan/secure-exec/registry/native/c/sysroot -O2 -D_WASI_EMULATED_MMAN -D_WASI_EMULATED_PROCESS_CLOCKS -D_GNU_SOURCE -mllvm -wasm-enable-sjlj -Wno-error=implicit-function-declaration -Wno-error=int-conversion -Wno-int-conversion -I/home/nathan/secure-exec-wasmgui/experiments/wasm-gui/toolchain/compat-include -include /home/nathan/secure-exec-wasmgui/experiments/wasm-gui/toolchain/wasi-compat.h -I/home/nathan/secure-exec-wasmgui/experiments/wasm-gui/third_party/wasm-prefix/include/freetype2 --target=wasm32-wasip1 --sysroot=/home/nathan/secure-exec/registry/native/c/sysroot -I/home/nathan/secure-exec-wasmgui/experiments/wasm-gui/third_party/wasm-prefix/include -I/home/nathan/secure-exec-wasmgui/experiments/wasm-gui/toolchain/compat-include -include /home/nathan/secure-exec-wasmgui/experiments/wasm-gui/toolchain/wasi-compat.h -I/home/nathan/secure-exec-wasmgui/experiments/wasm-gui/third_party/wasm-prefix/include/freetype2 --target=wasm32-wasip1 --sysroot=/home/nathan/secure-exec/registry/native/c/sysroot -L/home/nathan/secure-exec-wasmgui/experiments/wasm-gui/third_party/wasm-prefix/lib -L/home/nathan/secure-exec/registry/native/c/vendor/wasi-sdk/share/wasi-sysroot/lib/wasm32-wasip1 -lwasi-emulated-mman -lwasi-emulated-process-clocks -lX11 conftest.c -lXft  -L/home/nathan/secure-exec-wasmgui/experiments/wasm-gui/third_party/wasm-prefix/lib -lXft     >&5
wasm-ld: warning: function signature mismatch: XftFontOpenName
>>> defined as () -> i32 in /tmp/conftest-381eaf.o
>>> defined as (i32, i32, i32) -> i32 in /home/nathan/secure-exec-wasmgui/experiments/wasm-gui/third_party/wasm-prefix/lib/libXft.a(xftfont.o)
configure:5681: $? = 0
configure:5690: result: yes
configure:5707: checking for ft2build.h
configure:5707: /home/nathan/secure-exec/registry/native/c/vendor/wasi-sdk/bin/clang -c --target=wasm32-wasip1 --sysroot=/home/nathan/secure-exec/registry/native/c/sysroot -O2 -D_WASI_EMULATED_MMAN -D_WASI_EMULATED_PROCESS_CLOCKS -D_GNU_SOURCE -mllvm -wasm-enable-sjlj -Wno-error=implicit-function-declaration -Wno-error=int-conversion -Wno-int-conversion -I/home/nathan/secure-exec-wasmgui/experiments/wasm-gui/toolchain/compat-include -include /home/nathan/secure-exec-wasmgui/experiments/wasm-gui/toolchain/wasi-compat.h -I/home/nathan/secure-exec-wasmgui/experiments/wasm-gui/third_party/wasm-prefix/include/freetype2 -I/home/nathan/secure-exec-wasmgui/experiments/wasm-gui/third_party/wasm-prefix/include -I/home/nathan/secure-exec/experiments/wasm-gui/third_party/wasm-prefix/include/freetype2   --target=wasm32-wasip1 --sysroot=/home/nathan/secure-exec/registry/native/c/sysroot -I/home/nathan/secure-exec-wasmgui/experiments/wasm-gui/third_party/wasm-prefix/include -I/home/nathan/secure-exec-wasmgui/experiments/wasm-gui/toolchain/compat-include -include /home/nathan/secure-exec-wasmgui/experiments/wasm-gui/toolchain/wasi-compat.h -I/home/nathan/secure-exec-wasmgui/experiments/wasm-gui/third_party/wasm-prefix/include/freetype2 conftest.c >&5
configure:5707: $? = 0
configure:5707: result: yes
configure:5737: checking for X11/extensions/Xrender.h
configure:5737: /home/nathan/secure-exec/registry/native/c/vendor/wasi-sdk/bin/clang -c --target=wasm32-wasip1 --sysroot=/home/nathan/secure-exec/registry/native/c/sysroot -O2 -D_WASI_EMULATED_MMAN -D_WASI_EMULATED_PROCESS_CLOCKS -D_GNU_SOURCE -mllvm -wasm-enable-sjlj -Wno-error=implicit-function-declaration -Wno-error=int-conversion -Wno-int-conversion -I/home/nathan/secure-exec-wasmgui/experiments/wasm-gui/toolchain/compat-include -include /home/nathan/secure-exec-wasmgui/experiments/wasm-gui/toolchain/wasi-compat.h -I/home/nathan/secure-exec-wasmgui/experiments/wasm-gui/third_party/wasm-prefix/include/freetype2 -I/home/nathan/secure-exec-wasmgui/experiments/wasm-gui/third_party/wasm-prefix/include -I/home/nathan/secure-exec/experiments/wasm-gui/third_party/wasm-prefix/include/freetype2   --target=wasm32-wasip1 --sysroot=/home/nathan/secure-exec/registry/native/c/sysroot -I/home/nathan/secure-exec-wasmgui/experiments/wasm-gui/third_party/wasm-prefix/include -I/home/nathan/secure-exec-wasmgui/experiments/wasm-gui/toolchain/compat-include -include /home/nathan/secure-exec-wasmgui/experiments/wasm-gui/toolchain/wasi-compat.h -I/home/nathan/secure-exec-wasmgui/experiments/wasm-gui/third_party/wasm-prefix/include/freetype2 conftest.c >&5
configure:5737: $? = 0
configure:5737: result: yes
configure:5759: checking for XRenderComposite in -lXrender
configure:5784: /home/nathan/secure-exec/registry/native/c/vendor/wasi-sdk/bin/clang -o conftest --target=wasm32-wasip1 --sysroot=/home/nathan/secure-exec/registry/native/c/sysroot -O2 -D_WASI_EMULATED_MMAN -D_WASI_EMULATED_PROCESS_CLOCKS -D_GNU_SOURCE -mllvm -wasm-enable-sjlj -Wno-error=implicit-function-declaration -Wno-error=int-conversion -Wno-int-conversion -I/home/nathan/secure-exec-wasmgui/experiments/wasm-gui/toolchain/compat-include -include /home/nathan/secure-exec-wasmgui/experiments/wasm-gui/toolchain/wasi-compat.h -I/home/nathan/secure-exec-wasmgui/experiments/wasm-gui/third_party/wasm-prefix/include/freetype2 -I/home/nathan/secure-exec-wasmgui/experiments/wasm-gui/third_party/wasm-prefix/include -I/home/nathan/secure-exec/experiments/wasm-gui/third_party/wasm-prefix/include/freetype2   --target=wasm32-wasip1 --sysroot=/home/nathan/secure-exec/registry/native/c/sysroot -I/home/nathan/secure-exec-wasmgui/experiments/wasm-gui/third_party/wasm-prefix/include -I/home/nathan/secure-exec-wasmgui/experiments/wasm-gui/toolchain/compat-include -include /home/nathan/secure-exec-wasmgui/experiments/wasm-gui/toolchain/wasi-compat.h -I/home/nathan/secure-exec-wasmgui/experiments/wasm-gui/third_party/wasm-prefix/include/freetype2 --target=wasm32-wasip1 --sysroot=/home/nathan/secure-exec/registry/native/c/sysroot -L/home/nathan/secure-exec-wasmgui/experiments/wasm-gui/third_party/wasm-prefix/lib -L/home/nathan/secure-exec/registry/native/c/vendor/wasi-sdk/share/wasi-sysroot/lib/wasm32-wasip1 -lwasi-emulated-mman -lwasi-emulated-process-clocks -lX11 -L/home/nathan/secure-exec-wasmgui/experiments/wasm-gui/third_party/wasm-prefix/lib -lXft   conftest.c -lXrender  -L/home/nathan/secure-exec-wasmgui/experiments/wasm-gui/third_party/wasm-prefix/lib -lXrender -lX11    >&5
wasm-ld: warning: function signature mismatch: XRenderComposite
>>> defined as () -> i32 in /tmp/conftest-6042d3.o
>>> defined as (i32, i32, i32, i32, i32, i32, i32, i32, i32, i32, i32, i32, i32) -> void in /home/nathan/secure-exec-wasmgui/experiments/wasm-gui/third_party/wasm-prefix/lib/libXrender.a(Composite.o)
configure:5784: $? = 0
configure:5793: result: yes
configure:5832: checking for pango_xft_get_context in -lpango-xft
configure:5857: /home/nathan/secure-exec/registry/native/c/vendor/wasi-sdk/bin/clang -o conftest --target=wasm32-wasip1 --sysroot=/home/nathan/secure-exec/registry/native/c/sysroot -O2 -D_WASI_EMULATED_MMAN -D_WASI_EMULATED_PROCESS_CLOCKS -D_GNU_SOURCE -mllvm -wasm-enable-sjlj -Wno-error=implicit-function-declaration -Wno-error=int-conversion -Wno-int-conversion -I/home/nathan/secure-exec-wasmgui/experiments/wasm-gui/toolchain/compat-include -include /home/nathan/secure-exec-wasmgui/experiments/wasm-gui/toolchain/wasi-compat.h -I/home/nathan/secure-exec-wasmgui/experiments/wasm-gui/third_party/wasm-prefix/include/freetype2 -I/home/nathan/secure-exec-wasmgui/experiments/wasm-gui/third_party/wasm-prefix/include -I/home/nathan/secure-exec/experiments/wasm-gui/third_party/wasm-prefix/include/freetype2   -I/home/nathan/secure-exec-wasmgui/experiments/wasm-gui/third_party/wasm-prefix/include  --target=wasm32-wasip1 --sysroot=/home/nathan/secure-exec/registry/native/c/sysroot -I/home/nathan/secure-exec-wasmgui/experiments/wasm-gui/third_party/wasm-prefix/include -I/home/nathan/secure-exec-wasmgui/experiments/wasm-gui/toolchain/compat-include -include /home/nathan/secure-exec-wasmgui/experiments/wasm-gui/toolchain/wasi-compat.h -I/home/nathan/secure-exec-wasmgui/experiments/wasm-gui/third_party/wasm-prefix/include/freetype2 --target=wasm32-wasip1 --sysroot=/home/nathan/secure-exec/registry/native/c/sysroot -L/home/nathan/secure-exec-wasmgui/experiments/wasm-gui/third_party/wasm-prefix/lib -L/home/nathan/secure-exec/registry/native/c/vendor/wasi-sdk/share/wasi-sysroot/lib/wasm32-wasip1 -lwasi-emulated-mman -lwasi-emulated-process-clocks -lX11 -L/home/nathan/secure-exec-wasmgui/experiments/wasm-gui/third_party/wasm-prefix/lib -lXft   -L/home/nathan/secure-exec-wasmgui/experiments/wasm-gui/third_party/wasm-prefix/lib -lXrender -lX11  conftest.c -lpango-xft  -lpango -lpango-xft   >&5
wasm-ld: error: unable to find library -lpango-xft
wasm-ld: error: unable to find library -lpango
wasm-ld: error: unable to find library -lpango-xft
clang: error: linker command failed with exit code 1 (use -v to see invocation)
configure:5857: $? = 1
configure: failed program was:
| /* confdefs.h */
| #define PACKAGE_NAME "jwm"
| #define PACKAGE_TARNAME "jwm"
| #define PACKAGE_VERSION "2.4.6"
| #define PACKAGE_STRING "jwm 2.4.6"
| #define PACKAGE_BUGREPORT "joewing@joewing.net"
| #define PACKAGE_URL ""
| #define PACKAGE "jwm"
| #define VERSION "2.4.6"
| #define _XOPEN_SOURCE 600L
| #define _XOPEN_SOURCE_EXTENDED 1
| #define __EXTENSIONS__ 1
| #define STDC_HEADERS 1
| #define HAVE_SYS_TYPES_H 1
| #define HAVE_SYS_STAT_H 1
| #define HAVE_STDLIB_H 1
| #define HAVE_STRING_H 1
| #define HAVE_MEMORY_H 1
| #define HAVE_STRINGS_H 1
| #define HAVE_INTTYPES_H 1
| #define HAVE_STDINT_H 1
| #define HAVE_UNISTD_H 1
| #define HAVE_STDARG_H 1
| #define HAVE_STDIO_H 1
| #define HAVE_STDLIB_H 1
| #define HAVE_CTYPE_H 1
| #define HAVE_SYS_SELECT_H 1
| #define HAVE_SIGNAL_H 1
| #define HAVE_UNISTD_H 1
| #define HAVE_TIME_H 1
| #define HAVE_SYS_WAIT_H 1
| #define HAVE_SYS_TIME_H 1
| #define HAVE_LANGINFO_H 1
| #define HAVE_ICONV_H 1
| #define HAVE_LOCALE_H 1
| #define HAVE_X11_XLIB_H 1
| #define HAVE_X11_XUTIL_H 1
| #define HAVE_X11_CURSORFONT_H 1
| #define HAVE_X11_XPROTO_H 1
| #define HAVE_X11_XATOM_H 1
| #define HAVE_X11_KEYSYM_H 1
| #define HAVE_X11_XRESOURCE_H 1
| #define HAVE_UNSETENV 1
| #define HAVE_PUTENV 1
| #define HAVE_SETLOCALE 1
| #define HAVE_ALLOCA_H 1
| #define HAVE_ALLOCA 1
| #define DISABLE_CONFIRM 1
| #define USE_ICONS 1
| #define USE_XFT 1
| #define HAVE_X11_EXTENSIONS_XRENDER_H 1
| #define USE_XRENDER 1
| /* end confdefs.h.  */
| 
| /* Override any GCC internal prototype to avoid an error.
|    Use char because int might match the return type of a GCC
|    builtin and then its argument prototype would still apply.  */
| #ifdef __cplusplus
| extern "C"
| #endif
| char pango_xft_get_context ();
| int
| main ()
| {
| return pango_xft_get_context ();
|   ;
|   return 0;
| }
configure:5866: result: no
configure:5872: WARNING: unable to use Pango
configure:6001: checking for XReadBitmapFileData in -lX11
configure:6026: /home/nathan/secure-exec/registry/native/c/vendor/wasi-sdk/bin/clang -o conftest --target=wasm32-wasip1 --sysroot=/home/nathan/secure-exec/registry/native/c/sysroot -O2 -D_WASI_EMULATED_MMAN -D_WASI_EMULATED_PROCESS_CLOCKS -D_GNU_SOURCE -mllvm -wasm-enable-sjlj -Wno-error=implicit-function-declaration -Wno-error=int-conversion -Wno-int-conversion -I/home/nathan/secure-exec-wasmgui/experiments/wasm-gui/toolchain/compat-include -include /home/nathan/secure-exec-wasmgui/experiments/wasm-gui/toolchain/wasi-compat.h -I/home/nathan/secure-exec-wasmgui/experiments/wasm-gui/third_party/wasm-prefix/include/freetype2 -I/home/nathan/secure-exec-wasmgui/experiments/wasm-gui/third_party/wasm-prefix/include -I/home/nathan/secure-exec/experiments/wasm-gui/third_party/wasm-prefix/include/freetype2   -I/home/nathan/secure-exec-wasmgui/experiments/wasm-gui/third_party/wasm-prefix/include  --target=wasm32-wasip1 --sysroot=/home/nathan/secure-exec/registry/native/c/sysroot -I/home/nathan/secure-exec-wasmgui/experiments/wasm-gui/third_party/wasm-prefix/include -I/home/nathan/secure-exec-wasmgui/experiments/wasm-gui/toolchain/compat-include -include /home/nathan/secure-exec-wasmgui/experiments/wasm-gui/toolchain/wasi-compat.h -I/home/nathan/secure-exec-wasmgui/experiments/wasm-gui/third_party/wasm-prefix/include/freetype2 --target=wasm32-wasip1 --sysroot=/home/nathan/secure-exec/registry/native/c/sysroot -L/home/nathan/secure-exec-wasmgui/experiments/wasm-gui/third_party/wasm-prefix/lib -L/home/nathan/secure-exec/registry/native/c/vendor/wasi-sdk/share/wasi-sysroot/lib/wasm32-wasip1 -lwasi-emulated-mman -lwasi-emulated-process-clocks -lX11 -L/home/nathan/secure-exec-wasmgui/experiments/wasm-gui/third_party/wasm-prefix/lib -lXft   -L/home/nathan/secure-exec-wasmgui/experiments/wasm-gui/third_party/wasm-prefix/lib -lXrender -lX11  conftest.c -lX11   >&5
[parse exception: popping from empty stack (at 0:2039)]
Fatal: error parsing wasm (try --debug for more info)
clang: error: linker command failed with exit code 1 (use -v to see invocation)
configure:6026: $? = 1
configure: failed program was:
| /* confdefs.h */
| #define PACKAGE_NAME "jwm"
| #define PACKAGE_TARNAME "jwm"
| #define PACKAGE_VERSION "2.4.6"
| #define PACKAGE_STRING "jwm 2.4.6"
| #define PACKAGE_BUGREPORT "joewing@joewing.net"
| #define PACKAGE_URL ""
| #define PACKAGE "jwm"
| #define VERSION "2.4.6"
| #define _XOPEN_SOURCE 600L
| #define _XOPEN_SOURCE_EXTENDED 1
| #define __EXTENSIONS__ 1
| #define STDC_HEADERS 1
| #define HAVE_SYS_TYPES_H 1
| #define HAVE_SYS_STAT_H 1
| #define HAVE_STDLIB_H 1
| #define HAVE_STRING_H 1
| #define HAVE_MEMORY_H 1
| #define HAVE_STRINGS_H 1
| #define HAVE_INTTYPES_H 1
| #define HAVE_STDINT_H 1
| #define HAVE_UNISTD_H 1
| #define HAVE_STDARG_H 1
| #define HAVE_STDIO_H 1
| #define HAVE_STDLIB_H 1
| #define HAVE_CTYPE_H 1
| #define HAVE_SYS_SELECT_H 1
| #define HAVE_SIGNAL_H 1
| #define HAVE_UNISTD_H 1
| #define HAVE_TIME_H 1
| #define HAVE_SYS_WAIT_H 1
| #define HAVE_SYS_TIME_H 1
| #define HAVE_LANGINFO_H 1
| #define HAVE_ICONV_H 1
| #define HAVE_LOCALE_H 1
| #define HAVE_X11_XLIB_H 1
| #define HAVE_X11_XUTIL_H 1
| #define HAVE_X11_CURSORFONT_H 1
| #define HAVE_X11_XPROTO_H 1
| #define HAVE_X11_XATOM_H 1
| #define HAVE_X11_KEYSYM_H 1
| #define HAVE_X11_XRESOURCE_H 1
| #define HAVE_UNSETENV 1
| #define HAVE_PUTENV 1
| #define HAVE_SETLOCALE 1
| #define HAVE_ALLOCA_H 1
| #define HAVE_ALLOCA 1
| #define DISABLE_CONFIRM 1
| #define USE_ICONS 1
| #define USE_XFT 1
| #define HAVE_X11_EXTENSIONS_XRENDER_H 1
| #define USE_XRENDER 1
| /* end confdefs.h.  */
| 
| /* Override any GCC internal prototype to avoid an error.
|    Use char because int might match the return type of a GCC
|    builtin and then its argument prototype would still apply.  */
| #ifdef __cplusplus
| extern "C"
| #endif
| char XReadBitmapFileData ();
| int
| main ()
| {
| return XReadBitmapFileData ();
|   ;
|   return 0;
| }
configure:6035: result: no
configure:6044: WARNING: unable to use XBM images
configure:6127: checking for XmuDrawRoundedRectangle in -lXmu
configure:6152: /home/nathan/secure-exec/registry/native/c/vendor/wasi-sdk/bin/clang -o conftest --target=wasm32-wasip1 --sysroot=/home/nathan/secure-exec/registry/native/c/sysroot -O2 -D_WASI_EMULATED_MMAN -D_WASI_EMULATED_PROCESS_CLOCKS -D_GNU_SOURCE -mllvm -wasm-enable-sjlj -Wno-error=implicit-function-declaration -Wno-error=int-conversion -Wno-int-conversion -I/home/nathan/secure-exec-wasmgui/experiments/wasm-gui/toolchain/compat-include -include /home/nathan/secure-exec-wasmgui/experiments/wasm-gui/toolchain/wasi-compat.h -I/home/nathan/secure-exec-wasmgui/experiments/wasm-gui/third_party/wasm-prefix/include/freetype2 -I/home/nathan/secure-exec-wasmgui/experiments/wasm-gui/third_party/wasm-prefix/include -I/home/nathan/secure-exec/experiments/wasm-gui/third_party/wasm-prefix/include/freetype2   -I/home/nathan/secure-exec-wasmgui/experiments/wasm-gui/third_party/wasm-prefix/include  --target=wasm32-wasip1 --sysroot=/home/nathan/secure-exec/registry/native/c/sysroot -I/home/nathan/secure-exec-wasmgui/experiments/wasm-gui/third_party/wasm-prefix/include -I/home/nathan/secure-exec-wasmgui/experiments/wasm-gui/toolchain/compat-include -include /home/nathan/secure-exec-wasmgui/experiments/wasm-gui/toolchain/wasi-compat.h -I/home/nathan/secure-exec-wasmgui/experiments/wasm-gui/third_party/wasm-prefix/include/freetype2 --target=wasm32-wasip1 --sysroot=/home/nathan/secure-exec/registry/native/c/sysroot -L/home/nathan/secure-exec-wasmgui/experiments/wasm-gui/third_party/wasm-prefix/lib -L/home/nathan/secure-exec/registry/native/c/vendor/wasi-sdk/share/wasi-sysroot/lib/wasm32-wasip1 -lwasi-emulated-mman -lwasi-emulated-process-clocks -lX11 -L/home/nathan/secure-exec-wasmgui/experiments/wasm-gui/third_party/wasm-prefix/lib -lXft   -L/home/nathan/secure-exec-wasmgui/experiments/wasm-gui/third_party/wasm-prefix/lib -lXrender -lX11  conftest.c -lXmu   >&5
wasm-ld: warning: function signature mismatch: XmuDrawRoundedRectangle
>>> defined as () -> i32 in /tmp/conftest-223772.o
>>> defined as (i32, i32, i32, i32, i32, i32, i32, i32, i32) -> void in /home/nathan/secure-exec-wasmgui/experiments/wasm-gui/third_party/wasm-prefix/lib/libXmu.a(DrRndRect.o)
configure:6152: $? = 0
configure:6161: result: yes
configure:6243: checking build system type
configure:6257: result: x86_64-pc-linux-gnux32
configure:6277: checking host system type
configure:6290: result: wasm32-unknown-wasi
configure:6352: checking for ld used by /home/nathan/secure-exec/registry/native/c/vendor/wasi-sdk/bin/clang
configure:6477: result: /home/linuxbrew/.linuxbrew/bin/ld
configure:6484: checking if the linker (/home/linuxbrew/.linuxbrew/bin/ld) is GNU ld
configure:6499: result: yes
configure:6506: checking for shared library run path origin
configure:6519: result: done
configure:6540: checking 32-bit host C ABI
configure:6793: result: unknown
configure:6802: checking for ELF binary format
configure:6824: result: no
configure:6873: checking for the common suffixes of directories in the library search path
configure:6941: result: lib,lib32,lib64
configure:7465: checking for iconv
configure:7489: /home/nathan/secure-exec/registry/native/c/vendor/wasi-sdk/bin/clang -o conftest --target=wasm32-wasip1 --sysroot=/home/nathan/secure-exec/registry/native/c/sysroot -O2 -D_WASI_EMULATED_MMAN -D_WASI_EMULATED_PROCESS_CLOCKS -D_GNU_SOURCE -mllvm -wasm-enable-sjlj -Wno-error=implicit-function-declaration -Wno-error=int-conversion -Wno-int-conversion -I/home/nathan/secure-exec-wasmgui/experiments/wasm-gui/toolchain/compat-include -include /home/nathan/secure-exec-wasmgui/experiments/wasm-gui/toolchain/wasi-compat.h -I/home/nathan/secure-exec-wasmgui/experiments/wasm-gui/third_party/wasm-prefix/include/freetype2 -I/home/nathan/secure-exec-wasmgui/experiments/wasm-gui/third_party/wasm-prefix/include -I/home/nathan/secure-exec/experiments/wasm-gui/third_party/wasm-prefix/include/freetype2   -I/home/nathan/secure-exec-wasmgui/experiments/wasm-gui/third_party/wasm-prefix/include  --target=wasm32-wasip1 --sysroot=/home/nathan/secure-exec/registry/native/c/sysroot -I/home/nathan/secure-exec-wasmgui/experiments/wasm-gui/third_party/wasm-prefix/include -I/home/nathan/secure-exec-wasmgui/experiments/wasm-gui/toolchain/compat-include -include /home/nathan/secure-exec-wasmgui/experiments/wasm-gui/toolchain/wasi-compat.h -I/home/nathan/secure-exec-wasmgui/experiments/wasm-gui/third_party/wasm-prefix/include/freetype2 --target=wasm32-wasip1 --sysroot=/home/nathan/secure-exec/registry/native/c/sysroot -L/home/nathan/secure-exec-wasmgui/experiments/wasm-gui/third_party/wasm-prefix/lib -L/home/nathan/secure-exec/registry/native/c/vendor/wasi-sdk/share/wasi-sysroot/lib/wasm32-wasip1 -lwasi-emulated-mman -lwasi-emulated-process-clocks -lX11 -L/home/nathan/secure-exec-wasmgui/experiments/wasm-gui/third_party/wasm-prefix/lib -lXft   -L/home/nathan/secure-exec-wasmgui/experiments/wasm-gui/third_party/wasm-prefix/lib -lXrender -lX11  -lXmu conftest.c  >&5
configure:7489: $? = 0
configure:7523: result: yes
configure:7526: checking for working iconv
configure:7679: result: guessing yes
configure:7707: checking for iconv declaration
configure:7736: /home/nathan/secure-exec/registry/native/c/vendor/wasi-sdk/bin/clang -c --target=wasm32-wasip1 --sysroot=/home/nathan/secure-exec/registry/native/c/sysroot -O2 -D_WASI_EMULATED_MMAN -D_WASI_EMULATED_PROCESS_CLOCKS -D_GNU_SOURCE -mllvm -wasm-enable-sjlj -Wno-error=implicit-function-declaration -Wno-error=int-conversion -Wno-int-conversion -I/home/nathan/secure-exec-wasmgui/experiments/wasm-gui/toolchain/compat-include -include /home/nathan/secure-exec-wasmgui/experiments/wasm-gui/toolchain/wasi-compat.h -I/home/nathan/secure-exec-wasmgui/experiments/wasm-gui/third_party/wasm-prefix/include/freetype2 -I/home/nathan/secure-exec-wasmgui/experiments/wasm-gui/third_party/wasm-prefix/include -I/home/nathan/secure-exec/experiments/wasm-gui/third_party/wasm-prefix/include/freetype2   -I/home/nathan/secure-exec-wasmgui/experiments/wasm-gui/third_party/wasm-prefix/include  --target=wasm32-wasip1 --sysroot=/home/nathan/secure-exec/registry/native/c/sysroot -I/home/nathan/secure-exec-wasmgui/experiments/wasm-gui/third_party/wasm-prefix/include -I/home/nathan/secure-exec-wasmgui/experiments/wasm-gui/toolchain/compat-include -include /home/nathan/secure-exec-wasmgui/experiments/wasm-gui/toolchain/wasi-compat.h -I/home/nathan/secure-exec-wasmgui/experiments/wasm-gui/third_party/wasm-prefix/include/freetype2 conftest.c >&5
configure:7736: $? = 0
configure:7747: result:
         extern size_t iconv (iconv_t cd, char * *inbuf, size_t *inbytesleft, char * *outbuf, size_t *outbytesleft);
configure:7760: checking for a sed that does not truncate output
configure:7824: result: /usr/bin/sed
configure:7830: checking whether NLS is requested
configure:7839: result: no
configure:7879: checking for msgfmt
configure: trying /home/linuxbrew/.linuxbrew/bin/msgfmt...
/home/linuxbrew/.linuxbrew/bin/msgfmt: error while loading shared libraries: libxml2.so.2: cannot open shared object file: No such file or directory
configure: trying /home/linuxbrew/.linuxbrew/bin/msgfmt...
/home/linuxbrew/.linuxbrew/bin/msgfmt: error while loading shared libraries: libxml2.so.2: cannot open shared object file: No such file or directory
configure: trying /home/linuxbrew/.linuxbrew/bin/msgfmt...
/home/linuxbrew/.linuxbrew/bin/msgfmt: error while loading shared libraries: libxml2.so.2: cannot open shared object file: No such file or directory
configure:7914: result: no
configure:7920: checking for gmsgfmt
configure:7951: result: :
configure:7996: checking for xgettext
configure: trying /home/linuxbrew/.linuxbrew/bin/xgettext...
/home/linuxbrew/.linuxbrew/bin/xgettext: error while loading shared libraries: libxml2.so.2: cannot open shared object file: No such file or directory
configure: trying /home/linuxbrew/.linuxbrew/bin/xgettext...
/home/linuxbrew/.linuxbrew/bin/xgettext: error while loading shared libraries: libxml2.so.2: cannot open shared object file: No such file or directory
configure: trying /home/linuxbrew/.linuxbrew/bin/xgettext...
/home/linuxbrew/.linuxbrew/bin/xgettext: error while loading shared libraries: libxml2.so.2: cannot open shared object file: No such file or directory
configure:8031: result: no
configure:8073: checking for msgmerge
configure: trying /home/linuxbrew/.linuxbrew/bin/msgmerge...
/home/linuxbrew/.linuxbrew/bin/msgmerge: error while loading shared libraries: libxml2.so.2: cannot open shared object file: No such file or directory
configure: trying /home/linuxbrew/.linuxbrew/bin/msgmerge...
/home/linuxbrew/.linuxbrew/bin/msgmerge: error while loading shared libraries: libxml2.so.2: cannot open shared object file: No such file or directory
configure: trying /home/linuxbrew/.linuxbrew/bin/msgmerge...
/home/linuxbrew/.linuxbrew/bin/msgmerge: error while loading shared libraries: libxml2.so.2: cannot open shared object file: No such file or directory
configure:8107: result: no
configure:8152: checking for CFPreferencesCopyAppValue
configure:8170: /home/nathan/secure-exec/registry/native/c/vendor/wasi-sdk/bin/clang -o conftest --target=wasm32-wasip1 --sysroot=/home/nathan/secure-exec/registry/native/c/sysroot -O2 -D_WASI_EMULATED_MMAN -D_WASI_EMULATED_PROCESS_CLOCKS -D_GNU_SOURCE -mllvm -wasm-enable-sjlj -Wno-error=implicit-function-declaration -Wno-error=int-conversion -Wno-int-conversion -I/home/nathan/secure-exec-wasmgui/experiments/wasm-gui/toolchain/compat-include -include /home/nathan/secure-exec-wasmgui/experiments/wasm-gui/toolchain/wasi-compat.h -I/home/nathan/secure-exec-wasmgui/experiments/wasm-gui/third_party/wasm-prefix/include/freetype2 -I/home/nathan/secure-exec-wasmgui/experiments/wasm-gui/third_party/wasm-prefix/include -I/home/nathan/secure-exec/experiments/wasm-gui/third_party/wasm-prefix/include/freetype2   -I/home/nathan/secure-exec-wasmgui/experiments/wasm-gui/third_party/wasm-prefix/include  --target=wasm32-wasip1 --sysroot=/home/nathan/secure-exec/registry/native/c/sysroot -I/home/nathan/secure-exec-wasmgui/experiments/wasm-gui/third_party/wasm-prefix/include -I/home/nathan/secure-exec-wasmgui/experiments/wasm-gui/toolchain/compat-include -include /home/nathan/secure-exec-wasmgui/experiments/wasm-gui/toolchain/wasi-compat.h -I/home/nathan/secure-exec-wasmgui/experiments/wasm-gui/third_party/wasm-prefix/include/freetype2 --target=wasm32-wasip1 --sysroot=/home/nathan/secure-exec/registry/native/c/sysroot -L/home/nathan/secure-exec-wasmgui/experiments/wasm-gui/third_party/wasm-prefix/lib -L/home/nathan/secure-exec/registry/native/c/vendor/wasi-sdk/share/wasi-sysroot/lib/wasm32-wasip1 -lwasi-emulated-mman -lwasi-emulated-process-clocks -lX11 -L/home/nathan/secure-exec-wasmgui/experiments/wasm-gui/third_party/wasm-prefix/lib -lXft   -L/home/nathan/secure-exec-wasmgui/experiments/wasm-gui/third_party/wasm-prefix/lib -lXrender -lX11  -lXmu conftest.c  -Wl,-framework -Wl,CoreFoundation >&5
conftest.c:57:10: fatal error: 'CoreFoundation/CFPreferences.h' file not found
   57 | #include <CoreFoundation/CFPreferences.h>
      |          ^~~~~~~~~~~~~~~~~~~~~~~~~~~~~~~~
1 error generated.
configure:8170: $? = 1
configure: failed program was:
| /* confdefs.h */
| #define PACKAGE_NAME "jwm"
| #define PACKAGE_TARNAME "jwm"
| #define PACKAGE_VERSION "2.4.6"
| #define PACKAGE_STRING "jwm 2.4.6"
| #define PACKAGE_BUGREPORT "joewing@joewing.net"
| #define PACKAGE_URL ""
| #define PACKAGE "jwm"
| #define VERSION "2.4.6"
| #define _XOPEN_SOURCE 600L
| #define _XOPEN_SOURCE_EXTENDED 1
| #define __EXTENSIONS__ 1
| #define STDC_HEADERS 1
| #define HAVE_SYS_TYPES_H 1
| #define HAVE_SYS_STAT_H 1
| #define HAVE_STDLIB_H 1
| #define HAVE_STRING_H 1
| #define HAVE_MEMORY_H 1
| #define HAVE_STRINGS_H 1
| #define HAVE_INTTYPES_H 1
| #define HAVE_STDINT_H 1
| #define HAVE_UNISTD_H 1
| #define HAVE_STDARG_H 1
| #define HAVE_STDIO_H 1
| #define HAVE_STDLIB_H 1
| #define HAVE_CTYPE_H 1
| #define HAVE_SYS_SELECT_H 1
| #define HAVE_SIGNAL_H 1
| #define HAVE_UNISTD_H 1
| #define HAVE_TIME_H 1
| #define HAVE_SYS_WAIT_H 1
| #define HAVE_SYS_TIME_H 1
| #define HAVE_LANGINFO_H 1
| #define HAVE_ICONV_H 1
| #define HAVE_LOCALE_H 1
| #define HAVE_X11_XLIB_H 1
| #define HAVE_X11_XUTIL_H 1
| #define HAVE_X11_CURSORFONT_H 1
| #define HAVE_X11_XPROTO_H 1
| #define HAVE_X11_XATOM_H 1
| #define HAVE_X11_KEYSYM_H 1
| #define HAVE_X11_XRESOURCE_H 1
| #define HAVE_UNSETENV 1
| #define HAVE_PUTENV 1
| #define HAVE_SETLOCALE 1
| #define HAVE_ALLOCA_H 1
| #define HAVE_ALLOCA 1
| #define DISABLE_CONFIRM 1
| #define USE_ICONS 1
| #define USE_XFT 1
| #define HAVE_X11_EXTENSIONS_XRENDER_H 1
| #define USE_XRENDER 1
| #define USE_XMU 1
| #define HAVE_ICONV 1
| #define ICONV_CONST 
| /* end confdefs.h.  */
| #include <CoreFoundation/CFPreferences.h>
| int
| main ()
| {
| CFPreferencesCopyAppValue(NULL, NULL)
|   ;
|   return 0;
| }
configure:8179: result: no
configure:8186: checking for CFLocaleCopyPreferredLanguages
configure:8204: /home/nathan/secure-exec/registry/native/c/vendor/wasi-sdk/bin/clang -o conftest --target=wasm32-wasip1 --sysroot=/home/nathan/secure-exec/registry/native/c/sysroot -O2 -D_WASI_EMULATED_MMAN -D_WASI_EMULATED_PROCESS_CLOCKS -D_GNU_SOURCE -mllvm -wasm-enable-sjlj -Wno-error=implicit-function-declaration -Wno-error=int-conversion -Wno-int-conversion -I/home/nathan/secure-exec-wasmgui/experiments/wasm-gui/toolchain/compat-include -include /home/nathan/secure-exec-wasmgui/experiments/wasm-gui/toolchain/wasi-compat.h -I/home/nathan/secure-exec-wasmgui/experiments/wasm-gui/third_party/wasm-prefix/include/freetype2 -I/home/nathan/secure-exec-wasmgui/experiments/wasm-gui/third_party/wasm-prefix/include -I/home/nathan/secure-exec/experiments/wasm-gui/third_party/wasm-prefix/include/freetype2   -I/home/nathan/secure-exec-wasmgui/experiments/wasm-gui/third_party/wasm-prefix/include  --target=wasm32-wasip1 --sysroot=/home/nathan/secure-exec/registry/native/c/sysroot -I/home/nathan/secure-exec-wasmgui/experiments/wasm-gui/third_party/wasm-prefix/include -I/home/nathan/secure-exec-wasmgui/experiments/wasm-gui/toolchain/compat-include -include /home/nathan/secure-exec-wasmgui/experiments/wasm-gui/toolchain/wasi-compat.h -I/home/nathan/secure-exec-wasmgui/experiments/wasm-gui/third_party/wasm-prefix/include/freetype2 --target=wasm32-wasip1 --sysroot=/home/nathan/secure-exec/registry/native/c/sysroot -L/home/nathan/secure-exec-wasmgui/experiments/wasm-gui/third_party/wasm-prefix/lib -L/home/nathan/secure-exec/registry/native/c/vendor/wasi-sdk/share/wasi-sysroot/lib/wasm32-wasip1 -lwasi-emulated-mman -lwasi-emulated-process-clocks -lX11 -L/home/nathan/secure-exec-wasmgui/experiments/wasm-gui/third_party/wasm-prefix/lib -lXft   -L/home/nathan/secure-exec-wasmgui/experiments/wasm-gui/third_party/wasm-prefix/lib -lXrender -lX11  -lXmu conftest.c  -Wl,-framework -Wl,CoreFoundation >&5
conftest.c:57:10: fatal error: 'CoreFoundation/CFLocale.h' file not found
   57 | #include <CoreFoundation/CFLocale.h>
      |          ^~~~~~~~~~~~~~~~~~~~~~~~~~~
1 error generated.
configure:8204: $? = 1
configure: failed program was:
| /* confdefs.h */
| #define PACKAGE_NAME "jwm"
| #define PACKAGE_TARNAME "jwm"
| #define PACKAGE_VERSION "2.4.6"
| #define PACKAGE_STRING "jwm 2.4.6"
| #define PACKAGE_BUGREPORT "joewing@joewing.net"
| #define PACKAGE_URL ""
| #define PACKAGE "jwm"
| #define VERSION "2.4.6"
| #define _XOPEN_SOURCE 600L
| #define _XOPEN_SOURCE_EXTENDED 1
| #define __EXTENSIONS__ 1
| #define STDC_HEADERS 1
| #define HAVE_SYS_TYPES_H 1
| #define HAVE_SYS_STAT_H 1
| #define HAVE_STDLIB_H 1
| #define HAVE_STRING_H 1
| #define HAVE_MEMORY_H 1
| #define HAVE_STRINGS_H 1
| #define HAVE_INTTYPES_H 1
| #define HAVE_STDINT_H 1
| #define HAVE_UNISTD_H 1
| #define HAVE_STDARG_H 1
| #define HAVE_STDIO_H 1
| #define HAVE_STDLIB_H 1
| #define HAVE_CTYPE_H 1
| #define HAVE_SYS_SELECT_H 1
| #define HAVE_SIGNAL_H 1
| #define HAVE_UNISTD_H 1
| #define HAVE_TIME_H 1
| #define HAVE_SYS_WAIT_H 1
| #define HAVE_SYS_TIME_H 1
| #define HAVE_LANGINFO_H 1
| #define HAVE_ICONV_H 1
| #define HAVE_LOCALE_H 1
| #define HAVE_X11_XLIB_H 1
| #define HAVE_X11_XUTIL_H 1
| #define HAVE_X11_CURSORFONT_H 1
| #define HAVE_X11_XPROTO_H 1
| #define HAVE_X11_XATOM_H 1
| #define HAVE_X11_KEYSYM_H 1
| #define HAVE_X11_XRESOURCE_H 1
| #define HAVE_UNSETENV 1
| #define HAVE_PUTENV 1
| #define HAVE_SETLOCALE 1
| #define HAVE_ALLOCA_H 1
| #define HAVE_ALLOCA 1
| #define DISABLE_CONFIRM 1
| #define USE_ICONS 1
| #define USE_XFT 1
| #define HAVE_X11_EXTENSIONS_XRENDER_H 1
| #define USE_XRENDER 1
| #define USE_XMU 1
| #define HAVE_ICONV 1
| #define ICONV_CONST 
| /* end confdefs.h.  */
| #include <CoreFoundation/CFLocale.h>
| int
| main ()
| {
| CFLocaleCopyPreferredLanguages();
|   ;
|   return 0;
| }
configure:8213: result: no
configure:9182: checking whether to use NLS
configure:9184: result: no
configure:9443: checking that generated files are newer than configure
configure:9449: result: done
configure:9472: creating ./config.status

## ---------------------- ##
## Running config.status. ##
## ---------------------- ##

This file was extended by jwm config.status 2.4.6, which was
generated by GNU Autoconf 2.69.  Invocation command line was

  CONFIG_FILES    = 
  CONFIG_HEADERS  = 
  CONFIG_LINKS    = 
  CONFIG_COMMANDS = 
  $ ./config.status 

on nathan-dev

config.status:949: creating po/Makefile.in
config.status:949: creating Makefile
config.status:949: creating src/Makefile
config.status:949: creating contrib/Makefile
config.status:949: creating jwm.1
config.status:949: creating config.h
config.status:1130: config.h is unchanged
config.status:1178: executing depfiles commands
config.status:1178: executing po-directories commands
configure:10909: WARNING: unrecognized options: --disable-xrandr, --disable-fribidi

## ---------------- ##
## Cache variables. ##
## ---------------- ##

ac_cv_build=x86_64-pc-linux-gnux32
ac_cv_c_compiler_gnu=yes
ac_cv_env_CC_set=set
ac_cv_env_CC_value=/home/nathan/secure-exec/registry/native/c/vendor/wasi-sdk/bin/clang
ac_cv_env_CFLAGS_set=set
ac_cv_env_CFLAGS_value='--target=wasm32-wasip1 --sysroot=/home/nathan/secure-exec/registry/native/c/sysroot -O2 -D_WASI_EMULATED_MMAN -D_WASI_EMULATED_PROCESS_CLOCKS -D_GNU_SOURCE -mllvm -wasm-enable-sjlj -Wno-error=implicit-function-declaration -Wno-error=int-conversion -Wno-int-conversion -I/home/nathan/secure-exec-wasmgui/experiments/wasm-gui/toolchain/compat-include -include /home/nathan/secure-exec-wasmgui/experiments/wasm-gui/toolchain/wasi-compat.h -I/home/nathan/secure-exec-wasmgui/experiments/wasm-gui/third_party/wasm-prefix/include/freetype2'
ac_cv_env_CPPFLAGS_set=set
ac_cv_env_CPPFLAGS_value='--target=wasm32-wasip1 --sysroot=/home/nathan/secure-exec/registry/native/c/sysroot -I/home/nathan/secure-exec-wasmgui/experiments/wasm-gui/third_party/wasm-prefix/include -I/home/nathan/secure-exec-wasmgui/experiments/wasm-gui/toolchain/compat-include -include /home/nathan/secure-exec-wasmgui/experiments/wasm-gui/toolchain/wasi-compat.h -I/home/nathan/secure-exec-wasmgui/experiments/wasm-gui/third_party/wasm-prefix/include/freetype2'
ac_cv_env_CPP_set=
ac_cv_env_CPP_value=
ac_cv_env_LDFLAGS_set=set
ac_cv_env_LDFLAGS_value='--target=wasm32-wasip1 --sysroot=/home/nathan/secure-exec/registry/native/c/sysroot -L/home/nathan/secure-exec-wasmgui/experiments/wasm-gui/third_party/wasm-prefix/lib -L/home/nathan/secure-exec/registry/native/c/vendor/wasi-sdk/share/wasi-sysroot/lib/wasm32-wasip1 -lwasi-emulated-mman -lwasi-emulated-process-clocks'
ac_cv_env_LIBS_set=
ac_cv_env_LIBS_value=
ac_cv_env_XMKMF_set=
ac_cv_env_XMKMF_value=
ac_cv_env_build_alias_set=
ac_cv_env_build_alias_value=
ac_cv_env_host_alias_set=set
ac_cv_env_host_alias_value=wasm32-wasi
ac_cv_env_target_alias_set=
ac_cv_env_target_alias_value=
ac_cv_func_alloca_works=yes
ac_cv_func_putenv=yes
ac_cv_func_setlocale=yes
ac_cv_func_unsetenv=yes
ac_cv_have_x='have_x=yes	ac_x_includes='\'''\''	ac_x_libraries='\'''\'''
ac_cv_header_X11_Xatom_h=yes
ac_cv_header_X11_Xlib_h=yes
ac_cv_header_X11_Xproto_h=yes
ac_cv_header_X11_Xresource_h=yes
ac_cv_header_X11_Xutil_h=yes
ac_cv_header_X11_cursorfont_h=yes
ac_cv_header_X11_extensions_Xrender_h=yes
ac_cv_header_X11_keysym_h=yes
ac_cv_header_ctype_h=yes
ac_cv_header_ft2build_h=yes
ac_cv_header_iconv_h=yes
ac_cv_header_inttypes_h=yes
ac_cv_header_langinfo_h=yes
ac_cv_header_libintl_h=no
ac_cv_header_locale_h=yes
ac_cv_header_memory_h=yes
ac_cv_header_signal_h=yes
ac_cv_header_stdarg_h=yes
ac_cv_header_stdc=yes
ac_cv_header_stdint_h=yes
ac_cv_header_stdio_h=yes
ac_cv_header_stdlib_h=yes
ac_cv_header_string_h=yes
ac_cv_header_strings_h=yes
ac_cv_header_sys_select_h=yes
ac_cv_header_sys_stat_h=yes
ac_cv_header_sys_time_h=yes
ac_cv_header_sys_types_h=yes
ac_cv_header_sys_wait_h=yes
ac_cv_header_time_h=yes
ac_cv_header_unistd_h=yes
ac_cv_host=wasm32-unknown-wasi
ac_cv_lib_X11_XOpenDisplay=yes
ac_cv_lib_X11_XReadBitmapFileData=no
ac_cv_lib_X11_Xutf8TextPropertyToTextList=no
ac_cv_lib_Xft_XftFontOpenName=yes
ac_cv_lib_Xmu_XmuDrawRoundedRectangle=yes
ac_cv_lib_Xrender_XRenderComposite=yes
ac_cv_lib_pango_xft_pango_xft_get_context=no
ac_cv_objext=o
ac_cv_path_EGREP='/usr/bin/grep -E'
ac_cv_path_GMSGFMT=:
ac_cv_path_GREP=/usr/bin/grep
ac_cv_path_MSGFMT=:
ac_cv_path_MSGMERGE=:
ac_cv_path_SED=/usr/bin/sed
ac_cv_path_XGETTEXT=:
ac_cv_path_ac_pt_PKGCONFIG=/usr/bin/pkg-config
ac_cv_path_install='/usr/bin/install -c'
ac_cv_path_mkdir=/usr/bin/mkdir
ac_cv_prog_AWK=mawk
ac_cv_prog_CC=/home/nathan/secure-exec/registry/native/c/vendor/wasi-sdk/bin/clang
ac_cv_prog_CPP='/home/nathan/secure-exec/registry/native/c/vendor/wasi-sdk/bin/clang -E'
ac_cv_prog_ac_ct_STRIP=strip
ac_cv_prog_cc_c89=
ac_cv_prog_cc_g=yes
ac_cv_prog_make_make_set=yes
ac_cv_type_size_t=yes
ac_cv_working_alloca_h=yes
acl_cv_hardcode_direct=no
acl_cv_hardcode_libdir_flag_spec='${wl}-rpath ${wl}$libdir'
acl_cv_hardcode_libdir_separator=
acl_cv_hardcode_minus_L=no
acl_cv_libdirstems=lib,lib32,lib64
acl_cv_libext=a
acl_cv_libname_spec='lib$name'
acl_cv_library_names_spec=
acl_cv_path_LD=/home/linuxbrew/.linuxbrew/bin/ld
acl_cv_prog_gnu_ld=yes
acl_cv_rpath=done
acl_cv_shlibext=so
acl_cv_wl=-Wl,
am_cv_CC_dependencies_compiler_type=none
am_cv_func_iconv=yes
am_cv_func_iconv_works='guessing yes'
am_cv_lib_iconv=no
am_cv_make_support_nested_variables=yes
am_cv_prog_cc_c_o=yes
am_cv_proto_iconv='extern size_t iconv (iconv_t cd, char * *inbuf, size_t *inbytesleft, char * *outbuf, size_t *outbytesleft);'
am_cv_proto_iconv_arg1=
gl_cv_elf=no
gl_cv_host_cpu_c_abi_32bit=unknown
gt_cv_func_CFLocaleCopyPreferredLanguages=no
gt_cv_func_CFPreferencesCopyAppValue=no

## ----------------- ##
## Output variables. ##
## ----------------- ##

ACLOCAL='${SHELL} '\''/home/nathan/secure-exec-wasmgui/experiments/wasm-gui/third_party/jwm/missing'\'' aclocal-1.16'
ALLOCA=''
AMDEPBACKSLASH='\'
AMDEP_FALSE='#'
AMDEP_TRUE=''
AMTAR='$${TAR-tar}'
AM_BACKSLASH='\'
AM_DEFAULT_V='$(AM_DEFAULT_VERBOSITY)'
AM_DEFAULT_VERBOSITY='1'
AM_V='$(V)'
AUTOCONF='${SHELL} '\''/home/nathan/secure-exec-wasmgui/experiments/wasm-gui/third_party/jwm/missing'\'' autoconf'
AUTOHEADER='${SHELL} '\''/home/nathan/secure-exec-wasmgui/experiments/wasm-gui/third_party/jwm/missing'\'' autoheader'
AUTOMAKE='${SHELL} '\''/home/nathan/secure-exec-wasmgui/experiments/wasm-gui/third_party/jwm/missing'\'' automake-1.16'
AWK='mawk'
BINDIR='/home/nathan/secure-exec-wasmgui/experiments/wasm-gui/third_party/wasm-prefix/bin'
CC='/home/nathan/secure-exec/registry/native/c/vendor/wasi-sdk/bin/clang'
CCDEPMODE='depmode=none'
CFLAGS='--target=wasm32-wasip1 --sysroot=/home/nathan/secure-exec/registry/native/c/sysroot -O2 -D_WASI_EMULATED_MMAN -D_WASI_EMULATED_PROCESS_CLOCKS -D_GNU_SOURCE -mllvm -wasm-enable-sjlj -Wno-error=implicit-function-declaration -Wno-error=int-conversion -Wno-int-conversion -I/home/nathan/secure-exec-wasmgui/experiments/wasm-gui/toolchain/compat-include -include /home/nathan/secure-exec-wasmgui/experiments/wasm-gui/toolchain/wasi-compat.h -I/home/nathan/secure-exec-wasmgui/experiments/wasm-gui/third_party/wasm-prefix/include/freetype2 -I/home/nathan/secure-exec-wasmgui/experiments/wasm-gui/third_party/wasm-prefix/include -I/home/nathan/secure-exec/experiments/wasm-gui/third_party/wasm-prefix/include/freetype2   -I/home/nathan/secure-exec-wasmgui/experiments/wasm-gui/third_party/wasm-prefix/include  -DLOCALEDIR=\"/home/nathan/secure-exec-wasmgui/experiments/wasm-gui/third_party/wasm-prefix/share/locale\"'
CPP='/home/nathan/secure-exec/registry/native/c/vendor/wasi-sdk/bin/clang -E'
CPPFLAGS='--target=wasm32-wasip1 --sysroot=/home/nathan/secure-exec/registry/native/c/sysroot -I/home/nathan/secure-exec-wasmgui/experiments/wasm-gui/third_party/wasm-prefix/include -I/home/nathan/secure-exec-wasmgui/experiments/wasm-gui/toolchain/compat-include -include /home/nathan/secure-exec-wasmgui/experiments/wasm-gui/toolchain/wasi-compat.h -I/home/nathan/secure-exec-wasmgui/experiments/wasm-gui/third_party/wasm-prefix/include/freetype2'
CSCOPE='cscope'
CTAGS='ctags'
CYGPATH_W='echo'
DATADIR='/home/nathan/secure-exec-wasmgui/experiments/wasm-gui/third_party/wasm-prefix/share'
DATE='2026-06-21'
DEFS='-DHAVE_CONFIG_H'
DEPDIR='.deps'
ECHO_C=''
ECHO_N='-n'
ECHO_T=''
EGREP='/usr/bin/grep -E'
ETAGS='etags'
EXEEXT=''
GETTEXT_MACRO_VERSION='0.20'
GMSGFMT=':'
GMSGFMT_015=':'
GREP='/usr/bin/grep'
INSTALL_DATA='${INSTALL} -m 644'
INSTALL_PROGRAM='${INSTALL}'
INSTALL_SCRIPT='${INSTALL}'
INSTALL_STRIP_PROGRAM='$(install_sh) -c -s'
INSTVERSION='246'
INTLLIBS=''
INTL_MACOSX_LIBS=''
LDFLAGS='--target=wasm32-wasip1 --sysroot=/home/nathan/secure-exec/registry/native/c/sysroot -L/home/nathan/secure-exec-wasmgui/experiments/wasm-gui/third_party/wasm-prefix/lib -L/home/nathan/secure-exec/registry/native/c/vendor/wasi-sdk/share/wasi-sysroot/lib/wasm32-wasip1 -lwasi-emulated-mman -lwasi-emulated-process-clocks -lX11 -L/home/nathan/secure-exec-wasmgui/experiments/wasm-gui/third_party/wasm-prefix/lib -lXft   -L/home/nathan/secure-exec-wasmgui/experiments/wasm-gui/third_party/wasm-prefix/lib -lXrender -lX11  -lXmu  '
LIBICONV=''
LIBINTL=''
LIBOBJS=''
LIBS=''
LTLIBICONV=''
LTLIBINTL=''
LTLIBOBJS=''
MAKEINFO='${SHELL} '\''/home/nathan/secure-exec-wasmgui/experiments/wasm-gui/third_party/jwm/missing'\'' makeinfo'
MANDIR='/home/nathan/secure-exec-wasmgui/experiments/wasm-gui/third_party/wasm-prefix/share/man'
MKDIR_P='/usr/bin/mkdir -p'
MSGFMT=':'
MSGMERGE=':'
MSGMERGE_FOR_MSGFMT_OPTION='--no-location --quiet'
OBJEXT='o'
PACKAGE='jwm'
PACKAGE_BUGREPORT='joewing@joewing.net'
PACKAGE_NAME='jwm'
PACKAGE_STRING='jwm 2.4.6'
PACKAGE_TARNAME='jwm'
PACKAGE_URL=''
PACKAGE_VERSION='2.4.6'
PATH_SEPARATOR=':'
PKGCONFIG='/usr/bin/pkg-config'
POSUB=''
SED='/usr/bin/sed'
SET_MAKE=''
SHELL='/bin/bash'
STRIP='strip'
SYSCONF='/home/nathan/secure-exec-wasmgui/experiments/wasm-gui/third_party/wasm-prefix/etc'
USE_NLS='no'
VERSION='2.4.6'
XGETTEXT=':'
XGETTEXT_015=':'
XGETTEXT_EXTRA_OPTIONS=''
XMKMF=''
ac_ct_CC=''
am__EXEEXT_FALSE=''
am__EXEEXT_TRUE='#'
am__fastdepCC_FALSE=''
am__fastdepCC_TRUE='#'
am__include='include'
am__isrc=''
am__leading_dot='.'
am__nodep='_no'
am__quote=''
am__tar='$${TAR-tar} chof - "$$tardir"'
am__untar='$${TAR-tar} xf -'
bindir='${exec_prefix}/bin'
build='x86_64-pc-linux-gnux32'
build_alias=''
build_cpu='x86_64'
build_os='linux-gnux32'
build_vendor='pc'
datadir='${datarootdir}'
datarootdir='${prefix}/share'
docdir='${datarootdir}/doc/${PACKAGE_TARNAME}'
dvidir='${docdir}'
exec_prefix='/home/nathan/secure-exec-wasmgui/experiments/wasm-gui/third_party/wasm-prefix'
host='wasm32-unknown-wasi'
host_alias='wasm32-wasi'
host_cpu='wasm32'
host_os='wasi'
host_vendor='unknown'
htmldir='${docdir}'
includedir='${prefix}/include'
infodir='${datarootdir}/info'
install_sh='${SHELL} /home/nathan/secure-exec-wasmgui/experiments/wasm-gui/third_party/jwm/install-sh'
libdir='${exec_prefix}/lib'
libexecdir='${exec_prefix}/libexec'
localedir='/home/nathan/secure-exec-wasmgui/experiments/wasm-gui/third_party/wasm-prefix/share/locale'
localstatedir='${prefix}/var'
mandir='${datarootdir}/man'
mkdir_p='$(MKDIR_P)'
oldincludedir='/usr/include'
pdfdir='${docdir}'
prefix='/home/nathan/secure-exec-wasmgui/experiments/wasm-gui/third_party/wasm-prefix'
program_transform_name='s,x,x,'
psdir='${docdir}'
sbindir='${exec_prefix}/sbin'
sharedstatedir='${prefix}/com'
sysconfdir='${prefix}/etc'
target_alias=''

## ----------- ##
## confdefs.h. ##
## ----------- ##

/* confdefs.h */
#define PACKAGE_NAME "jwm"
#define PACKAGE_TARNAME "jwm"
#define PACKAGE_VERSION "2.4.6"
#define PACKAGE_STRING "jwm 2.4.6"
#define PACKAGE_BUGREPORT "joewing@joewing.net"
#define PACKAGE_URL ""
#define PACKAGE "jwm"
#define VERSION "2.4.6"
#define _XOPEN_SOURCE 600L
#define _XOPEN_SOURCE_EXTENDED 1
#define __EXTENSIONS__ 1
#define STDC_HEADERS 1
#define HAVE_SYS_TYPES_H 1
#define HAVE_SYS_STAT_H 1
#define HAVE_STDLIB_H 1
#define HAVE_STRING_H 1
#define HAVE_MEMORY_H 1
#define HAVE_STRINGS_H 1
#define HAVE_INTTYPES_H 1
#define HAVE_STDINT_H 1
#define HAVE_UNISTD_H 1
#define HAVE_STDARG_H 1
#define HAVE_STDIO_H 1
#define HAVE_STDLIB_H 1
#define HAVE_CTYPE_H 1
#define HAVE_SYS_SELECT_H 1
#define HAVE_SIGNAL_H 1
#define HAVE_UNISTD_H 1
#define HAVE_TIME_H 1
#define HAVE_SYS_WAIT_H 1
#define HAVE_SYS_TIME_H 1
#define HAVE_LANGINFO_H 1
#define HAVE_ICONV_H 1
#define HAVE_LOCALE_H 1
#define HAVE_X11_XLIB_H 1
#define HAVE_X11_XUTIL_H 1
#define HAVE_X11_CURSORFONT_H 1
#define HAVE_X11_XPROTO_H 1
#define HAVE_X11_XATOM_H 1
#define HAVE_X11_KEYSYM_H 1
#define HAVE_X11_XRESOURCE_H 1
#define HAVE_UNSETENV 1
#define HAVE_PUTENV 1
#define HAVE_SETLOCALE 1
#define HAVE_ALLOCA_H 1
#define HAVE_ALLOCA 1
#define DISABLE_CONFIRM 1
#define USE_ICONS 1
#define USE_XFT 1
#define HAVE_X11_EXTENSIONS_XRENDER_H 1
#define USE_XRENDER 1
#define USE_XMU 1
#define HAVE_ICONV 1
#define ICONV_CONST 
#define SYSTEM_CONFIG "/home/nathan/secure-exec-wasmgui/experiments/wasm-gui/third_party/wasm-prefix/etc/system.jwmrc"

configure: exit 0
