This file contains any messages produced by compilers while
running configure, to aid debugging if configure makes a mistake.

It was created by xfce4-screenshooter configure 1.11.1, which was
generated by GNU Autoconf 2.71.  Invocation command line was

  $ ./configure --host=wasm32-wasi --prefix=/home/nathan/secure-exec-wasmgui/experiments/wasm-gui/third_party/wasm-prefix-threads --enable-static --disable-shared --disable-malloc0returnsnull --datadir=/usr/share --sysconfdir=/etc --enable-static --disable-shared --disable-nls --disable-debug --disable-panel-plugin

## --------- ##
## Platform. ##
## --------- ##

hostname = nathan-dev
uname -m = x86_64
uname -r = 6.1.0-41-amd64
uname -s = Linux
uname -v = #1 SMP PREEMPT_DYNAMIC Debian 6.1.158-1 (2025-11-09)

/usr/bin/uname -p = unknown
/bin/uname -X     = unknown

/bin/arch              = x86_64
/usr/bin/arch -k       = unknown
/usr/convex/getsysinfo = unknown
/usr/bin/hostinfo      = unknown
/bin/machine           = unknown
/usr/bin/oslevel       = unknown
/bin/universe          = unknown

PATH: /home/nathan/misc/bun/bin/
PATH: /home/nathan/.bun/bin/
PATH: /home/nathan/.bun/bin/
PATH: /home/nathan/.bun/bin/
PATH: /home/nathan/.bun/bin/
PATH: /home/nathan/.wasmer/bin/
PATH: /home/nathan/.opencode/bin/
PATH: /home/nathan/.local/bin/
PATH: /home/nathan/.bun/bin/
PATH: /home/nathan/.cargo/bin/
PATH: /home/nathan/.nix-profile/bin/
PATH: /nix/var/nix/profiles/default/bin/
PATH: /home/linuxbrew/.linuxbrew/bin/
PATH: /home/linuxbrew/.linuxbrew/sbin/
PATH: /home/nathan/.local/bin/
PATH: /home/linuxbrew/.linuxbrew/opt/rustup/bin/
PATH: /home/nathan/.local/bin/
PATH: /home/nathan/.atuin/bin/
PATH: /home/nathan/misc/bun/bin/
PATH: /home/nathan/.bun/bin/
PATH: /home/nathan/.bun/bin/
PATH: /home/nathan/.bun/bin/
PATH: /home/nathan/.bun/bin/
PATH: /home/nathan/.wasmer/bin/
PATH: /home/nathan/.deno/bin/
PATH: /home/nathan/.opencode/bin/
PATH: /home/nathan/.local/bin/
PATH: /home/nathan/.bun/bin/
PATH: /home/nathan/.cargo/bin/
PATH: /home/nathan/.nix-profile/bin/
PATH: /nix/var/nix/profiles/default/bin/
PATH: /tmp/pnpm/
PATH: /home/linuxbrew/.linuxbrew/bin/
PATH: /home/linuxbrew/.linuxbrew/sbin/
PATH: /home/nathan/.nvm/versions/node/v24.13.0/bin/
PATH: /home/nathan/.nix-profile/bin/
PATH: /nix/var/nix/profiles/default/bin/
PATH: /usr/local/bin/
PATH: /usr/bin/
PATH: /bin/
PATH: /usr/local/games/
PATH: /usr/games/


## ----------- ##
## Core tests. ##
## ----------- ##

configure:2594: looking for aux files: config.rpath ltmain.sh config.guess config.sub compile missing install-sh
configure:2607:  trying ./
configure:2636:   ./config.rpath found
configure:2636:   ./ltmain.sh found
configure:2636:   ./config.guess found
configure:2636:   ./config.sub found
configure:2636:   ./compile found
configure:2636:   ./missing found
configure:2618:   ./install-sh found
configure:2768: checking for a BSD-compatible install
configure:2841: result: /usr/bin/install -c
configure:2852: checking whether build environment is sane
configure:2907: result: yes
configure:2963: checking for wasm32-wasi-strip
configure:2998: result: no
configure:3008: checking for strip
configure:3029: found /home/linuxbrew/.linuxbrew/bin/strip
configure:3040: result: strip
configure:3066: checking for a race-free mkdir -p
configure:3110: result: /usr/bin/mkdir -p
configure:3117: checking for gawk
configure:3152: result: no
configure:3117: checking for mawk
configure:3138: found /usr/bin/mawk
configure:3149: result: mawk
configure:3160: checking whether make sets $(MAKE)
configure:3183: result: yes
configure:3213: checking whether make supports nested variables
configure:3231: result: yes
configure:3316: checking whether UID '1000' is supported by ustar format
configure:3319: result: yes
configure:3326: checking whether GID '1000' is supported by ustar format
configure:3329: result: yes
configure:3337: checking how to create a ustar tar archive
configure:3348: tar --version
tar (GNU tar) 1.34
Copyright (C) 2021 Free Software Foundation, Inc.
License GPLv3+: GNU GPL version 3 or later <https://gnu.org/licenses/gpl.html>.
This is free software: you are free to change and redistribute it.
There is NO WARRANTY, to the extent permitted by law.

Written by John Gilmore and Jay Fenlason.
configure:3351: $? = 0
configure:3391: tardir=conftest.dir && eval tar --format=ustar -chf - "$tardir" >conftest.tar
configure:3394: $? = 0
configure:3398: tar -xf - <conftest.tar
configure:3401: $? = 0
configure:3403: cat conftest.dir/file
GrepMe
configure:3406: $? = 0
configure:3420: result: gnutar
configure:3487: checking whether to enable maintainer-specific portions of Makefiles
configure:3497: result: no
configure:3522: checking whether make supports nested variables
configure:3540: result: yes
configure:3569: checking for wasm32-wasi-gcc
configure:3601: result: /home/nathan/secure-exec-wasmgui/experiments/wasm-gui/toolchain/clang-wasi-wrap.sh
configure:3999: checking for C compiler version
configure:4008: /home/nathan/secure-exec-wasmgui/experiments/wasm-gui/toolchain/clang-wasi-wrap.sh --version >&5
clang version 19.1.5-wasi-sdk (https://github.com/llvm/llvm-project ab4b5a2db582958af1ee308a790cfdb42bd24720)
Target: wasm32-unknown-wasi
Thread model: posix
InstalledDir: /home/nathan/secure-exec/registry/native/c/vendor/wasi-sdk/bin
configure:4019: $? = 0
configure:4008: /home/nathan/secure-exec-wasmgui/experiments/wasm-gui/toolchain/clang-wasi-wrap.sh -v >&5
clang version 19.1.5-wasi-sdk (https://github.com/llvm/llvm-project ab4b5a2db582958af1ee308a790cfdb42bd24720)
Target: wasm32-unknown-wasi
Thread model: posix
InstalledDir: /home/nathan/secure-exec/registry/native/c/vendor/wasi-sdk/bin
configure:4019: $? = 0
configure:4008: /home/nathan/secure-exec-wasmgui/experiments/wasm-gui/toolchain/clang-wasi-wrap.sh -V >&5
clang: error: argument to '-V' is missing (expected 1 value)
clang: error: no input files
configure:4019: $? = 1
configure:4008: /home/nathan/secure-exec-wasmgui/experiments/wasm-gui/toolchain/clang-wasi-wrap.sh -qversion >&5
clang: error: unknown argument '-qversion'; did you mean '--version'?
clang: error: no input files
configure:4019: $? = 1
configure:4008: /home/nathan/secure-exec-wasmgui/experiments/wasm-gui/toolchain/clang-wasi-wrap.sh -version >&5
clang: error: unknown argument '-version'; did you mean '--version'?
clang: error: no input files
configure:4019: $? = 1
configure:4039: checking whether the C compiler works
configure:4061: /home/nathan/secure-exec-wasmgui/experiments/wasm-gui/toolchain/clang-wasi-wrap.sh --target=wasm32-wasip1-threads --sysroot=/home/nathan/secure-exec/registry/native/c/vendor/wasi-sdk/share/wasi-sysroot -O2 -pthread -matomics -mbulk-memory -DSECURE_EXEC_WASM_THREADS -D_WASI_EMULATED_SIGNAL -D_WASI_EMULATED_MMAN -D_WASI_EMULATED_PROCESS_CLOCKS -D_GNU_SOURCE -mllvm -wasm-enable-sjlj -Wno-error=implicit-function-declaration -Wno-error=int-conversion -Wno-int-conversion -I/home/nathan/secure-exec-wasmgui/experiments/wasm-gui/toolchain/compat-include -include /home/nathan/secure-exec-wasmgui/experiments/wasm-gui/toolchain/wasi-compat.h --target=wasm32-wasip1-threads --sysroot=/home/nathan/secure-exec/registry/native/c/vendor/wasi-sdk/share/wasi-sysroot -I/home/nathan/secure-exec-wasmgui/experiments/wasm-gui/third_party/wasm-prefix-threads/include -I/home/nathan/secure-exec-wasmgui/experiments/wasm-gui/toolchain/compat-include -include /home/nathan/secure-exec-wasmgui/experiments/wasm-gui/toolchain/wasi-compat.h --target=wasm32-wasip1-threads --sysroot=/home/nathan/secure-exec/registry/native/c/vendor/wasi-sdk/share/wasi-sysroot -Wl,--shared-memory -Wl,--import-memory -Wl,--export-memory -Wl,--max-memory=536870912 -Wl,--export=wasi_thread_start -Wl,--no-check-features -lwasi-emulated-signal -L/home/nathan/secure-exec-wasmgui/experiments/wasm-gui/third_party/wasm-prefix-threads/lib -L/home/nathan/secure-exec/registry/native/c/vendor/wasi-sdk/share/wasi-sysroot/lib/wasm32-wasip1-threads -lwasi-emulated-mman -lwasi-emulated-process-clocks conftest.c  >&5
configure:4065: $? = 0
configure:4115: result: yes
configure:4118: checking for C compiler default output file name
configure:4120: result: a.out
configure:4126: checking for suffix of executables
configure:4133: /home/nathan/secure-exec-wasmgui/experiments/wasm-gui/toolchain/clang-wasi-wrap.sh -o conftest --target=wasm32-wasip1-threads --sysroot=/home/nathan/secure-exec/registry/native/c/vendor/wasi-sdk/share/wasi-sysroot -O2 -pthread -matomics -mbulk-memory -DSECURE_EXEC_WASM_THREADS -D_WASI_EMULATED_SIGNAL -D_WASI_EMULATED_MMAN -D_WASI_EMULATED_PROCESS_CLOCKS -D_GNU_SOURCE -mllvm -wasm-enable-sjlj -Wno-error=implicit-function-declaration -Wno-error=int-conversion -Wno-int-conversion -I/home/nathan/secure-exec-wasmgui/experiments/wasm-gui/toolchain/compat-include -include /home/nathan/secure-exec-wasmgui/experiments/wasm-gui/toolchain/wasi-compat.h --target=wasm32-wasip1-threads --sysroot=/home/nathan/secure-exec/registry/native/c/vendor/wasi-sdk/share/wasi-sysroot -I/home/nathan/secure-exec-wasmgui/experiments/wasm-gui/third_party/wasm-prefix-threads/include -I/home/nathan/secure-exec-wasmgui/experiments/wasm-gui/toolchain/compat-include -include /home/nathan/secure-exec-wasmgui/experiments/wasm-gui/toolchain/wasi-compat.h --target=wasm32-wasip1-threads --sysroot=/home/nathan/secure-exec/registry/native/c/vendor/wasi-sdk/share/wasi-sysroot -Wl,--shared-memory -Wl,--import-memory -Wl,--export-memory -Wl,--max-memory=536870912 -Wl,--export=wasi_thread_start -Wl,--no-check-features -lwasi-emulated-signal -L/home/nathan/secure-exec-wasmgui/experiments/wasm-gui/third_party/wasm-prefix-threads/lib -L/home/nathan/secure-exec/registry/native/c/vendor/wasi-sdk/share/wasi-sysroot/lib/wasm32-wasip1-threads -lwasi-emulated-mman -lwasi-emulated-process-clocks conftest.c  >&5
configure:4137: $? = 0
configure:4160: result: 
configure:4182: checking whether we are cross compiling
configure:4190: /home/nathan/secure-exec-wasmgui/experiments/wasm-gui/toolchain/clang-wasi-wrap.sh -o conftest --target=wasm32-wasip1-threads --sysroot=/home/nathan/secure-exec/registry/native/c/vendor/wasi-sdk/share/wasi-sysroot -O2 -pthread -matomics -mbulk-memory -DSECURE_EXEC_WASM_THREADS -D_WASI_EMULATED_SIGNAL -D_WASI_EMULATED_MMAN -D_WASI_EMULATED_PROCESS_CLOCKS -D_GNU_SOURCE -mllvm -wasm-enable-sjlj -Wno-error=implicit-function-declaration -Wno-error=int-conversion -Wno-int-conversion -I/home/nathan/secure-exec-wasmgui/experiments/wasm-gui/toolchain/compat-include -include /home/nathan/secure-exec-wasmgui/experiments/wasm-gui/toolchain/wasi-compat.h --target=wasm32-wasip1-threads --sysroot=/home/nathan/secure-exec/registry/native/c/vendor/wasi-sdk/share/wasi-sysroot -I/home/nathan/secure-exec-wasmgui/experiments/wasm-gui/third_party/wasm-prefix-threads/include -I/home/nathan/secure-exec-wasmgui/experiments/wasm-gui/toolchain/compat-include -include /home/nathan/secure-exec-wasmgui/experiments/wasm-gui/toolchain/wasi-compat.h --target=wasm32-wasip1-threads --sysroot=/home/nathan/secure-exec/registry/native/c/vendor/wasi-sdk/share/wasi-sysroot -Wl,--shared-memory -Wl,--import-memory -Wl,--export-memory -Wl,--max-memory=536870912 -Wl,--export=wasi_thread_start -Wl,--no-check-features -lwasi-emulated-signal -L/home/nathan/secure-exec-wasmgui/experiments/wasm-gui/third_party/wasm-prefix-threads/lib -L/home/nathan/secure-exec/registry/native/c/vendor/wasi-sdk/share/wasi-sysroot/lib/wasm32-wasip1-threads -lwasi-emulated-mman -lwasi-emulated-process-clocks conftest.c  >&5
configure:4194: $? = 0
configure:4201: ./conftest
./configure: line 4203: ./conftest: cannot execute binary file: Exec format error
configure:4205: $? = 126
configure:4220: result: yes
configure:4225: checking for suffix of object files
configure:4248: /home/nathan/secure-exec-wasmgui/experiments/wasm-gui/toolchain/clang-wasi-wrap.sh -c --target=wasm32-wasip1-threads --sysroot=/home/nathan/secure-exec/registry/native/c/vendor/wasi-sdk/share/wasi-sysroot -O2 -pthread -matomics -mbulk-memory -DSECURE_EXEC_WASM_THREADS -D_WASI_EMULATED_SIGNAL -D_WASI_EMULATED_MMAN -D_WASI_EMULATED_PROCESS_CLOCKS -D_GNU_SOURCE -mllvm -wasm-enable-sjlj -Wno-error=implicit-function-declaration -Wno-error=int-conversion -Wno-int-conversion -I/home/nathan/secure-exec-wasmgui/experiments/wasm-gui/toolchain/compat-include -include /home/nathan/secure-exec-wasmgui/experiments/wasm-gui/toolchain/wasi-compat.h --target=wasm32-wasip1-threads --sysroot=/home/nathan/secure-exec/registry/native/c/vendor/wasi-sdk/share/wasi-sysroot -I/home/nathan/secure-exec-wasmgui/experiments/wasm-gui/third_party/wasm-prefix-threads/include -I/home/nathan/secure-exec-wasmgui/experiments/wasm-gui/toolchain/compat-include -include /home/nathan/secure-exec-wasmgui/experiments/wasm-gui/toolchain/wasi-compat.h conftest.c >&5
configure:4252: $? = 0
configure:4274: result: o
configure:4278: checking whether the compiler supports GNU C
configure:4298: /home/nathan/secure-exec-wasmgui/experiments/wasm-gui/toolchain/clang-wasi-wrap.sh -c --target=wasm32-wasip1-threads --sysroot=/home/nathan/secure-exec/registry/native/c/vendor/wasi-sdk/share/wasi-sysroot -O2 -pthread -matomics -mbulk-memory -DSECURE_EXEC_WASM_THREADS -D_WASI_EMULATED_SIGNAL -D_WASI_EMULATED_MMAN -D_WASI_EMULATED_PROCESS_CLOCKS -D_GNU_SOURCE -mllvm -wasm-enable-sjlj -Wno-error=implicit-function-declaration -Wno-error=int-conversion -Wno-int-conversion -I/home/nathan/secure-exec-wasmgui/experiments/wasm-gui/toolchain/compat-include -include /home/nathan/secure-exec-wasmgui/experiments/wasm-gui/toolchain/wasi-compat.h --target=wasm32-wasip1-threads --sysroot=/home/nathan/secure-exec/registry/native/c/vendor/wasi-sdk/share/wasi-sysroot -I/home/nathan/secure-exec-wasmgui/experiments/wasm-gui/third_party/wasm-prefix-threads/include -I/home/nathan/secure-exec-wasmgui/experiments/wasm-gui/toolchain/compat-include -include /home/nathan/secure-exec-wasmgui/experiments/wasm-gui/toolchain/wasi-compat.h conftest.c >&5
configure:4298: $? = 0
configure:4308: result: yes
configure:4319: checking whether /home/nathan/secure-exec-wasmgui/experiments/wasm-gui/toolchain/clang-wasi-wrap.sh accepts -g
configure:4340: /home/nathan/secure-exec-wasmgui/experiments/wasm-gui/toolchain/clang-wasi-wrap.sh -c -g --target=wasm32-wasip1-threads --sysroot=/home/nathan/secure-exec/registry/native/c/vendor/wasi-sdk/share/wasi-sysroot -I/home/nathan/secure-exec-wasmgui/experiments/wasm-gui/third_party/wasm-prefix-threads/include -I/home/nathan/secure-exec-wasmgui/experiments/wasm-gui/toolchain/compat-include -include /home/nathan/secure-exec-wasmgui/experiments/wasm-gui/toolchain/wasi-compat.h conftest.c >&5
configure:4340: $? = 0
configure:4384: result: yes
configure:4404: checking for /home/nathan/secure-exec-wasmgui/experiments/wasm-gui/toolchain/clang-wasi-wrap.sh option to enable C11 features
configure:4419: /home/nathan/secure-exec-wasmgui/experiments/wasm-gui/toolchain/clang-wasi-wrap.sh  -c --target=wasm32-wasip1-threads --sysroot=/home/nathan/secure-exec/registry/native/c/vendor/wasi-sdk/share/wasi-sysroot -O2 -pthread -matomics -mbulk-memory -DSECURE_EXEC_WASM_THREADS -D_WASI_EMULATED_SIGNAL -D_WASI_EMULATED_MMAN -D_WASI_EMULATED_PROCESS_CLOCKS -D_GNU_SOURCE -mllvm -wasm-enable-sjlj -Wno-error=implicit-function-declaration -Wno-error=int-conversion -Wno-int-conversion -I/home/nathan/secure-exec-wasmgui/experiments/wasm-gui/toolchain/compat-include -include /home/nathan/secure-exec-wasmgui/experiments/wasm-gui/toolchain/wasi-compat.h --target=wasm32-wasip1-threads --sysroot=/home/nathan/secure-exec/registry/native/c/vendor/wasi-sdk/share/wasi-sysroot -I/home/nathan/secure-exec-wasmgui/experiments/wasm-gui/third_party/wasm-prefix-threads/include -I/home/nathan/secure-exec-wasmgui/experiments/wasm-gui/toolchain/compat-include -include /home/nathan/secure-exec-wasmgui/experiments/wasm-gui/toolchain/wasi-compat.h conftest.c >&5
conftest.c:25:14: warning: a function definition without a prototype is deprecated in all versions of C and is not supported in C23 [-Wdeprecated-non-prototype]
   25 | static char *e (p, i)
      |              ^
1 warning generated.
configure:4419: $? = 0
configure:4437: result: none needed
configure:4553: checking whether /home/nathan/secure-exec-wasmgui/experiments/wasm-gui/toolchain/clang-wasi-wrap.sh understands -c and -o together
configure:4576: /home/nathan/secure-exec-wasmgui/experiments/wasm-gui/toolchain/clang-wasi-wrap.sh -c conftest.c -o conftest2.o
configure:4579: $? = 0
configure:4576: /home/nathan/secure-exec-wasmgui/experiments/wasm-gui/toolchain/clang-wasi-wrap.sh -c conftest.c -o conftest2.o
configure:4579: $? = 0
configure:4591: result: yes
configure:4611: checking whether make supports the include directive
configure:4626: make -f confmf.GNU && cat confinc.out
this is the am__doit target
configure:4629: $? = 0
configure:4648: result: yes (GNU style)
configure:4674: checking dependency style of /home/nathan/secure-exec-wasmgui/experiments/wasm-gui/toolchain/clang-wasi-wrap.sh
configure:4786: result: gcc3
configure:4802: checking whether /home/nathan/secure-exec-wasmgui/experiments/wasm-gui/toolchain/clang-wasi-wrap.sh and cc understand -c and -o together
configure:4834: /home/nathan/secure-exec-wasmgui/experiments/wasm-gui/toolchain/clang-wasi-wrap.sh -c conftest.c -o conftest2.o >&5
configure:4838: $? = 0
configure:4844: /home/nathan/secure-exec-wasmgui/experiments/wasm-gui/toolchain/clang-wasi-wrap.sh -c conftest.c -o conftest2.o >&5
configure:4848: $? = 0
configure:4859: cc -c conftest.c >&5
configure:4863: $? = 0
configure:4871: cc -c conftest.c -o conftest2.o >&5
configure:4875: $? = 0
configure:4881: cc -c conftest.c -o conftest2.o >&5
configure:4885: $? = 0
configure:4903: result: yes
configure:4919: checking build system type
configure:4934: result: x86_64-pc-linux-gnux32
configure:4954: checking host system type
configure:4968: result: wasm32-unknown-wasi
configure:4988: checking for a sed that does not truncate output
configure:5058: result: /usr/bin/sed
configure:5076: checking for grep that handles long lines and -e
configure:5140: result: /usr/bin/grep
configure:5145: checking for egrep
configure:5213: result: /usr/bin/grep -E
configure:5218: checking for fgrep
configure:5286: result: /usr/bin/grep -F
configure:5313: checking how to print strings
configure:5340: result: printf
configure:5374: checking for ld used by /home/nathan/secure-exec-wasmgui/experiments/wasm-gui/toolchain/clang-wasi-wrap.sh
configure:5442: result: /home/linuxbrew/.linuxbrew/bin/ld
configure:5449: checking if the linker (/home/linuxbrew/.linuxbrew/bin/ld) is GNU ld
configure:5465: result: yes
configure:5524: checking for BSD- or MS-compatible name lister (nm)
configure:5579: result: no
configure:5593: checking for wasm32-wasi-dumpbin
configure:5628: result: no
configure:5593: checking for wasm32-wasi-link
configure:5628: result: no
configure:5642: checking for dumpbin
configure:5677: result: no
configure:5642: checking for link
configure:5663: found /usr/bin/link
configure:5674: result: link -dump
configure:5690: WARNING: using cross tools not prefixed with host triplet
configure:5719: checking the name lister (nm) interface
configure:5727: /home/nathan/secure-exec-wasmgui/experiments/wasm-gui/toolchain/clang-wasi-wrap.sh -c --target=wasm32-wasip1-threads --sysroot=/home/nathan/secure-exec/registry/native/c/vendor/wasi-sdk/share/wasi-sysroot -O2 -pthread -matomics -mbulk-memory -DSECURE_EXEC_WASM_THREADS -D_WASI_EMULATED_SIGNAL -D_WASI_EMULATED_MMAN -D_WASI_EMULATED_PROCESS_CLOCKS -D_GNU_SOURCE -mllvm -wasm-enable-sjlj -Wno-error=implicit-function-declaration -Wno-error=int-conversion -Wno-int-conversion -I/home/nathan/secure-exec-wasmgui/experiments/wasm-gui/toolchain/compat-include -include /home/nathan/secure-exec-wasmgui/experiments/wasm-gui/toolchain/wasi-compat.h --target=wasm32-wasip1-threads --sysroot=/home/nathan/secure-exec/registry/native/c/vendor/wasi-sdk/share/wasi-sysroot -I/home/nathan/secure-exec-wasmgui/experiments/wasm-gui/third_party/wasm-prefix-threads/include -I/home/nathan/secure-exec-wasmgui/experiments/wasm-gui/toolchain/compat-include -include /home/nathan/secure-exec-wasmgui/experiments/wasm-gui/toolchain/wasi-compat.h conftest.c >&5
configure:5730: nm "conftest.o"
nm: conftest.o: file format not recognized
configure:5733: output
configure:5740: result: BSD nm
configure:5743: checking whether ln -s works
configure:5747: result: yes
configure:5755: checking the maximum length of command line arguments
configure:5887: result: 1572864
configure:5935: checking how to convert x86_64-pc-linux-gnux32 file names to wasm32-unknown-wasi format
configure:5976: result: func_convert_file_noop
configure:5983: checking how to convert x86_64-pc-linux-gnux32 file names to toolchain format
configure:6004: result: func_convert_file_noop
configure:6011: checking for /home/linuxbrew/.linuxbrew/bin/ld option to reload object files
configure:6019: result: -r
configure:6053: checking for wasm32-wasi-file
configure:6088: result: no
configure:6098: checking for file
configure:6119: found /usr/bin/file
configure:6130: result: file
configure:6161: checking for wasm32-wasi-objdump
configure:6196: result: no
configure:6206: checking for objdump
configure:6227: found /home/linuxbrew/.linuxbrew/bin/objdump
configure:6238: result: objdump
configure:6270: checking how to recognize dependent libraries
configure:6471: result: unknown
configure:6516: checking for wasm32-wasi-dlltool
configure:6551: result: no
configure:6561: checking for dlltool
configure:6582: found /home/linuxbrew/.linuxbrew/bin/dlltool
configure:6593: result: dlltool
configure:6626: checking how to associate runtime and link libraries
configure:6654: result: printf %s\n
configure:6671: checking for wasm32-wasi-ar
configure:6703: result: /home/nathan/secure-exec/registry/native/c/vendor/wasi-sdk/bin/llvm-ar
configure:6805: checking for archiver @FILE support
configure:6823: /home/nathan/secure-exec-wasmgui/experiments/wasm-gui/toolchain/clang-wasi-wrap.sh -c --target=wasm32-wasip1-threads --sysroot=/home/nathan/secure-exec/registry/native/c/vendor/wasi-sdk/share/wasi-sysroot -O2 -pthread -matomics -mbulk-memory -DSECURE_EXEC_WASM_THREADS -D_WASI_EMULATED_SIGNAL -D_WASI_EMULATED_MMAN -D_WASI_EMULATED_PROCESS_CLOCKS -D_GNU_SOURCE -mllvm -wasm-enable-sjlj -Wno-error=implicit-function-declaration -Wno-error=int-conversion -Wno-int-conversion -I/home/nathan/secure-exec-wasmgui/experiments/wasm-gui/toolchain/compat-include -include /home/nathan/secure-exec-wasmgui/experiments/wasm-gui/toolchain/wasi-compat.h --target=wasm32-wasip1-threads --sysroot=/home/nathan/secure-exec/registry/native/c/vendor/wasi-sdk/share/wasi-sysroot -I/home/nathan/secure-exec-wasmgui/experiments/wasm-gui/third_party/wasm-prefix-threads/include -I/home/nathan/secure-exec-wasmgui/experiments/wasm-gui/toolchain/compat-include -include /home/nathan/secure-exec-wasmgui/experiments/wasm-gui/toolchain/wasi-compat.h conftest.c >&5
configure:6823: $? = 0
configure:6827: /home/nathan/secure-exec/registry/native/c/vendor/wasi-sdk/bin/llvm-ar cr libconftest.a @conftest.lst >&5
configure:6830: $? = 0
configure:6835: /home/nathan/secure-exec/registry/native/c/vendor/wasi-sdk/bin/llvm-ar cr libconftest.a @conftest.lst >&5
/home/nathan/secure-exec/registry/native/c/vendor/wasi-sdk/bin/llvm-ar: error: conftest.o: No such file or directory
configure:6838: $? = 1
configure:6850: result: @
configure:6868: checking for wasm32-wasi-strip
configure:6900: result: strip
configure:6977: checking for wasm32-wasi-ranlib
configure:7009: result: /home/nathan/secure-exec/registry/native/c/vendor/wasi-sdk/bin/llvm-ranlib
configure:7156: checking command to parse nm output from /home/nathan/secure-exec-wasmgui/experiments/wasm-gui/toolchain/clang-wasi-wrap.sh object
configure:7310: /home/nathan/secure-exec-wasmgui/experiments/wasm-gui/toolchain/clang-wasi-wrap.sh -c --target=wasm32-wasip1-threads --sysroot=/home/nathan/secure-exec/registry/native/c/vendor/wasi-sdk/share/wasi-sysroot -O2 -pthread -matomics -mbulk-memory -DSECURE_EXEC_WASM_THREADS -D_WASI_EMULATED_SIGNAL -D_WASI_EMULATED_MMAN -D_WASI_EMULATED_PROCESS_CLOCKS -D_GNU_SOURCE -mllvm -wasm-enable-sjlj -Wno-error=implicit-function-declaration -Wno-error=int-conversion -Wno-int-conversion -I/home/nathan/secure-exec-wasmgui/experiments/wasm-gui/toolchain/compat-include -include /home/nathan/secure-exec-wasmgui/experiments/wasm-gui/toolchain/wasi-compat.h --target=wasm32-wasip1-threads --sysroot=/home/nathan/secure-exec/registry/native/c/vendor/wasi-sdk/share/wasi-sysroot -I/home/nathan/secure-exec-wasmgui/experiments/wasm-gui/third_party/wasm-prefix-threads/include -I/home/nathan/secure-exec-wasmgui/experiments/wasm-gui/toolchain/compat-include -include /home/nathan/secure-exec-wasmgui/experiments/wasm-gui/toolchain/wasi-compat.h conftest.c >&5
configure:7313: $? = 0
configure:7317: nm conftest.o | /usr/bin/sed -n -e 's/^.*[	 ]\([ABCDGIRSTW][ABCDGIRSTW]*\)[	 ][	 ]*\([_A-Za-z][_A-Za-z0-9]*\)$/\1 \2 \2/p' | /usr/bin/sed '/ __gnu_lto/d' > conftest.nm
nm: conftest.o: file format not recognized
cannot run /usr/bin/sed -n -e 's/^.*[	 ]\([ABCDGIRSTW][ABCDGIRSTW]*\)[	 ][	 ]*\([_A-Za-z][_A-Za-z0-9]*\)$/\1 \2 \2/p' | /usr/bin/sed '/ __gnu_lto/d'
configure:7310: /home/nathan/secure-exec-wasmgui/experiments/wasm-gui/toolchain/clang-wasi-wrap.sh -c --target=wasm32-wasip1-threads --sysroot=/home/nathan/secure-exec/registry/native/c/vendor/wasi-sdk/share/wasi-sysroot -O2 -pthread -matomics -mbulk-memory -DSECURE_EXEC_WASM_THREADS -D_WASI_EMULATED_SIGNAL -D_WASI_EMULATED_MMAN -D_WASI_EMULATED_PROCESS_CLOCKS -D_GNU_SOURCE -mllvm -wasm-enable-sjlj -Wno-error=implicit-function-declaration -Wno-error=int-conversion -Wno-int-conversion -I/home/nathan/secure-exec-wasmgui/experiments/wasm-gui/toolchain/compat-include -include /home/nathan/secure-exec-wasmgui/experiments/wasm-gui/toolchain/wasi-compat.h --target=wasm32-wasip1-threads --sysroot=/home/nathan/secure-exec/registry/native/c/vendor/wasi-sdk/share/wasi-sysroot -I/home/nathan/secure-exec-wasmgui/experiments/wasm-gui/third_party/wasm-prefix-threads/include -I/home/nathan/secure-exec-wasmgui/experiments/wasm-gui/toolchain/compat-include -include /home/nathan/secure-exec-wasmgui/experiments/wasm-gui/toolchain/wasi-compat.h conftest.c >&5
configure:7313: $? = 0
configure:7317: nm conftest.o | /usr/bin/sed -n -e 's/^.*[	 ]\([ABCDGIRSTW][ABCDGIRSTW]*\)[	 ][	 ]*_\([_A-Za-z][_A-Za-z0-9]*\)$/\1 _\2 \2/p' | /usr/bin/sed '/ __gnu_lto/d' > conftest.nm
nm: conftest.o: file format not recognized
cannot run /usr/bin/sed -n -e 's/^.*[	 ]\([ABCDGIRSTW][ABCDGIRSTW]*\)[	 ][	 ]*_\([_A-Za-z][_A-Za-z0-9]*\)$/\1 _\2 \2/p' | /usr/bin/sed '/ __gnu_lto/d'
configure:7421: result: failed
configure:7471: checking for sysroot
configure:7502: result: no
configure:7509: checking for a working dd
configure:7553: result: /usr/bin/dd
configure:7557: checking how to truncate binary pipes
configure:7573: result: /usr/bin/dd bs=4096 count=1
configure:7865: checking for wasm32-wasi-mt
configure:7900: result: no
configure:7910: checking for mt
configure:7931: found /usr/bin/mt
configure:7942: result: mt
configure:7965: checking if mt is a manifest tool
configure:7972: mt '-?'
configure:7980: result: no
configure:8705: checking for stdio.h
configure:8705: /home/nathan/secure-exec-wasmgui/experiments/wasm-gui/toolchain/clang-wasi-wrap.sh -c --target=wasm32-wasip1-threads --sysroot=/home/nathan/secure-exec/registry/native/c/vendor/wasi-sdk/share/wasi-sysroot -O2 -pthread -matomics -mbulk-memory -DSECURE_EXEC_WASM_THREADS -D_WASI_EMULATED_SIGNAL -D_WASI_EMULATED_MMAN -D_WASI_EMULATED_PROCESS_CLOCKS -D_GNU_SOURCE -mllvm -wasm-enable-sjlj -Wno-error=implicit-function-declaration -Wno-error=int-conversion -Wno-int-conversion -I/home/nathan/secure-exec-wasmgui/experiments/wasm-gui/toolchain/compat-include -include /home/nathan/secure-exec-wasmgui/experiments/wasm-gui/toolchain/wasi-compat.h --target=wasm32-wasip1-threads --sysroot=/home/nathan/secure-exec/registry/native/c/vendor/wasi-sdk/share/wasi-sysroot -I/home/nathan/secure-exec-wasmgui/experiments/wasm-gui/third_party/wasm-prefix-threads/include -I/home/nathan/secure-exec-wasmgui/experiments/wasm-gui/toolchain/compat-include -include /home/nathan/secure-exec-wasmgui/experiments/wasm-gui/toolchain/wasi-compat.h conftest.c >&5
configure:8705: $? = 0
configure:8705: result: yes
configure:8705: checking for stdlib.h
configure:8705: /home/nathan/secure-exec-wasmgui/experiments/wasm-gui/toolchain/clang-wasi-wrap.sh -c --target=wasm32-wasip1-threads --sysroot=/home/nathan/secure-exec/registry/native/c/vendor/wasi-sdk/share/wasi-sysroot -O2 -pthread -matomics -mbulk-memory -DSECURE_EXEC_WASM_THREADS -D_WASI_EMULATED_SIGNAL -D_WASI_EMULATED_MMAN -D_WASI_EMULATED_PROCESS_CLOCKS -D_GNU_SOURCE -mllvm -wasm-enable-sjlj -Wno-error=implicit-function-declaration -Wno-error=int-conversion -Wno-int-conversion -I/home/nathan/secure-exec-wasmgui/experiments/wasm-gui/toolchain/compat-include -include /home/nathan/secure-exec-wasmgui/experiments/wasm-gui/toolchain/wasi-compat.h --target=wasm32-wasip1-threads --sysroot=/home/nathan/secure-exec/registry/native/c/vendor/wasi-sdk/share/wasi-sysroot -I/home/nathan/secure-exec-wasmgui/experiments/wasm-gui/third_party/wasm-prefix-threads/include -I/home/nathan/secure-exec-wasmgui/experiments/wasm-gui/toolchain/compat-include -include /home/nathan/secure-exec-wasmgui/experiments/wasm-gui/toolchain/wasi-compat.h conftest.c >&5
configure:8705: $? = 0
configure:8705: result: yes
configure:8705: checking for string.h
configure:8705: /home/nathan/secure-exec-wasmgui/experiments/wasm-gui/toolchain/clang-wasi-wrap.sh -c --target=wasm32-wasip1-threads --sysroot=/home/nathan/secure-exec/registry/native/c/vendor/wasi-sdk/share/wasi-sysroot -O2 -pthread -matomics -mbulk-memory -DSECURE_EXEC_WASM_THREADS -D_WASI_EMULATED_SIGNAL -D_WASI_EMULATED_MMAN -D_WASI_EMULATED_PROCESS_CLOCKS -D_GNU_SOURCE -mllvm -wasm-enable-sjlj -Wno-error=implicit-function-declaration -Wno-error=int-conversion -Wno-int-conversion -I/home/nathan/secure-exec-wasmgui/experiments/wasm-gui/toolchain/compat-include -include /home/nathan/secure-exec-wasmgui/experiments/wasm-gui/toolchain/wasi-compat.h --target=wasm32-wasip1-threads --sysroot=/home/nathan/secure-exec/registry/native/c/vendor/wasi-sdk/share/wasi-sysroot -I/home/nathan/secure-exec-wasmgui/experiments/wasm-gui/third_party/wasm-prefix-threads/include -I/home/nathan/secure-exec-wasmgui/experiments/wasm-gui/toolchain/compat-include -include /home/nathan/secure-exec-wasmgui/experiments/wasm-gui/toolchain/wasi-compat.h conftest.c >&5
configure:8705: $? = 0
configure:8705: result: yes
configure:8705: checking for inttypes.h
configure:8705: /home/nathan/secure-exec-wasmgui/experiments/wasm-gui/toolchain/clang-wasi-wrap.sh -c --target=wasm32-wasip1-threads --sysroot=/home/nathan/secure-exec/registry/native/c/vendor/wasi-sdk/share/wasi-sysroot -O2 -pthread -matomics -mbulk-memory -DSECURE_EXEC_WASM_THREADS -D_WASI_EMULATED_SIGNAL -D_WASI_EMULATED_MMAN -D_WASI_EMULATED_PROCESS_CLOCKS -D_GNU_SOURCE -mllvm -wasm-enable-sjlj -Wno-error=implicit-function-declaration -Wno-error=int-conversion -Wno-int-conversion -I/home/nathan/secure-exec-wasmgui/experiments/wasm-gui/toolchain/compat-include -include /home/nathan/secure-exec-wasmgui/experiments/wasm-gui/toolchain/wasi-compat.h --target=wasm32-wasip1-threads --sysroot=/home/nathan/secure-exec/registry/native/c/vendor/wasi-sdk/share/wasi-sysroot -I/home/nathan/secure-exec-wasmgui/experiments/wasm-gui/third_party/wasm-prefix-threads/include -I/home/nathan/secure-exec-wasmgui/experiments/wasm-gui/toolchain/compat-include -include /home/nathan/secure-exec-wasmgui/experiments/wasm-gui/toolchain/wasi-compat.h conftest.c >&5
configure:8705: $? = 0
configure:8705: result: yes
configure:8705: checking for stdint.h
configure:8705: /home/nathan/secure-exec-wasmgui/experiments/wasm-gui/toolchain/clang-wasi-wrap.sh -c --target=wasm32-wasip1-threads --sysroot=/home/nathan/secure-exec/registry/native/c/vendor/wasi-sdk/share/wasi-sysroot -O2 -pthread -matomics -mbulk-memory -DSECURE_EXEC_WASM_THREADS -D_WASI_EMULATED_SIGNAL -D_WASI_EMULATED_MMAN -D_WASI_EMULATED_PROCESS_CLOCKS -D_GNU_SOURCE -mllvm -wasm-enable-sjlj -Wno-error=implicit-function-declaration -Wno-error=int-conversion -Wno-int-conversion -I/home/nathan/secure-exec-wasmgui/experiments/wasm-gui/toolchain/compat-include -include /home/nathan/secure-exec-wasmgui/experiments/wasm-gui/toolchain/wasi-compat.h --target=wasm32-wasip1-threads --sysroot=/home/nathan/secure-exec/registry/native/c/vendor/wasi-sdk/share/wasi-sysroot -I/home/nathan/secure-exec-wasmgui/experiments/wasm-gui/third_party/wasm-prefix-threads/include -I/home/nathan/secure-exec-wasmgui/experiments/wasm-gui/toolchain/compat-include -include /home/nathan/secure-exec-wasmgui/experiments/wasm-gui/toolchain/wasi-compat.h conftest.c >&5
configure:8705: $? = 0
configure:8705: result: yes
configure:8705: checking for strings.h
configure:8705: /home/nathan/secure-exec-wasmgui/experiments/wasm-gui/toolchain/clang-wasi-wrap.sh -c --target=wasm32-wasip1-threads --sysroot=/home/nathan/secure-exec/registry/native/c/vendor/wasi-sdk/share/wasi-sysroot -O2 -pthread -matomics -mbulk-memory -DSECURE_EXEC_WASM_THREADS -D_WASI_EMULATED_SIGNAL -D_WASI_EMULATED_MMAN -D_WASI_EMULATED_PROCESS_CLOCKS -D_GNU_SOURCE -mllvm -wasm-enable-sjlj -Wno-error=implicit-function-declaration -Wno-error=int-conversion -Wno-int-conversion -I/home/nathan/secure-exec-wasmgui/experiments/wasm-gui/toolchain/compat-include -include /home/nathan/secure-exec-wasmgui/experiments/wasm-gui/toolchain/wasi-compat.h --target=wasm32-wasip1-threads --sysroot=/home/nathan/secure-exec/registry/native/c/vendor/wasi-sdk/share/wasi-sysroot -I/home/nathan/secure-exec-wasmgui/experiments/wasm-gui/third_party/wasm-prefix-threads/include -I/home/nathan/secure-exec-wasmgui/experiments/wasm-gui/toolchain/compat-include -include /home/nathan/secure-exec-wasmgui/experiments/wasm-gui/toolchain/wasi-compat.h conftest.c >&5
configure:8705: $? = 0
configure:8705: result: yes
configure:8705: checking for sys/stat.h
configure:8705: /home/nathan/secure-exec-wasmgui/experiments/wasm-gui/toolchain/clang-wasi-wrap.sh -c --target=wasm32-wasip1-threads --sysroot=/home/nathan/secure-exec/registry/native/c/vendor/wasi-sdk/share/wasi-sysroot -O2 -pthread -matomics -mbulk-memory -DSECURE_EXEC_WASM_THREADS -D_WASI_EMULATED_SIGNAL -D_WASI_EMULATED_MMAN -D_WASI_EMULATED_PROCESS_CLOCKS -D_GNU_SOURCE -mllvm -wasm-enable-sjlj -Wno-error=implicit-function-declaration -Wno-error=int-conversion -Wno-int-conversion -I/home/nathan/secure-exec-wasmgui/experiments/wasm-gui/toolchain/compat-include -include /home/nathan/secure-exec-wasmgui/experiments/wasm-gui/toolchain/wasi-compat.h --target=wasm32-wasip1-threads --sysroot=/home/nathan/secure-exec/registry/native/c/vendor/wasi-sdk/share/wasi-sysroot -I/home/nathan/secure-exec-wasmgui/experiments/wasm-gui/third_party/wasm-prefix-threads/include -I/home/nathan/secure-exec-wasmgui/experiments/wasm-gui/toolchain/compat-include -include /home/nathan/secure-exec-wasmgui/experiments/wasm-gui/toolchain/wasi-compat.h conftest.c >&5
configure:8705: $? = 0
configure:8705: result: yes
configure:8705: checking for sys/types.h
configure:8705: /home/nathan/secure-exec-wasmgui/experiments/wasm-gui/toolchain/clang-wasi-wrap.sh -c --target=wasm32-wasip1-threads --sysroot=/home/nathan/secure-exec/registry/native/c/vendor/wasi-sdk/share/wasi-sysroot -O2 -pthread -matomics -mbulk-memory -DSECURE_EXEC_WASM_THREADS -D_WASI_EMULATED_SIGNAL -D_WASI_EMULATED_MMAN -D_WASI_EMULATED_PROCESS_CLOCKS -D_GNU_SOURCE -mllvm -wasm-enable-sjlj -Wno-error=implicit-function-declaration -Wno-error=int-conversion -Wno-int-conversion -I/home/nathan/secure-exec-wasmgui/experiments/wasm-gui/toolchain/compat-include -include /home/nathan/secure-exec-wasmgui/experiments/wasm-gui/toolchain/wasi-compat.h --target=wasm32-wasip1-threads --sysroot=/home/nathan/secure-exec/registry/native/c/vendor/wasi-sdk/share/wasi-sysroot -I/home/nathan/secure-exec-wasmgui/experiments/wasm-gui/third_party/wasm-prefix-threads/include -I/home/nathan/secure-exec-wasmgui/experiments/wasm-gui/toolchain/compat-include -include /home/nathan/secure-exec-wasmgui/experiments/wasm-gui/toolchain/wasi-compat.h conftest.c >&5
configure:8705: $? = 0
configure:8705: result: yes
configure:8705: checking for unistd.h
configure:8705: /home/nathan/secure-exec-wasmgui/experiments/wasm-gui/toolchain/clang-wasi-wrap.sh -c --target=wasm32-wasip1-threads --sysroot=/home/nathan/secure-exec/registry/native/c/vendor/wasi-sdk/share/wasi-sysroot -O2 -pthread -matomics -mbulk-memory -DSECURE_EXEC_WASM_THREADS -D_WASI_EMULATED_SIGNAL -D_WASI_EMULATED_MMAN -D_WASI_EMULATED_PROCESS_CLOCKS -D_GNU_SOURCE -mllvm -wasm-enable-sjlj -Wno-error=implicit-function-declaration -Wno-error=int-conversion -Wno-int-conversion -I/home/nathan/secure-exec-wasmgui/experiments/wasm-gui/toolchain/compat-include -include /home/nathan/secure-exec-wasmgui/experiments/wasm-gui/toolchain/wasi-compat.h --target=wasm32-wasip1-threads --sysroot=/home/nathan/secure-exec/registry/native/c/vendor/wasi-sdk/share/wasi-sysroot -I/home/nathan/secure-exec-wasmgui/experiments/wasm-gui/third_party/wasm-prefix-threads/include -I/home/nathan/secure-exec-wasmgui/experiments/wasm-gui/toolchain/compat-include -include /home/nathan/secure-exec-wasmgui/experiments/wasm-gui/toolchain/wasi-compat.h conftest.c >&5
configure:8705: $? = 0
configure:8705: result: yes
configure:8730: checking for dlfcn.h
configure:8730: /home/nathan/secure-exec-wasmgui/experiments/wasm-gui/toolchain/clang-wasi-wrap.sh -c --target=wasm32-wasip1-threads --sysroot=/home/nathan/secure-exec/registry/native/c/vendor/wasi-sdk/share/wasi-sysroot -O2 -pthread -matomics -mbulk-memory -DSECURE_EXEC_WASM_THREADS -D_WASI_EMULATED_SIGNAL -D_WASI_EMULATED_MMAN -D_WASI_EMULATED_PROCESS_CLOCKS -D_GNU_SOURCE -mllvm -wasm-enable-sjlj -Wno-error=implicit-function-declaration -Wno-error=int-conversion -Wno-int-conversion -I/home/nathan/secure-exec-wasmgui/experiments/wasm-gui/toolchain/compat-include -include /home/nathan/secure-exec-wasmgui/experiments/wasm-gui/toolchain/wasi-compat.h --target=wasm32-wasip1-threads --sysroot=/home/nathan/secure-exec/registry/native/c/vendor/wasi-sdk/share/wasi-sysroot -I/home/nathan/secure-exec-wasmgui/experiments/wasm-gui/third_party/wasm-prefix-threads/include -I/home/nathan/secure-exec-wasmgui/experiments/wasm-gui/toolchain/compat-include -include /home/nathan/secure-exec-wasmgui/experiments/wasm-gui/toolchain/wasi-compat.h conftest.c >&5
configure:8730: $? = 0
configure:8730: result: yes
configure:8988: checking for objdir
configure:9004: result: .libs
configure:9268: checking if /home/nathan/secure-exec-wasmgui/experiments/wasm-gui/toolchain/clang-wasi-wrap.sh supports -fno-rtti -fno-exceptions
configure:9287: /home/nathan/secure-exec-wasmgui/experiments/wasm-gui/toolchain/clang-wasi-wrap.sh -c --target=wasm32-wasip1-threads --sysroot=/home/nathan/secure-exec/registry/native/c/vendor/wasi-sdk/share/wasi-sysroot -O2 -pthread -matomics -mbulk-memory -DSECURE_EXEC_WASM_THREADS -D_WASI_EMULATED_SIGNAL -D_WASI_EMULATED_MMAN -D_WASI_EMULATED_PROCESS_CLOCKS -D_GNU_SOURCE -mllvm -wasm-enable-sjlj -Wno-error=implicit-function-declaration -Wno-error=int-conversion -Wno-int-conversion -I/home/nathan/secure-exec-wasmgui/experiments/wasm-gui/toolchain/compat-include -include /home/nathan/secure-exec-wasmgui/experiments/wasm-gui/toolchain/wasi-compat.h --target=wasm32-wasip1-threads --sysroot=/home/nathan/secure-exec/registry/native/c/vendor/wasi-sdk/share/wasi-sysroot -I/home/nathan/secure-exec-wasmgui/experiments/wasm-gui/third_party/wasm-prefix-threads/include -I/home/nathan/secure-exec-wasmgui/experiments/wasm-gui/toolchain/compat-include -include /home/nathan/secure-exec-wasmgui/experiments/wasm-gui/toolchain/wasi-compat.h -fno-rtti -fno-exceptions conftest.c >&5
configure:9291: $? = 0
configure:9304: result: yes
configure:9668: checking for /home/nathan/secure-exec-wasmgui/experiments/wasm-gui/toolchain/clang-wasi-wrap.sh option to produce PIC
configure:9676: result: -fPIC -DPIC
configure:9684: checking if /home/nathan/secure-exec-wasmgui/experiments/wasm-gui/toolchain/clang-wasi-wrap.sh PIC flag -fPIC -DPIC works
configure:9703: /home/nathan/secure-exec-wasmgui/experiments/wasm-gui/toolchain/clang-wasi-wrap.sh -c --target=wasm32-wasip1-threads --sysroot=/home/nathan/secure-exec/registry/native/c/vendor/wasi-sdk/share/wasi-sysroot -O2 -pthread -matomics -mbulk-memory -DSECURE_EXEC_WASM_THREADS -D_WASI_EMULATED_SIGNAL -D_WASI_EMULATED_MMAN -D_WASI_EMULATED_PROCESS_CLOCKS -D_GNU_SOURCE -mllvm -wasm-enable-sjlj -Wno-error=implicit-function-declaration -Wno-error=int-conversion -Wno-int-conversion -I/home/nathan/secure-exec-wasmgui/experiments/wasm-gui/toolchain/compat-include -include /home/nathan/secure-exec-wasmgui/experiments/wasm-gui/toolchain/wasi-compat.h --target=wasm32-wasip1-threads --sysroot=/home/nathan/secure-exec/registry/native/c/vendor/wasi-sdk/share/wasi-sysroot -I/home/nathan/secure-exec-wasmgui/experiments/wasm-gui/third_party/wasm-prefix-threads/include -I/home/nathan/secure-exec-wasmgui/experiments/wasm-gui/toolchain/compat-include -include /home/nathan/secure-exec-wasmgui/experiments/wasm-gui/toolchain/wasi-compat.h -fPIC -DPIC -DPIC conftest.c >&5
configure:9707: $? = 0
configure:9720: result: yes
configure:9749: checking if /home/nathan/secure-exec-wasmgui/experiments/wasm-gui/toolchain/clang-wasi-wrap.sh static flag -static works
configure:9778: result: yes
configure:9793: checking if /home/nathan/secure-exec-wasmgui/experiments/wasm-gui/toolchain/clang-wasi-wrap.sh supports -c -o file.o
configure:9815: /home/nathan/secure-exec-wasmgui/experiments/wasm-gui/toolchain/clang-wasi-wrap.sh -c --target=wasm32-wasip1-threads --sysroot=/home/nathan/secure-exec/registry/native/c/vendor/wasi-sdk/share/wasi-sysroot -O2 -pthread -matomics -mbulk-memory -DSECURE_EXEC_WASM_THREADS -D_WASI_EMULATED_SIGNAL -D_WASI_EMULATED_MMAN -D_WASI_EMULATED_PROCESS_CLOCKS -D_GNU_SOURCE -mllvm -wasm-enable-sjlj -Wno-error=implicit-function-declaration -Wno-error=int-conversion -Wno-int-conversion -I/home/nathan/secure-exec-wasmgui/experiments/wasm-gui/toolchain/compat-include -include /home/nathan/secure-exec-wasmgui/experiments/wasm-gui/toolchain/wasi-compat.h --target=wasm32-wasip1-threads --sysroot=/home/nathan/secure-exec/registry/native/c/vendor/wasi-sdk/share/wasi-sysroot -I/home/nathan/secure-exec-wasmgui/experiments/wasm-gui/third_party/wasm-prefix-threads/include -I/home/nathan/secure-exec-wasmgui/experiments/wasm-gui/toolchain/compat-include -include /home/nathan/secure-exec-wasmgui/experiments/wasm-gui/toolchain/wasi-compat.h -o out/conftest2.o conftest.c >&5
configure:9819: $? = 0
configure:9841: result: yes
configure:9849: checking if /home/nathan/secure-exec-wasmgui/experiments/wasm-gui/toolchain/clang-wasi-wrap.sh supports -c -o file.o
configure:9897: result: yes
configure:9930: checking whether the /home/nathan/secure-exec-wasmgui/experiments/wasm-gui/toolchain/clang-wasi-wrap.sh linker (/home/linuxbrew/.linuxbrew/bin/ld) supports shared libraries
configure:11204: result: yes
configure:11445: checking dynamic linker characteristics
configure:12278: result: no
configure:12400: checking how to hardcode library paths into programs
configure:12425: result: immediate
configure:12977: checking whether stripping libraries is possible
configure:12986: result: yes
configure:13028: checking if libtool supports shared libraries
configure:13030: result: no
configure:13033: checking whether to build shared libraries
configure:13058: result: no
configure:13061: checking whether to build static libraries
configure:13065: result: yes
configure:13106: checking for egrep
configure:13174: result: /usr/bin/grep -E
configure:13198: checking for wasm32-wasi-pkg-config
configure:13236: result: no
configure:13246: checking for pkg-config
configure:13269: found /usr/bin/pkg-config
configure:13281: result: /usr/bin/pkg-config
configure:13306: checking pkg-config is at least version 0.9.0
configure:13309: result: yes
configure:13331: checking for libxfce4panel-2.0 >= 4.16.0
configure:13335: result: 4.18.6
configure:13338: checking LIBXFCE4PANEL_CFLAGS
configure:13341: result: -I/home/nathan/secure-exec-wasmgui/experiments/wasm-gui/third_party/wasm-prefix-threads/include/xfce4/libxfce4panel-2.0 -I/home/nathan/secure-exec-wasmgui/experiments/wasm-gui/third_party/wasm-prefix-threads/include/gtk-3.0 -I/home/nathan/secure-exec-wasmgui/experiments/wasm-gui/third_party/pango/build-wasm-threads -I/home/nathan/secure-exec-wasmgui/experiments/wasm-gui/third_party/pango -I/home/nathan/secure-exec-wasmgui/experiments/wasm-gui/third_party/pango/build-wasm-threads/pango -I/home/nathan/secure-exec-wasmgui/experiments/wasm-gui/third_party/pango/pango -I/home/nathan/secure-exec-wasmgui/experiments/wasm-gui/third_party/wasm-prefix-threads/include/glib-2.0 -I/home/nathan/secure-exec-wasmgui/experiments/wasm-gui/third_party/wasm-prefix-threads/lib/glib-2.0/include -I/home/nathan/secure-exec-wasmgui/experiments/wasm-gui/third_party/wasm-prefix-threads/include -I/home/nathan/secure-exec-wasmgui/experiments/wasm-gui/third_party/wasm-prefix-threads/include/fribidi -I/home/nathan/secure-exec-wasmgui/experiments/wasm-gui/third_party/harfbuzz/build-wasm-threads -I/home/nathan/secure-exec-wasmgui/experiments/wasm-gui/third_party/harfbuzz -I/home/nathan/secure-exec-wasmgui/experiments/wasm-gui/third_party/harfbuzz/build-wasm-threads/src -I/home/nathan/secure-exec-wasmgui/experiments/wasm-gui/third_party/harfbuzz/src -I/home/nathan/secure-exec-wasmgui/experiments/wasm-gui/third_party/wasm-prefix-threads/include/freetype2 -I/home/nathan/secure-exec-wasmgui/experiments/wasm-gui/third_party/wasm-prefix-threads/include/cairo -I/home/nathan/secure-exec-wasmgui/experiments/wasm-gui/third_party/wasm-prefix-threads/include/pixman-1 -I/home/nathan/secure-exec-wasmgui/experiments/wasm-gui/third_party/wasm-prefix-threads/include/gdk-pixbuf-2.0 -I/home/nathan/secure-exec-wasmgui/experiments/wasm-gui/third_party/wasm-prefix-threads/include/gio-unix-2.0 -I/home/nathan/secure-exec-wasmgui/experiments/wasm-gui/third_party/wasm-prefix/include -I/home/nathan/secure-exec-wasmgui/experiments/wasm-gui/third_party/wasm-prefix-threads/include/atk-1.0 -I/home/nathan/secure-exec-wasmgui/experiments/wasm-gui/third_party/wasm-prefix-threads/include/at-spi2-atk/2.0 -I/home/nathan/secure-exec-wasmgui/experiments/wasm-gui/third_party/wasm-prefix-threads/include/xfce4 -pthread -DPCRE2_STATIC 
configure:13344: checking LIBXFCE4PANEL_LIBS
configure:13347: result: -L/home/nathan/secure-exec-wasmgui/experiments/wasm-gui/third_party/wasm-prefix-threads/lib -lxfce4panel-2.0 -lgtk-3 -lgdk-3 -L/home/nathan/secure-exec-wasmgui/experiments/wasm-gui/third_party/pango/build-wasm-threads/pango -lintl -L/home/nathan/secure-exec-wasmgui/experiments/wasm-gui/third_party/harfbuzz/build-wasm-threads/src -lm -lpangocairo-1.0 -lintl -lm -lpangoft2-1.0 -lpango-1.0 -lintl -lm -lintl -lm -lintl -lfribidi -lharfbuzz -lm -lXft -lintl -lintl -lz -latk-1.0 -lcairo-gobject -lcairo -ldl -lz -lfontconfig -lexpat -lfreetype -lXext -lXrender -lX11 -lpixman-1 -lgdk_pixbuf-2.0 -lpng16 -lintl -lintl -lgio-2.0 -lgobject-2.0 -lffi -lintl -lz -Wl,--export-dynamic -lgmodule-2.0 -lintl -lxfce4util -lglib-2.0 -lintl -lm -pthread -lpcre2-8 
configure:13411: checking for wasm32-wasi-pkg-config
configure:13446: result: /usr/bin/pkg-config
configure:13519: checking pkg-config is at least version 0.9.0
configure:13522: result: yes
configure:13544: checking for libxfce4util-1.0 >= 4.16.0
configure:13548: result: 4.18.2
configure:13551: checking LIBXFCE4UTIL_CFLAGS
configure:13554: result: -I/home/nathan/secure-exec-wasmgui/experiments/wasm-gui/third_party/wasm-prefix-threads/include/xfce4 -I/home/nathan/secure-exec-wasmgui/experiments/wasm-gui/third_party/wasm-prefix-threads/include/glib-2.0 -pthread -I/home/nathan/secure-exec-wasmgui/experiments/wasm-gui/third_party/wasm-prefix-threads/lib/glib-2.0/include -I/home/nathan/secure-exec-wasmgui/experiments/wasm-gui/third_party/wasm-prefix-threads/include -DPCRE2_STATIC 
configure:13557: checking LIBXFCE4UTIL_LIBS
configure:13560: result: -L/home/nathan/secure-exec-wasmgui/experiments/wasm-gui/third_party/wasm-prefix-threads/lib -lxfce4util -lglib-2.0 -lintl -lm -pthread -lpcre2-8 
configure:13624: checking for wasm32-wasi-pkg-config
configure:13659: result: /usr/bin/pkg-config
configure:13732: checking pkg-config is at least version 0.9.0
configure:13735: result: yes
configure:13757: checking for libxfce4ui-2 >= 4.16.0
configure:13761: result: 4.18.6
configure:13764: checking LIBXFCE4UI_CFLAGS
configure:13767: result: -I/home/nathan/secure-exec-wasmgui/experiments/wasm-gui/third_party/wasm-prefix-threads/include/xfce4/libxfce4ui-2 -I/home/nathan/secure-exec-wasmgui/experiments/wasm-gui/third_party/wasm-prefix-threads/include/gtk-3.0 -I/home/nathan/secure-exec-wasmgui/experiments/wasm-gui/third_party/pango/build-wasm-threads -I/home/nathan/secure-exec-wasmgui/experiments/wasm-gui/third_party/pango -I/home/nathan/secure-exec-wasmgui/experiments/wasm-gui/third_party/pango/build-wasm-threads/pango -I/home/nathan/secure-exec-wasmgui/experiments/wasm-gui/third_party/pango/pango -I/home/nathan/secure-exec-wasmgui/experiments/wasm-gui/third_party/wasm-prefix-threads/include/glib-2.0 -I/home/nathan/secure-exec-wasmgui/experiments/wasm-gui/third_party/wasm-prefix-threads/lib/glib-2.0/include -I/home/nathan/secure-exec-wasmgui/experiments/wasm-gui/third_party/wasm-prefix-threads/include -I/home/nathan/secure-exec-wasmgui/experiments/wasm-gui/third_party/wasm-prefix-threads/include/fribidi -I/home/nathan/secure-exec-wasmgui/experiments/wasm-gui/third_party/harfbuzz/build-wasm-threads -I/home/nathan/secure-exec-wasmgui/experiments/wasm-gui/third_party/harfbuzz -I/home/nathan/secure-exec-wasmgui/experiments/wasm-gui/third_party/harfbuzz/build-wasm-threads/src -I/home/nathan/secure-exec-wasmgui/experiments/wasm-gui/third_party/harfbuzz/src -I/home/nathan/secure-exec-wasmgui/experiments/wasm-gui/third_party/wasm-prefix-threads/include/freetype2 -I/home/nathan/secure-exec-wasmgui/experiments/wasm-gui/third_party/wasm-prefix-threads/include/cairo -I/home/nathan/secure-exec-wasmgui/experiments/wasm-gui/third_party/wasm-prefix-threads/include/pixman-1 -I/home/nathan/secure-exec-wasmgui/experiments/wasm-gui/third_party/wasm-prefix-threads/include/gdk-pixbuf-2.0 -I/home/nathan/secure-exec-wasmgui/experiments/wasm-gui/third_party/wasm-prefix-threads/include/gio-unix-2.0 -I/home/nathan/secure-exec-wasmgui/experiments/wasm-gui/third_party/wasm-prefix/include -I/home/nathan/secure-exec-wasmgui/experiments/wasm-gui/third_party/wasm-prefix-threads/include/atk-1.0 -I/home/nathan/secure-exec-wasmgui/experiments/wasm-gui/third_party/wasm-prefix-threads/include/at-spi2-atk/2.0 -I/home/nathan/secure-exec-wasmgui/experiments/wasm-gui/third_party/wasm-prefix-threads/include/xfce4 -pthread -DPCRE2_STATIC 
configure:13770: checking LIBXFCE4UI_LIBS
configure:13773: result: -L/home/nathan/secure-exec-wasmgui/experiments/wasm-gui/third_party/wasm-prefix-threads/lib -lxfce4ui-2 -lgtk-3 -lgdk-3 -L/home/nathan/secure-exec-wasmgui/experiments/wasm-gui/third_party/pango/build-wasm-threads/pango -lintl -L/home/nathan/secure-exec-wasmgui/experiments/wasm-gui/third_party/harfbuzz/build-wasm-threads/src -lm -lpangocairo-1.0 -lintl -lm -lpangoft2-1.0 -lpango-1.0 -lintl -lm -lintl -lm -lintl -lfribidi -lharfbuzz -lm -lXft -lintl -lintl -lz -latk-1.0 -lcairo-gobject -lcairo -ldl -lz -lfontconfig -lexpat -lfreetype -lXext -lXrender -lX11 -lpixman-1 -lgdk_pixbuf-2.0 -lpng16 -lintl -lintl -lgio-2.0 -lgobject-2.0 -lffi -lgmodule-2.0 -lintl -lz -lxfce4util -lglib-2.0 -lintl -lm -pthread -lpcre2-8 
configure:13837: checking for wasm32-wasi-pkg-config
configure:13872: result: /usr/bin/pkg-config
configure:13945: checking pkg-config is at least version 0.9.0
configure:13948: result: yes
configure:13970: checking for gthread-2.0 >= 2.42.0
configure:13974: result: 2.78.4
configure:13977: checking GTHREAD_CFLAGS
configure:13980: result: -I/home/nathan/secure-exec-wasmgui/experiments/wasm-gui/third_party/wasm-prefix-threads/include -I/home/nathan/secure-exec-wasmgui/experiments/wasm-gui/third_party/wasm-prefix-threads/include/glib-2.0 -pthread -I/home/nathan/secure-exec-wasmgui/experiments/wasm-gui/third_party/wasm-prefix-threads/lib/glib-2.0/include -DPCRE2_STATIC 
configure:13983: checking GTHREAD_LIBS
configure:13986: result: -L/home/nathan/secure-exec-wasmgui/experiments/wasm-gui/third_party/wasm-prefix-threads/lib -lgthread-2.0 -lintl -lglib-2.0 -lintl -lm -pthread -lpcre2-8 
configure:14050: checking for wasm32-wasi-pkg-config
configure:14085: result: /usr/bin/pkg-config
configure:14158: checking pkg-config is at least version 0.9.0
configure:14161: result: yes
configure:14183: checking for gtk+-3.0 >= 3.24.0
configure:14187: result: 3.24.43
configure:14190: checking GTK_CFLAGS
configure:14193: result: -I/home/nathan/secure-exec-wasmgui/experiments/wasm-gui/third_party/wasm-prefix-threads/include/gtk-3.0 -I/home/nathan/secure-exec-wasmgui/experiments/wasm-gui/third_party/pango/build-wasm-threads -I/home/nathan/secure-exec-wasmgui/experiments/wasm-gui/third_party/pango -I/home/nathan/secure-exec-wasmgui/experiments/wasm-gui/third_party/pango/build-wasm-threads/pango -I/home/nathan/secure-exec-wasmgui/experiments/wasm-gui/third_party/pango/pango -I/home/nathan/secure-exec-wasmgui/experiments/wasm-gui/third_party/wasm-prefix-threads/include/glib-2.0 -I/home/nathan/secure-exec-wasmgui/experiments/wasm-gui/third_party/wasm-prefix-threads/lib/glib-2.0/include -I/home/nathan/secure-exec-wasmgui/experiments/wasm-gui/third_party/wasm-prefix-threads/include -I/home/nathan/secure-exec-wasmgui/experiments/wasm-gui/third_party/wasm-prefix-threads/include/fribidi -I/home/nathan/secure-exec-wasmgui/experiments/wasm-gui/third_party/harfbuzz/build-wasm-threads -I/home/nathan/secure-exec-wasmgui/experiments/wasm-gui/third_party/harfbuzz -I/home/nathan/secure-exec-wasmgui/experiments/wasm-gui/third_party/harfbuzz/build-wasm-threads/src -I/home/nathan/secure-exec-wasmgui/experiments/wasm-gui/third_party/harfbuzz/src -I/home/nathan/secure-exec-wasmgui/experiments/wasm-gui/third_party/wasm-prefix-threads/include/freetype2 -I/home/nathan/secure-exec-wasmgui/experiments/wasm-gui/third_party/wasm-prefix-threads/include/cairo -I/home/nathan/secure-exec-wasmgui/experiments/wasm-gui/third_party/wasm-prefix-threads/include/pixman-1 -I/home/nathan/secure-exec-wasmgui/experiments/wasm-gui/third_party/wasm-prefix-threads/include/gdk-pixbuf-2.0 -I/home/nathan/secure-exec-wasmgui/experiments/wasm-gui/third_party/wasm-prefix-threads/include/gio-unix-2.0 -I/home/nathan/secure-exec-wasmgui/experiments/wasm-gui/third_party/wasm-prefix/include -I/home/nathan/secure-exec-wasmgui/experiments/wasm-gui/third_party/wasm-prefix-threads/include/atk-1.0 -I/home/nathan/secure-exec-wasmgui/experiments/wasm-gui/third_party/wasm-prefix-threads/include/at-spi2-atk/2.0 -pthread -DPCRE2_STATIC 
configure:14196: checking GTK_LIBS
configure:14199: result: -L/home/nathan/secure-exec-wasmgui/experiments/wasm-gui/third_party/wasm-prefix-threads/lib -lgtk-3 -lgdk-3 -L/home/nathan/secure-exec-wasmgui/experiments/wasm-gui/third_party/pango/build-wasm-threads/pango -lintl -L/home/nathan/secure-exec-wasmgui/experiments/wasm-gui/third_party/harfbuzz/build-wasm-threads/src -lm -lpangocairo-1.0 -lintl -lm -lpangoft2-1.0 -lpango-1.0 -lintl -lm -lintl -lm -lintl -lfribidi -lharfbuzz -lm -lXft -lintl -lintl -lz -latk-1.0 -lcairo-gobject -lcairo -ldl -lz -lfontconfig -lexpat -lfreetype -lXext -lXrender -lX11 -lpixman-1 -lgdk_pixbuf-2.0 -lpng16 -lintl -lintl -lgio-2.0 -lgobject-2.0 -lffi -lgmodule-2.0 -lintl -lglib-2.0 -lintl -lm -pthread -lpcre2-8 -lz 
configure:14263: checking for wasm32-wasi-pkg-config
configure:14298: result: /usr/bin/pkg-config
configure:14371: checking pkg-config is at least version 0.9.0
configure:14374: result: yes
configure:14396: checking for gdk-3.0 >= 3.24.0
configure:14400: result: 3.24.43
configure:14403: checking GDK_CFLAGS
configure:14406: result: -I/home/nathan/secure-exec-wasmgui/experiments/wasm-gui/third_party/wasm-prefix-threads/include/gtk-3.0 -I/home/nathan/secure-exec-wasmgui/experiments/wasm-gui/third_party/pango/build-wasm-threads -I/home/nathan/secure-exec-wasmgui/experiments/wasm-gui/third_party/pango -I/home/nathan/secure-exec-wasmgui/experiments/wasm-gui/third_party/pango/build-wasm-threads/pango -I/home/nathan/secure-exec-wasmgui/experiments/wasm-gui/third_party/pango/pango -I/home/nathan/secure-exec-wasmgui/experiments/wasm-gui/third_party/wasm-prefix-threads/include/glib-2.0 -I/home/nathan/secure-exec-wasmgui/experiments/wasm-gui/third_party/wasm-prefix-threads/lib/glib-2.0/include -I/home/nathan/secure-exec-wasmgui/experiments/wasm-gui/third_party/wasm-prefix-threads/include -I/home/nathan/secure-exec-wasmgui/experiments/wasm-gui/third_party/wasm-prefix-threads/include/fribidi -I/home/nathan/secure-exec-wasmgui/experiments/wasm-gui/third_party/harfbuzz/build-wasm-threads -I/home/nathan/secure-exec-wasmgui/experiments/wasm-gui/third_party/harfbuzz -I/home/nathan/secure-exec-wasmgui/experiments/wasm-gui/third_party/harfbuzz/build-wasm-threads/src -I/home/nathan/secure-exec-wasmgui/experiments/wasm-gui/third_party/harfbuzz/src -I/home/nathan/secure-exec-wasmgui/experiments/wasm-gui/third_party/wasm-prefix-threads/include/freetype2 -I/home/nathan/secure-exec-wasmgui/experiments/wasm-gui/third_party/wasm-prefix-threads/include/cairo -I/home/nathan/secure-exec-wasmgui/experiments/wasm-gui/third_party/wasm-prefix-threads/include/pixman-1 -I/home/nathan/secure-exec-wasmgui/experiments/wasm-gui/third_party/wasm-prefix-threads/include/gdk-pixbuf-2.0 -I/home/nathan/secure-exec-wasmgui/experiments/wasm-gui/third_party/wasm-prefix-threads/include/gio-unix-2.0 -DPCRE2_STATIC -pthread -I/home/nathan/secure-exec-wasmgui/experiments/wasm-gui/third_party/wasm-prefix/include 
configure:14409: checking GDK_LIBS
configure:14412: result: -L/home/nathan/secure-exec-wasmgui/experiments/wasm-gui/third_party/wasm-prefix-threads/lib -lgdk-3 -L/home/nathan/secure-exec-wasmgui/experiments/wasm-gui/third_party/pango/build-wasm-threads/pango -lintl -L/home/nathan/secure-exec-wasmgui/experiments/wasm-gui/third_party/harfbuzz/build-wasm-threads/src -lm -lpangocairo-1.0 -lintl -lm -lpangoft2-1.0 -lpango-1.0 -lintl -lm -lintl -lm -lintl -lfribidi -lharfbuzz -lm -lXft -lgdk_pixbuf-2.0 -lintl -lgio-2.0 -lgmodule-2.0 -lintl -lcairo-gobject -lcairo -ldl -lpng16 -lz -lfontconfig -lexpat -lgobject-2.0 -lglib-2.0 -lintl -lpcre2-8 -lffi -lfreetype -lz -lXext -lXrender -lX11 -lpixman-1 -lm -pthread 
configure:14476: checking for wasm32-wasi-pkg-config
configure:14511: result: /usr/bin/pkg-config
configure:14584: checking pkg-config is at least version 0.9.0
configure:14587: result: yes
configure:14609: checking for glib-2.0 >= 2.66.0
configure:14613: result: 2.78.4
configure:14616: checking GLIB_CFLAGS
configure:14619: result: -I/home/nathan/secure-exec-wasmgui/experiments/wasm-gui/third_party/wasm-prefix-threads/include/glib-2.0 -pthread -I/home/nathan/secure-exec-wasmgui/experiments/wasm-gui/third_party/wasm-prefix-threads/lib/glib-2.0/include -I/home/nathan/secure-exec-wasmgui/experiments/wasm-gui/third_party/wasm-prefix-threads/include -DPCRE2_STATIC 
configure:14622: checking GLIB_LIBS
configure:14625: result: -L/home/nathan/secure-exec-wasmgui/experiments/wasm-gui/third_party/wasm-prefix-threads/lib -lglib-2.0 -lintl -lm -pthread -lpcre2-8 
configure:14642: setting GLIB_VERSION_MAX_ALLOWED and GLIB_VERSION_MIN_REQUIRED according to 2.66.0
configure:14701: checking for wasm32-wasi-pkg-config
configure:14736: result: /usr/bin/pkg-config
configure:14809: checking pkg-config is at least version 0.9.0
configure:14812: result: yes
configure:14834: checking for exo-2 >= 0.12.0
configure:14838: result: 4.18.0
configure:14841: checking EXO_CFLAGS
configure:14844: result: -I/home/nathan/secure-exec-wasmgui/experiments/wasm-gui/third_party/wasm-prefix-threads/include/exo-2 -I/home/nathan/secure-exec-wasmgui/experiments/wasm-gui/third_party/wasm-prefix-threads/include/gtk-3.0 -I/home/nathan/secure-exec-wasmgui/experiments/wasm-gui/third_party/pango/build-wasm-threads -I/home/nathan/secure-exec-wasmgui/experiments/wasm-gui/third_party/pango -I/home/nathan/secure-exec-wasmgui/experiments/wasm-gui/third_party/pango/build-wasm-threads/pango -I/home/nathan/secure-exec-wasmgui/experiments/wasm-gui/third_party/pango/pango -I/home/nathan/secure-exec-wasmgui/experiments/wasm-gui/third_party/wasm-prefix-threads/include/glib-2.0 -I/home/nathan/secure-exec-wasmgui/experiments/wasm-gui/third_party/wasm-prefix-threads/lib/glib-2.0/include -I/home/nathan/secure-exec-wasmgui/experiments/wasm-gui/third_party/wasm-prefix-threads/include -I/home/nathan/secure-exec-wasmgui/experiments/wasm-gui/third_party/wasm-prefix-threads/include/fribidi -I/home/nathan/secure-exec-wasmgui/experiments/wasm-gui/third_party/harfbuzz/build-wasm-threads -I/home/nathan/secure-exec-wasmgui/experiments/wasm-gui/third_party/harfbuzz -I/home/nathan/secure-exec-wasmgui/experiments/wasm-gui/third_party/harfbuzz/build-wasm-threads/src -I/home/nathan/secure-exec-wasmgui/experiments/wasm-gui/third_party/harfbuzz/src -I/home/nathan/secure-exec-wasmgui/experiments/wasm-gui/third_party/wasm-prefix-threads/include/freetype2 -I/home/nathan/secure-exec-wasmgui/experiments/wasm-gui/third_party/wasm-prefix-threads/include/cairo -I/home/nathan/secure-exec-wasmgui/experiments/wasm-gui/third_party/wasm-prefix-threads/include/pixman-1 -I/home/nathan/secure-exec-wasmgui/experiments/wasm-gui/third_party/wasm-prefix-threads/include/gdk-pixbuf-2.0 -I/home/nathan/secure-exec-wasmgui/experiments/wasm-gui/third_party/wasm-prefix-threads/include/gio-unix-2.0 -I/home/nathan/secure-exec-wasmgui/experiments/wasm-gui/third_party/wasm-prefix/include -I/home/nathan/secure-exec-wasmgui/experiments/wasm-gui/third_party/wasm-prefix-threads/include/atk-1.0 -I/home/nathan/secure-exec-wasmgui/experiments/wasm-gui/third_party/wasm-prefix-threads/include/at-spi2-atk/2.0 -I/home/nathan/secure-exec-wasmgui/experiments/wasm-gui/third_party/wasm-prefix-threads/include/xfce4 -pthread -DPCRE2_STATIC 
configure:14847: checking EXO_LIBS
configure:14850: result: -L/home/nathan/secure-exec-wasmgui/experiments/wasm-gui/third_party/wasm-prefix-threads/lib -lexo-2 -lgtk-3 -lgdk-3 -L/home/nathan/secure-exec-wasmgui/experiments/wasm-gui/third_party/pango/build-wasm-threads/pango -lintl -L/home/nathan/secure-exec-wasmgui/experiments/wasm-gui/third_party/harfbuzz/build-wasm-threads/src -lm -lpangocairo-1.0 -lintl -lm -lpangoft2-1.0 -lpango-1.0 -lintl -lm -lintl -lm -lintl -lfribidi -lharfbuzz -lm -lXft -lintl -lintl -lz -latk-1.0 -lcairo-gobject -lcairo -ldl -lz -lfontconfig -lexpat -lfreetype -lXext -lXrender -lX11 -lpixman-1 -lgdk_pixbuf-2.0 -lpng16 -lintl -lintl -lgio-2.0 -lgobject-2.0 -lffi -lgmodule-2.0 -lintl -lz -lxfce4util -lglib-2.0 -lintl -lm -pthread -lpcre2-8 
configure:14914: checking for wasm32-wasi-pkg-config
configure:14949: result: /usr/bin/pkg-config
configure:15022: checking pkg-config is at least version 0.9.0
configure:15025: result: yes
configure:15047: checking for pango >= 1.44.0
configure:15051: result: 1.52.2
configure:15054: checking PANGO_CFLAGS
configure:15057: result: -I/home/nathan/secure-exec-wasmgui/experiments/wasm-gui/third_party/pango/build-wasm-threads -I/home/nathan/secure-exec-wasmgui/experiments/wasm-gui/third_party/pango -I/home/nathan/secure-exec-wasmgui/experiments/wasm-gui/third_party/pango/build-wasm-threads/pango -I/home/nathan/secure-exec-wasmgui/experiments/wasm-gui/third_party/pango/pango -I/home/nathan/secure-exec-wasmgui/experiments/wasm-gui/third_party/wasm-prefix-threads/include/glib-2.0 -I/home/nathan/secure-exec-wasmgui/experiments/wasm-gui/third_party/wasm-prefix-threads/lib/glib-2.0/include -I/home/nathan/secure-exec-wasmgui/experiments/wasm-gui/third_party/wasm-prefix-threads/include -I/home/nathan/secure-exec-wasmgui/experiments/wasm-gui/third_party/wasm-prefix-threads/include/fribidi -I/home/nathan/secure-exec-wasmgui/experiments/wasm-gui/third_party/harfbuzz/build-wasm-threads -I/home/nathan/secure-exec-wasmgui/experiments/wasm-gui/third_party/harfbuzz -I/home/nathan/secure-exec-wasmgui/experiments/wasm-gui/third_party/harfbuzz/build-wasm-threads/src -I/home/nathan/secure-exec-wasmgui/experiments/wasm-gui/third_party/harfbuzz/src -I/home/nathan/secure-exec-wasmgui/experiments/wasm-gui/third_party/wasm-prefix-threads/include/freetype2 -DPCRE2_STATIC -I/home/nathan/secure-exec-wasmgui/experiments/wasm-gui/third_party/wasm-prefix-threads/include/cairo -I/home/nathan/secure-exec-wasmgui/experiments/wasm-gui/third_party/wasm-prefix-threads/include/pixman-1 -pthread 
configure:15060: checking PANGO_LIBS
configure:15063: result: -L/home/nathan/secure-exec-wasmgui/experiments/wasm-gui/third_party/pango/build-wasm-threads/pango -lpango-1.0 -L/home/nathan/secure-exec-wasmgui/experiments/wasm-gui/third_party/wasm-prefix-threads/lib -lgio-2.0 -lgobject-2.0 -lffi -lgmodule-2.0 -lintl -lfribidi -L/home/nathan/secure-exec-wasmgui/experiments/wasm-gui/third_party/harfbuzz/build-wasm-threads/src -lharfbuzz -lm -lglib-2.0 -lintl -lpcre2-8 -lXft -lcairo -ldl -lpng16 -lfontconfig -lexpat -lfreetype -lz -lXext -lXrender -lX11 -lpixman-1 -lm -pthread 
configure:15127: checking for wasm32-wasi-pkg-config
configure:15162: result: /usr/bin/pkg-config
configure:15235: checking pkg-config is at least version 0.9.0
configure:15238: result: yes
configure:15260: checking for libxfconf-0 >= 4.16.0
configure:15264: result: 4.18.3
configure:15267: checking XFCONF_CFLAGS
configure:15270: result: -I/home/nathan/secure-exec-wasmgui/experiments/wasm-gui/third_party/wasm-prefix-threads/include/xfce4/xfconf-0 -I/home/nathan/secure-exec-wasmgui/experiments/wasm-gui/third_party/wasm-prefix-threads/include -I/home/nathan/secure-exec-wasmgui/experiments/wasm-gui/third_party/wasm-prefix-threads/include/glib-2.0 -I/home/nathan/secure-exec-wasmgui/experiments/wasm-gui/third_party/wasm-prefix-threads/lib/glib-2.0/include -pthread -DPCRE2_STATIC 
configure:15273: checking XFCONF_LIBS
configure:15276: result: -L/home/nathan/secure-exec-wasmgui/experiments/wasm-gui/third_party/wasm-prefix-threads/lib -lxfconf-0 -lgio-2.0 -lgobject-2.0 -lffi -lgmodule-2.0 -lintl -lglib-2.0 -lintl -lm -pthread -lpcre2-8 -lz 
configure:16531: checking for wasm32-wasi-pkg-config
configure:16566: result: /usr/bin/pkg-config
configure:16639: checking pkg-config is at least version 0.9.0
configure:16642: result: yes
configure:16664: checking for x11 >= 1.6.7
configure:16668: result: 1.8.13
configure:16671: checking LIBX11_CFLAGS
configure:16674: result: -I/home/nathan/secure-exec-wasmgui/experiments/wasm-gui/third_party/wasm-prefix-threads/include 
configure:16677: checking LIBX11_LIBS
configure:16680: result: -L/home/nathan/secure-exec-wasmgui/experiments/wasm-gui/third_party/wasm-prefix-threads/lib -lX11 
configure:16763: checking for wasm32-wasi-pkg-config
configure:16798: result: /usr/bin/pkg-config
configure:16871: checking pkg-config is at least version 0.9.0
configure:16874: result: yes
configure:16896: checking for gdk-x11-3.0 >= 3.24.0
configure:16900: result: 3.24.43
configure:16903: checking GDKX11_CFLAGS
configure:16906: result: -I/home/nathan/secure-exec-wasmgui/experiments/wasm-gui/third_party/wasm-prefix-threads/include/gtk-3.0 -I/home/nathan/secure-exec-wasmgui/experiments/wasm-gui/third_party/pango/build-wasm-threads -I/home/nathan/secure-exec-wasmgui/experiments/wasm-gui/third_party/pango -I/home/nathan/secure-exec-wasmgui/experiments/wasm-gui/third_party/pango/build-wasm-threads/pango -I/home/nathan/secure-exec-wasmgui/experiments/wasm-gui/third_party/pango/pango -I/home/nathan/secure-exec-wasmgui/experiments/wasm-gui/third_party/wasm-prefix-threads/include/glib-2.0 -I/home/nathan/secure-exec-wasmgui/experiments/wasm-gui/third_party/wasm-prefix-threads/lib/glib-2.0/include -I/home/nathan/secure-exec-wasmgui/experiments/wasm-gui/third_party/wasm-prefix-threads/include -I/home/nathan/secure-exec-wasmgui/experiments/wasm-gui/third_party/wasm-prefix-threads/include/fribidi -I/home/nathan/secure-exec-wasmgui/experiments/wasm-gui/third_party/harfbuzz/build-wasm-threads -I/home/nathan/secure-exec-wasmgui/experiments/wasm-gui/third_party/harfbuzz -I/home/nathan/secure-exec-wasmgui/experiments/wasm-gui/third_party/harfbuzz/build-wasm-threads/src -I/home/nathan/secure-exec-wasmgui/experiments/wasm-gui/third_party/harfbuzz/src -I/home/nathan/secure-exec-wasmgui/experiments/wasm-gui/third_party/wasm-prefix-threads/include/freetype2 -I/home/nathan/secure-exec-wasmgui/experiments/wasm-gui/third_party/wasm-prefix-threads/include/cairo -I/home/nathan/secure-exec-wasmgui/experiments/wasm-gui/third_party/wasm-prefix-threads/include/pixman-1 -I/home/nathan/secure-exec-wasmgui/experiments/wasm-gui/third_party/wasm-prefix-threads/include/gdk-pixbuf-2.0 -I/home/nathan/secure-exec-wasmgui/experiments/wasm-gui/third_party/wasm-prefix-threads/include/gio-unix-2.0 -DPCRE2_STATIC -pthread -I/home/nathan/secure-exec-wasmgui/experiments/wasm-gui/third_party/wasm-prefix/include 
configure:16909: checking GDKX11_LIBS
configure:16912: result: -L/home/nathan/secure-exec-wasmgui/experiments/wasm-gui/third_party/wasm-prefix-threads/lib -lgdk-3 -L/home/nathan/secure-exec-wasmgui/experiments/wasm-gui/third_party/pango/build-wasm-threads/pango -lintl -L/home/nathan/secure-exec-wasmgui/experiments/wasm-gui/third_party/harfbuzz/build-wasm-threads/src -lm -lpangocairo-1.0 -lintl -lm -lpangoft2-1.0 -lpango-1.0 -lintl -lm -lintl -lm -lintl -lfribidi -lharfbuzz -lm -lXft -lgdk_pixbuf-2.0 -lintl -lgio-2.0 -lgmodule-2.0 -lintl -lcairo-gobject -lcairo -ldl -lpng16 -lz -lfontconfig -lexpat -lgobject-2.0 -lglib-2.0 -lintl -lpcre2-8 -lffi -lfreetype -lz -lXext -lXrender -lX11 -lpixman-1 -lm -pthread 
configure:16995: checking for wasm32-wasi-pkg-config
configure:17030: result: /usr/bin/pkg-config
configure:17103: checking pkg-config is at least version 0.9.0
configure:17106: result: yes
configure:17128: checking for xi >= 1.7.8
configure:17132: result: 1.8.2
configure:17135: checking XINPUT2_CFLAGS
configure:17138: result: -I/home/nathan/secure-exec-wasmgui/experiments/wasm-gui/third_party/wasm-prefix-threads/include 
configure:17141: checking XINPUT2_LIBS
configure:17144: result: -L/home/nathan/secure-exec-wasmgui/experiments/wasm-gui/third_party/wasm-prefix-threads/lib -lXi 
configure:17227: checking for wasm32-wasi-pkg-config
configure:17262: result: /usr/bin/pkg-config
configure:17335: checking pkg-config is at least version 0.9.0
configure:17338: result: yes
configure:17360: checking for xext >= 1.0.0
configure:17364: result: 1.3.7
configure:17367: checking LIBXEXT_CFLAGS
configure:17370: result: -I/home/nathan/secure-exec-wasmgui/experiments/wasm-gui/third_party/wasm-prefix-threads/include 
configure:17373: checking LIBXEXT_LIBS
configure:17376: result: -L/home/nathan/secure-exec-wasmgui/experiments/wasm-gui/third_party/wasm-prefix-threads/lib -lXext 
configure:17459: checking for wasm32-wasi-pkg-config
configure:17494: result: /usr/bin/pkg-config
configure:17567: checking pkg-config is at least version 0.9.0
configure:17570: result: yes
configure:17592: checking for xfixes >= 4.0.0
configure:17596: result: 6.0.1
configure:17599: checking XFIXES_CFLAGS
configure:17602: result: -I/home/nathan/secure-exec-wasmgui/experiments/wasm-gui/third_party/wasm-prefix-threads/include 
configure:17605: checking XFIXES_LIBS
configure:17608: result: -L/home/nathan/secure-exec-wasmgui/experiments/wasm-gui/third_party/wasm-prefix-threads/lib -lXfixes 
configure:17667: checking if the X11 windowing system is enabled
configure:17669: result: yes
configure:19121: checking if the Wayland windowing system is enabled
configure:19123: result: dependencies missing: gdk-wayland-3.0 >= 3.24.0, wayland-scanner >= 1.15.0, wayland-client >= 1.15.0
configure:19188: checking for wasm32-wasi-pkg-config
configure:19223: result: /usr/bin/pkg-config
configure:19296: checking pkg-config is at least version 0.9.0
configure:19299: result: yes
configure:19321: checking for xtst >= libxtst_min_version
configure:19325: result: 1.2.5
configure:19328: checking LIBXTST_CFLAGS
configure:19331: result: -I/home/nathan/secure-exec-wasmgui/experiments/wasm-gui/third_party/wasm-prefix-threads/include 
configure:19334: checking LIBXTST_LIBS
configure:19337: result: -L/home/nathan/secure-exec-wasmgui/experiments/wasm-gui/third_party/wasm-prefix-threads/lib -lXtst 
configure:19434: checking whether NLS is requested
configure:19444: result: no
configure:19484: checking for msgfmt
configure: trying /home/linuxbrew/.linuxbrew/bin/msgfmt...
/home/linuxbrew/.linuxbrew/bin/msgfmt: error while loading shared libraries: libxml2.so.2: cannot open shared object file: No such file or directory
configure: trying /home/linuxbrew/.linuxbrew/bin/msgfmt...
/home/linuxbrew/.linuxbrew/bin/msgfmt: error while loading shared libraries: libxml2.so.2: cannot open shared object file: No such file or directory
configure:19520: result: no
configure:19526: checking for gmsgfmt
configure:19562: result: :
configure:19612: checking for xgettext
configure: trying /home/linuxbrew/.linuxbrew/bin/xgettext...
/home/linuxbrew/.linuxbrew/bin/xgettext: error while loading shared libraries: libxml2.so.2: cannot open shared object file: No such file or directory
configure: trying /home/linuxbrew/.linuxbrew/bin/xgettext...
/home/linuxbrew/.linuxbrew/bin/xgettext: error while loading shared libraries: libxml2.so.2: cannot open shared object file: No such file or directory
configure:19648: result: no
configure:19690: checking for msgmerge
configure: trying /home/linuxbrew/.linuxbrew/bin/msgmerge...
/home/linuxbrew/.linuxbrew/bin/msgmerge: error while loading shared libraries: libxml2.so.2: cannot open shared object file: No such file or directory
configure: trying /home/linuxbrew/.linuxbrew/bin/msgmerge...
/home/linuxbrew/.linuxbrew/bin/msgmerge: error while loading shared libraries: libxml2.so.2: cannot open shared object file: No such file or directory
configure:19725: result: no
configure:19781: checking for ld used by /home/nathan/secure-exec-wasmgui/experiments/wasm-gui/toolchain/clang-wasi-wrap.sh
configure:19849: result: /home/linuxbrew/.linuxbrew/bin/ld
configure:19856: checking if the linker (/home/linuxbrew/.linuxbrew/bin/ld) is GNU ld
configure:19872: result: yes
configure:19880: checking for shared library run path origin
configure:19894: result: done
configure:19919: checking how to run the C preprocessor
configure:19945: /home/nathan/secure-exec-wasmgui/experiments/wasm-gui/toolchain/clang-wasi-wrap.sh -E --target=wasm32-wasip1-threads --sysroot=/home/nathan/secure-exec/registry/native/c/vendor/wasi-sdk/share/wasi-sysroot -I/home/nathan/secure-exec-wasmgui/experiments/wasm-gui/third_party/wasm-prefix-threads/include -I/home/nathan/secure-exec-wasmgui/experiments/wasm-gui/toolchain/compat-include -include /home/nathan/secure-exec-wasmgui/experiments/wasm-gui/toolchain/wasi-compat.h conftest.c
configure:19945: $? = 0
configure:19960: /home/nathan/secure-exec-wasmgui/experiments/wasm-gui/toolchain/clang-wasi-wrap.sh -E --target=wasm32-wasip1-threads --sysroot=/home/nathan/secure-exec/registry/native/c/vendor/wasi-sdk/share/wasi-sysroot -I/home/nathan/secure-exec-wasmgui/experiments/wasm-gui/third_party/wasm-prefix-threads/include -I/home/nathan/secure-exec-wasmgui/experiments/wasm-gui/toolchain/compat-include -include /home/nathan/secure-exec-wasmgui/experiments/wasm-gui/toolchain/wasi-compat.h conftest.c
conftest.c:34:10: fatal error: 'ac_nonexistent.h' file not found
   34 | #include <ac_nonexistent.h>
      |          ^~~~~~~~~~~~~~~~~~
1 error generated.
configure:19960: $? = 1
configure: failed program was:
| /* confdefs.h */
| #define PACKAGE_NAME "xfce4-screenshooter"
| #define PACKAGE_TARNAME "xfce4-screenshooter"
| #define PACKAGE_VERSION "1.11.1"
| #define PACKAGE_STRING "xfce4-screenshooter 1.11.1"
| #define PACKAGE_BUGREPORT "https://gitlab.xfce.org/apps/xfce4-screenshooter"
| #define PACKAGE_URL ""
| #define PACKAGE "xfce4-screenshooter"
| #define VERSION "1.11.1"
| #define HAVE_STDIO_H 1
| #define HAVE_STDLIB_H 1
| #define HAVE_STRING_H 1
| #define HAVE_INTTYPES_H 1
| #define HAVE_STDINT_H 1
| #define HAVE_STRINGS_H 1
| #define HAVE_SYS_STAT_H 1
| #define HAVE_SYS_TYPES_H 1
| #define HAVE_UNISTD_H 1
| #define STDC_HEADERS 1
| #define HAVE_DLFCN_H 1
| #define LT_OBJDIR ".libs/"
| #define G_LOG_USE_STRUCTURED 1
| #define GLIB_VERSION_MAX_ALLOWED GLIB_VERSION_2_66
| #define GLIB_VERSION_MIN_REQUIRED GLIB_VERSION_2_66
| #define HAVE_LIBX11 1
| #define HAVE_GDKX11 1
| #define HAVE_XINPUT2 1
| #define HAVE_LIBXEXT 1
| #define HAVE_XFIXES 1
| #define ENABLE_X11 1
| #define HAVE_LIBXTST 1
| #define GETTEXT_PACKAGE "xfce4-screenshooter"
| /* end confdefs.h.  */
| #include <ac_nonexistent.h>
configure:19987: result: /home/nathan/secure-exec-wasmgui/experiments/wasm-gui/toolchain/clang-wasi-wrap.sh -E
configure:20001: /home/nathan/secure-exec-wasmgui/experiments/wasm-gui/toolchain/clang-wasi-wrap.sh -E --target=wasm32-wasip1-threads --sysroot=/home/nathan/secure-exec/registry/native/c/vendor/wasi-sdk/share/wasi-sysroot -I/home/nathan/secure-exec-wasmgui/experiments/wasm-gui/third_party/wasm-prefix-threads/include -I/home/nathan/secure-exec-wasmgui/experiments/wasm-gui/toolchain/compat-include -include /home/nathan/secure-exec-wasmgui/experiments/wasm-gui/toolchain/wasi-compat.h conftest.c
configure:20001: $? = 0
configure:20016: /home/nathan/secure-exec-wasmgui/experiments/wasm-gui/toolchain/clang-wasi-wrap.sh -E --target=wasm32-wasip1-threads --sysroot=/home/nathan/secure-exec/registry/native/c/vendor/wasi-sdk/share/wasi-sysroot -I/home/nathan/secure-exec-wasmgui/experiments/wasm-gui/third_party/wasm-prefix-threads/include -I/home/nathan/secure-exec-wasmgui/experiments/wasm-gui/toolchain/compat-include -include /home/nathan/secure-exec-wasmgui/experiments/wasm-gui/toolchain/wasi-compat.h conftest.c
conftest.c:34:10: fatal error: 'ac_nonexistent.h' file not found
   34 | #include <ac_nonexistent.h>
      |          ^~~~~~~~~~~~~~~~~~
1 error generated.
configure:20016: $? = 1
configure: failed program was:
| /* confdefs.h */
| #define PACKAGE_NAME "xfce4-screenshooter"
| #define PACKAGE_TARNAME "xfce4-screenshooter"
| #define PACKAGE_VERSION "1.11.1"
| #define PACKAGE_STRING "xfce4-screenshooter 1.11.1"
| #define PACKAGE_BUGREPORT "https://gitlab.xfce.org/apps/xfce4-screenshooter"
| #define PACKAGE_URL ""
| #define PACKAGE "xfce4-screenshooter"
| #define VERSION "1.11.1"
| #define HAVE_STDIO_H 1
| #define HAVE_STDLIB_H 1
| #define HAVE_STRING_H 1
| #define HAVE_INTTYPES_H 1
| #define HAVE_STDINT_H 1
| #define HAVE_STRINGS_H 1
| #define HAVE_SYS_STAT_H 1
| #define HAVE_SYS_TYPES_H 1
| #define HAVE_UNISTD_H 1
| #define STDC_HEADERS 1
| #define HAVE_DLFCN_H 1
| #define LT_OBJDIR ".libs/"
| #define G_LOG_USE_STRUCTURED 1
| #define GLIB_VERSION_MAX_ALLOWED GLIB_VERSION_2_66
| #define GLIB_VERSION_MIN_REQUIRED GLIB_VERSION_2_66
| #define HAVE_LIBX11 1
| #define HAVE_GDKX11 1
| #define HAVE_XINPUT2 1
| #define HAVE_LIBXEXT 1
| #define HAVE_XFIXES 1
| #define ENABLE_X11 1
| #define HAVE_LIBXTST 1
| #define GETTEXT_PACKAGE "xfce4-screenshooter"
| /* end confdefs.h.  */
| #include <ac_nonexistent.h>
configure:20603: checking for CFPreferencesCopyAppValue
configure:20622: /home/nathan/secure-exec-wasmgui/experiments/wasm-gui/toolchain/clang-wasi-wrap.sh -o conftest --target=wasm32-wasip1-threads --sysroot=/home/nathan/secure-exec/registry/native/c/vendor/wasi-sdk/share/wasi-sysroot -O2 -pthread -matomics -mbulk-memory -DSECURE_EXEC_WASM_THREADS -D_WASI_EMULATED_SIGNAL -D_WASI_EMULATED_MMAN -D_WASI_EMULATED_PROCESS_CLOCKS -D_GNU_SOURCE -mllvm -wasm-enable-sjlj -Wno-error=implicit-function-declaration -Wno-error=int-conversion -Wno-int-conversion -I/home/nathan/secure-exec-wasmgui/experiments/wasm-gui/toolchain/compat-include -include /home/nathan/secure-exec-wasmgui/experiments/wasm-gui/toolchain/wasi-compat.h --target=wasm32-wasip1-threads --sysroot=/home/nathan/secure-exec/registry/native/c/vendor/wasi-sdk/share/wasi-sysroot -I/home/nathan/secure-exec-wasmgui/experiments/wasm-gui/third_party/wasm-prefix-threads/include -I/home/nathan/secure-exec-wasmgui/experiments/wasm-gui/toolchain/compat-include -include /home/nathan/secure-exec-wasmgui/experiments/wasm-gui/toolchain/wasi-compat.h --target=wasm32-wasip1-threads --sysroot=/home/nathan/secure-exec/registry/native/c/vendor/wasi-sdk/share/wasi-sysroot -Wl,--shared-memory -Wl,--import-memory -Wl,--export-memory -Wl,--max-memory=536870912 -Wl,--export=wasi_thread_start -Wl,--no-check-features -lwasi-emulated-signal -L/home/nathan/secure-exec-wasmgui/experiments/wasm-gui/third_party/wasm-prefix-threads/lib -L/home/nathan/secure-exec/registry/native/c/vendor/wasi-sdk/share/wasi-sysroot/lib/wasm32-wasip1-threads -lwasi-emulated-mman -lwasi-emulated-process-clocks conftest.c  -Wl,-framework -Wl,CoreFoundation >&5
conftest.c:34:10: fatal error: 'CoreFoundation/CFPreferences.h' file not found
   34 | #include <CoreFoundation/CFPreferences.h>
      |          ^~~~~~~~~~~~~~~~~~~~~~~~~~~~~~~~
1 error generated.
configure:20622: $? = 1
configure: failed program was:
| /* confdefs.h */
| #define PACKAGE_NAME "xfce4-screenshooter"
| #define PACKAGE_TARNAME "xfce4-screenshooter"
| #define PACKAGE_VERSION "1.11.1"
| #define PACKAGE_STRING "xfce4-screenshooter 1.11.1"
| #define PACKAGE_BUGREPORT "https://gitlab.xfce.org/apps/xfce4-screenshooter"
| #define PACKAGE_URL ""
| #define PACKAGE "xfce4-screenshooter"
| #define VERSION "1.11.1"
| #define HAVE_STDIO_H 1
| #define HAVE_STDLIB_H 1
| #define HAVE_STRING_H 1
| #define HAVE_INTTYPES_H 1
| #define HAVE_STDINT_H 1
| #define HAVE_STRINGS_H 1
| #define HAVE_SYS_STAT_H 1
| #define HAVE_SYS_TYPES_H 1
| #define HAVE_UNISTD_H 1
| #define STDC_HEADERS 1
| #define HAVE_DLFCN_H 1
| #define LT_OBJDIR ".libs/"
| #define G_LOG_USE_STRUCTURED 1
| #define GLIB_VERSION_MAX_ALLOWED GLIB_VERSION_2_66
| #define GLIB_VERSION_MIN_REQUIRED GLIB_VERSION_2_66
| #define HAVE_LIBX11 1
| #define HAVE_GDKX11 1
| #define HAVE_XINPUT2 1
| #define HAVE_LIBXEXT 1
| #define HAVE_XFIXES 1
| #define ENABLE_X11 1
| #define HAVE_LIBXTST 1
| #define GETTEXT_PACKAGE "xfce4-screenshooter"
| /* end confdefs.h.  */
| #include <CoreFoundation/CFPreferences.h>
| int
| main (void)
| {
| CFPreferencesCopyAppValue(NULL, NULL)
|   ;
|   return 0;
| }
configure:20632: result: no
configure:20639: checking for CFLocaleCopyCurrent
configure:20658: /home/nathan/secure-exec-wasmgui/experiments/wasm-gui/toolchain/clang-wasi-wrap.sh -o conftest --target=wasm32-wasip1-threads --sysroot=/home/nathan/secure-exec/registry/native/c/vendor/wasi-sdk/share/wasi-sysroot -O2 -pthread -matomics -mbulk-memory -DSECURE_EXEC_WASM_THREADS -D_WASI_EMULATED_SIGNAL -D_WASI_EMULATED_MMAN -D_WASI_EMULATED_PROCESS_CLOCKS -D_GNU_SOURCE -mllvm -wasm-enable-sjlj -Wno-error=implicit-function-declaration -Wno-error=int-conversion -Wno-int-conversion -I/home/nathan/secure-exec-wasmgui/experiments/wasm-gui/toolchain/compat-include -include /home/nathan/secure-exec-wasmgui/experiments/wasm-gui/toolchain/wasi-compat.h --target=wasm32-wasip1-threads --sysroot=/home/nathan/secure-exec/registry/native/c/vendor/wasi-sdk/share/wasi-sysroot -I/home/nathan/secure-exec-wasmgui/experiments/wasm-gui/third_party/wasm-prefix-threads/include -I/home/nathan/secure-exec-wasmgui/experiments/wasm-gui/toolchain/compat-include -include /home/nathan/secure-exec-wasmgui/experiments/wasm-gui/toolchain/wasi-compat.h --target=wasm32-wasip1-threads --sysroot=/home/nathan/secure-exec/registry/native/c/vendor/wasi-sdk/share/wasi-sysroot -Wl,--shared-memory -Wl,--import-memory -Wl,--export-memory -Wl,--max-memory=536870912 -Wl,--export=wasi_thread_start -Wl,--no-check-features -lwasi-emulated-signal -L/home/nathan/secure-exec-wasmgui/experiments/wasm-gui/third_party/wasm-prefix-threads/lib -L/home/nathan/secure-exec/registry/native/c/vendor/wasi-sdk/share/wasi-sysroot/lib/wasm32-wasip1-threads -lwasi-emulated-mman -lwasi-emulated-process-clocks conftest.c  -Wl,-framework -Wl,CoreFoundation >&5
conftest.c:34:10: fatal error: 'CoreFoundation/CFLocale.h' file not found
   34 | #include <CoreFoundation/CFLocale.h>
      |          ^~~~~~~~~~~~~~~~~~~~~~~~~~~
1 error generated.
configure:20658: $? = 1
configure: failed program was:
| /* confdefs.h */
| #define PACKAGE_NAME "xfce4-screenshooter"
| #define PACKAGE_TARNAME "xfce4-screenshooter"
| #define PACKAGE_VERSION "1.11.1"
| #define PACKAGE_STRING "xfce4-screenshooter 1.11.1"
| #define PACKAGE_BUGREPORT "https://gitlab.xfce.org/apps/xfce4-screenshooter"
| #define PACKAGE_URL ""
| #define PACKAGE "xfce4-screenshooter"
| #define VERSION "1.11.1"
| #define HAVE_STDIO_H 1
| #define HAVE_STDLIB_H 1
| #define HAVE_STRING_H 1
| #define HAVE_INTTYPES_H 1
| #define HAVE_STDINT_H 1
| #define HAVE_STRINGS_H 1
| #define HAVE_SYS_STAT_H 1
| #define HAVE_SYS_TYPES_H 1
| #define HAVE_UNISTD_H 1
| #define STDC_HEADERS 1
| #define HAVE_DLFCN_H 1
| #define LT_OBJDIR ".libs/"
| #define G_LOG_USE_STRUCTURED 1
| #define GLIB_VERSION_MAX_ALLOWED GLIB_VERSION_2_66
| #define GLIB_VERSION_MIN_REQUIRED GLIB_VERSION_2_66
| #define HAVE_LIBX11 1
| #define HAVE_GDKX11 1
| #define HAVE_XINPUT2 1
| #define HAVE_LIBXEXT 1
| #define HAVE_XFIXES 1
| #define ENABLE_X11 1
| #define HAVE_LIBXTST 1
| #define GETTEXT_PACKAGE "xfce4-screenshooter"
| /* end confdefs.h.  */
| #include <CoreFoundation/CFLocale.h>
| int
| main (void)
| {
| CFLocaleCopyCurrent();
|   ;
|   return 0;
| }
configure:20668: result: no
configure:21614: checking whether to use NLS
configure:21616: result: no
configure:21693: checking for help2man
configure:21728: result: no
configure:21775: checking whether to build with debugging support
configure:21813: result: no
configure:21828: checking if /home/nathan/secure-exec-wasmgui/experiments/wasm-gui/toolchain/clang-wasi-wrap.sh supports -Wall
configure:21836: /home/nathan/secure-exec-wasmgui/experiments/wasm-gui/toolchain/clang-wasi-wrap.sh -c --target=wasm32-wasip1-threads --sysroot=/home/nathan/secure-exec/registry/native/c/vendor/wasi-sdk/share/wasi-sysroot -O2 -pthread -matomics -mbulk-memory -DSECURE_EXEC_WASM_THREADS -D_WASI_EMULATED_SIGNAL -D_WASI_EMULATED_MMAN -D_WASI_EMULATED_PROCESS_CLOCKS -D_GNU_SOURCE -mllvm -wasm-enable-sjlj -Wno-error=implicit-function-declaration -Wno-error=int-conversion -Wno-int-conversion -I/home/nathan/secure-exec-wasmgui/experiments/wasm-gui/toolchain/compat-include -include /home/nathan/secure-exec-wasmgui/experiments/wasm-gui/toolchain/wasi-compat.h -Wall --target=wasm32-wasip1-threads --sysroot=/home/nathan/secure-exec/registry/native/c/vendor/wasi-sdk/share/wasi-sysroot -I/home/nathan/secure-exec-wasmgui/experiments/wasm-gui/third_party/wasm-prefix-threads/include -I/home/nathan/secure-exec-wasmgui/experiments/wasm-gui/toolchain/compat-include -include /home/nathan/secure-exec-wasmgui/experiments/wasm-gui/toolchain/wasi-compat.h -DNDEBUG -DG_DISABLE_CAST_CHECKS -DG_DISABLE_ASSERT conftest.c >&5
configure:21836: $? = 0
configure:21844: result: yes
configure:21828: checking if /home/nathan/secure-exec-wasmgui/experiments/wasm-gui/toolchain/clang-wasi-wrap.sh supports -Wextra
configure:21836: /home/nathan/secure-exec-wasmgui/experiments/wasm-gui/toolchain/clang-wasi-wrap.sh -c --target=wasm32-wasip1-threads --sysroot=/home/nathan/secure-exec/registry/native/c/vendor/wasi-sdk/share/wasi-sysroot -O2 -pthread -matomics -mbulk-memory -DSECURE_EXEC_WASM_THREADS -D_WASI_EMULATED_SIGNAL -D_WASI_EMULATED_MMAN -D_WASI_EMULATED_PROCESS_CLOCKS -D_GNU_SOURCE -mllvm -wasm-enable-sjlj -Wno-error=implicit-function-declaration -Wno-error=int-conversion -Wno-int-conversion -I/home/nathan/secure-exec-wasmgui/experiments/wasm-gui/toolchain/compat-include -include /home/nathan/secure-exec-wasmgui/experiments/wasm-gui/toolchain/wasi-compat.h -Wextra --target=wasm32-wasip1-threads --sysroot=/home/nathan/secure-exec/registry/native/c/vendor/wasi-sdk/share/wasi-sysroot -I/home/nathan/secure-exec-wasmgui/experiments/wasm-gui/third_party/wasm-prefix-threads/include -I/home/nathan/secure-exec-wasmgui/experiments/wasm-gui/toolchain/compat-include -include /home/nathan/secure-exec-wasmgui/experiments/wasm-gui/toolchain/wasi-compat.h -DNDEBUG -DG_DISABLE_CAST_CHECKS -DG_DISABLE_ASSERT conftest.c >&5
configure:21836: $? = 0
configure:21844: result: yes
configure:21828: checking if /home/nathan/secure-exec-wasmgui/experiments/wasm-gui/toolchain/clang-wasi-wrap.sh supports -Wno-missing-field-initializers
configure:21836: /home/nathan/secure-exec-wasmgui/experiments/wasm-gui/toolchain/clang-wasi-wrap.sh -c --target=wasm32-wasip1-threads --sysroot=/home/nathan/secure-exec/registry/native/c/vendor/wasi-sdk/share/wasi-sysroot -O2 -pthread -matomics -mbulk-memory -DSECURE_EXEC_WASM_THREADS -D_WASI_EMULATED_SIGNAL -D_WASI_EMULATED_MMAN -D_WASI_EMULATED_PROCESS_CLOCKS -D_GNU_SOURCE -mllvm -wasm-enable-sjlj -Wno-error=implicit-function-declaration -Wno-error=int-conversion -Wno-int-conversion -I/home/nathan/secure-exec-wasmgui/experiments/wasm-gui/toolchain/compat-include -include /home/nathan/secure-exec-wasmgui/experiments/wasm-gui/toolchain/wasi-compat.h -Wno-missing-field-initializers --target=wasm32-wasip1-threads --sysroot=/home/nathan/secure-exec/registry/native/c/vendor/wasi-sdk/share/wasi-sysroot -I/home/nathan/secure-exec-wasmgui/experiments/wasm-gui/third_party/wasm-prefix-threads/include -I/home/nathan/secure-exec-wasmgui/experiments/wasm-gui/toolchain/compat-include -include /home/nathan/secure-exec-wasmgui/experiments/wasm-gui/toolchain/wasi-compat.h -DNDEBUG -DG_DISABLE_CAST_CHECKS -DG_DISABLE_ASSERT conftest.c >&5
configure:21836: $? = 0
configure:21844: result: yes
configure:21828: checking if /home/nathan/secure-exec-wasmgui/experiments/wasm-gui/toolchain/clang-wasi-wrap.sh supports -Wno-unused-parameter
configure:21836: /home/nathan/secure-exec-wasmgui/experiments/wasm-gui/toolchain/clang-wasi-wrap.sh -c --target=wasm32-wasip1-threads --sysroot=/home/nathan/secure-exec/registry/native/c/vendor/wasi-sdk/share/wasi-sysroot -O2 -pthread -matomics -mbulk-memory -DSECURE_EXEC_WASM_THREADS -D_WASI_EMULATED_SIGNAL -D_WASI_EMULATED_MMAN -D_WASI_EMULATED_PROCESS_CLOCKS -D_GNU_SOURCE -mllvm -wasm-enable-sjlj -Wno-error=implicit-function-declaration -Wno-error=int-conversion -Wno-int-conversion -I/home/nathan/secure-exec-wasmgui/experiments/wasm-gui/toolchain/compat-include -include /home/nathan/secure-exec-wasmgui/experiments/wasm-gui/toolchain/wasi-compat.h -Wno-unused-parameter --target=wasm32-wasip1-threads --sysroot=/home/nathan/secure-exec/registry/native/c/vendor/wasi-sdk/share/wasi-sysroot -I/home/nathan/secure-exec-wasmgui/experiments/wasm-gui/third_party/wasm-prefix-threads/include -I/home/nathan/secure-exec-wasmgui/experiments/wasm-gui/toolchain/compat-include -include /home/nathan/secure-exec-wasmgui/experiments/wasm-gui/toolchain/wasi-compat.h -DNDEBUG -DG_DISABLE_CAST_CHECKS -DG_DISABLE_ASSERT conftest.c >&5
configure:21836: $? = 0
configure:21844: result: yes
configure:21828: checking if /home/nathan/secure-exec-wasmgui/experiments/wasm-gui/toolchain/clang-wasi-wrap.sh supports -Wmissing-declarations
configure:21836: /home/nathan/secure-exec-wasmgui/experiments/wasm-gui/toolchain/clang-wasi-wrap.sh -c --target=wasm32-wasip1-threads --sysroot=/home/nathan/secure-exec/registry/native/c/vendor/wasi-sdk/share/wasi-sysroot -O2 -pthread -matomics -mbulk-memory -DSECURE_EXEC_WASM_THREADS -D_WASI_EMULATED_SIGNAL -D_WASI_EMULATED_MMAN -D_WASI_EMULATED_PROCESS_CLOCKS -D_GNU_SOURCE -mllvm -wasm-enable-sjlj -Wno-error=implicit-function-declaration -Wno-error=int-conversion -Wno-int-conversion -I/home/nathan/secure-exec-wasmgui/experiments/wasm-gui/toolchain/compat-include -include /home/nathan/secure-exec-wasmgui/experiments/wasm-gui/toolchain/wasi-compat.h -Wmissing-declarations --target=wasm32-wasip1-threads --sysroot=/home/nathan/secure-exec/registry/native/c/vendor/wasi-sdk/share/wasi-sysroot -I/home/nathan/secure-exec-wasmgui/experiments/wasm-gui/third_party/wasm-prefix-threads/include -I/home/nathan/secure-exec-wasmgui/experiments/wasm-gui/toolchain/compat-include -include /home/nathan/secure-exec-wasmgui/experiments/wasm-gui/toolchain/wasi-compat.h -DNDEBUG -DG_DISABLE_CAST_CHECKS -DG_DISABLE_ASSERT conftest.c >&5
configure:21836: $? = 0
configure:21844: result: yes
configure:21828: checking if /home/nathan/secure-exec-wasmgui/experiments/wasm-gui/toolchain/clang-wasi-wrap.sh supports -Wmissing-noreturn
configure:21836: /home/nathan/secure-exec-wasmgui/experiments/wasm-gui/toolchain/clang-wasi-wrap.sh -c --target=wasm32-wasip1-threads --sysroot=/home/nathan/secure-exec/registry/native/c/vendor/wasi-sdk/share/wasi-sysroot -O2 -pthread -matomics -mbulk-memory -DSECURE_EXEC_WASM_THREADS -D_WASI_EMULATED_SIGNAL -D_WASI_EMULATED_MMAN -D_WASI_EMULATED_PROCESS_CLOCKS -D_GNU_SOURCE -mllvm -wasm-enable-sjlj -Wno-error=implicit-function-declaration -Wno-error=int-conversion -Wno-int-conversion -I/home/nathan/secure-exec-wasmgui/experiments/wasm-gui/toolchain/compat-include -include /home/nathan/secure-exec-wasmgui/experiments/wasm-gui/toolchain/wasi-compat.h -Wmissing-noreturn --target=wasm32-wasip1-threads --sysroot=/home/nathan/secure-exec/registry/native/c/vendor/wasi-sdk/share/wasi-sysroot -I/home/nathan/secure-exec-wasmgui/experiments/wasm-gui/third_party/wasm-prefix-threads/include -I/home/nathan/secure-exec-wasmgui/experiments/wasm-gui/toolchain/compat-include -include /home/nathan/secure-exec-wasmgui/experiments/wasm-gui/toolchain/wasi-compat.h -DNDEBUG -DG_DISABLE_CAST_CHECKS -DG_DISABLE_ASSERT conftest.c >&5
configure:21836: $? = 0
configure:21844: result: yes
configure:21828: checking if /home/nathan/secure-exec-wasmgui/experiments/wasm-gui/toolchain/clang-wasi-wrap.sh supports -Wpointer-arith
configure:21836: /home/nathan/secure-exec-wasmgui/experiments/wasm-gui/toolchain/clang-wasi-wrap.sh -c --target=wasm32-wasip1-threads --sysroot=/home/nathan/secure-exec/registry/native/c/vendor/wasi-sdk/share/wasi-sysroot -O2 -pthread -matomics -mbulk-memory -DSECURE_EXEC_WASM_THREADS -D_WASI_EMULATED_SIGNAL -D_WASI_EMULATED_MMAN -D_WASI_EMULATED_PROCESS_CLOCKS -D_GNU_SOURCE -mllvm -wasm-enable-sjlj -Wno-error=implicit-function-declaration -Wno-error=int-conversion -Wno-int-conversion -I/home/nathan/secure-exec-wasmgui/experiments/wasm-gui/toolchain/compat-include -include /home/nathan/secure-exec-wasmgui/experiments/wasm-gui/toolchain/wasi-compat.h -Wpointer-arith --target=wasm32-wasip1-threads --sysroot=/home/nathan/secure-exec/registry/native/c/vendor/wasi-sdk/share/wasi-sysroot -I/home/nathan/secure-exec-wasmgui/experiments/wasm-gui/third_party/wasm-prefix-threads/include -I/home/nathan/secure-exec-wasmgui/experiments/wasm-gui/toolchain/compat-include -include /home/nathan/secure-exec-wasmgui/experiments/wasm-gui/toolchain/wasi-compat.h -DNDEBUG -DG_DISABLE_CAST_CHECKS -DG_DISABLE_ASSERT conftest.c >&5
configure:21836: $? = 0
configure:21844: result: yes
configure:21828: checking if /home/nathan/secure-exec-wasmgui/experiments/wasm-gui/toolchain/clang-wasi-wrap.sh supports -Wcast-align
configure:21836: /home/nathan/secure-exec-wasmgui/experiments/wasm-gui/toolchain/clang-wasi-wrap.sh -c --target=wasm32-wasip1-threads --sysroot=/home/nathan/secure-exec/registry/native/c/vendor/wasi-sdk/share/wasi-sysroot -O2 -pthread -matomics -mbulk-memory -DSECURE_EXEC_WASM_THREADS -D_WASI_EMULATED_SIGNAL -D_WASI_EMULATED_MMAN -D_WASI_EMULATED_PROCESS_CLOCKS -D_GNU_SOURCE -mllvm -wasm-enable-sjlj -Wno-error=implicit-function-declaration -Wno-error=int-conversion -Wno-int-conversion -I/home/nathan/secure-exec-wasmgui/experiments/wasm-gui/toolchain/compat-include -include /home/nathan/secure-exec-wasmgui/experiments/wasm-gui/toolchain/wasi-compat.h -Wcast-align --target=wasm32-wasip1-threads --sysroot=/home/nathan/secure-exec/registry/native/c/vendor/wasi-sdk/share/wasi-sysroot -I/home/nathan/secure-exec-wasmgui/experiments/wasm-gui/third_party/wasm-prefix-threads/include -I/home/nathan/secure-exec-wasmgui/experiments/wasm-gui/toolchain/compat-include -include /home/nathan/secure-exec-wasmgui/experiments/wasm-gui/toolchain/wasi-compat.h -DNDEBUG -DG_DISABLE_CAST_CHECKS -DG_DISABLE_ASSERT conftest.c >&5
configure:21836: $? = 0
configure:21844: result: yes
configure:21828: checking if /home/nathan/secure-exec-wasmgui/experiments/wasm-gui/toolchain/clang-wasi-wrap.sh supports -Wformat
configure:21836: /home/nathan/secure-exec-wasmgui/experiments/wasm-gui/toolchain/clang-wasi-wrap.sh -c --target=wasm32-wasip1-threads --sysroot=/home/nathan/secure-exec/registry/native/c/vendor/wasi-sdk/share/wasi-sysroot -O2 -pthread -matomics -mbulk-memory -DSECURE_EXEC_WASM_THREADS -D_WASI_EMULATED_SIGNAL -D_WASI_EMULATED_MMAN -D_WASI_EMULATED_PROCESS_CLOCKS -D_GNU_SOURCE -mllvm -wasm-enable-sjlj -Wno-error=implicit-function-declaration -Wno-error=int-conversion -Wno-int-conversion -I/home/nathan/secure-exec-wasmgui/experiments/wasm-gui/toolchain/compat-include -include /home/nathan/secure-exec-wasmgui/experiments/wasm-gui/toolchain/wasi-compat.h -Wformat --target=wasm32-wasip1-threads --sysroot=/home/nathan/secure-exec/registry/native/c/vendor/wasi-sdk/share/wasi-sysroot -I/home/nathan/secure-exec-wasmgui/experiments/wasm-gui/third_party/wasm-prefix-threads/include -I/home/nathan/secure-exec-wasmgui/experiments/wasm-gui/toolchain/compat-include -include /home/nathan/secure-exec-wasmgui/experiments/wasm-gui/toolchain/wasi-compat.h -DNDEBUG -DG_DISABLE_CAST_CHECKS -DG_DISABLE_ASSERT conftest.c >&5
configure:21836: $? = 0
configure:21844: result: yes
configure:21828: checking if /home/nathan/secure-exec-wasmgui/experiments/wasm-gui/toolchain/clang-wasi-wrap.sh supports -Wformat-security
configure:21836: /home/nathan/secure-exec-wasmgui/experiments/wasm-gui/toolchain/clang-wasi-wrap.sh -c --target=wasm32-wasip1-threads --sysroot=/home/nathan/secure-exec/registry/native/c/vendor/wasi-sdk/share/wasi-sysroot -O2 -pthread -matomics -mbulk-memory -DSECURE_EXEC_WASM_THREADS -D_WASI_EMULATED_SIGNAL -D_WASI_EMULATED_MMAN -D_WASI_EMULATED_PROCESS_CLOCKS -D_GNU_SOURCE -mllvm -wasm-enable-sjlj -Wno-error=implicit-function-declaration -Wno-error=int-conversion -Wno-int-conversion -I/home/nathan/secure-exec-wasmgui/experiments/wasm-gui/toolchain/compat-include -include /home/nathan/secure-exec-wasmgui/experiments/wasm-gui/toolchain/wasi-compat.h -Wformat-security --target=wasm32-wasip1-threads --sysroot=/home/nathan/secure-exec/registry/native/c/vendor/wasi-sdk/share/wasi-sysroot -I/home/nathan/secure-exec-wasmgui/experiments/wasm-gui/third_party/wasm-prefix-threads/include -I/home/nathan/secure-exec-wasmgui/experiments/wasm-gui/toolchain/compat-include -include /home/nathan/secure-exec-wasmgui/experiments/wasm-gui/toolchain/wasi-compat.h -DNDEBUG -DG_DISABLE_CAST_CHECKS -DG_DISABLE_ASSERT conftest.c >&5
configure:21836: $? = 0
configure:21844: result: yes
configure:21828: checking if /home/nathan/secure-exec-wasmgui/experiments/wasm-gui/toolchain/clang-wasi-wrap.sh supports -Wformat-y2k
configure:21836: /home/nathan/secure-exec-wasmgui/experiments/wasm-gui/toolchain/clang-wasi-wrap.sh -c --target=wasm32-wasip1-threads --sysroot=/home/nathan/secure-exec/registry/native/c/vendor/wasi-sdk/share/wasi-sysroot -O2 -pthread -matomics -mbulk-memory -DSECURE_EXEC_WASM_THREADS -D_WASI_EMULATED_SIGNAL -D_WASI_EMULATED_MMAN -D_WASI_EMULATED_PROCESS_CLOCKS -D_GNU_SOURCE -mllvm -wasm-enable-sjlj -Wno-error=implicit-function-declaration -Wno-error=int-conversion -Wno-int-conversion -I/home/nathan/secure-exec-wasmgui/experiments/wasm-gui/toolchain/compat-include -include /home/nathan/secure-exec-wasmgui/experiments/wasm-gui/toolchain/wasi-compat.h -Wformat-y2k --target=wasm32-wasip1-threads --sysroot=/home/nathan/secure-exec/registry/native/c/vendor/wasi-sdk/share/wasi-sysroot -I/home/nathan/secure-exec-wasmgui/experiments/wasm-gui/third_party/wasm-prefix-threads/include -I/home/nathan/secure-exec-wasmgui/experiments/wasm-gui/toolchain/compat-include -include /home/nathan/secure-exec-wasmgui/experiments/wasm-gui/toolchain/wasi-compat.h -DNDEBUG -DG_DISABLE_CAST_CHECKS -DG_DISABLE_ASSERT conftest.c >&5
configure:21836: $? = 0
configure:21844: result: yes
configure:21828: checking if /home/nathan/secure-exec-wasmgui/experiments/wasm-gui/toolchain/clang-wasi-wrap.sh supports -Winit-self
configure:21836: /home/nathan/secure-exec-wasmgui/experiments/wasm-gui/toolchain/clang-wasi-wrap.sh -c --target=wasm32-wasip1-threads --sysroot=/home/nathan/secure-exec/registry/native/c/vendor/wasi-sdk/share/wasi-sysroot -O2 -pthread -matomics -mbulk-memory -DSECURE_EXEC_WASM_THREADS -D_WASI_EMULATED_SIGNAL -D_WASI_EMULATED_MMAN -D_WASI_EMULATED_PROCESS_CLOCKS -D_GNU_SOURCE -mllvm -wasm-enable-sjlj -Wno-error=implicit-function-declaration -Wno-error=int-conversion -Wno-int-conversion -I/home/nathan/secure-exec-wasmgui/experiments/wasm-gui/toolchain/compat-include -include /home/nathan/secure-exec-wasmgui/experiments/wasm-gui/toolchain/wasi-compat.h -Winit-self --target=wasm32-wasip1-threads --sysroot=/home/nathan/secure-exec/registry/native/c/vendor/wasi-sdk/share/wasi-sysroot -I/home/nathan/secure-exec-wasmgui/experiments/wasm-gui/third_party/wasm-prefix-threads/include -I/home/nathan/secure-exec-wasmgui/experiments/wasm-gui/toolchain/compat-include -include /home/nathan/secure-exec-wasmgui/experiments/wasm-gui/toolchain/wasi-compat.h -DNDEBUG -DG_DISABLE_CAST_CHECKS -DG_DISABLE_ASSERT conftest.c >&5
configure:21836: $? = 0
configure:21844: result: yes
configure:21828: checking if /home/nathan/secure-exec-wasmgui/experiments/wasm-gui/toolchain/clang-wasi-wrap.sh supports -Wmissing-include-dirs
configure:21836: /home/nathan/secure-exec-wasmgui/experiments/wasm-gui/toolchain/clang-wasi-wrap.sh -c --target=wasm32-wasip1-threads --sysroot=/home/nathan/secure-exec/registry/native/c/vendor/wasi-sdk/share/wasi-sysroot -O2 -pthread -matomics -mbulk-memory -DSECURE_EXEC_WASM_THREADS -D_WASI_EMULATED_SIGNAL -D_WASI_EMULATED_MMAN -D_WASI_EMULATED_PROCESS_CLOCKS -D_GNU_SOURCE -mllvm -wasm-enable-sjlj -Wno-error=implicit-function-declaration -Wno-error=int-conversion -Wno-int-conversion -I/home/nathan/secure-exec-wasmgui/experiments/wasm-gui/toolchain/compat-include -include /home/nathan/secure-exec-wasmgui/experiments/wasm-gui/toolchain/wasi-compat.h -Wmissing-include-dirs --target=wasm32-wasip1-threads --sysroot=/home/nathan/secure-exec/registry/native/c/vendor/wasi-sdk/share/wasi-sysroot -I/home/nathan/secure-exec-wasmgui/experiments/wasm-gui/third_party/wasm-prefix-threads/include -I/home/nathan/secure-exec-wasmgui/experiments/wasm-gui/toolchain/compat-include -include /home/nathan/secure-exec-wasmgui/experiments/wasm-gui/toolchain/wasi-compat.h -DNDEBUG -DG_DISABLE_CAST_CHECKS -DG_DISABLE_ASSERT conftest.c >&5
configure:21836: $? = 0
configure:21844: result: yes
configure:21828: checking if /home/nathan/secure-exec-wasmgui/experiments/wasm-gui/toolchain/clang-wasi-wrap.sh supports -Wundef
configure:21836: /home/nathan/secure-exec-wasmgui/experiments/wasm-gui/toolchain/clang-wasi-wrap.sh -c --target=wasm32-wasip1-threads --sysroot=/home/nathan/secure-exec/registry/native/c/vendor/wasi-sdk/share/wasi-sysroot -O2 -pthread -matomics -mbulk-memory -DSECURE_EXEC_WASM_THREADS -D_WASI_EMULATED_SIGNAL -D_WASI_EMULATED_MMAN -D_WASI_EMULATED_PROCESS_CLOCKS -D_GNU_SOURCE -mllvm -wasm-enable-sjlj -Wno-error=implicit-function-declaration -Wno-error=int-conversion -Wno-int-conversion -I/home/nathan/secure-exec-wasmgui/experiments/wasm-gui/toolchain/compat-include -include /home/nathan/secure-exec-wasmgui/experiments/wasm-gui/toolchain/wasi-compat.h -Wundef --target=wasm32-wasip1-threads --sysroot=/home/nathan/secure-exec/registry/native/c/vendor/wasi-sdk/share/wasi-sysroot -I/home/nathan/secure-exec-wasmgui/experiments/wasm-gui/third_party/wasm-prefix-threads/include -I/home/nathan/secure-exec-wasmgui/experiments/wasm-gui/toolchain/compat-include -include /home/nathan/secure-exec-wasmgui/experiments/wasm-gui/toolchain/wasi-compat.h -DNDEBUG -DG_DISABLE_CAST_CHECKS -DG_DISABLE_ASSERT conftest.c >&5
configure:21836: $? = 0
configure:21844: result: yes
configure:21828: checking if /home/nathan/secure-exec-wasmgui/experiments/wasm-gui/toolchain/clang-wasi-wrap.sh supports -Wredundant-decls
configure:21836: /home/nathan/secure-exec-wasmgui/experiments/wasm-gui/toolchain/clang-wasi-wrap.sh -c --target=wasm32-wasip1-threads --sysroot=/home/nathan/secure-exec/registry/native/c/vendor/wasi-sdk/share/wasi-sysroot -O2 -pthread -matomics -mbulk-memory -DSECURE_EXEC_WASM_THREADS -D_WASI_EMULATED_SIGNAL -D_WASI_EMULATED_MMAN -D_WASI_EMULATED_PROCESS_CLOCKS -D_GNU_SOURCE -mllvm -wasm-enable-sjlj -Wno-error=implicit-function-declaration -Wno-error=int-conversion -Wno-int-conversion -I/home/nathan/secure-exec-wasmgui/experiments/wasm-gui/toolchain/compat-include -include /home/nathan/secure-exec-wasmgui/experiments/wasm-gui/toolchain/wasi-compat.h -Wredundant-decls --target=wasm32-wasip1-threads --sysroot=/home/nathan/secure-exec/registry/native/c/vendor/wasi-sdk/share/wasi-sysroot -I/home/nathan/secure-exec-wasmgui/experiments/wasm-gui/third_party/wasm-prefix-threads/include -I/home/nathan/secure-exec-wasmgui/experiments/wasm-gui/toolchain/compat-include -include /home/nathan/secure-exec-wasmgui/experiments/wasm-gui/toolchain/wasi-compat.h -DNDEBUG -DG_DISABLE_CAST_CHECKS -DG_DISABLE_ASSERT conftest.c >&5
configure:21836: $? = 0
configure:21844: result: yes
configure:21828: checking if /home/nathan/secure-exec-wasmgui/experiments/wasm-gui/toolchain/clang-wasi-wrap.sh supports -Wshadow
configure:21836: /home/nathan/secure-exec-wasmgui/experiments/wasm-gui/toolchain/clang-wasi-wrap.sh -c --target=wasm32-wasip1-threads --sysroot=/home/nathan/secure-exec/registry/native/c/vendor/wasi-sdk/share/wasi-sysroot -O2 -pthread -matomics -mbulk-memory -DSECURE_EXEC_WASM_THREADS -D_WASI_EMULATED_SIGNAL -D_WASI_EMULATED_MMAN -D_WASI_EMULATED_PROCESS_CLOCKS -D_GNU_SOURCE -mllvm -wasm-enable-sjlj -Wno-error=implicit-function-declaration -Wno-error=int-conversion -Wno-int-conversion -I/home/nathan/secure-exec-wasmgui/experiments/wasm-gui/toolchain/compat-include -include /home/nathan/secure-exec-wasmgui/experiments/wasm-gui/toolchain/wasi-compat.h -Wshadow --target=wasm32-wasip1-threads --sysroot=/home/nathan/secure-exec/registry/native/c/vendor/wasi-sdk/share/wasi-sysroot -I/home/nathan/secure-exec-wasmgui/experiments/wasm-gui/third_party/wasm-prefix-threads/include -I/home/nathan/secure-exec-wasmgui/experiments/wasm-gui/toolchain/compat-include -include /home/nathan/secure-exec-wasmgui/experiments/wasm-gui/toolchain/wasi-compat.h -DNDEBUG -DG_DISABLE_CAST_CHECKS -DG_DISABLE_ASSERT conftest.c >&5
configure:21836: $? = 0
configure:21844: result: yes
configure:21828: checking if /home/nathan/secure-exec-wasmgui/experiments/wasm-gui/toolchain/clang-wasi-wrap.sh supports -Wnested-externs
configure:21836: /home/nathan/secure-exec-wasmgui/experiments/wasm-gui/toolchain/clang-wasi-wrap.sh -c --target=wasm32-wasip1-threads --sysroot=/home/nathan/secure-exec/registry/native/c/vendor/wasi-sdk/share/wasi-sysroot -O2 -pthread -matomics -mbulk-memory -DSECURE_EXEC_WASM_THREADS -D_WASI_EMULATED_SIGNAL -D_WASI_EMULATED_MMAN -D_WASI_EMULATED_PROCESS_CLOCKS -D_GNU_SOURCE -mllvm -wasm-enable-sjlj -Wno-error=implicit-function-declaration -Wno-error=int-conversion -Wno-int-conversion -I/home/nathan/secure-exec-wasmgui/experiments/wasm-gui/toolchain/compat-include -include /home/nathan/secure-exec-wasmgui/experiments/wasm-gui/toolchain/wasi-compat.h -Wnested-externs --target=wasm32-wasip1-threads --sysroot=/home/nathan/secure-exec/registry/native/c/vendor/wasi-sdk/share/wasi-sysroot -I/home/nathan/secure-exec-wasmgui/experiments/wasm-gui/third_party/wasm-prefix-threads/include -I/home/nathan/secure-exec-wasmgui/experiments/wasm-gui/toolchain/compat-include -include /home/nathan/secure-exec-wasmgui/experiments/wasm-gui/toolchain/wasi-compat.h -DNDEBUG -DG_DISABLE_CAST_CHECKS -DG_DISABLE_ASSERT conftest.c >&5
configure:21836: $? = 0
configure:21844: result: yes
configure:21828: checking if /home/nathan/secure-exec-wasmgui/experiments/wasm-gui/toolchain/clang-wasi-wrap.sh supports -Wold-style-definition
configure:21836: /home/nathan/secure-exec-wasmgui/experiments/wasm-gui/toolchain/clang-wasi-wrap.sh -c --target=wasm32-wasip1-threads --sysroot=/home/nathan/secure-exec/registry/native/c/vendor/wasi-sdk/share/wasi-sysroot -O2 -pthread -matomics -mbulk-memory -DSECURE_EXEC_WASM_THREADS -D_WASI_EMULATED_SIGNAL -D_WASI_EMULATED_MMAN -D_WASI_EMULATED_PROCESS_CLOCKS -D_GNU_SOURCE -mllvm -wasm-enable-sjlj -Wno-error=implicit-function-declaration -Wno-error=int-conversion -Wno-int-conversion -I/home/nathan/secure-exec-wasmgui/experiments/wasm-gui/toolchain/compat-include -include /home/nathan/secure-exec-wasmgui/experiments/wasm-gui/toolchain/wasi-compat.h -Wold-style-definition --target=wasm32-wasip1-threads --sysroot=/home/nathan/secure-exec/registry/native/c/vendor/wasi-sdk/share/wasi-sysroot -I/home/nathan/secure-exec-wasmgui/experiments/wasm-gui/third_party/wasm-prefix-threads/include -I/home/nathan/secure-exec-wasmgui/experiments/wasm-gui/toolchain/compat-include -include /home/nathan/secure-exec-wasmgui/experiments/wasm-gui/toolchain/wasi-compat.h -DNDEBUG -DG_DISABLE_CAST_CHECKS -DG_DISABLE_ASSERT conftest.c >&5
configure:21836: $? = 0
configure:21844: result: yes
configure:21854: checking if /home/nathan/secure-exec-wasmgui/experiments/wasm-gui/toolchain/clang-wasi-wrap.sh supports -Wall
configure:21862: /home/nathan/secure-exec-wasmgui/experiments/wasm-gui/toolchain/clang-wasi-wrap.sh -c --target=wasm32-wasip1-threads --sysroot=/home/nathan/secure-exec/registry/native/c/vendor/wasi-sdk/share/wasi-sysroot -O2 -pthread -matomics -mbulk-memory -DSECURE_EXEC_WASM_THREADS -D_WASI_EMULATED_SIGNAL -D_WASI_EMULATED_MMAN -D_WASI_EMULATED_PROCESS_CLOCKS -D_GNU_SOURCE -mllvm -wasm-enable-sjlj -Wno-error=implicit-function-declaration -Wno-error=int-conversion -Wno-int-conversion -I/home/nathan/secure-exec-wasmgui/experiments/wasm-gui/toolchain/compat-include -include /home/nathan/secure-exec-wasmgui/experiments/wasm-gui/toolchain/wasi-compat.h -Wall --target=wasm32-wasip1-threads --sysroot=/home/nathan/secure-exec/registry/native/c/vendor/wasi-sdk/share/wasi-sysroot -I/home/nathan/secure-exec-wasmgui/experiments/wasm-gui/third_party/wasm-prefix-threads/include -I/home/nathan/secure-exec-wasmgui/experiments/wasm-gui/toolchain/compat-include -include /home/nathan/secure-exec-wasmgui/experiments/wasm-gui/toolchain/wasi-compat.h -DNDEBUG -DG_DISABLE_CAST_CHECKS -DG_DISABLE_ASSERT conftest.c >&5
configure:21862: $? = 0
configure:21870: result: yes
configure:21854: checking if /home/nathan/secure-exec-wasmgui/experiments/wasm-gui/toolchain/clang-wasi-wrap.sh supports -Wextra
configure:21862: /home/nathan/secure-exec-wasmgui/experiments/wasm-gui/toolchain/clang-wasi-wrap.sh -c --target=wasm32-wasip1-threads --sysroot=/home/nathan/secure-exec/registry/native/c/vendor/wasi-sdk/share/wasi-sysroot -O2 -pthread -matomics -mbulk-memory -DSECURE_EXEC_WASM_THREADS -D_WASI_EMULATED_SIGNAL -D_WASI_EMULATED_MMAN -D_WASI_EMULATED_PROCESS_CLOCKS -D_GNU_SOURCE -mllvm -wasm-enable-sjlj -Wno-error=implicit-function-declaration -Wno-error=int-conversion -Wno-int-conversion -I/home/nathan/secure-exec-wasmgui/experiments/wasm-gui/toolchain/compat-include -include /home/nathan/secure-exec-wasmgui/experiments/wasm-gui/toolchain/wasi-compat.h -Wextra --target=wasm32-wasip1-threads --sysroot=/home/nathan/secure-exec/registry/native/c/vendor/wasi-sdk/share/wasi-sysroot -I/home/nathan/secure-exec-wasmgui/experiments/wasm-gui/third_party/wasm-prefix-threads/include -I/home/nathan/secure-exec-wasmgui/experiments/wasm-gui/toolchain/compat-include -include /home/nathan/secure-exec-wasmgui/experiments/wasm-gui/toolchain/wasi-compat.h -DNDEBUG -DG_DISABLE_CAST_CHECKS -DG_DISABLE_ASSERT conftest.c >&5
configure:21862: $? = 0
configure:21870: result: yes
configure:21854: checking if /home/nathan/secure-exec-wasmgui/experiments/wasm-gui/toolchain/clang-wasi-wrap.sh supports -Wno-missing-field-initializers
configure:21862: /home/nathan/secure-exec-wasmgui/experiments/wasm-gui/toolchain/clang-wasi-wrap.sh -c --target=wasm32-wasip1-threads --sysroot=/home/nathan/secure-exec/registry/native/c/vendor/wasi-sdk/share/wasi-sysroot -O2 -pthread -matomics -mbulk-memory -DSECURE_EXEC_WASM_THREADS -D_WASI_EMULATED_SIGNAL -D_WASI_EMULATED_MMAN -D_WASI_EMULATED_PROCESS_CLOCKS -D_GNU_SOURCE -mllvm -wasm-enable-sjlj -Wno-error=implicit-function-declaration -Wno-error=int-conversion -Wno-int-conversion -I/home/nathan/secure-exec-wasmgui/experiments/wasm-gui/toolchain/compat-include -include /home/nathan/secure-exec-wasmgui/experiments/wasm-gui/toolchain/wasi-compat.h -Wno-missing-field-initializers --target=wasm32-wasip1-threads --sysroot=/home/nathan/secure-exec/registry/native/c/vendor/wasi-sdk/share/wasi-sysroot -I/home/nathan/secure-exec-wasmgui/experiments/wasm-gui/third_party/wasm-prefix-threads/include -I/home/nathan/secure-exec-wasmgui/experiments/wasm-gui/toolchain/compat-include -include /home/nathan/secure-exec-wasmgui/experiments/wasm-gui/toolchain/wasi-compat.h -DNDEBUG -DG_DISABLE_CAST_CHECKS -DG_DISABLE_ASSERT conftest.c >&5
configure:21862: $? = 0
configure:21870: result: yes
configure:21854: checking if /home/nathan/secure-exec-wasmgui/experiments/wasm-gui/toolchain/clang-wasi-wrap.sh supports -Wno-unused-parameter
configure:21862: /home/nathan/secure-exec-wasmgui/experiments/wasm-gui/toolchain/clang-wasi-wrap.sh -c --target=wasm32-wasip1-threads --sysroot=/home/nathan/secure-exec/registry/native/c/vendor/wasi-sdk/share/wasi-sysroot -O2 -pthread -matomics -mbulk-memory -DSECURE_EXEC_WASM_THREADS -D_WASI_EMULATED_SIGNAL -D_WASI_EMULATED_MMAN -D_WASI_EMULATED_PROCESS_CLOCKS -D_GNU_SOURCE -mllvm -wasm-enable-sjlj -Wno-error=implicit-function-declaration -Wno-error=int-conversion -Wno-int-conversion -I/home/nathan/secure-exec-wasmgui/experiments/wasm-gui/toolchain/compat-include -include /home/nathan/secure-exec-wasmgui/experiments/wasm-gui/toolchain/wasi-compat.h -Wno-unused-parameter --target=wasm32-wasip1-threads --sysroot=/home/nathan/secure-exec/registry/native/c/vendor/wasi-sdk/share/wasi-sysroot -I/home/nathan/secure-exec-wasmgui/experiments/wasm-gui/third_party/wasm-prefix-threads/include -I/home/nathan/secure-exec-wasmgui/experiments/wasm-gui/toolchain/compat-include -include /home/nathan/secure-exec-wasmgui/experiments/wasm-gui/toolchain/wasi-compat.h -DNDEBUG -DG_DISABLE_CAST_CHECKS -DG_DISABLE_ASSERT conftest.c >&5
configure:21862: $? = 0
configure:21870: result: yes
configure:21854: checking if /home/nathan/secure-exec-wasmgui/experiments/wasm-gui/toolchain/clang-wasi-wrap.sh supports -Wmissing-declarations
configure:21862: /home/nathan/secure-exec-wasmgui/experiments/wasm-gui/toolchain/clang-wasi-wrap.sh -c --target=wasm32-wasip1-threads --sysroot=/home/nathan/secure-exec/registry/native/c/vendor/wasi-sdk/share/wasi-sysroot -O2 -pthread -matomics -mbulk-memory -DSECURE_EXEC_WASM_THREADS -D_WASI_EMULATED_SIGNAL -D_WASI_EMULATED_MMAN -D_WASI_EMULATED_PROCESS_CLOCKS -D_GNU_SOURCE -mllvm -wasm-enable-sjlj -Wno-error=implicit-function-declaration -Wno-error=int-conversion -Wno-int-conversion -I/home/nathan/secure-exec-wasmgui/experiments/wasm-gui/toolchain/compat-include -include /home/nathan/secure-exec-wasmgui/experiments/wasm-gui/toolchain/wasi-compat.h -Wmissing-declarations --target=wasm32-wasip1-threads --sysroot=/home/nathan/secure-exec/registry/native/c/vendor/wasi-sdk/share/wasi-sysroot -I/home/nathan/secure-exec-wasmgui/experiments/wasm-gui/third_party/wasm-prefix-threads/include -I/home/nathan/secure-exec-wasmgui/experiments/wasm-gui/toolchain/compat-include -include /home/nathan/secure-exec-wasmgui/experiments/wasm-gui/toolchain/wasi-compat.h -DNDEBUG -DG_DISABLE_CAST_CHECKS -DG_DISABLE_ASSERT conftest.c >&5
configure:21862: $? = 0
configure:21870: result: yes
configure:21854: checking if /home/nathan/secure-exec-wasmgui/experiments/wasm-gui/toolchain/clang-wasi-wrap.sh supports -Wmissing-noreturn
configure:21862: /home/nathan/secure-exec-wasmgui/experiments/wasm-gui/toolchain/clang-wasi-wrap.sh -c --target=wasm32-wasip1-threads --sysroot=/home/nathan/secure-exec/registry/native/c/vendor/wasi-sdk/share/wasi-sysroot -O2 -pthread -matomics -mbulk-memory -DSECURE_EXEC_WASM_THREADS -D_WASI_EMULATED_SIGNAL -D_WASI_EMULATED_MMAN -D_WASI_EMULATED_PROCESS_CLOCKS -D_GNU_SOURCE -mllvm -wasm-enable-sjlj -Wno-error=implicit-function-declaration -Wno-error=int-conversion -Wno-int-conversion -I/home/nathan/secure-exec-wasmgui/experiments/wasm-gui/toolchain/compat-include -include /home/nathan/secure-exec-wasmgui/experiments/wasm-gui/toolchain/wasi-compat.h -Wmissing-noreturn --target=wasm32-wasip1-threads --sysroot=/home/nathan/secure-exec/registry/native/c/vendor/wasi-sdk/share/wasi-sysroot -I/home/nathan/secure-exec-wasmgui/experiments/wasm-gui/third_party/wasm-prefix-threads/include -I/home/nathan/secure-exec-wasmgui/experiments/wasm-gui/toolchain/compat-include -include /home/nathan/secure-exec-wasmgui/experiments/wasm-gui/toolchain/wasi-compat.h -DNDEBUG -DG_DISABLE_CAST_CHECKS -DG_DISABLE_ASSERT conftest.c >&5
configure:21862: $? = 0
configure:21870: result: yes
configure:21854: checking if /home/nathan/secure-exec-wasmgui/experiments/wasm-gui/toolchain/clang-wasi-wrap.sh supports -Wpointer-arith
configure:21862: /home/nathan/secure-exec-wasmgui/experiments/wasm-gui/toolchain/clang-wasi-wrap.sh -c --target=wasm32-wasip1-threads --sysroot=/home/nathan/secure-exec/registry/native/c/vendor/wasi-sdk/share/wasi-sysroot -O2 -pthread -matomics -mbulk-memory -DSECURE_EXEC_WASM_THREADS -D_WASI_EMULATED_SIGNAL -D_WASI_EMULATED_MMAN -D_WASI_EMULATED_PROCESS_CLOCKS -D_GNU_SOURCE -mllvm -wasm-enable-sjlj -Wno-error=implicit-function-declaration -Wno-error=int-conversion -Wno-int-conversion -I/home/nathan/secure-exec-wasmgui/experiments/wasm-gui/toolchain/compat-include -include /home/nathan/secure-exec-wasmgui/experiments/wasm-gui/toolchain/wasi-compat.h -Wpointer-arith --target=wasm32-wasip1-threads --sysroot=/home/nathan/secure-exec/registry/native/c/vendor/wasi-sdk/share/wasi-sysroot -I/home/nathan/secure-exec-wasmgui/experiments/wasm-gui/third_party/wasm-prefix-threads/include -I/home/nathan/secure-exec-wasmgui/experiments/wasm-gui/toolchain/compat-include -include /home/nathan/secure-exec-wasmgui/experiments/wasm-gui/toolchain/wasi-compat.h -DNDEBUG -DG_DISABLE_CAST_CHECKS -DG_DISABLE_ASSERT conftest.c >&5
configure:21862: $? = 0
configure:21870: result: yes
configure:21854: checking if /home/nathan/secure-exec-wasmgui/experiments/wasm-gui/toolchain/clang-wasi-wrap.sh supports -Wcast-align
configure:21862: /home/nathan/secure-exec-wasmgui/experiments/wasm-gui/toolchain/clang-wasi-wrap.sh -c --target=wasm32-wasip1-threads --sysroot=/home/nathan/secure-exec/registry/native/c/vendor/wasi-sdk/share/wasi-sysroot -O2 -pthread -matomics -mbulk-memory -DSECURE_EXEC_WASM_THREADS -D_WASI_EMULATED_SIGNAL -D_WASI_EMULATED_MMAN -D_WASI_EMULATED_PROCESS_CLOCKS -D_GNU_SOURCE -mllvm -wasm-enable-sjlj -Wno-error=implicit-function-declaration -Wno-error=int-conversion -Wno-int-conversion -I/home/nathan/secure-exec-wasmgui/experiments/wasm-gui/toolchain/compat-include -include /home/nathan/secure-exec-wasmgui/experiments/wasm-gui/toolchain/wasi-compat.h -Wcast-align --target=wasm32-wasip1-threads --sysroot=/home/nathan/secure-exec/registry/native/c/vendor/wasi-sdk/share/wasi-sysroot -I/home/nathan/secure-exec-wasmgui/experiments/wasm-gui/third_party/wasm-prefix-threads/include -I/home/nathan/secure-exec-wasmgui/experiments/wasm-gui/toolchain/compat-include -include /home/nathan/secure-exec-wasmgui/experiments/wasm-gui/toolchain/wasi-compat.h -DNDEBUG -DG_DISABLE_CAST_CHECKS -DG_DISABLE_ASSERT conftest.c >&5
configure:21862: $? = 0
configure:21870: result: yes
configure:21854: checking if /home/nathan/secure-exec-wasmgui/experiments/wasm-gui/toolchain/clang-wasi-wrap.sh supports -Wformat
configure:21862: /home/nathan/secure-exec-wasmgui/experiments/wasm-gui/toolchain/clang-wasi-wrap.sh -c --target=wasm32-wasip1-threads --sysroot=/home/nathan/secure-exec/registry/native/c/vendor/wasi-sdk/share/wasi-sysroot -O2 -pthread -matomics -mbulk-memory -DSECURE_EXEC_WASM_THREADS -D_WASI_EMULATED_SIGNAL -D_WASI_EMULATED_MMAN -D_WASI_EMULATED_PROCESS_CLOCKS -D_GNU_SOURCE -mllvm -wasm-enable-sjlj -Wno-error=implicit-function-declaration -Wno-error=int-conversion -Wno-int-conversion -I/home/nathan/secure-exec-wasmgui/experiments/wasm-gui/toolchain/compat-include -include /home/nathan/secure-exec-wasmgui/experiments/wasm-gui/toolchain/wasi-compat.h -Wformat --target=wasm32-wasip1-threads --sysroot=/home/nathan/secure-exec/registry/native/c/vendor/wasi-sdk/share/wasi-sysroot -I/home/nathan/secure-exec-wasmgui/experiments/wasm-gui/third_party/wasm-prefix-threads/include -I/home/nathan/secure-exec-wasmgui/experiments/wasm-gui/toolchain/compat-include -include /home/nathan/secure-exec-wasmgui/experiments/wasm-gui/toolchain/wasi-compat.h -DNDEBUG -DG_DISABLE_CAST_CHECKS -DG_DISABLE_ASSERT conftest.c >&5
configure:21862: $? = 0
configure:21870: result: yes
configure:21854: checking if /home/nathan/secure-exec-wasmgui/experiments/wasm-gui/toolchain/clang-wasi-wrap.sh supports -Wformat-security
configure:21862: /home/nathan/secure-exec-wasmgui/experiments/wasm-gui/toolchain/clang-wasi-wrap.sh -c --target=wasm32-wasip1-threads --sysroot=/home/nathan/secure-exec/registry/native/c/vendor/wasi-sdk/share/wasi-sysroot -O2 -pthread -matomics -mbulk-memory -DSECURE_EXEC_WASM_THREADS -D_WASI_EMULATED_SIGNAL -D_WASI_EMULATED_MMAN -D_WASI_EMULATED_PROCESS_CLOCKS -D_GNU_SOURCE -mllvm -wasm-enable-sjlj -Wno-error=implicit-function-declaration -Wno-error=int-conversion -Wno-int-conversion -I/home/nathan/secure-exec-wasmgui/experiments/wasm-gui/toolchain/compat-include -include /home/nathan/secure-exec-wasmgui/experiments/wasm-gui/toolchain/wasi-compat.h -Wformat-security --target=wasm32-wasip1-threads --sysroot=/home/nathan/secure-exec/registry/native/c/vendor/wasi-sdk/share/wasi-sysroot -I/home/nathan/secure-exec-wasmgui/experiments/wasm-gui/third_party/wasm-prefix-threads/include -I/home/nathan/secure-exec-wasmgui/experiments/wasm-gui/toolchain/compat-include -include /home/nathan/secure-exec-wasmgui/experiments/wasm-gui/toolchain/wasi-compat.h -DNDEBUG -DG_DISABLE_CAST_CHECKS -DG_DISABLE_ASSERT conftest.c >&5
configure:21862: $? = 0
configure:21870: result: yes
configure:21854: checking if /home/nathan/secure-exec-wasmgui/experiments/wasm-gui/toolchain/clang-wasi-wrap.sh supports -Wformat-y2k
configure:21862: /home/nathan/secure-exec-wasmgui/experiments/wasm-gui/toolchain/clang-wasi-wrap.sh -c --target=wasm32-wasip1-threads --sysroot=/home/nathan/secure-exec/registry/native/c/vendor/wasi-sdk/share/wasi-sysroot -O2 -pthread -matomics -mbulk-memory -DSECURE_EXEC_WASM_THREADS -D_WASI_EMULATED_SIGNAL -D_WASI_EMULATED_MMAN -D_WASI_EMULATED_PROCESS_CLOCKS -D_GNU_SOURCE -mllvm -wasm-enable-sjlj -Wno-error=implicit-function-declaration -Wno-error=int-conversion -Wno-int-conversion -I/home/nathan/secure-exec-wasmgui/experiments/wasm-gui/toolchain/compat-include -include /home/nathan/secure-exec-wasmgui/experiments/wasm-gui/toolchain/wasi-compat.h -Wformat-y2k --target=wasm32-wasip1-threads --sysroot=/home/nathan/secure-exec/registry/native/c/vendor/wasi-sdk/share/wasi-sysroot -I/home/nathan/secure-exec-wasmgui/experiments/wasm-gui/third_party/wasm-prefix-threads/include -I/home/nathan/secure-exec-wasmgui/experiments/wasm-gui/toolchain/compat-include -include /home/nathan/secure-exec-wasmgui/experiments/wasm-gui/toolchain/wasi-compat.h -DNDEBUG -DG_DISABLE_CAST_CHECKS -DG_DISABLE_ASSERT conftest.c >&5
configure:21862: $? = 0
configure:21870: result: yes
configure:21854: checking if /home/nathan/secure-exec-wasmgui/experiments/wasm-gui/toolchain/clang-wasi-wrap.sh supports -Winit-self
configure:21862: /home/nathan/secure-exec-wasmgui/experiments/wasm-gui/toolchain/clang-wasi-wrap.sh -c --target=wasm32-wasip1-threads --sysroot=/home/nathan/secure-exec/registry/native/c/vendor/wasi-sdk/share/wasi-sysroot -O2 -pthread -matomics -mbulk-memory -DSECURE_EXEC_WASM_THREADS -D_WASI_EMULATED_SIGNAL -D_WASI_EMULATED_MMAN -D_WASI_EMULATED_PROCESS_CLOCKS -D_GNU_SOURCE -mllvm -wasm-enable-sjlj -Wno-error=implicit-function-declaration -Wno-error=int-conversion -Wno-int-conversion -I/home/nathan/secure-exec-wasmgui/experiments/wasm-gui/toolchain/compat-include -include /home/nathan/secure-exec-wasmgui/experiments/wasm-gui/toolchain/wasi-compat.h -Winit-self --target=wasm32-wasip1-threads --sysroot=/home/nathan/secure-exec/registry/native/c/vendor/wasi-sdk/share/wasi-sysroot -I/home/nathan/secure-exec-wasmgui/experiments/wasm-gui/third_party/wasm-prefix-threads/include -I/home/nathan/secure-exec-wasmgui/experiments/wasm-gui/toolchain/compat-include -include /home/nathan/secure-exec-wasmgui/experiments/wasm-gui/toolchain/wasi-compat.h -DNDEBUG -DG_DISABLE_CAST_CHECKS -DG_DISABLE_ASSERT conftest.c >&5
configure:21862: $? = 0
configure:21870: result: yes
configure:21854: checking if /home/nathan/secure-exec-wasmgui/experiments/wasm-gui/toolchain/clang-wasi-wrap.sh supports -Wmissing-include-dirs
configure:21862: /home/nathan/secure-exec-wasmgui/experiments/wasm-gui/toolchain/clang-wasi-wrap.sh -c --target=wasm32-wasip1-threads --sysroot=/home/nathan/secure-exec/registry/native/c/vendor/wasi-sdk/share/wasi-sysroot -O2 -pthread -matomics -mbulk-memory -DSECURE_EXEC_WASM_THREADS -D_WASI_EMULATED_SIGNAL -D_WASI_EMULATED_MMAN -D_WASI_EMULATED_PROCESS_CLOCKS -D_GNU_SOURCE -mllvm -wasm-enable-sjlj -Wno-error=implicit-function-declaration -Wno-error=int-conversion -Wno-int-conversion -I/home/nathan/secure-exec-wasmgui/experiments/wasm-gui/toolchain/compat-include -include /home/nathan/secure-exec-wasmgui/experiments/wasm-gui/toolchain/wasi-compat.h -Wmissing-include-dirs --target=wasm32-wasip1-threads --sysroot=/home/nathan/secure-exec/registry/native/c/vendor/wasi-sdk/share/wasi-sysroot -I/home/nathan/secure-exec-wasmgui/experiments/wasm-gui/third_party/wasm-prefix-threads/include -I/home/nathan/secure-exec-wasmgui/experiments/wasm-gui/toolchain/compat-include -include /home/nathan/secure-exec-wasmgui/experiments/wasm-gui/toolchain/wasi-compat.h -DNDEBUG -DG_DISABLE_CAST_CHECKS -DG_DISABLE_ASSERT conftest.c >&5
configure:21862: $? = 0
configure:21870: result: yes
configure:21854: checking if /home/nathan/secure-exec-wasmgui/experiments/wasm-gui/toolchain/clang-wasi-wrap.sh supports -Wundef
configure:21862: /home/nathan/secure-exec-wasmgui/experiments/wasm-gui/toolchain/clang-wasi-wrap.sh -c --target=wasm32-wasip1-threads --sysroot=/home/nathan/secure-exec/registry/native/c/vendor/wasi-sdk/share/wasi-sysroot -O2 -pthread -matomics -mbulk-memory -DSECURE_EXEC_WASM_THREADS -D_WASI_EMULATED_SIGNAL -D_WASI_EMULATED_MMAN -D_WASI_EMULATED_PROCESS_CLOCKS -D_GNU_SOURCE -mllvm -wasm-enable-sjlj -Wno-error=implicit-function-declaration -Wno-error=int-conversion -Wno-int-conversion -I/home/nathan/secure-exec-wasmgui/experiments/wasm-gui/toolchain/compat-include -include /home/nathan/secure-exec-wasmgui/experiments/wasm-gui/toolchain/wasi-compat.h -Wundef --target=wasm32-wasip1-threads --sysroot=/home/nathan/secure-exec/registry/native/c/vendor/wasi-sdk/share/wasi-sysroot -I/home/nathan/secure-exec-wasmgui/experiments/wasm-gui/third_party/wasm-prefix-threads/include -I/home/nathan/secure-exec-wasmgui/experiments/wasm-gui/toolchain/compat-include -include /home/nathan/secure-exec-wasmgui/experiments/wasm-gui/toolchain/wasi-compat.h -DNDEBUG -DG_DISABLE_CAST_CHECKS -DG_DISABLE_ASSERT conftest.c >&5
configure:21862: $? = 0
configure:21870: result: yes
configure:21854: checking if /home/nathan/secure-exec-wasmgui/experiments/wasm-gui/toolchain/clang-wasi-wrap.sh supports -Wredundant-decls
configure:21862: /home/nathan/secure-exec-wasmgui/experiments/wasm-gui/toolchain/clang-wasi-wrap.sh -c --target=wasm32-wasip1-threads --sysroot=/home/nathan/secure-exec/registry/native/c/vendor/wasi-sdk/share/wasi-sysroot -O2 -pthread -matomics -mbulk-memory -DSECURE_EXEC_WASM_THREADS -D_WASI_EMULATED_SIGNAL -D_WASI_EMULATED_MMAN -D_WASI_EMULATED_PROCESS_CLOCKS -D_GNU_SOURCE -mllvm -wasm-enable-sjlj -Wno-error=implicit-function-declaration -Wno-error=int-conversion -Wno-int-conversion -I/home/nathan/secure-exec-wasmgui/experiments/wasm-gui/toolchain/compat-include -include /home/nathan/secure-exec-wasmgui/experiments/wasm-gui/toolchain/wasi-compat.h -Wredundant-decls --target=wasm32-wasip1-threads --sysroot=/home/nathan/secure-exec/registry/native/c/vendor/wasi-sdk/share/wasi-sysroot -I/home/nathan/secure-exec-wasmgui/experiments/wasm-gui/third_party/wasm-prefix-threads/include -I/home/nathan/secure-exec-wasmgui/experiments/wasm-gui/toolchain/compat-include -include /home/nathan/secure-exec-wasmgui/experiments/wasm-gui/toolchain/wasi-compat.h -DNDEBUG -DG_DISABLE_CAST_CHECKS -DG_DISABLE_ASSERT conftest.c >&5
configure:21862: $? = 0
configure:21870: result: yes
configure:21854: checking if /home/nathan/secure-exec-wasmgui/experiments/wasm-gui/toolchain/clang-wasi-wrap.sh supports -Wshadow
configure:21862: /home/nathan/secure-exec-wasmgui/experiments/wasm-gui/toolchain/clang-wasi-wrap.sh -c --target=wasm32-wasip1-threads --sysroot=/home/nathan/secure-exec/registry/native/c/vendor/wasi-sdk/share/wasi-sysroot -O2 -pthread -matomics -mbulk-memory -DSECURE_EXEC_WASM_THREADS -D_WASI_EMULATED_SIGNAL -D_WASI_EMULATED_MMAN -D_WASI_EMULATED_PROCESS_CLOCKS -D_GNU_SOURCE -mllvm -wasm-enable-sjlj -Wno-error=implicit-function-declaration -Wno-error=int-conversion -Wno-int-conversion -I/home/nathan/secure-exec-wasmgui/experiments/wasm-gui/toolchain/compat-include -include /home/nathan/secure-exec-wasmgui/experiments/wasm-gui/toolchain/wasi-compat.h -Wshadow --target=wasm32-wasip1-threads --sysroot=/home/nathan/secure-exec/registry/native/c/vendor/wasi-sdk/share/wasi-sysroot -I/home/nathan/secure-exec-wasmgui/experiments/wasm-gui/third_party/wasm-prefix-threads/include -I/home/nathan/secure-exec-wasmgui/experiments/wasm-gui/toolchain/compat-include -include /home/nathan/secure-exec-wasmgui/experiments/wasm-gui/toolchain/wasi-compat.h -DNDEBUG -DG_DISABLE_CAST_CHECKS -DG_DISABLE_ASSERT conftest.c >&5
configure:21862: $? = 0
configure:21870: result: yes
configure:21989: checking that generated files are newer than configure
configure:21995: result: done
configure:22042: creating ./config.status

## ---------------------- ##
## Running config.status. ##
## ---------------------- ##

This file was extended by xfce4-screenshooter config.status 1.11.1, which was
generated by GNU Autoconf 2.71.  Invocation command line was

  CONFIG_FILES    = 
  CONFIG_HEADERS  = 
  CONFIG_LINKS    = 
  CONFIG_COMMANDS = 
  $ ./config.status 

on nathan-dev

config.status:1352: creating Makefile
config.status:1352: creating po/Makefile.in
config.status:1352: creating config.h
config.status:1533: config.h is unchanged
config.status:1581: executing depfiles commands
config.status:1658: cd .       && sed -e '/# am--include-marker/d' Makefile         | make -f - am--depfiles
make: Nothing to be done for 'am--depfiles'.
config.status:1663: $? = 0
config.status:1581: executing libtool commands
config.status:1581: executing po-directories commands
configure:24310: WARNING: unrecognized options: --disable-malloc0returnsnull, --disable-panel-plugin

## ---------------- ##
## Cache variables. ##
## ---------------- ##

ac_cv_build=x86_64-pc-linux-gnux32
ac_cv_c_compiler_gnu=yes
ac_cv_env_CC_set=set
ac_cv_env_CC_value=/home/nathan/secure-exec-wasmgui/experiments/wasm-gui/toolchain/clang-wasi-wrap.sh
ac_cv_env_CFLAGS_set=set
ac_cv_env_CFLAGS_value='--target=wasm32-wasip1-threads --sysroot=/home/nathan/secure-exec/registry/native/c/vendor/wasi-sdk/share/wasi-sysroot -O2 -pthread -matomics -mbulk-memory -DSECURE_EXEC_WASM_THREADS -D_WASI_EMULATED_SIGNAL -D_WASI_EMULATED_MMAN -D_WASI_EMULATED_PROCESS_CLOCKS -D_GNU_SOURCE -mllvm -wasm-enable-sjlj -Wno-error=implicit-function-declaration -Wno-error=int-conversion -Wno-int-conversion -I/home/nathan/secure-exec-wasmgui/experiments/wasm-gui/toolchain/compat-include -include /home/nathan/secure-exec-wasmgui/experiments/wasm-gui/toolchain/wasi-compat.h'
ac_cv_env_CPPFLAGS_set=set
ac_cv_env_CPPFLAGS_value='--target=wasm32-wasip1-threads --sysroot=/home/nathan/secure-exec/registry/native/c/vendor/wasi-sdk/share/wasi-sysroot -I/home/nathan/secure-exec-wasmgui/experiments/wasm-gui/third_party/wasm-prefix-threads/include -I/home/nathan/secure-exec-wasmgui/experiments/wasm-gui/toolchain/compat-include -include /home/nathan/secure-exec-wasmgui/experiments/wasm-gui/toolchain/wasi-compat.h'
ac_cv_env_CPP_set=
ac_cv_env_CPP_value=
ac_cv_env_LDFLAGS_set=set
ac_cv_env_LDFLAGS_value='--target=wasm32-wasip1-threads --sysroot=/home/nathan/secure-exec/registry/native/c/vendor/wasi-sdk/share/wasi-sysroot -Wl,--shared-memory -Wl,--import-memory -Wl,--export-memory -Wl,--max-memory=536870912 -Wl,--export=wasi_thread_start -Wl,--no-check-features -lwasi-emulated-signal -L/home/nathan/secure-exec-wasmgui/experiments/wasm-gui/third_party/wasm-prefix-threads/lib -L/home/nathan/secure-exec/registry/native/c/vendor/wasi-sdk/share/wasi-sysroot/lib/wasm32-wasip1-threads -lwasi-emulated-mman -lwasi-emulated-process-clocks'
ac_cv_env_LIBS_set=
ac_cv_env_LIBS_value=
ac_cv_env_LT_SYS_LIBRARY_PATH_set=
ac_cv_env_LT_SYS_LIBRARY_PATH_value=
ac_cv_env_PKG_CONFIG_LIBDIR_set=set
ac_cv_env_PKG_CONFIG_LIBDIR_value=/home/nathan/secure-exec-wasmgui/experiments/wasm-gui/third_party/wasm-prefix-threads/lib/pkgconfig:/home/nathan/secure-exec-wasmgui/experiments/wasm-gui/third_party/wasm-prefix-threads/share/pkgconfig
ac_cv_env_PKG_CONFIG_PATH_set=set
ac_cv_env_PKG_CONFIG_PATH_value=
ac_cv_env_PKG_CONFIG_set=
ac_cv_env_PKG_CONFIG_value=
ac_cv_env_build_alias_set=
ac_cv_env_build_alias_value=
ac_cv_env_host_alias_set=set
ac_cv_env_host_alias_value=wasm32-wasi
ac_cv_env_target_alias_set=
ac_cv_env_target_alias_value=
ac_cv_header_dlfcn_h=yes
ac_cv_header_inttypes_h=yes
ac_cv_header_stdint_h=yes
ac_cv_header_stdio_h=yes
ac_cv_header_stdlib_h=yes
ac_cv_header_string_h=yes
ac_cv_header_strings_h=yes
ac_cv_header_sys_stat_h=yes
ac_cv_header_sys_types_h=yes
ac_cv_header_unistd_h=yes
ac_cv_host=wasm32-unknown-wasi
ac_cv_objext=o
ac_cv_path_EGREP='/usr/bin/grep -E'
ac_cv_path_FGREP='/usr/bin/grep -F'
ac_cv_path_GMSGFMT=:
ac_cv_path_GREP=/usr/bin/grep
ac_cv_path_MSGFMT=:
ac_cv_path_MSGMERGE=:
ac_cv_path_PKG_CONFIG=/usr/bin/pkg-config
ac_cv_path_SED=/usr/bin/sed
ac_cv_path_XGETTEXT=:
ac_cv_path_ac_pt_PKG_CONFIG=/usr/bin/pkg-config
ac_cv_path_install='/usr/bin/install -c'
ac_cv_path_lt_DD=/usr/bin/dd
ac_cv_path_mkdir=/usr/bin/mkdir
ac_cv_prog_AR=/home/nathan/secure-exec/registry/native/c/vendor/wasi-sdk/bin/llvm-ar
ac_cv_prog_AWK=mawk
ac_cv_prog_CC=/home/nathan/secure-exec-wasmgui/experiments/wasm-gui/toolchain/clang-wasi-wrap.sh
ac_cv_prog_CPP='/home/nathan/secure-exec-wasmgui/experiments/wasm-gui/toolchain/clang-wasi-wrap.sh -E'
ac_cv_prog_RANLIB=/home/nathan/secure-exec/registry/native/c/vendor/wasi-sdk/bin/llvm-ranlib
ac_cv_prog_STRIP=strip
ac_cv_prog_ac_ct_DLLTOOL=dlltool
ac_cv_prog_ac_ct_DUMPBIN='link -dump'
ac_cv_prog_ac_ct_FILECMD=file
ac_cv_prog_ac_ct_MANIFEST_TOOL=mt
ac_cv_prog_ac_ct_OBJDUMP=objdump
ac_cv_prog_ac_ct_STRIP=strip
ac_cv_prog_cc__home_nathan_secure_exec_wasmgui_experiments_wasm_gui_toolchain_clang_wasi_wrap_sh_c_o=yes
ac_cv_prog_cc_c11=
ac_cv_prog_cc_g=yes
ac_cv_prog_cc_stdc=
ac_cv_prog_make_make_set=yes
acl_cv_hardcode_direct=no
acl_cv_hardcode_libdir_flag_spec='${wl}-rpath ${wl}$libdir'
acl_cv_hardcode_libdir_separator=
acl_cv_hardcode_minus_L=no
acl_cv_libext=a
acl_cv_libname_spec='lib$name'
acl_cv_library_names_spec=
acl_cv_path_LD=/home/linuxbrew/.linuxbrew/bin/ld
acl_cv_prog_gnu_ld=yes
acl_cv_rpath=done
acl_cv_shlibext=so
acl_cv_wl=-Wl,
am_cv_CC_dependencies_compiler_type=gcc3
am_cv_make_support_nested_variables=yes
am_cv_prog_cc_c_o=yes
am_cv_prog_tar_ustar=gnutar
gt_cv_func_CFLocaleCopyCurrent=no
gt_cv_func_CFPreferencesCopyAppValue=no
lt_cv_ar_at_file=@
lt_cv_deplibs_check_method=unknown
lt_cv_file_magic_cmd='$MAGIC_CMD'
lt_cv_file_magic_test_file=
lt_cv_ld_reload_flag=-r
lt_cv_nm_interface='BSD nm'
lt_cv_objdir=.libs
lt_cv_path_LD=/home/linuxbrew/.linuxbrew/bin/ld
lt_cv_path_NM=no
lt_cv_path_mainfest_tool=no
lt_cv_prog_compiler_c_o=yes
lt_cv_prog_compiler_pic='-fPIC -DPIC'
lt_cv_prog_compiler_pic_works=yes
lt_cv_prog_compiler_rtti_exceptions=yes
lt_cv_prog_compiler_static_works=yes
lt_cv_prog_gnu_ld=yes
lt_cv_sharedlib_from_linklib_cmd='printf %s\n'
lt_cv_sys_global_symbol_pipe=
lt_cv_sys_global_symbol_to_c_name_address='/usr/bin/sed -n -e '\''s/^: \(.*\) .*$/  {"\1", (void *) 0},/p'\'' -e '\''s/^[ABCDGIRSTW][ABCDGIRSTW]* .* \(.*\)$/  {"\1", (void *) \&\1},/p'\'''
lt_cv_sys_global_symbol_to_c_name_address_lib_prefix='/usr/bin/sed -n -e '\''s/^: \(.*\) .*$/  {"\1", (void *) 0},/p'\'' -e '\''s/^[ABCDGIRSTW][ABCDGIRSTW]* .* \(lib.*\)$/  {"\1", (void *) \&\1},/p'\'' -e '\''s/^[ABCDGIRSTW][ABCDGIRSTW]* .* \(.*\)$/  {"lib\1", (void *) \&\1},/p'\'''
lt_cv_sys_global_symbol_to_cdecl=
lt_cv_sys_global_symbol_to_import=
lt_cv_sys_max_cmd_len=1572864
lt_cv_to_host_file_cmd=func_convert_file_noop
lt_cv_to_tool_file_cmd=func_convert_file_noop
lt_cv_truncate_bin='/usr/bin/dd bs=4096 count=1'
xdt_cv_LIBXTST_check=yes
xdt_cv_PKG_CONFIG_MIN_VERSION=0.9.0
xdt_cv_WAYLAND_enabled=auto
xdt_cv_X11_enabled=auto
xdt_cv_additional_CFLAGS='-Wall -Wextra                                   -Wno-missing-field-initializers                                   -Wno-unused-parameter                                   -Wmissing-declarations                                   -Wmissing-noreturn -Wpointer-arith                                   -Wcast-align -Wformat -Wformat-security -Wformat-y2k                                   -Winit-self -Wmissing-include-dirs -Wundef                                   -Wredundant-decls -Wshadow                             -Wnested-externs                             -Wold-style-definition'
xdt_cv_additional_COMMON_FLAGS='-Wall -Wextra                                   -Wno-missing-field-initializers                                   -Wno-unused-parameter                                   -Wmissing-declarations                                   -Wmissing-noreturn -Wpointer-arith                                   -Wcast-align -Wformat -Wformat-security -Wformat-y2k                                   -Winit-self -Wmissing-include-dirs -Wundef                                   -Wredundant-decls -Wshadow'
xdt_cv_additional_CXXFLAGS='-Wall -Wextra                                   -Wno-missing-field-initializers                                   -Wno-unused-parameter                                   -Wmissing-declarations                                   -Wmissing-noreturn -Wpointer-arith                                   -Wcast-align -Wformat -Wformat-security -Wformat-y2k                                   -Winit-self -Wmissing-include-dirs -Wundef                                   -Wredundant-decls -Wshadow'

## ----------------- ##
## Output variables. ##
## ----------------- ##

ACLOCAL='${SHELL} '\''/home/nathan/secure-exec-wasmgui/experiments/wasm-gui/third_party/xfce4-screenshooter/missing'\'' aclocal-1.16'
AMDEPBACKSLASH='\'
AMDEP_FALSE='#'
AMDEP_TRUE=''
AMTAR='$${TAR-tar}'
AM_BACKSLASH='\'
AM_DEFAULT_V='$(AM_DEFAULT_VERBOSITY)'
AM_DEFAULT_VERBOSITY='0'
AM_V='$(V)'
AR='/home/nathan/secure-exec/registry/native/c/vendor/wasi-sdk/bin/llvm-ar'
AUTOCONF='${SHELL} '\''/home/nathan/secure-exec-wasmgui/experiments/wasm-gui/third_party/xfce4-screenshooter/missing'\'' autoconf'
AUTOHEADER='${SHELL} '\''/home/nathan/secure-exec-wasmgui/experiments/wasm-gui/third_party/xfce4-screenshooter/missing'\'' autoheader'
AUTOMAKE='${SHELL} '\''/home/nathan/secure-exec-wasmgui/experiments/wasm-gui/third_party/xfce4-screenshooter/missing'\'' automake-1.16'
AWK='mawk'
CC='/home/nathan/secure-exec-wasmgui/experiments/wasm-gui/toolchain/clang-wasi-wrap.sh'
CCDEPMODE='depmode=gcc3'
CFLAGS='--target=wasm32-wasip1-threads --sysroot=/home/nathan/secure-exec/registry/native/c/vendor/wasi-sdk/share/wasi-sysroot -O2 -pthread -matomics -mbulk-memory -DSECURE_EXEC_WASM_THREADS -D_WASI_EMULATED_SIGNAL -D_WASI_EMULATED_MMAN -D_WASI_EMULATED_PROCESS_CLOCKS -D_GNU_SOURCE -mllvm -wasm-enable-sjlj -Wno-error=implicit-function-declaration -Wno-error=int-conversion -Wno-int-conversion -I/home/nathan/secure-exec-wasmgui/experiments/wasm-gui/toolchain/compat-include -include /home/nathan/secure-exec-wasmgui/experiments/wasm-gui/toolchain/wasi-compat.h  -Wall -Wextra -Wno-missing-field-initializers -Wno-unused-parameter -Wmissing-declarations -Wmissing-noreturn -Wpointer-arith -Wcast-align -Wformat -Wformat-security -Wformat-y2k -Winit-self -Wmissing-include-dirs -Wundef -Wredundant-decls -Wshadow -Wnested-externs -Wold-style-definition'
CPP='/home/nathan/secure-exec-wasmgui/experiments/wasm-gui/toolchain/clang-wasi-wrap.sh -E'
CPPFLAGS='--target=wasm32-wasip1-threads --sysroot=/home/nathan/secure-exec/registry/native/c/vendor/wasi-sdk/share/wasi-sysroot -I/home/nathan/secure-exec-wasmgui/experiments/wasm-gui/third_party/wasm-prefix-threads/include -I/home/nathan/secure-exec-wasmgui/experiments/wasm-gui/toolchain/compat-include -include /home/nathan/secure-exec-wasmgui/experiments/wasm-gui/toolchain/wasi-compat.h -DNDEBUG -DG_DISABLE_CAST_CHECKS -DG_DISABLE_ASSERT'
CSCOPE='cscope'
CTAGS='ctags'
CYGPATH_W='echo'
DEFS='-DHAVE_CONFIG_H'
DEPDIR='.deps'
DLLTOOL='dlltool'
DSYMUTIL=''
DUMPBIN=':'
ECHO_C=''
ECHO_N='-n'
ECHO_T=''
EGREP='/usr/bin/grep -E'
ENABLE_WAYLAND_FALSE=''
ENABLE_WAYLAND_TRUE='#'
ENABLE_X11_FALSE='#'
ENABLE_X11_TRUE=''
ETAGS='etags'
EXEEXT=''
EXO_CFLAGS='-I/home/nathan/secure-exec-wasmgui/experiments/wasm-gui/third_party/wasm-prefix-threads/include/exo-2 -I/home/nathan/secure-exec-wasmgui/experiments/wasm-gui/third_party/wasm-prefix-threads/include/gtk-3.0 -I/home/nathan/secure-exec-wasmgui/experiments/wasm-gui/third_party/pango/build-wasm-threads -I/home/nathan/secure-exec-wasmgui/experiments/wasm-gui/third_party/pango -I/home/nathan/secure-exec-wasmgui/experiments/wasm-gui/third_party/pango/build-wasm-threads/pango -I/home/nathan/secure-exec-wasmgui/experiments/wasm-gui/third_party/pango/pango -I/home/nathan/secure-exec-wasmgui/experiments/wasm-gui/third_party/wasm-prefix-threads/include/glib-2.0 -I/home/nathan/secure-exec-wasmgui/experiments/wasm-gui/third_party/wasm-prefix-threads/lib/glib-2.0/include -I/home/nathan/secure-exec-wasmgui/experiments/wasm-gui/third_party/wasm-prefix-threads/include -I/home/nathan/secure-exec-wasmgui/experiments/wasm-gui/third_party/wasm-prefix-threads/include/fribidi -I/home/nathan/secure-exec-wasmgui/experiments/wasm-gui/third_party/harfbuzz/build-wasm-threads -I/home/nathan/secure-exec-wasmgui/experiments/wasm-gui/third_party/harfbuzz -I/home/nathan/secure-exec-wasmgui/experiments/wasm-gui/third_party/harfbuzz/build-wasm-threads/src -I/home/nathan/secure-exec-wasmgui/experiments/wasm-gui/third_party/harfbuzz/src -I/home/nathan/secure-exec-wasmgui/experiments/wasm-gui/third_party/wasm-prefix-threads/include/freetype2 -I/home/nathan/secure-exec-wasmgui/experiments/wasm-gui/third_party/wasm-prefix-threads/include/cairo -I/home/nathan/secure-exec-wasmgui/experiments/wasm-gui/third_party/wasm-prefix-threads/include/pixman-1 -I/home/nathan/secure-exec-wasmgui/experiments/wasm-gui/third_party/wasm-prefix-threads/include/gdk-pixbuf-2.0 -I/home/nathan/secure-exec-wasmgui/experiments/wasm-gui/third_party/wasm-prefix-threads/include/gio-unix-2.0 -I/home/nathan/secure-exec-wasmgui/experiments/wasm-gui/third_party/wasm-prefix/include -I/home/nathan/secure-exec-wasmgui/experiments/wasm-gui/third_party/wasm-prefix-threads/include/atk-1.0 -I/home/nathan/secure-exec-wasmgui/experiments/wasm-gui/third_party/wasm-prefix-threads/include/at-spi2-atk/2.0 -I/home/nathan/secure-exec-wasmgui/experiments/wasm-gui/third_party/wasm-prefix-threads/include/xfce4 -pthread -DPCRE2_STATIC '
EXO_LIBS='-L/home/nathan/secure-exec-wasmgui/experiments/wasm-gui/third_party/wasm-prefix-threads/lib -lexo-2 -lgtk-3 -lgdk-3 -L/home/nathan/secure-exec-wasmgui/experiments/wasm-gui/third_party/pango/build-wasm-threads/pango -lintl -L/home/nathan/secure-exec-wasmgui/experiments/wasm-gui/third_party/harfbuzz/build-wasm-threads/src -lm -lpangocairo-1.0 -lintl -lm -lpangoft2-1.0 -lpango-1.0 -lintl -lm -lintl -lm -lintl -lfribidi -lharfbuzz -lm -lXft -lintl -lintl -lz -latk-1.0 -lcairo-gobject -lcairo -ldl -lz -lfontconfig -lexpat -lfreetype -lXext -lXrender -lX11 -lpixman-1 -lgdk_pixbuf-2.0 -lpng16 -lintl -lintl -lgio-2.0 -lgobject-2.0 -lffi -lgmodule-2.0 -lintl -lz -lxfce4util -lglib-2.0 -lintl -lm -pthread -lpcre2-8 '
EXO_REQUIRED_VERSION='0.12.0'
EXO_VERSION='4.18.0'
FGREP='/usr/bin/grep -F'
FILECMD='file'
GDKX11_CFLAGS='-I/home/nathan/secure-exec-wasmgui/experiments/wasm-gui/third_party/wasm-prefix-threads/include/gtk-3.0 -I/home/nathan/secure-exec-wasmgui/experiments/wasm-gui/third_party/pango/build-wasm-threads -I/home/nathan/secure-exec-wasmgui/experiments/wasm-gui/third_party/pango -I/home/nathan/secure-exec-wasmgui/experiments/wasm-gui/third_party/pango/build-wasm-threads/pango -I/home/nathan/secure-exec-wasmgui/experiments/wasm-gui/third_party/pango/pango -I/home/nathan/secure-exec-wasmgui/experiments/wasm-gui/third_party/wasm-prefix-threads/include/glib-2.0 -I/home/nathan/secure-exec-wasmgui/experiments/wasm-gui/third_party/wasm-prefix-threads/lib/glib-2.0/include -I/home/nathan/secure-exec-wasmgui/experiments/wasm-gui/third_party/wasm-prefix-threads/include -I/home/nathan/secure-exec-wasmgui/experiments/wasm-gui/third_party/wasm-prefix-threads/include/fribidi -I/home/nathan/secure-exec-wasmgui/experiments/wasm-gui/third_party/harfbuzz/build-wasm-threads -I/home/nathan/secure-exec-wasmgui/experiments/wasm-gui/third_party/harfbuzz -I/home/nathan/secure-exec-wasmgui/experiments/wasm-gui/third_party/harfbuzz/build-wasm-threads/src -I/home/nathan/secure-exec-wasmgui/experiments/wasm-gui/third_party/harfbuzz/src -I/home/nathan/secure-exec-wasmgui/experiments/wasm-gui/third_party/wasm-prefix-threads/include/freetype2 -I/home/nathan/secure-exec-wasmgui/experiments/wasm-gui/third_party/wasm-prefix-threads/include/cairo -I/home/nathan/secure-exec-wasmgui/experiments/wasm-gui/third_party/wasm-prefix-threads/include/pixman-1 -I/home/nathan/secure-exec-wasmgui/experiments/wasm-gui/third_party/wasm-prefix-threads/include/gdk-pixbuf-2.0 -I/home/nathan/secure-exec-wasmgui/experiments/wasm-gui/third_party/wasm-prefix-threads/include/gio-unix-2.0 -DPCRE2_STATIC -pthread -I/home/nathan/secure-exec-wasmgui/experiments/wasm-gui/third_party/wasm-prefix/include '
GDKX11_LIBS='-L/home/nathan/secure-exec-wasmgui/experiments/wasm-gui/third_party/wasm-prefix-threads/lib -lgdk-3 -L/home/nathan/secure-exec-wasmgui/experiments/wasm-gui/third_party/pango/build-wasm-threads/pango -lintl -L/home/nathan/secure-exec-wasmgui/experiments/wasm-gui/third_party/harfbuzz/build-wasm-threads/src -lm -lpangocairo-1.0 -lintl -lm -lpangoft2-1.0 -lpango-1.0 -lintl -lm -lintl -lm -lintl -lfribidi -lharfbuzz -lm -lXft -lgdk_pixbuf-2.0 -lintl -lgio-2.0 -lgmodule-2.0 -lintl -lcairo-gobject -lcairo -ldl -lpng16 -lz -lfontconfig -lexpat -lgobject-2.0 -lglib-2.0 -lintl -lpcre2-8 -lffi -lfreetype -lz -lXext -lXrender -lX11 -lpixman-1 -lm -pthread '
GDKX11_REQUIRED_VERSION='3.24.0'
GDKX11_VERSION='3.24.43'
GDK_CFLAGS='-I/home/nathan/secure-exec-wasmgui/experiments/wasm-gui/third_party/wasm-prefix-threads/include/gtk-3.0 -I/home/nathan/secure-exec-wasmgui/experiments/wasm-gui/third_party/pango/build-wasm-threads -I/home/nathan/secure-exec-wasmgui/experiments/wasm-gui/third_party/pango -I/home/nathan/secure-exec-wasmgui/experiments/wasm-gui/third_party/pango/build-wasm-threads/pango -I/home/nathan/secure-exec-wasmgui/experiments/wasm-gui/third_party/pango/pango -I/home/nathan/secure-exec-wasmgui/experiments/wasm-gui/third_party/wasm-prefix-threads/include/glib-2.0 -I/home/nathan/secure-exec-wasmgui/experiments/wasm-gui/third_party/wasm-prefix-threads/lib/glib-2.0/include -I/home/nathan/secure-exec-wasmgui/experiments/wasm-gui/third_party/wasm-prefix-threads/include -I/home/nathan/secure-exec-wasmgui/experiments/wasm-gui/third_party/wasm-prefix-threads/include/fribidi -I/home/nathan/secure-exec-wasmgui/experiments/wasm-gui/third_party/harfbuzz/build-wasm-threads -I/home/nathan/secure-exec-wasmgui/experiments/wasm-gui/third_party/harfbuzz -I/home/nathan/secure-exec-wasmgui/experiments/wasm-gui/third_party/harfbuzz/build-wasm-threads/src -I/home/nathan/secure-exec-wasmgui/experiments/wasm-gui/third_party/harfbuzz/src -I/home/nathan/secure-exec-wasmgui/experiments/wasm-gui/third_party/wasm-prefix-threads/include/freetype2 -I/home/nathan/secure-exec-wasmgui/experiments/wasm-gui/third_party/wasm-prefix-threads/include/cairo -I/home/nathan/secure-exec-wasmgui/experiments/wasm-gui/third_party/wasm-prefix-threads/include/pixman-1 -I/home/nathan/secure-exec-wasmgui/experiments/wasm-gui/third_party/wasm-prefix-threads/include/gdk-pixbuf-2.0 -I/home/nathan/secure-exec-wasmgui/experiments/wasm-gui/third_party/wasm-prefix-threads/include/gio-unix-2.0 -DPCRE2_STATIC -pthread -I/home/nathan/secure-exec-wasmgui/experiments/wasm-gui/third_party/wasm-prefix/include '
GDK_LIBS='-L/home/nathan/secure-exec-wasmgui/experiments/wasm-gui/third_party/wasm-prefix-threads/lib -lgdk-3 -L/home/nathan/secure-exec-wasmgui/experiments/wasm-gui/third_party/pango/build-wasm-threads/pango -lintl -L/home/nathan/secure-exec-wasmgui/experiments/wasm-gui/third_party/harfbuzz/build-wasm-threads/src -lm -lpangocairo-1.0 -lintl -lm -lpangoft2-1.0 -lpango-1.0 -lintl -lm -lintl -lm -lintl -lfribidi -lharfbuzz -lm -lXft -lgdk_pixbuf-2.0 -lintl -lgio-2.0 -lgmodule-2.0 -lintl -lcairo-gobject -lcairo -ldl -lpng16 -lz -lfontconfig -lexpat -lgobject-2.0 -lglib-2.0 -lintl -lpcre2-8 -lffi -lfreetype -lz -lXext -lXrender -lX11 -lpixman-1 -lm -pthread '
GDK_REQUIRED_VERSION='3.24.0'
GDK_VERSION='3.24.43'
GDK_WAYLAND_CFLAGS=''
GDK_WAYLAND_LIBS=''
GDK_WAYLAND_REQUIRED_VERSION=''
GDK_WAYLAND_VERSION=''
GETTEXT_MACRO_VERSION='0.19'
GETTEXT_PACKAGE='xfce4-screenshooter'
GLIB_CFLAGS='-I/home/nathan/secure-exec-wasmgui/experiments/wasm-gui/third_party/wasm-prefix-threads/include/glib-2.0 -pthread -I/home/nathan/secure-exec-wasmgui/experiments/wasm-gui/third_party/wasm-prefix-threads/lib/glib-2.0/include -I/home/nathan/secure-exec-wasmgui/experiments/wasm-gui/third_party/wasm-prefix-threads/include -DPCRE2_STATIC '
GLIB_LIBS='-L/home/nathan/secure-exec-wasmgui/experiments/wasm-gui/third_party/wasm-prefix-threads/lib -lglib-2.0 -lintl -lm -pthread -lpcre2-8 '
GLIB_REQUIRED_VERSION='2.66.0'
GLIB_VERSION='2.78.4'
GMSGFMT=':'
GMSGFMT_015=':'
GREP='/usr/bin/grep'
GTHREAD_CFLAGS='-I/home/nathan/secure-exec-wasmgui/experiments/wasm-gui/third_party/wasm-prefix-threads/include -I/home/nathan/secure-exec-wasmgui/experiments/wasm-gui/third_party/wasm-prefix-threads/include/glib-2.0 -pthread -I/home/nathan/secure-exec-wasmgui/experiments/wasm-gui/third_party/wasm-prefix-threads/lib/glib-2.0/include -DPCRE2_STATIC '
GTHREAD_LIBS='-L/home/nathan/secure-exec-wasmgui/experiments/wasm-gui/third_party/wasm-prefix-threads/lib -lgthread-2.0 -lintl -lglib-2.0 -lintl -lm -pthread -lpcre2-8 '
GTHREAD_REQUIRED_VERSION='2.42.0'
GTHREAD_VERSION='2.78.4'
GTK_CFLAGS='-I/home/nathan/secure-exec-wasmgui/experiments/wasm-gui/third_party/wasm-prefix-threads/include/gtk-3.0 -I/home/nathan/secure-exec-wasmgui/experiments/wasm-gui/third_party/pango/build-wasm-threads -I/home/nathan/secure-exec-wasmgui/experiments/wasm-gui/third_party/pango -I/home/nathan/secure-exec-wasmgui/experiments/wasm-gui/third_party/pango/build-wasm-threads/pango -I/home/nathan/secure-exec-wasmgui/experiments/wasm-gui/third_party/pango/pango -I/home/nathan/secure-exec-wasmgui/experiments/wasm-gui/third_party/wasm-prefix-threads/include/glib-2.0 -I/home/nathan/secure-exec-wasmgui/experiments/wasm-gui/third_party/wasm-prefix-threads/lib/glib-2.0/include -I/home/nathan/secure-exec-wasmgui/experiments/wasm-gui/third_party/wasm-prefix-threads/include -I/home/nathan/secure-exec-wasmgui/experiments/wasm-gui/third_party/wasm-prefix-threads/include/fribidi -I/home/nathan/secure-exec-wasmgui/experiments/wasm-gui/third_party/harfbuzz/build-wasm-threads -I/home/nathan/secure-exec-wasmgui/experiments/wasm-gui/third_party/harfbuzz -I/home/nathan/secure-exec-wasmgui/experiments/wasm-gui/third_party/harfbuzz/build-wasm-threads/src -I/home/nathan/secure-exec-wasmgui/experiments/wasm-gui/third_party/harfbuzz/src -I/home/nathan/secure-exec-wasmgui/experiments/wasm-gui/third_party/wasm-prefix-threads/include/freetype2 -I/home/nathan/secure-exec-wasmgui/experiments/wasm-gui/third_party/wasm-prefix-threads/include/cairo -I/home/nathan/secure-exec-wasmgui/experiments/wasm-gui/third_party/wasm-prefix-threads/include/pixman-1 -I/home/nathan/secure-exec-wasmgui/experiments/wasm-gui/third_party/wasm-prefix-threads/include/gdk-pixbuf-2.0 -I/home/nathan/secure-exec-wasmgui/experiments/wasm-gui/third_party/wasm-prefix-threads/include/gio-unix-2.0 -I/home/nathan/secure-exec-wasmgui/experiments/wasm-gui/third_party/wasm-prefix/include -I/home/nathan/secure-exec-wasmgui/experiments/wasm-gui/third_party/wasm-prefix-threads/include/atk-1.0 -I/home/nathan/secure-exec-wasmgui/experiments/wasm-gui/third_party/wasm-prefix-threads/include/at-spi2-atk/2.0 -pthread -DPCRE2_STATIC '
GTK_LIBS='-L/home/nathan/secure-exec-wasmgui/experiments/wasm-gui/third_party/wasm-prefix-threads/lib -lgtk-3 -lgdk-3 -L/home/nathan/secure-exec-wasmgui/experiments/wasm-gui/third_party/pango/build-wasm-threads/pango -lintl -L/home/nathan/secure-exec-wasmgui/experiments/wasm-gui/third_party/harfbuzz/build-wasm-threads/src -lm -lpangocairo-1.0 -lintl -lm -lpangoft2-1.0 -lpango-1.0 -lintl -lm -lintl -lm -lintl -lfribidi -lharfbuzz -lm -lXft -lintl -lintl -lz -latk-1.0 -lcairo-gobject -lcairo -ldl -lz -lfontconfig -lexpat -lfreetype -lXext -lXrender -lX11 -lpixman-1 -lgdk_pixbuf-2.0 -lpng16 -lintl -lintl -lgio-2.0 -lgobject-2.0 -lffi -lgmodule-2.0 -lintl -lglib-2.0 -lintl -lm -pthread -lpcre2-8 -lz '
GTK_REQUIRED_VERSION='3.24.0'
GTK_VERSION='3.24.43'
HAVE_HELP2MAN_FALSE=''
HAVE_HELP2MAN_TRUE='#'
HAVE_LIBXTST_FALSE='#'
HAVE_LIBXTST_TRUE=''
HELP2MAN=''
INSTALL_DATA='${INSTALL} -m 644'
INSTALL_PROGRAM='${INSTALL}'
INSTALL_SCRIPT='${INSTALL}'
INSTALL_STRIP_PROGRAM='$(install_sh) -c -s'
INTLLIBS=''
INTL_MACOSX_LIBS=''
LD='/home/linuxbrew/.linuxbrew/bin/ld'
LDFLAGS='--target=wasm32-wasip1-threads --sysroot=/home/nathan/secure-exec/registry/native/c/vendor/wasi-sdk/share/wasi-sysroot -Wl,--shared-memory -Wl,--import-memory -Wl,--export-memory -Wl,--max-memory=536870912 -Wl,--export=wasi_thread_start -Wl,--no-check-features -lwasi-emulated-signal -L/home/nathan/secure-exec-wasmgui/experiments/wasm-gui/third_party/wasm-prefix-threads/lib -L/home/nathan/secure-exec/registry/native/c/vendor/wasi-sdk/share/wasi-sysroot/lib/wasm32-wasip1-threads -lwasi-emulated-mman -lwasi-emulated-process-clocks'
LIBICONV='-liconv'
LIBINTL=''
LIBOBJS=''
LIBS=''
LIBTOOL='$(SHELL) $(top_builddir)/libtool'
LIBX11_CFLAGS='-I/home/nathan/secure-exec-wasmgui/experiments/wasm-gui/third_party/wasm-prefix-threads/include '
LIBX11_LIBS='-L/home/nathan/secure-exec-wasmgui/experiments/wasm-gui/third_party/wasm-prefix-threads/lib -lX11 '
LIBX11_REQUIRED_VERSION='1.6.7'
LIBX11_VERSION='1.8.13'
LIBXEXT_CFLAGS='-I/home/nathan/secure-exec-wasmgui/experiments/wasm-gui/third_party/wasm-prefix-threads/include '
LIBXEXT_LIBS='-L/home/nathan/secure-exec-wasmgui/experiments/wasm-gui/third_party/wasm-prefix-threads/lib -lXext '
LIBXEXT_REQUIRED_VERSION='1.0.0'
LIBXEXT_VERSION='1.3.7'
LIBXFCE4PANEL_CFLAGS='-I/home/nathan/secure-exec-wasmgui/experiments/wasm-gui/third_party/wasm-prefix-threads/include/xfce4/libxfce4panel-2.0 -I/home/nathan/secure-exec-wasmgui/experiments/wasm-gui/third_party/wasm-prefix-threads/include/gtk-3.0 -I/home/nathan/secure-exec-wasmgui/experiments/wasm-gui/third_party/pango/build-wasm-threads -I/home/nathan/secure-exec-wasmgui/experiments/wasm-gui/third_party/pango -I/home/nathan/secure-exec-wasmgui/experiments/wasm-gui/third_party/pango/build-wasm-threads/pango -I/home/nathan/secure-exec-wasmgui/experiments/wasm-gui/third_party/pango/pango -I/home/nathan/secure-exec-wasmgui/experiments/wasm-gui/third_party/wasm-prefix-threads/include/glib-2.0 -I/home/nathan/secure-exec-wasmgui/experiments/wasm-gui/third_party/wasm-prefix-threads/lib/glib-2.0/include -I/home/nathan/secure-exec-wasmgui/experiments/wasm-gui/third_party/wasm-prefix-threads/include -I/home/nathan/secure-exec-wasmgui/experiments/wasm-gui/third_party/wasm-prefix-threads/include/fribidi -I/home/nathan/secure-exec-wasmgui/experiments/wasm-gui/third_party/harfbuzz/build-wasm-threads -I/home/nathan/secure-exec-wasmgui/experiments/wasm-gui/third_party/harfbuzz -I/home/nathan/secure-exec-wasmgui/experiments/wasm-gui/third_party/harfbuzz/build-wasm-threads/src -I/home/nathan/secure-exec-wasmgui/experiments/wasm-gui/third_party/harfbuzz/src -I/home/nathan/secure-exec-wasmgui/experiments/wasm-gui/third_party/wasm-prefix-threads/include/freetype2 -I/home/nathan/secure-exec-wasmgui/experiments/wasm-gui/third_party/wasm-prefix-threads/include/cairo -I/home/nathan/secure-exec-wasmgui/experiments/wasm-gui/third_party/wasm-prefix-threads/include/pixman-1 -I/home/nathan/secure-exec-wasmgui/experiments/wasm-gui/third_party/wasm-prefix-threads/include/gdk-pixbuf-2.0 -I/home/nathan/secure-exec-wasmgui/experiments/wasm-gui/third_party/wasm-prefix-threads/include/gio-unix-2.0 -I/home/nathan/secure-exec-wasmgui/experiments/wasm-gui/third_party/wasm-prefix/include -I/home/nathan/secure-exec-wasmgui/experiments/wasm-gui/third_party/wasm-prefix-threads/include/atk-1.0 -I/home/nathan/secure-exec-wasmgui/experiments/wasm-gui/third_party/wasm-prefix-threads/include/at-spi2-atk/2.0 -I/home/nathan/secure-exec-wasmgui/experiments/wasm-gui/third_party/wasm-prefix-threads/include/xfce4 -pthread -DPCRE2_STATIC '
LIBXFCE4PANEL_LIBS='-L/home/nathan/secure-exec-wasmgui/experiments/wasm-gui/third_party/wasm-prefix-threads/lib -lxfce4panel-2.0 -lgtk-3 -lgdk-3 -L/home/nathan/secure-exec-wasmgui/experiments/wasm-gui/third_party/pango/build-wasm-threads/pango -lintl -L/home/nathan/secure-exec-wasmgui/experiments/wasm-gui/third_party/harfbuzz/build-wasm-threads/src -lm -lpangocairo-1.0 -lintl -lm -lpangoft2-1.0 -lpango-1.0 -lintl -lm -lintl -lm -lintl -lfribidi -lharfbuzz -lm -lXft -lintl -lintl -lz -latk-1.0 -lcairo-gobject -lcairo -ldl -lz -lfontconfig -lexpat -lfreetype -lXext -lXrender -lX11 -lpixman-1 -lgdk_pixbuf-2.0 -lpng16 -lintl -lintl -lgio-2.0 -lgobject-2.0 -lffi -lintl -lz -Wl,--export-dynamic -lgmodule-2.0 -lintl -lxfce4util -lglib-2.0 -lintl -lm -pthread -lpcre2-8 '
LIBXFCE4PANEL_REQUIRED_VERSION='4.16.0'
LIBXFCE4PANEL_VERSION='4.18.6'
LIBXFCE4UI_CFLAGS='-I/home/nathan/secure-exec-wasmgui/experiments/wasm-gui/third_party/wasm-prefix-threads/include/xfce4/libxfce4ui-2 -I/home/nathan/secure-exec-wasmgui/experiments/wasm-gui/third_party/wasm-prefix-threads/include/gtk-3.0 -I/home/nathan/secure-exec-wasmgui/experiments/wasm-gui/third_party/pango/build-wasm-threads -I/home/nathan/secure-exec-wasmgui/experiments/wasm-gui/third_party/pango -I/home/nathan/secure-exec-wasmgui/experiments/wasm-gui/third_party/pango/build-wasm-threads/pango -I/home/nathan/secure-exec-wasmgui/experiments/wasm-gui/third_party/pango/pango -I/home/nathan/secure-exec-wasmgui/experiments/wasm-gui/third_party/wasm-prefix-threads/include/glib-2.0 -I/home/nathan/secure-exec-wasmgui/experiments/wasm-gui/third_party/wasm-prefix-threads/lib/glib-2.0/include -I/home/nathan/secure-exec-wasmgui/experiments/wasm-gui/third_party/wasm-prefix-threads/include -I/home/nathan/secure-exec-wasmgui/experiments/wasm-gui/third_party/wasm-prefix-threads/include/fribidi -I/home/nathan/secure-exec-wasmgui/experiments/wasm-gui/third_party/harfbuzz/build-wasm-threads -I/home/nathan/secure-exec-wasmgui/experiments/wasm-gui/third_party/harfbuzz -I/home/nathan/secure-exec-wasmgui/experiments/wasm-gui/third_party/harfbuzz/build-wasm-threads/src -I/home/nathan/secure-exec-wasmgui/experiments/wasm-gui/third_party/harfbuzz/src -I/home/nathan/secure-exec-wasmgui/experiments/wasm-gui/third_party/wasm-prefix-threads/include/freetype2 -I/home/nathan/secure-exec-wasmgui/experiments/wasm-gui/third_party/wasm-prefix-threads/include/cairo -I/home/nathan/secure-exec-wasmgui/experiments/wasm-gui/third_party/wasm-prefix-threads/include/pixman-1 -I/home/nathan/secure-exec-wasmgui/experiments/wasm-gui/third_party/wasm-prefix-threads/include/gdk-pixbuf-2.0 -I/home/nathan/secure-exec-wasmgui/experiments/wasm-gui/third_party/wasm-prefix-threads/include/gio-unix-2.0 -I/home/nathan/secure-exec-wasmgui/experiments/wasm-gui/third_party/wasm-prefix/include -I/home/nathan/secure-exec-wasmgui/experiments/wasm-gui/third_party/wasm-prefix-threads/include/atk-1.0 -I/home/nathan/secure-exec-wasmgui/experiments/wasm-gui/third_party/wasm-prefix-threads/include/at-spi2-atk/2.0 -I/home/nathan/secure-exec-wasmgui/experiments/wasm-gui/third_party/wasm-prefix-threads/include/xfce4 -pthread -DPCRE2_STATIC '
LIBXFCE4UI_LIBS='-L/home/nathan/secure-exec-wasmgui/experiments/wasm-gui/third_party/wasm-prefix-threads/lib -lxfce4ui-2 -lgtk-3 -lgdk-3 -L/home/nathan/secure-exec-wasmgui/experiments/wasm-gui/third_party/pango/build-wasm-threads/pango -lintl -L/home/nathan/secure-exec-wasmgui/experiments/wasm-gui/third_party/harfbuzz/build-wasm-threads/src -lm -lpangocairo-1.0 -lintl -lm -lpangoft2-1.0 -lpango-1.0 -lintl -lm -lintl -lm -lintl -lfribidi -lharfbuzz -lm -lXft -lintl -lintl -lz -latk-1.0 -lcairo-gobject -lcairo -ldl -lz -lfontconfig -lexpat -lfreetype -lXext -lXrender -lX11 -lpixman-1 -lgdk_pixbuf-2.0 -lpng16 -lintl -lintl -lgio-2.0 -lgobject-2.0 -lffi -lgmodule-2.0 -lintl -lz -lxfce4util -lglib-2.0 -lintl -lm -pthread -lpcre2-8 '
LIBXFCE4UI_REQUIRED_VERSION='4.16.0'
LIBXFCE4UI_VERSION='4.18.6'
LIBXFCE4UTIL_CFLAGS='-I/home/nathan/secure-exec-wasmgui/experiments/wasm-gui/third_party/wasm-prefix-threads/include/xfce4 -I/home/nathan/secure-exec-wasmgui/experiments/wasm-gui/third_party/wasm-prefix-threads/include/glib-2.0 -pthread -I/home/nathan/secure-exec-wasmgui/experiments/wasm-gui/third_party/wasm-prefix-threads/lib/glib-2.0/include -I/home/nathan/secure-exec-wasmgui/experiments/wasm-gui/third_party/wasm-prefix-threads/include -DPCRE2_STATIC '
LIBXFCE4UTIL_LIBS='-L/home/nathan/secure-exec-wasmgui/experiments/wasm-gui/third_party/wasm-prefix-threads/lib -lxfce4util -lglib-2.0 -lintl -lm -pthread -lpcre2-8 '
LIBXFCE4UTIL_REQUIRED_VERSION='4.16.0'
LIBXFCE4UTIL_VERSION='4.18.2'
LIBXTST_CFLAGS='-I/home/nathan/secure-exec-wasmgui/experiments/wasm-gui/third_party/wasm-prefix-threads/include '
LIBXTST_LIBS='-L/home/nathan/secure-exec-wasmgui/experiments/wasm-gui/third_party/wasm-prefix-threads/lib -lXtst '
LIBXTST_REQUIRED_VERSION='libxtst_min_version'
LIBXTST_VERSION='1.2.5'
LIPO=''
LN_S='ln -s'
LTLIBICONV='-liconv'
LTLIBINTL=''
LTLIBOBJS=''
LT_SYS_LIBRARY_PATH=''
MAINT='#'
MAINTAINER_MODE_FALSE=''
MAINTAINER_MODE_TRUE='#'
MAKEINFO='${SHELL} '\''/home/nathan/secure-exec-wasmgui/experiments/wasm-gui/third_party/xfce4-screenshooter/missing'\'' makeinfo'
MANIFEST_TOOL=':'
MKDIR_P='/usr/bin/mkdir -p'
MSGFMT=':'
MSGFMT_015=':'
MSGMERGE=':'
NM='nm'
NMEDIT=''
OBJDUMP='objdump'
OBJEXT='o'
OTOOL64=''
OTOOL=''
PACKAGE='xfce4-screenshooter'
PACKAGE_BUGREPORT='https://gitlab.xfce.org/apps/xfce4-screenshooter'
PACKAGE_NAME='xfce4-screenshooter'
PACKAGE_STRING='xfce4-screenshooter 1.11.1'
PACKAGE_TARNAME='xfce4-screenshooter'
PACKAGE_URL=''
PACKAGE_VERSION='1.11.1'
PANGO_CFLAGS='-I/home/nathan/secure-exec-wasmgui/experiments/wasm-gui/third_party/pango/build-wasm-threads -I/home/nathan/secure-exec-wasmgui/experiments/wasm-gui/third_party/pango -I/home/nathan/secure-exec-wasmgui/experiments/wasm-gui/third_party/pango/build-wasm-threads/pango -I/home/nathan/secure-exec-wasmgui/experiments/wasm-gui/third_party/pango/pango -I/home/nathan/secure-exec-wasmgui/experiments/wasm-gui/third_party/wasm-prefix-threads/include/glib-2.0 -I/home/nathan/secure-exec-wasmgui/experiments/wasm-gui/third_party/wasm-prefix-threads/lib/glib-2.0/include -I/home/nathan/secure-exec-wasmgui/experiments/wasm-gui/third_party/wasm-prefix-threads/include -I/home/nathan/secure-exec-wasmgui/experiments/wasm-gui/third_party/wasm-prefix-threads/include/fribidi -I/home/nathan/secure-exec-wasmgui/experiments/wasm-gui/third_party/harfbuzz/build-wasm-threads -I/home/nathan/secure-exec-wasmgui/experiments/wasm-gui/third_party/harfbuzz -I/home/nathan/secure-exec-wasmgui/experiments/wasm-gui/third_party/harfbuzz/build-wasm-threads/src -I/home/nathan/secure-exec-wasmgui/experiments/wasm-gui/third_party/harfbuzz/src -I/home/nathan/secure-exec-wasmgui/experiments/wasm-gui/third_party/wasm-prefix-threads/include/freetype2 -DPCRE2_STATIC -I/home/nathan/secure-exec-wasmgui/experiments/wasm-gui/third_party/wasm-prefix-threads/include/cairo -I/home/nathan/secure-exec-wasmgui/experiments/wasm-gui/third_party/wasm-prefix-threads/include/pixman-1 -pthread '
PANGO_LIBS='-L/home/nathan/secure-exec-wasmgui/experiments/wasm-gui/third_party/pango/build-wasm-threads/pango -lpango-1.0 -L/home/nathan/secure-exec-wasmgui/experiments/wasm-gui/third_party/wasm-prefix-threads/lib -lgio-2.0 -lgobject-2.0 -lffi -lgmodule-2.0 -lintl -lfribidi -L/home/nathan/secure-exec-wasmgui/experiments/wasm-gui/third_party/harfbuzz/build-wasm-threads/src -lharfbuzz -lm -lglib-2.0 -lintl -lpcre2-8 -lXft -lcairo -ldl -lpng16 -lfontconfig -lexpat -lfreetype -lz -lXext -lXrender -lX11 -lpixman-1 -lm -pthread '
PANGO_REQUIRED_VERSION='1.44.0'
PANGO_VERSION='1.52.2'
PATH_SEPARATOR=':'
PKG_CONFIG='/usr/bin/pkg-config'
PKG_CONFIG_LIBDIR='/home/nathan/secure-exec-wasmgui/experiments/wasm-gui/third_party/wasm-prefix-threads/lib/pkgconfig:/home/nathan/secure-exec-wasmgui/experiments/wasm-gui/third_party/wasm-prefix-threads/share/pkgconfig'
PKG_CONFIG_PATH=''
POSUB=''
RANLIB='/home/nathan/secure-exec/registry/native/c/vendor/wasi-sdk/bin/llvm-ranlib'
SED='/usr/bin/sed'
SET_MAKE=''
SHELL='/bin/bash'
STRIP='strip'
USE_NLS='no'
VERSION='1.11.1'
WAYLAND_CLIENT_CFLAGS=''
WAYLAND_CLIENT_LIBS=''
WAYLAND_CLIENT_REQUIRED_VERSION=''
WAYLAND_CLIENT_VERSION=''
WAYLAND_SCANNER_CFLAGS=''
WAYLAND_SCANNER_LIBS=''
WAYLAND_SCANNER_REQUIRED_VERSION=''
WAYLAND_SCANNER_VERSION=''
WLR_PROTOCOLS_PKGDATADIR=''
XFCONF_CFLAGS='-I/home/nathan/secure-exec-wasmgui/experiments/wasm-gui/third_party/wasm-prefix-threads/include/xfce4/xfconf-0 -I/home/nathan/secure-exec-wasmgui/experiments/wasm-gui/third_party/wasm-prefix-threads/include -I/home/nathan/secure-exec-wasmgui/experiments/wasm-gui/third_party/wasm-prefix-threads/include/glib-2.0 -I/home/nathan/secure-exec-wasmgui/experiments/wasm-gui/third_party/wasm-prefix-threads/lib/glib-2.0/include -pthread -DPCRE2_STATIC '
XFCONF_LIBS='-L/home/nathan/secure-exec-wasmgui/experiments/wasm-gui/third_party/wasm-prefix-threads/lib -lxfconf-0 -lgio-2.0 -lgobject-2.0 -lffi -lgmodule-2.0 -lintl -lglib-2.0 -lintl -lm -pthread -lpcre2-8 -lz '
XFCONF_REQUIRED_VERSION='4.16.0'
XFCONF_VERSION='4.18.3'
XFIXES_CFLAGS='-I/home/nathan/secure-exec-wasmgui/experiments/wasm-gui/third_party/wasm-prefix-threads/include '
XFIXES_LIBS='-L/home/nathan/secure-exec-wasmgui/experiments/wasm-gui/third_party/wasm-prefix-threads/lib -lXfixes '
XFIXES_REQUIRED_VERSION='4.0.0'
XFIXES_VERSION='6.0.1'
XGETTEXT=':'
XGETTEXT_015=':'
XGETTEXT_EXTRA_OPTIONS=''
XINPUT2_CFLAGS='-I/home/nathan/secure-exec-wasmgui/experiments/wasm-gui/third_party/wasm-prefix-threads/include '
XINPUT2_LIBS='-L/home/nathan/secure-exec-wasmgui/experiments/wasm-gui/third_party/wasm-prefix-threads/lib -lXi '
XINPUT2_REQUIRED_VERSION='1.7.8'
XINPUT2_VERSION='1.8.2'
ac_ct_AR=''
ac_ct_CC=''
ac_ct_DUMPBIN='link -dump'
am__EXEEXT_FALSE=''
am__EXEEXT_TRUE='#'
am__fastdepCC_FALSE='#'
am__fastdepCC_TRUE=''
am__include='include'
am__isrc=''
am__leading_dot='.'
am__nodep='_no'
am__quote=''
am__tar='tar --format=ustar -chf - "$$tardir"'
am__untar='tar -xf -'
bindir='${exec_prefix}/bin'
build='x86_64-pc-linux-gnux32'
build_alias=''
build_cpu='x86_64'
build_os='linux-gnux32'
build_vendor='pc'
datadir='/usr/share'
datarootdir='${prefix}/share'
docdir='${datarootdir}/doc/${PACKAGE_TARNAME}'
dvidir='${docdir}'
exec_prefix='${prefix}'
host='wasm32-unknown-wasi'
host_alias='wasm32-wasi'
host_cpu='wasm32'
host_os='wasi'
host_vendor='unknown'
htmldir='${docdir}'
includedir='${prefix}/include'
infodir='${datarootdir}/info'
install_sh='${SHELL} /home/nathan/secure-exec-wasmgui/experiments/wasm-gui/third_party/xfce4-screenshooter/install-sh'
libdir='${exec_prefix}/lib'
libexecdir='${exec_prefix}/libexec'
localedir='${datarootdir}/locale'
localstatedir='${prefix}/var'
mandir='${datarootdir}/man'
mkdir_p='$(MKDIR_P)'
oldincludedir='/usr/include'
pdfdir='${docdir}'
prefix='/home/nathan/secure-exec-wasmgui/experiments/wasm-gui/third_party/wasm-prefix-threads'
program_transform_name='s,x,x,'
psdir='${docdir}'
runstatedir='${localstatedir}/run'
sbindir='${exec_prefix}/sbin'
sharedstatedir='${prefix}/com'
sysconfdir='/etc'
target_alias=''

## ----------- ##
## confdefs.h. ##
## ----------- ##

/* confdefs.h */
#define PACKAGE_NAME "xfce4-screenshooter"
#define PACKAGE_TARNAME "xfce4-screenshooter"
#define PACKAGE_VERSION "1.11.1"
#define PACKAGE_STRING "xfce4-screenshooter 1.11.1"
#define PACKAGE_BUGREPORT "https://gitlab.xfce.org/apps/xfce4-screenshooter"
#define PACKAGE_URL ""
#define PACKAGE "xfce4-screenshooter"
#define VERSION "1.11.1"
#define HAVE_STDIO_H 1
#define HAVE_STDLIB_H 1
#define HAVE_STRING_H 1
#define HAVE_INTTYPES_H 1
#define HAVE_STDINT_H 1
#define HAVE_STRINGS_H 1
#define HAVE_SYS_STAT_H 1
#define HAVE_SYS_TYPES_H 1
#define HAVE_UNISTD_H 1
#define STDC_HEADERS 1
#define HAVE_DLFCN_H 1
#define LT_OBJDIR ".libs/"
#define G_LOG_USE_STRUCTURED 1
#define GLIB_VERSION_MAX_ALLOWED GLIB_VERSION_2_66
#define GLIB_VERSION_MIN_REQUIRED GLIB_VERSION_2_66
#define HAVE_LIBX11 1
#define HAVE_GDKX11 1
#define HAVE_XINPUT2 1
#define HAVE_LIBXEXT 1
#define HAVE_XFIXES 1
#define ENABLE_X11 1
#define HAVE_LIBXTST 1
#define GETTEXT_PACKAGE "xfce4-screenshooter"

configure: exit 0
