This file contains any messages produced by compilers while
running configure, to aid debugging if configure makes a mistake.

It was created by fontconfig configure 2.14.2, which was
generated by GNU Autoconf 2.71.  Invocation command line was

  $ ./configure --host=wasm32-wasi --prefix=/home/nathan/secure-exec-wasmgui/experiments/wasm-gui/third_party/wasm-prefix --enable-static --disable-shared --disable-docs --with-default-fonts=/fonts --sysconfdir=/etc --with-cache-dir=/var/cache/fontconfig

## --------- ##
## Platform. ##
## --------- ##

hostname = nathan-dev
uname -m = x86_64
uname -r = 6.1.0-41-amd64
uname -s = Linux
uname -v = #1 SMP PREEMPT_DYNAMIC Debian 6.1.158-1 (2025-11-09)

/usr/bin/uname -p = unknown
/bin/uname -X     = unknown

/bin/arch              = x86_64
/usr/bin/arch -k       = unknown
/usr/convex/getsysinfo = unknown
/usr/bin/hostinfo      = unknown
/bin/machine           = unknown
/usr/bin/oslevel       = unknown
/bin/universe          = unknown

PATH: /home/linuxbrew/.linuxbrew/bin/
PATH: /home/nathan/misc/bun/bin/
PATH: /home/nathan/.bun/bin/
PATH: /home/nathan/.bun/bin/
PATH: /home/nathan/.bun/bin/
PATH: /home/nathan/.bun/bin/
PATH: /home/nathan/.wasmer/bin/
PATH: /home/nathan/.opencode/bin/
PATH: /home/nathan/.local/bin/
PATH: /home/nathan/.bun/bin/
PATH: /home/nathan/.cargo/bin/
PATH: /home/nathan/.nix-profile/bin/
PATH: /nix/var/nix/profiles/default/bin/
PATH: /home/linuxbrew/.linuxbrew/bin/
PATH: /home/linuxbrew/.linuxbrew/sbin/
PATH: /home/nathan/.local/bin/
PATH: /home/linuxbrew/.linuxbrew/opt/rustup/bin/
PATH: /home/nathan/.local/bin/
PATH: /home/nathan/.atuin/bin/
PATH: /home/nathan/misc/bun/bin/
PATH: /home/nathan/.bun/bin/
PATH: /home/nathan/.bun/bin/
PATH: /home/nathan/.bun/bin/
PATH: /home/nathan/.bun/bin/
PATH: /home/nathan/.wasmer/bin/
PATH: /home/nathan/.deno/bin/
PATH: /home/nathan/.opencode/bin/
PATH: /home/nathan/.local/bin/
PATH: /home/nathan/.bun/bin/
PATH: /home/nathan/.cargo/bin/
PATH: /home/nathan/.nix-profile/bin/
PATH: /nix/var/nix/profiles/default/bin/
PATH: /tmp/pnpm/
PATH: /home/linuxbrew/.linuxbrew/bin/
PATH: /home/linuxbrew/.linuxbrew/sbin/
PATH: /home/nathan/.nvm/versions/node/v24.13.0/bin/
PATH: /home/nathan/.nix-profile/bin/
PATH: /nix/var/nix/profiles/default/bin/
PATH: /usr/local/bin/
PATH: /usr/bin/
PATH: /bin/
PATH: /usr/local/games/
PATH: /usr/games/


## ----------- ##
## Core tests. ##
## ----------- ##

configure:3020: looking for aux files: config.rpath config.guess config.sub ltmain.sh compile missing install-sh
configure:3033:  trying ./
configure:3062:   ./config.rpath found
configure:3062:   ./config.guess found
configure:3062:   ./config.sub found
configure:3062:   ./ltmain.sh found
configure:3062:   ./compile found
configure:3062:   ./missing found
configure:3044:   ./install-sh found
configure:3191: checking for a BSD-compatible install
configure:3264: result: /usr/bin/install -c
configure:3275: checking whether build environment is sane
configure:3330: result: yes
configure:3386: checking for wasm32-wasi-strip
configure:3421: result: no
configure:3431: checking for strip
configure:3452: found /home/linuxbrew/.linuxbrew/bin/strip
configure:3463: result: strip
configure:3489: checking for a race-free mkdir -p
configure:3533: result: /usr/bin/mkdir -p
configure:3540: checking for gawk
configure:3575: result: no
configure:3540: checking for mawk
configure:3561: found /usr/bin/mawk
configure:3572: result: mawk
configure:3583: checking whether make sets $(MAKE)
configure:3606: result: yes
configure:3636: checking whether make supports nested variables
configure:3654: result: yes
configure:3802: checking whether make supports nested variables
configure:3820: result: yes
configure:3854: checking for wasm32-wasi-gcc
configure:3886: result: /home/nathan/secure-exec/registry/native/c/vendor/wasi-sdk/bin/clang
configure:4284: checking for C compiler version
configure:4293: /home/nathan/secure-exec/registry/native/c/vendor/wasi-sdk/bin/clang --version >&5
clang version 19.1.5-wasi-sdk (https://github.com/llvm/llvm-project ab4b5a2db582958af1ee308a790cfdb42bd24720)
Target: wasm32-unknown-wasi
Thread model: posix
InstalledDir: /home/nathan/secure-exec/registry/native/c/vendor/wasi-sdk/bin
configure:4304: $? = 0
configure:4293: /home/nathan/secure-exec/registry/native/c/vendor/wasi-sdk/bin/clang -v >&5
clang version 19.1.5-wasi-sdk (https://github.com/llvm/llvm-project ab4b5a2db582958af1ee308a790cfdb42bd24720)
Target: wasm32-unknown-wasi
Thread model: posix
InstalledDir: /home/nathan/secure-exec/registry/native/c/vendor/wasi-sdk/bin
configure:4304: $? = 0
configure:4293: /home/nathan/secure-exec/registry/native/c/vendor/wasi-sdk/bin/clang -V >&5
clang: error: argument to '-V' is missing (expected 1 value)
clang: error: no input files
configure:4304: $? = 1
configure:4293: /home/nathan/secure-exec/registry/native/c/vendor/wasi-sdk/bin/clang -qversion >&5
clang: error: unknown argument '-qversion'; did you mean '--version'?
clang: error: no input files
configure:4304: $? = 1
configure:4293: /home/nathan/secure-exec/registry/native/c/vendor/wasi-sdk/bin/clang -version >&5
clang: error: unknown argument '-version'; did you mean '--version'?
clang: error: no input files
configure:4304: $? = 1
configure:4324: checking whether the C compiler works
configure:4346: /home/nathan/secure-exec/registry/native/c/vendor/wasi-sdk/bin/clang --target=wasm32-wasip1 --sysroot=/home/nathan/secure-exec/registry/native/c/sysroot -O2 -D_WASI_EMULATED_MMAN -D_WASI_EMULATED_PROCESS_CLOCKS -D_GNU_SOURCE -mllvm -wasm-enable-sjlj -Wno-error=implicit-function-declaration -Wno-error=int-conversion -Wno-int-conversion -I/home/nathan/secure-exec-wasmgui/experiments/wasm-gui/toolchain/compat-include -include /home/nathan/secure-exec-wasmgui/experiments/wasm-gui/toolchain/wasi-compat.h --target=wasm32-wasip1 --sysroot=/home/nathan/secure-exec/registry/native/c/sysroot -I/home/nathan/secure-exec-wasmgui/experiments/wasm-gui/third_party/wasm-prefix/include -I/home/nathan/secure-exec-wasmgui/experiments/wasm-gui/toolchain/compat-include -include /home/nathan/secure-exec-wasmgui/experiments/wasm-gui/toolchain/wasi-compat.h --target=wasm32-wasip1 --sysroot=/home/nathan/secure-exec/registry/native/c/sysroot -L/home/nathan/secure-exec-wasmgui/experiments/wasm-gui/third_party/wasm-prefix/lib -L/home/nathan/secure-exec/registry/native/c/vendor/wasi-sdk/share/wasi-sysroot/lib/wasm32-wasip1 -lwasi-emulated-mman -lwasi-emulated-process-clocks conftest.c  >&5
configure:4350: $? = 0
configure:4400: result: yes
configure:4403: checking for C compiler default output file name
configure:4405: result: a.out
configure:4411: checking for suffix of executables
configure:4418: /home/nathan/secure-exec/registry/native/c/vendor/wasi-sdk/bin/clang -o conftest --target=wasm32-wasip1 --sysroot=/home/nathan/secure-exec/registry/native/c/sysroot -O2 -D_WASI_EMULATED_MMAN -D_WASI_EMULATED_PROCESS_CLOCKS -D_GNU_SOURCE -mllvm -wasm-enable-sjlj -Wno-error=implicit-function-declaration -Wno-error=int-conversion -Wno-int-conversion -I/home/nathan/secure-exec-wasmgui/experiments/wasm-gui/toolchain/compat-include -include /home/nathan/secure-exec-wasmgui/experiments/wasm-gui/toolchain/wasi-compat.h --target=wasm32-wasip1 --sysroot=/home/nathan/secure-exec/registry/native/c/sysroot -I/home/nathan/secure-exec-wasmgui/experiments/wasm-gui/third_party/wasm-prefix/include -I/home/nathan/secure-exec-wasmgui/experiments/wasm-gui/toolchain/compat-include -include /home/nathan/secure-exec-wasmgui/experiments/wasm-gui/toolchain/wasi-compat.h --target=wasm32-wasip1 --sysroot=/home/nathan/secure-exec/registry/native/c/sysroot -L/home/nathan/secure-exec-wasmgui/experiments/wasm-gui/third_party/wasm-prefix/lib -L/home/nathan/secure-exec/registry/native/c/vendor/wasi-sdk/share/wasi-sysroot/lib/wasm32-wasip1 -lwasi-emulated-mman -lwasi-emulated-process-clocks conftest.c  >&5
configure:4422: $? = 0
configure:4445: result: 
configure:4467: checking whether we are cross compiling
configure:4475: /home/nathan/secure-exec/registry/native/c/vendor/wasi-sdk/bin/clang -o conftest --target=wasm32-wasip1 --sysroot=/home/nathan/secure-exec/registry/native/c/sysroot -O2 -D_WASI_EMULATED_MMAN -D_WASI_EMULATED_PROCESS_CLOCKS -D_GNU_SOURCE -mllvm -wasm-enable-sjlj -Wno-error=implicit-function-declaration -Wno-error=int-conversion -Wno-int-conversion -I/home/nathan/secure-exec-wasmgui/experiments/wasm-gui/toolchain/compat-include -include /home/nathan/secure-exec-wasmgui/experiments/wasm-gui/toolchain/wasi-compat.h --target=wasm32-wasip1 --sysroot=/home/nathan/secure-exec/registry/native/c/sysroot -I/home/nathan/secure-exec-wasmgui/experiments/wasm-gui/third_party/wasm-prefix/include -I/home/nathan/secure-exec-wasmgui/experiments/wasm-gui/toolchain/compat-include -include /home/nathan/secure-exec-wasmgui/experiments/wasm-gui/toolchain/wasi-compat.h --target=wasm32-wasip1 --sysroot=/home/nathan/secure-exec/registry/native/c/sysroot -L/home/nathan/secure-exec-wasmgui/experiments/wasm-gui/third_party/wasm-prefix/lib -L/home/nathan/secure-exec/registry/native/c/vendor/wasi-sdk/share/wasi-sysroot/lib/wasm32-wasip1 -lwasi-emulated-mman -lwasi-emulated-process-clocks conftest.c  >&5
configure:4479: $? = 0
configure:4486: ./conftest
./configure: line 4488: ./conftest: cannot execute binary file: Exec format error
configure:4490: $? = 126
configure:4505: result: yes
configure:4510: checking for suffix of object files
configure:4533: /home/nathan/secure-exec/registry/native/c/vendor/wasi-sdk/bin/clang -c --target=wasm32-wasip1 --sysroot=/home/nathan/secure-exec/registry/native/c/sysroot -O2 -D_WASI_EMULATED_MMAN -D_WASI_EMULATED_PROCESS_CLOCKS -D_GNU_SOURCE -mllvm -wasm-enable-sjlj -Wno-error=implicit-function-declaration -Wno-error=int-conversion -Wno-int-conversion -I/home/nathan/secure-exec-wasmgui/experiments/wasm-gui/toolchain/compat-include -include /home/nathan/secure-exec-wasmgui/experiments/wasm-gui/toolchain/wasi-compat.h --target=wasm32-wasip1 --sysroot=/home/nathan/secure-exec/registry/native/c/sysroot -I/home/nathan/secure-exec-wasmgui/experiments/wasm-gui/third_party/wasm-prefix/include -I/home/nathan/secure-exec-wasmgui/experiments/wasm-gui/toolchain/compat-include -include /home/nathan/secure-exec-wasmgui/experiments/wasm-gui/toolchain/wasi-compat.h conftest.c >&5
configure:4537: $? = 0
configure:4559: result: o
configure:4563: checking whether the compiler supports GNU C
configure:4583: /home/nathan/secure-exec/registry/native/c/vendor/wasi-sdk/bin/clang -c --target=wasm32-wasip1 --sysroot=/home/nathan/secure-exec/registry/native/c/sysroot -O2 -D_WASI_EMULATED_MMAN -D_WASI_EMULATED_PROCESS_CLOCKS -D_GNU_SOURCE -mllvm -wasm-enable-sjlj -Wno-error=implicit-function-declaration -Wno-error=int-conversion -Wno-int-conversion -I/home/nathan/secure-exec-wasmgui/experiments/wasm-gui/toolchain/compat-include -include /home/nathan/secure-exec-wasmgui/experiments/wasm-gui/toolchain/wasi-compat.h --target=wasm32-wasip1 --sysroot=/home/nathan/secure-exec/registry/native/c/sysroot -I/home/nathan/secure-exec-wasmgui/experiments/wasm-gui/third_party/wasm-prefix/include -I/home/nathan/secure-exec-wasmgui/experiments/wasm-gui/toolchain/compat-include -include /home/nathan/secure-exec-wasmgui/experiments/wasm-gui/toolchain/wasi-compat.h conftest.c >&5
configure:4583: $? = 0
configure:4593: result: yes
configure:4604: checking whether /home/nathan/secure-exec/registry/native/c/vendor/wasi-sdk/bin/clang accepts -g
configure:4625: /home/nathan/secure-exec/registry/native/c/vendor/wasi-sdk/bin/clang -c -g --target=wasm32-wasip1 --sysroot=/home/nathan/secure-exec/registry/native/c/sysroot -I/home/nathan/secure-exec-wasmgui/experiments/wasm-gui/third_party/wasm-prefix/include -I/home/nathan/secure-exec-wasmgui/experiments/wasm-gui/toolchain/compat-include -include /home/nathan/secure-exec-wasmgui/experiments/wasm-gui/toolchain/wasi-compat.h conftest.c >&5
configure:4625: $? = 0
configure:4669: result: yes
configure:4689: checking for /home/nathan/secure-exec/registry/native/c/vendor/wasi-sdk/bin/clang option to enable C11 features
configure:4704: /home/nathan/secure-exec/registry/native/c/vendor/wasi-sdk/bin/clang  -c --target=wasm32-wasip1 --sysroot=/home/nathan/secure-exec/registry/native/c/sysroot -O2 -D_WASI_EMULATED_MMAN -D_WASI_EMULATED_PROCESS_CLOCKS -D_GNU_SOURCE -mllvm -wasm-enable-sjlj -Wno-error=implicit-function-declaration -Wno-error=int-conversion -Wno-int-conversion -I/home/nathan/secure-exec-wasmgui/experiments/wasm-gui/toolchain/compat-include -include /home/nathan/secure-exec-wasmgui/experiments/wasm-gui/toolchain/wasi-compat.h --target=wasm32-wasip1 --sysroot=/home/nathan/secure-exec/registry/native/c/sysroot -I/home/nathan/secure-exec-wasmgui/experiments/wasm-gui/third_party/wasm-prefix/include -I/home/nathan/secure-exec-wasmgui/experiments/wasm-gui/toolchain/compat-include -include /home/nathan/secure-exec-wasmgui/experiments/wasm-gui/toolchain/wasi-compat.h conftest.c >&5
conftest.c:25:14: warning: a function definition without a prototype is deprecated in all versions of C and is not supported in C23 [-Wdeprecated-non-prototype]
   25 | static char *e (p, i)
      |              ^
1 warning generated.
configure:4704: $? = 0
configure:4722: result: none needed
configure:4838: checking whether /home/nathan/secure-exec/registry/native/c/vendor/wasi-sdk/bin/clang understands -c and -o together
configure:4861: /home/nathan/secure-exec/registry/native/c/vendor/wasi-sdk/bin/clang -c conftest.c -o conftest2.o
configure:4864: $? = 0
configure:4861: /home/nathan/secure-exec/registry/native/c/vendor/wasi-sdk/bin/clang -c conftest.c -o conftest2.o
configure:4864: $? = 0
configure:4876: result: yes
configure:4896: checking whether make supports the include directive
configure:4911: make -f confmf.GNU && cat confinc.out
this is the am__doit target
configure:4914: $? = 0
configure:4933: result: yes (GNU style)
configure:4959: checking dependency style of /home/nathan/secure-exec/registry/native/c/vendor/wasi-sdk/bin/clang
configure:5071: result: gcc3
configure:5091: checking for stdio.h
configure:5091: /home/nathan/secure-exec/registry/native/c/vendor/wasi-sdk/bin/clang -c --target=wasm32-wasip1 --sysroot=/home/nathan/secure-exec/registry/native/c/sysroot -O2 -D_WASI_EMULATED_MMAN -D_WASI_EMULATED_PROCESS_CLOCKS -D_GNU_SOURCE -mllvm -wasm-enable-sjlj -Wno-error=implicit-function-declaration -Wno-error=int-conversion -Wno-int-conversion -I/home/nathan/secure-exec-wasmgui/experiments/wasm-gui/toolchain/compat-include -include /home/nathan/secure-exec-wasmgui/experiments/wasm-gui/toolchain/wasi-compat.h --target=wasm32-wasip1 --sysroot=/home/nathan/secure-exec/registry/native/c/sysroot -I/home/nathan/secure-exec-wasmgui/experiments/wasm-gui/third_party/wasm-prefix/include -I/home/nathan/secure-exec-wasmgui/experiments/wasm-gui/toolchain/compat-include -include /home/nathan/secure-exec-wasmgui/experiments/wasm-gui/toolchain/wasi-compat.h conftest.c >&5
configure:5091: $? = 0
configure:5091: result: yes
configure:5091: checking for stdlib.h
configure:5091: /home/nathan/secure-exec/registry/native/c/vendor/wasi-sdk/bin/clang -c --target=wasm32-wasip1 --sysroot=/home/nathan/secure-exec/registry/native/c/sysroot -O2 -D_WASI_EMULATED_MMAN -D_WASI_EMULATED_PROCESS_CLOCKS -D_GNU_SOURCE -mllvm -wasm-enable-sjlj -Wno-error=implicit-function-declaration -Wno-error=int-conversion -Wno-int-conversion -I/home/nathan/secure-exec-wasmgui/experiments/wasm-gui/toolchain/compat-include -include /home/nathan/secure-exec-wasmgui/experiments/wasm-gui/toolchain/wasi-compat.h --target=wasm32-wasip1 --sysroot=/home/nathan/secure-exec/registry/native/c/sysroot -I/home/nathan/secure-exec-wasmgui/experiments/wasm-gui/third_party/wasm-prefix/include -I/home/nathan/secure-exec-wasmgui/experiments/wasm-gui/toolchain/compat-include -include /home/nathan/secure-exec-wasmgui/experiments/wasm-gui/toolchain/wasi-compat.h conftest.c >&5
configure:5091: $? = 0
configure:5091: result: yes
configure:5091: checking for string.h
configure:5091: /home/nathan/secure-exec/registry/native/c/vendor/wasi-sdk/bin/clang -c --target=wasm32-wasip1 --sysroot=/home/nathan/secure-exec/registry/native/c/sysroot -O2 -D_WASI_EMULATED_MMAN -D_WASI_EMULATED_PROCESS_CLOCKS -D_GNU_SOURCE -mllvm -wasm-enable-sjlj -Wno-error=implicit-function-declaration -Wno-error=int-conversion -Wno-int-conversion -I/home/nathan/secure-exec-wasmgui/experiments/wasm-gui/toolchain/compat-include -include /home/nathan/secure-exec-wasmgui/experiments/wasm-gui/toolchain/wasi-compat.h --target=wasm32-wasip1 --sysroot=/home/nathan/secure-exec/registry/native/c/sysroot -I/home/nathan/secure-exec-wasmgui/experiments/wasm-gui/third_party/wasm-prefix/include -I/home/nathan/secure-exec-wasmgui/experiments/wasm-gui/toolchain/compat-include -include /home/nathan/secure-exec-wasmgui/experiments/wasm-gui/toolchain/wasi-compat.h conftest.c >&5
configure:5091: $? = 0
configure:5091: result: yes
configure:5091: checking for inttypes.h
configure:5091: /home/nathan/secure-exec/registry/native/c/vendor/wasi-sdk/bin/clang -c --target=wasm32-wasip1 --sysroot=/home/nathan/secure-exec/registry/native/c/sysroot -O2 -D_WASI_EMULATED_MMAN -D_WASI_EMULATED_PROCESS_CLOCKS -D_GNU_SOURCE -mllvm -wasm-enable-sjlj -Wno-error=implicit-function-declaration -Wno-error=int-conversion -Wno-int-conversion -I/home/nathan/secure-exec-wasmgui/experiments/wasm-gui/toolchain/compat-include -include /home/nathan/secure-exec-wasmgui/experiments/wasm-gui/toolchain/wasi-compat.h --target=wasm32-wasip1 --sysroot=/home/nathan/secure-exec/registry/native/c/sysroot -I/home/nathan/secure-exec-wasmgui/experiments/wasm-gui/third_party/wasm-prefix/include -I/home/nathan/secure-exec-wasmgui/experiments/wasm-gui/toolchain/compat-include -include /home/nathan/secure-exec-wasmgui/experiments/wasm-gui/toolchain/wasi-compat.h conftest.c >&5
configure:5091: $? = 0
configure:5091: result: yes
configure:5091: checking for stdint.h
configure:5091: /home/nathan/secure-exec/registry/native/c/vendor/wasi-sdk/bin/clang -c --target=wasm32-wasip1 --sysroot=/home/nathan/secure-exec/registry/native/c/sysroot -O2 -D_WASI_EMULATED_MMAN -D_WASI_EMULATED_PROCESS_CLOCKS -D_GNU_SOURCE -mllvm -wasm-enable-sjlj -Wno-error=implicit-function-declaration -Wno-error=int-conversion -Wno-int-conversion -I/home/nathan/secure-exec-wasmgui/experiments/wasm-gui/toolchain/compat-include -include /home/nathan/secure-exec-wasmgui/experiments/wasm-gui/toolchain/wasi-compat.h --target=wasm32-wasip1 --sysroot=/home/nathan/secure-exec/registry/native/c/sysroot -I/home/nathan/secure-exec-wasmgui/experiments/wasm-gui/third_party/wasm-prefix/include -I/home/nathan/secure-exec-wasmgui/experiments/wasm-gui/toolchain/compat-include -include /home/nathan/secure-exec-wasmgui/experiments/wasm-gui/toolchain/wasi-compat.h conftest.c >&5
configure:5091: $? = 0
configure:5091: result: yes
configure:5091: checking for strings.h
configure:5091: /home/nathan/secure-exec/registry/native/c/vendor/wasi-sdk/bin/clang -c --target=wasm32-wasip1 --sysroot=/home/nathan/secure-exec/registry/native/c/sysroot -O2 -D_WASI_EMULATED_MMAN -D_WASI_EMULATED_PROCESS_CLOCKS -D_GNU_SOURCE -mllvm -wasm-enable-sjlj -Wno-error=implicit-function-declaration -Wno-error=int-conversion -Wno-int-conversion -I/home/nathan/secure-exec-wasmgui/experiments/wasm-gui/toolchain/compat-include -include /home/nathan/secure-exec-wasmgui/experiments/wasm-gui/toolchain/wasi-compat.h --target=wasm32-wasip1 --sysroot=/home/nathan/secure-exec/registry/native/c/sysroot -I/home/nathan/secure-exec-wasmgui/experiments/wasm-gui/third_party/wasm-prefix/include -I/home/nathan/secure-exec-wasmgui/experiments/wasm-gui/toolchain/compat-include -include /home/nathan/secure-exec-wasmgui/experiments/wasm-gui/toolchain/wasi-compat.h conftest.c >&5
configure:5091: $? = 0
configure:5091: result: yes
configure:5091: checking for sys/stat.h
configure:5091: /home/nathan/secure-exec/registry/native/c/vendor/wasi-sdk/bin/clang -c --target=wasm32-wasip1 --sysroot=/home/nathan/secure-exec/registry/native/c/sysroot -O2 -D_WASI_EMULATED_MMAN -D_WASI_EMULATED_PROCESS_CLOCKS -D_GNU_SOURCE -mllvm -wasm-enable-sjlj -Wno-error=implicit-function-declaration -Wno-error=int-conversion -Wno-int-conversion -I/home/nathan/secure-exec-wasmgui/experiments/wasm-gui/toolchain/compat-include -include /home/nathan/secure-exec-wasmgui/experiments/wasm-gui/toolchain/wasi-compat.h --target=wasm32-wasip1 --sysroot=/home/nathan/secure-exec/registry/native/c/sysroot -I/home/nathan/secure-exec-wasmgui/experiments/wasm-gui/third_party/wasm-prefix/include -I/home/nathan/secure-exec-wasmgui/experiments/wasm-gui/toolchain/compat-include -include /home/nathan/secure-exec-wasmgui/experiments/wasm-gui/toolchain/wasi-compat.h conftest.c >&5
configure:5091: $? = 0
configure:5091: result: yes
configure:5091: checking for sys/types.h
configure:5091: /home/nathan/secure-exec/registry/native/c/vendor/wasi-sdk/bin/clang -c --target=wasm32-wasip1 --sysroot=/home/nathan/secure-exec/registry/native/c/sysroot -O2 -D_WASI_EMULATED_MMAN -D_WASI_EMULATED_PROCESS_CLOCKS -D_GNU_SOURCE -mllvm -wasm-enable-sjlj -Wno-error=implicit-function-declaration -Wno-error=int-conversion -Wno-int-conversion -I/home/nathan/secure-exec-wasmgui/experiments/wasm-gui/toolchain/compat-include -include /home/nathan/secure-exec-wasmgui/experiments/wasm-gui/toolchain/wasi-compat.h --target=wasm32-wasip1 --sysroot=/home/nathan/secure-exec/registry/native/c/sysroot -I/home/nathan/secure-exec-wasmgui/experiments/wasm-gui/third_party/wasm-prefix/include -I/home/nathan/secure-exec-wasmgui/experiments/wasm-gui/toolchain/compat-include -include /home/nathan/secure-exec-wasmgui/experiments/wasm-gui/toolchain/wasi-compat.h conftest.c >&5
configure:5091: $? = 0
configure:5091: result: yes
configure:5091: checking for unistd.h
configure:5091: /home/nathan/secure-exec/registry/native/c/vendor/wasi-sdk/bin/clang -c --target=wasm32-wasip1 --sysroot=/home/nathan/secure-exec/registry/native/c/sysroot -O2 -D_WASI_EMULATED_MMAN -D_WASI_EMULATED_PROCESS_CLOCKS -D_GNU_SOURCE -mllvm -wasm-enable-sjlj -Wno-error=implicit-function-declaration -Wno-error=int-conversion -Wno-int-conversion -I/home/nathan/secure-exec-wasmgui/experiments/wasm-gui/toolchain/compat-include -include /home/nathan/secure-exec-wasmgui/experiments/wasm-gui/toolchain/wasi-compat.h --target=wasm32-wasip1 --sysroot=/home/nathan/secure-exec/registry/native/c/sysroot -I/home/nathan/secure-exec-wasmgui/experiments/wasm-gui/third_party/wasm-prefix/include -I/home/nathan/secure-exec-wasmgui/experiments/wasm-gui/toolchain/compat-include -include /home/nathan/secure-exec-wasmgui/experiments/wasm-gui/toolchain/wasi-compat.h conftest.c >&5
configure:5091: $? = 0
configure:5091: result: yes
configure:5091: checking for wchar.h
configure:5091: /home/nathan/secure-exec/registry/native/c/vendor/wasi-sdk/bin/clang -c --target=wasm32-wasip1 --sysroot=/home/nathan/secure-exec/registry/native/c/sysroot -O2 -D_WASI_EMULATED_MMAN -D_WASI_EMULATED_PROCESS_CLOCKS -D_GNU_SOURCE -mllvm -wasm-enable-sjlj -Wno-error=implicit-function-declaration -Wno-error=int-conversion -Wno-int-conversion -I/home/nathan/secure-exec-wasmgui/experiments/wasm-gui/toolchain/compat-include -include /home/nathan/secure-exec-wasmgui/experiments/wasm-gui/toolchain/wasi-compat.h --target=wasm32-wasip1 --sysroot=/home/nathan/secure-exec/registry/native/c/sysroot -I/home/nathan/secure-exec-wasmgui/experiments/wasm-gui/third_party/wasm-prefix/include -I/home/nathan/secure-exec-wasmgui/experiments/wasm-gui/toolchain/compat-include -include /home/nathan/secure-exec-wasmgui/experiments/wasm-gui/toolchain/wasi-compat.h conftest.c >&5
configure:5091: $? = 0
configure:5091: result: yes
configure:5091: checking for minix/config.h
configure:5091: /home/nathan/secure-exec/registry/native/c/vendor/wasi-sdk/bin/clang -c --target=wasm32-wasip1 --sysroot=/home/nathan/secure-exec/registry/native/c/sysroot -O2 -D_WASI_EMULATED_MMAN -D_WASI_EMULATED_PROCESS_CLOCKS -D_GNU_SOURCE -mllvm -wasm-enable-sjlj -Wno-error=implicit-function-declaration -Wno-error=int-conversion -Wno-int-conversion -I/home/nathan/secure-exec-wasmgui/experiments/wasm-gui/toolchain/compat-include -include /home/nathan/secure-exec-wasmgui/experiments/wasm-gui/toolchain/wasi-compat.h --target=wasm32-wasip1 --sysroot=/home/nathan/secure-exec/registry/native/c/sysroot -I/home/nathan/secure-exec-wasmgui/experiments/wasm-gui/third_party/wasm-prefix/include -I/home/nathan/secure-exec-wasmgui/experiments/wasm-gui/toolchain/compat-include -include /home/nathan/secure-exec-wasmgui/experiments/wasm-gui/toolchain/wasi-compat.h conftest.c >&5
conftest.c:49:10: fatal error: 'minix/config.h' file not found
   49 | #include <minix/config.h>
      |          ^~~~~~~~~~~~~~~~
1 error generated.
configure:5091: $? = 1
configure: failed program was:
| /* confdefs.h */
| #define PACKAGE_NAME "fontconfig"
| #define PACKAGE_TARNAME "fontconfig"
| #define PACKAGE_VERSION "2.14.2"
| #define PACKAGE_STRING "fontconfig 2.14.2"
| #define PACKAGE_BUGREPORT "https://gitlab.freedesktop.org/fontconfig/fontconfig/issues/new"
| #define PACKAGE_URL ""
| #define PACKAGE "fontconfig"
| #define VERSION "2.14.2"
| #define HAVE_STDIO_H 1
| #define HAVE_STDLIB_H 1
| #define HAVE_STRING_H 1
| #define HAVE_INTTYPES_H 1
| #define HAVE_STDINT_H 1
| #define HAVE_STRINGS_H 1
| #define HAVE_SYS_STAT_H 1
| #define HAVE_SYS_TYPES_H 1
| #define HAVE_UNISTD_H 1
| #define HAVE_WCHAR_H 1
| /* end confdefs.h.  */
| #include <stddef.h>
| #ifdef HAVE_STDIO_H
| # include <stdio.h>
| #endif
| #ifdef HAVE_STDLIB_H
| # include <stdlib.h>
| #endif
| #ifdef HAVE_STRING_H
| # include <string.h>
| #endif
| #ifdef HAVE_INTTYPES_H
| # include <inttypes.h>
| #endif
| #ifdef HAVE_STDINT_H
| # include <stdint.h>
| #endif
| #ifdef HAVE_STRINGS_H
| # include <strings.h>
| #endif
| #ifdef HAVE_SYS_TYPES_H
| # include <sys/types.h>
| #endif
| #ifdef HAVE_SYS_STAT_H
| # include <sys/stat.h>
| #endif
| #ifdef HAVE_UNISTD_H
| # include <unistd.h>
| #endif
| #include <minix/config.h>
configure:5091: result: no
configure:5091: checking for sys/param.h
configure:5091: /home/nathan/secure-exec/registry/native/c/vendor/wasi-sdk/bin/clang -c --target=wasm32-wasip1 --sysroot=/home/nathan/secure-exec/registry/native/c/sysroot -O2 -D_WASI_EMULATED_MMAN -D_WASI_EMULATED_PROCESS_CLOCKS -D_GNU_SOURCE -mllvm -wasm-enable-sjlj -Wno-error=implicit-function-declaration -Wno-error=int-conversion -Wno-int-conversion -I/home/nathan/secure-exec-wasmgui/experiments/wasm-gui/toolchain/compat-include -include /home/nathan/secure-exec-wasmgui/experiments/wasm-gui/toolchain/wasi-compat.h --target=wasm32-wasip1 --sysroot=/home/nathan/secure-exec/registry/native/c/sysroot -I/home/nathan/secure-exec-wasmgui/experiments/wasm-gui/third_party/wasm-prefix/include -I/home/nathan/secure-exec-wasmgui/experiments/wasm-gui/toolchain/compat-include -include /home/nathan/secure-exec-wasmgui/experiments/wasm-gui/toolchain/wasi-compat.h conftest.c >&5
configure:5091: $? = 0
configure:5091: result: yes
configure:5122: checking whether it is safe to define __EXTENSIONS__
configure:5141: /home/nathan/secure-exec/registry/native/c/vendor/wasi-sdk/bin/clang -c --target=wasm32-wasip1 --sysroot=/home/nathan/secure-exec/registry/native/c/sysroot -O2 -D_WASI_EMULATED_MMAN -D_WASI_EMULATED_PROCESS_CLOCKS -D_GNU_SOURCE -mllvm -wasm-enable-sjlj -Wno-error=implicit-function-declaration -Wno-error=int-conversion -Wno-int-conversion -I/home/nathan/secure-exec-wasmgui/experiments/wasm-gui/toolchain/compat-include -include /home/nathan/secure-exec-wasmgui/experiments/wasm-gui/toolchain/wasi-compat.h --target=wasm32-wasip1 --sysroot=/home/nathan/secure-exec/registry/native/c/sysroot -I/home/nathan/secure-exec-wasmgui/experiments/wasm-gui/third_party/wasm-prefix/include -I/home/nathan/secure-exec-wasmgui/experiments/wasm-gui/toolchain/compat-include -include /home/nathan/secure-exec-wasmgui/experiments/wasm-gui/toolchain/wasi-compat.h conftest.c >&5
configure:5141: $? = 0
configure:5149: result: yes
configure:5152: checking whether _XOPEN_SOURCE should be defined
configure:5174: /home/nathan/secure-exec/registry/native/c/vendor/wasi-sdk/bin/clang -c --target=wasm32-wasip1 --sysroot=/home/nathan/secure-exec/registry/native/c/sysroot -O2 -D_WASI_EMULATED_MMAN -D_WASI_EMULATED_PROCESS_CLOCKS -D_GNU_SOURCE -mllvm -wasm-enable-sjlj -Wno-error=implicit-function-declaration -Wno-error=int-conversion -Wno-int-conversion -I/home/nathan/secure-exec-wasmgui/experiments/wasm-gui/toolchain/compat-include -include /home/nathan/secure-exec-wasmgui/experiments/wasm-gui/toolchain/wasi-compat.h --target=wasm32-wasip1 --sysroot=/home/nathan/secure-exec/registry/native/c/sysroot -I/home/nathan/secure-exec-wasmgui/experiments/wasm-gui/third_party/wasm-prefix/include -I/home/nathan/secure-exec-wasmgui/experiments/wasm-gui/toolchain/compat-include -include /home/nathan/secure-exec-wasmgui/experiments/wasm-gui/toolchain/wasi-compat.h conftest.c >&5
configure:5174: $? = 0
configure:5201: result: no
configure:5265: checking for special C compiler options needed for large files
configure:5313: result: no
configure:5319: checking for _FILE_OFFSET_BITS value needed for large files
configure:5345: /home/nathan/secure-exec/registry/native/c/vendor/wasi-sdk/bin/clang -c --target=wasm32-wasip1 --sysroot=/home/nathan/secure-exec/registry/native/c/sysroot -O2 -D_WASI_EMULATED_MMAN -D_WASI_EMULATED_PROCESS_CLOCKS -D_GNU_SOURCE -mllvm -wasm-enable-sjlj -Wno-error=implicit-function-declaration -Wno-error=int-conversion -Wno-int-conversion -I/home/nathan/secure-exec-wasmgui/experiments/wasm-gui/toolchain/compat-include -include /home/nathan/secure-exec-wasmgui/experiments/wasm-gui/toolchain/wasi-compat.h --target=wasm32-wasip1 --sysroot=/home/nathan/secure-exec/registry/native/c/sysroot -I/home/nathan/secure-exec-wasmgui/experiments/wasm-gui/third_party/wasm-prefix/include -I/home/nathan/secure-exec-wasmgui/experiments/wasm-gui/toolchain/compat-include -include /home/nathan/secure-exec-wasmgui/experiments/wasm-gui/toolchain/wasi-compat.h conftest.c >&5
configure:5345: $? = 0
configure:5379: result: no
configure:5462: checking whether ln -s works
configure:5466: result: yes
configure:5473: checking whether make sets $(MAKE)
configure:5496: result: yes
configure:5516: checking for wasm32-wasi-pkg-config
configure:5554: result: no
configure:5564: checking for pkg-config
configure:5587: found /usr/bin/pkg-config
configure:5599: result: /usr/bin/pkg-config
configure:5611: WARNING: using cross tools not prefixed with host triplet
configure:5624: checking pkg-config is at least version 0.9.0
configure:5627: result: yes
configure:5694: checking for a Python interpreter with version >= 3
configure:5712: python -c import sys # split strings by '.' and convert to numeric. Append some zeros # because we need at least 4 digits for the hex conversion. # map returns an iterator in Python 3.0 and a list in 2.x minver = list(map(int, '3'.split('.'))) + [0, 0, 0] minverhex = 0 # xrange is not present in Python 3.0 and range returns an iterator for i in list(range(0, 4)): minverhex = (minverhex << 8) + minver[i] sys.exit(sys.hexversion < minverhex)
./configure: line 5713: python: command not found
configure:5715: $? = 127
configure:5712: python2 -c import sys # split strings by '.' and convert to numeric. Append some zeros # because we need at least 4 digits for the hex conversion. # map returns an iterator in Python 3.0 and a list in 2.x minver = list(map(int, '3'.split('.'))) + [0, 0, 0] minverhex = 0 # xrange is not present in Python 3.0 and range returns an iterator for i in list(range(0, 4)): minverhex = (minverhex << 8) + minver[i] sys.exit(sys.hexversion < minverhex)
./configure: line 5713: python2: command not found
configure:5715: $? = 127
configure:5712: python3 -c import sys # split strings by '.' and convert to numeric. Append some zeros # because we need at least 4 digits for the hex conversion. # map returns an iterator in Python 3.0 and a list in 2.x minver = list(map(int, '3'.split('.'))) + [0, 0, 0] minverhex = 0 # xrange is not present in Python 3.0 and range returns an iterator for i in list(range(0, 4)): minverhex = (minverhex << 8) + minver[i] sys.exit(sys.hexversion < minverhex)
configure:5715: $? = 0
configure:5722: result: python3
configure:5730: checking for python3
configure:5753: found /home/linuxbrew/.linuxbrew/bin/python3
configure:5765: result: /home/linuxbrew/.linuxbrew/bin/python3
configure:5782: checking for python3 version
configure:5790: result: 3.14
configure:5795: checking for python3 platform
configure:5803: result: linux
configure:5864: checking for GNU default python3 prefix
configure:5866: result: ${prefix}
configure:5932: checking for GNU default python3 exec_prefix
configure:5934: result: ${exec_prefix}
configure:5965: checking for python3 script directory (pythondir)
configure:6000: result: ${PYTHON_PREFIX}/lib/python3.14/site-packages
configure:6008: checking for python3 extension module directory (pyexecdir)
configure:6043: result: ${PYTHON_EXEC_PREFIX}/lib/python3.14/site-packages
configure:6055: checking for RM macro
configure:6104: result: rm -f
configure:6141: checking build system type
configure:6156: result: x86_64-pc-linux-gnux32
configure:6176: checking host system type
configure:6190: result: wasm32-unknown-wasi
configure:6231: checking how to print strings
configure:6258: result: printf
configure:6279: checking for a sed that does not truncate output
configure:6349: result: /usr/bin/sed
configure:6367: checking for grep that handles long lines and -e
configure:6431: result: /usr/bin/grep
configure:6436: checking for egrep
configure:6504: result: /usr/bin/grep -E
configure:6509: checking for fgrep
configure:6577: result: /usr/bin/grep -F
configure:6613: checking for ld used by /home/nathan/secure-exec/registry/native/c/vendor/wasi-sdk/bin/clang
configure:6681: result: /home/linuxbrew/.linuxbrew/bin/ld
configure:6688: checking if the linker (/home/linuxbrew/.linuxbrew/bin/ld) is GNU ld
configure:6704: result: yes
configure:6716: checking for BSD- or MS-compatible name lister (nm)
configure:6771: result: no
configure:6785: checking for wasm32-wasi-dumpbin
configure:6820: result: no
configure:6785: checking for wasm32-wasi-link
configure:6820: result: no
configure:6834: checking for dumpbin
configure:6869: result: no
configure:6834: checking for link
configure:6855: found /usr/bin/link
configure:6866: result: link -dump
configure:6911: checking the name lister (nm) interface
configure:6919: /home/nathan/secure-exec/registry/native/c/vendor/wasi-sdk/bin/clang -c --target=wasm32-wasip1 --sysroot=/home/nathan/secure-exec/registry/native/c/sysroot -O2 -D_WASI_EMULATED_MMAN -D_WASI_EMULATED_PROCESS_CLOCKS -D_GNU_SOURCE -mllvm -wasm-enable-sjlj -Wno-error=implicit-function-declaration -Wno-error=int-conversion -Wno-int-conversion -I/home/nathan/secure-exec-wasmgui/experiments/wasm-gui/toolchain/compat-include -include /home/nathan/secure-exec-wasmgui/experiments/wasm-gui/toolchain/wasi-compat.h --target=wasm32-wasip1 --sysroot=/home/nathan/secure-exec/registry/native/c/sysroot -I/home/nathan/secure-exec-wasmgui/experiments/wasm-gui/third_party/wasm-prefix/include -I/home/nathan/secure-exec-wasmgui/experiments/wasm-gui/toolchain/compat-include -include /home/nathan/secure-exec-wasmgui/experiments/wasm-gui/toolchain/wasi-compat.h conftest.c >&5
configure:6922: nm "conftest.o"
nm: conftest.o: file format not recognized
configure:6925: output
configure:6932: result: BSD nm
configure:6936: checking the maximum length of command line arguments
configure:7068: result: 1572864
configure:7116: checking how to convert x86_64-pc-linux-gnux32 file names to wasm32-unknown-wasi format
configure:7157: result: func_convert_file_noop
configure:7164: checking how to convert x86_64-pc-linux-gnux32 file names to toolchain format
configure:7185: result: func_convert_file_noop
configure:7192: checking for /home/linuxbrew/.linuxbrew/bin/ld option to reload object files
configure:7200: result: -r
configure:7234: checking for wasm32-wasi-file
configure:7269: result: no
configure:7279: checking for file
configure:7300: found /usr/bin/file
configure:7311: result: file
configure:7342: checking for wasm32-wasi-objdump
configure:7377: result: no
configure:7387: checking for objdump
configure:7408: found /home/linuxbrew/.linuxbrew/bin/objdump
configure:7419: result: objdump
configure:7448: checking how to recognize dependent libraries
configure:7649: result: unknown
configure:7694: checking for wasm32-wasi-dlltool
configure:7729: result: no
configure:7739: checking for dlltool
configure:7760: found /home/linuxbrew/.linuxbrew/bin/dlltool
configure:7771: result: dlltool
configure:7801: checking how to associate runtime and link libraries
configure:7829: result: printf %s\n
configure:7845: checking for wasm32-wasi-ar
configure:7877: result: /home/nathan/secure-exec/registry/native/c/vendor/wasi-sdk/bin/llvm-ar
configure:7979: checking for archiver @FILE support
configure:7997: /home/nathan/secure-exec/registry/native/c/vendor/wasi-sdk/bin/clang -c --target=wasm32-wasip1 --sysroot=/home/nathan/secure-exec/registry/native/c/sysroot -O2 -D_WASI_EMULATED_MMAN -D_WASI_EMULATED_PROCESS_CLOCKS -D_GNU_SOURCE -mllvm -wasm-enable-sjlj -Wno-error=implicit-function-declaration -Wno-error=int-conversion -Wno-int-conversion -I/home/nathan/secure-exec-wasmgui/experiments/wasm-gui/toolchain/compat-include -include /home/nathan/secure-exec-wasmgui/experiments/wasm-gui/toolchain/wasi-compat.h --target=wasm32-wasip1 --sysroot=/home/nathan/secure-exec/registry/native/c/sysroot -I/home/nathan/secure-exec-wasmgui/experiments/wasm-gui/third_party/wasm-prefix/include -I/home/nathan/secure-exec-wasmgui/experiments/wasm-gui/toolchain/compat-include -include /home/nathan/secure-exec-wasmgui/experiments/wasm-gui/toolchain/wasi-compat.h conftest.c >&5
configure:7997: $? = 0
configure:8001: /home/nathan/secure-exec/registry/native/c/vendor/wasi-sdk/bin/llvm-ar cr libconftest.a @conftest.lst >&5
configure:8004: $? = 0
configure:8009: /home/nathan/secure-exec/registry/native/c/vendor/wasi-sdk/bin/llvm-ar cr libconftest.a @conftest.lst >&5
/home/nathan/secure-exec/registry/native/c/vendor/wasi-sdk/bin/llvm-ar: error: conftest.o: No such file or directory
configure:8012: $? = 1
configure:8024: result: @
configure:8042: checking for wasm32-wasi-strip
configure:8074: result: strip
configure:8151: checking for wasm32-wasi-ranlib
configure:8183: result: /home/nathan/secure-exec/registry/native/c/vendor/wasi-sdk/bin/llvm-ranlib
configure:8330: checking command to parse nm output from /home/nathan/secure-exec/registry/native/c/vendor/wasi-sdk/bin/clang object
configure:8484: /home/nathan/secure-exec/registry/native/c/vendor/wasi-sdk/bin/clang -c --target=wasm32-wasip1 --sysroot=/home/nathan/secure-exec/registry/native/c/sysroot -O2 -D_WASI_EMULATED_MMAN -D_WASI_EMULATED_PROCESS_CLOCKS -D_GNU_SOURCE -mllvm -wasm-enable-sjlj -Wno-error=implicit-function-declaration -Wno-error=int-conversion -Wno-int-conversion -I/home/nathan/secure-exec-wasmgui/experiments/wasm-gui/toolchain/compat-include -include /home/nathan/secure-exec-wasmgui/experiments/wasm-gui/toolchain/wasi-compat.h --target=wasm32-wasip1 --sysroot=/home/nathan/secure-exec/registry/native/c/sysroot -I/home/nathan/secure-exec-wasmgui/experiments/wasm-gui/third_party/wasm-prefix/include -I/home/nathan/secure-exec-wasmgui/experiments/wasm-gui/toolchain/compat-include -include /home/nathan/secure-exec-wasmgui/experiments/wasm-gui/toolchain/wasi-compat.h conftest.c >&5
configure:8487: $? = 0
configure:8491: nm conftest.o \| /usr/bin/sed -n -e 's/^.*[ ]\([ABCDGIRSTW][ABCDGIRSTW]*\)[ ][ ]*\([_A-Za-z][_A-Za-z0-9]*\)$/\1 \2 \2/p' | /usr/bin/sed '/ __gnu_lto/d' \> conftest.nm
nm: conftest.o: file format not recognized
configure:8494: $? = 0
cannot run /usr/bin/sed -n -e 's/^.*[	 ]\([ABCDGIRSTW][ABCDGIRSTW]*\)[	 ][	 ]*\([_A-Za-z][_A-Za-z0-9]*\)$/\1 \2 \2/p' | /usr/bin/sed '/ __gnu_lto/d'
configure:8484: /home/nathan/secure-exec/registry/native/c/vendor/wasi-sdk/bin/clang -c --target=wasm32-wasip1 --sysroot=/home/nathan/secure-exec/registry/native/c/sysroot -O2 -D_WASI_EMULATED_MMAN -D_WASI_EMULATED_PROCESS_CLOCKS -D_GNU_SOURCE -mllvm -wasm-enable-sjlj -Wno-error=implicit-function-declaration -Wno-error=int-conversion -Wno-int-conversion -I/home/nathan/secure-exec-wasmgui/experiments/wasm-gui/toolchain/compat-include -include /home/nathan/secure-exec-wasmgui/experiments/wasm-gui/toolchain/wasi-compat.h --target=wasm32-wasip1 --sysroot=/home/nathan/secure-exec/registry/native/c/sysroot -I/home/nathan/secure-exec-wasmgui/experiments/wasm-gui/third_party/wasm-prefix/include -I/home/nathan/secure-exec-wasmgui/experiments/wasm-gui/toolchain/compat-include -include /home/nathan/secure-exec-wasmgui/experiments/wasm-gui/toolchain/wasi-compat.h conftest.c >&5
configure:8487: $? = 0
configure:8491: nm conftest.o \| /usr/bin/sed -n -e 's/^.*[ ]\([ABCDGIRSTW][ABCDGIRSTW]*\)[ ][ ]*_\([_A-Za-z][_A-Za-z0-9]*\)$/\1 _\2 \2/p' | /usr/bin/sed '/ __gnu_lto/d' \> conftest.nm
nm: conftest.o: file format not recognized
configure:8494: $? = 0
cannot run /usr/bin/sed -n -e 's/^.*[	 ]\([ABCDGIRSTW][ABCDGIRSTW]*\)[	 ][	 ]*_\([_A-Za-z][_A-Za-z0-9]*\)$/\1 _\2 \2/p' | /usr/bin/sed '/ __gnu_lto/d'
configure:8598: result: failed
configure:8648: checking for sysroot
configure:8679: result: no
configure:8686: checking for a working dd
configure:8730: result: /usr/bin/dd
configure:8734: checking how to truncate binary pipes
configure:8750: result: /usr/bin/dd bs=4096 count=1
configure:9042: checking for wasm32-wasi-mt
configure:9077: result: no
configure:9087: checking for mt
configure:9108: found /usr/bin/mt
configure:9119: result: mt
configure:9142: checking if mt is a manifest tool
configure:9149: mt '-?'
configure:9157: result: no
configure:9878: checking for dlfcn.h
configure:9878: /home/nathan/secure-exec/registry/native/c/vendor/wasi-sdk/bin/clang -c --target=wasm32-wasip1 --sysroot=/home/nathan/secure-exec/registry/native/c/sysroot -O2 -D_WASI_EMULATED_MMAN -D_WASI_EMULATED_PROCESS_CLOCKS -D_GNU_SOURCE -mllvm -wasm-enable-sjlj -Wno-error=implicit-function-declaration -Wno-error=int-conversion -Wno-int-conversion -I/home/nathan/secure-exec-wasmgui/experiments/wasm-gui/toolchain/compat-include -include /home/nathan/secure-exec-wasmgui/experiments/wasm-gui/toolchain/wasi-compat.h --target=wasm32-wasip1 --sysroot=/home/nathan/secure-exec/registry/native/c/sysroot -I/home/nathan/secure-exec-wasmgui/experiments/wasm-gui/third_party/wasm-prefix/include -I/home/nathan/secure-exec-wasmgui/experiments/wasm-gui/toolchain/compat-include -include /home/nathan/secure-exec-wasmgui/experiments/wasm-gui/toolchain/wasi-compat.h conftest.c >&5
configure:9878: $? = 0
configure:9878: result: yes
configure:10464: checking for objdir
configure:10480: result: .libs
configure:10744: checking if /home/nathan/secure-exec/registry/native/c/vendor/wasi-sdk/bin/clang supports -fno-rtti -fno-exceptions
configure:10763: /home/nathan/secure-exec/registry/native/c/vendor/wasi-sdk/bin/clang -c --target=wasm32-wasip1 --sysroot=/home/nathan/secure-exec/registry/native/c/sysroot -O2 -D_WASI_EMULATED_MMAN -D_WASI_EMULATED_PROCESS_CLOCKS -D_GNU_SOURCE -mllvm -wasm-enable-sjlj -Wno-error=implicit-function-declaration -Wno-error=int-conversion -Wno-int-conversion -I/home/nathan/secure-exec-wasmgui/experiments/wasm-gui/toolchain/compat-include -include /home/nathan/secure-exec-wasmgui/experiments/wasm-gui/toolchain/wasi-compat.h --target=wasm32-wasip1 --sysroot=/home/nathan/secure-exec/registry/native/c/sysroot -I/home/nathan/secure-exec-wasmgui/experiments/wasm-gui/third_party/wasm-prefix/include -I/home/nathan/secure-exec-wasmgui/experiments/wasm-gui/toolchain/compat-include -include /home/nathan/secure-exec-wasmgui/experiments/wasm-gui/toolchain/wasi-compat.h -fno-rtti -fno-exceptions conftest.c >&5
configure:10767: $? = 0
configure:10780: result: yes
configure:11138: checking for /home/nathan/secure-exec/registry/native/c/vendor/wasi-sdk/bin/clang option to produce PIC
configure:11146: result: -fPIC -DPIC
configure:11154: checking if /home/nathan/secure-exec/registry/native/c/vendor/wasi-sdk/bin/clang PIC flag -fPIC -DPIC works
configure:11173: /home/nathan/secure-exec/registry/native/c/vendor/wasi-sdk/bin/clang -c --target=wasm32-wasip1 --sysroot=/home/nathan/secure-exec/registry/native/c/sysroot -O2 -D_WASI_EMULATED_MMAN -D_WASI_EMULATED_PROCESS_CLOCKS -D_GNU_SOURCE -mllvm -wasm-enable-sjlj -Wno-error=implicit-function-declaration -Wno-error=int-conversion -Wno-int-conversion -I/home/nathan/secure-exec-wasmgui/experiments/wasm-gui/toolchain/compat-include -include /home/nathan/secure-exec-wasmgui/experiments/wasm-gui/toolchain/wasi-compat.h --target=wasm32-wasip1 --sysroot=/home/nathan/secure-exec/registry/native/c/sysroot -I/home/nathan/secure-exec-wasmgui/experiments/wasm-gui/third_party/wasm-prefix/include -I/home/nathan/secure-exec-wasmgui/experiments/wasm-gui/toolchain/compat-include -include /home/nathan/secure-exec-wasmgui/experiments/wasm-gui/toolchain/wasi-compat.h -fPIC -DPIC -DPIC conftest.c >&5
configure:11177: $? = 0
configure:11190: result: yes
configure:11219: checking if /home/nathan/secure-exec/registry/native/c/vendor/wasi-sdk/bin/clang static flag -static works
configure:11248: result: yes
configure:11263: checking if /home/nathan/secure-exec/registry/native/c/vendor/wasi-sdk/bin/clang supports -c -o file.o
configure:11285: /home/nathan/secure-exec/registry/native/c/vendor/wasi-sdk/bin/clang -c --target=wasm32-wasip1 --sysroot=/home/nathan/secure-exec/registry/native/c/sysroot -O2 -D_WASI_EMULATED_MMAN -D_WASI_EMULATED_PROCESS_CLOCKS -D_GNU_SOURCE -mllvm -wasm-enable-sjlj -Wno-error=implicit-function-declaration -Wno-error=int-conversion -Wno-int-conversion -I/home/nathan/secure-exec-wasmgui/experiments/wasm-gui/toolchain/compat-include -include /home/nathan/secure-exec-wasmgui/experiments/wasm-gui/toolchain/wasi-compat.h --target=wasm32-wasip1 --sysroot=/home/nathan/secure-exec/registry/native/c/sysroot -I/home/nathan/secure-exec-wasmgui/experiments/wasm-gui/third_party/wasm-prefix/include -I/home/nathan/secure-exec-wasmgui/experiments/wasm-gui/toolchain/compat-include -include /home/nathan/secure-exec-wasmgui/experiments/wasm-gui/toolchain/wasi-compat.h -o out/conftest2.o conftest.c >&5
configure:11289: $? = 0
configure:11311: result: yes
configure:11319: checking if /home/nathan/secure-exec/registry/native/c/vendor/wasi-sdk/bin/clang supports -c -o file.o
configure:11367: result: yes
configure:11400: checking whether the /home/nathan/secure-exec/registry/native/c/vendor/wasi-sdk/bin/clang linker (/home/linuxbrew/.linuxbrew/bin/ld) supports shared libraries
configure:12668: result: yes
configure:12909: checking dynamic linker characteristics
configure:13733: result: no
configure:13855: checking how to hardcode library paths into programs
configure:13880: result: immediate
configure:14432: checking whether stripping libraries is possible
configure:14441: result: yes
configure:14483: checking if libtool supports shared libraries
configure:14485: result: no
configure:14488: checking whether to build shared libraries
configure:14513: result: no
configure:14516: checking whether to build static libraries
configure:14520: result: yes
configure:14610: checking whether NLS is requested
configure:14620: result: yes
configure:14660: checking for msgfmt
configure: trying /home/linuxbrew/.linuxbrew/bin/msgfmt...
/home/linuxbrew/.linuxbrew/bin/msgfmt: error while loading shared libraries: libxml2.so.2: cannot open shared object file: No such file or directory
configure: trying /home/linuxbrew/.linuxbrew/bin/msgfmt...
/home/linuxbrew/.linuxbrew/bin/msgfmt: error while loading shared libraries: libxml2.so.2: cannot open shared object file: No such file or directory
configure: trying /home/linuxbrew/.linuxbrew/bin/msgfmt...
/home/linuxbrew/.linuxbrew/bin/msgfmt: error while loading shared libraries: libxml2.so.2: cannot open shared object file: No such file or directory
configure:14696: result: no
configure:14702: checking for gmsgfmt
configure:14738: result: :
configure:14788: checking for xgettext
configure: trying /home/linuxbrew/.linuxbrew/bin/xgettext...
/home/linuxbrew/.linuxbrew/bin/xgettext: error while loading shared libraries: libxml2.so.2: cannot open shared object file: No such file or directory
configure: trying /home/linuxbrew/.linuxbrew/bin/xgettext...
/home/linuxbrew/.linuxbrew/bin/xgettext: error while loading shared libraries: libxml2.so.2: cannot open shared object file: No such file or directory
configure: trying /home/linuxbrew/.linuxbrew/bin/xgettext...
/home/linuxbrew/.linuxbrew/bin/xgettext: error while loading shared libraries: libxml2.so.2: cannot open shared object file: No such file or directory
configure:14824: result: no
configure:14866: checking for msgmerge
configure: trying /home/linuxbrew/.linuxbrew/bin/msgmerge...
/home/linuxbrew/.linuxbrew/bin/msgmerge: error while loading shared libraries: libxml2.so.2: cannot open shared object file: No such file or directory
configure: trying /home/linuxbrew/.linuxbrew/bin/msgmerge...
/home/linuxbrew/.linuxbrew/bin/msgmerge: error while loading shared libraries: libxml2.so.2: cannot open shared object file: No such file or directory
configure: trying /home/linuxbrew/.linuxbrew/bin/msgmerge...
/home/linuxbrew/.linuxbrew/bin/msgmerge: error while loading shared libraries: libxml2.so.2: cannot open shared object file: No such file or directory
configure:14901: result: no
configure:14957: checking for ld used by /home/nathan/secure-exec/registry/native/c/vendor/wasi-sdk/bin/clang
configure:15025: result: /home/linuxbrew/.linuxbrew/bin/ld
configure:15032: checking if the linker (/home/linuxbrew/.linuxbrew/bin/ld) is GNU ld
configure:15048: result: yes
configure:15056: checking for shared library run path origin
configure:15070: result: done
configure:15095: checking how to run the C preprocessor
configure:15121: /home/nathan/secure-exec/registry/native/c/vendor/wasi-sdk/bin/clang -E --target=wasm32-wasip1 --sysroot=/home/nathan/secure-exec/registry/native/c/sysroot -I/home/nathan/secure-exec-wasmgui/experiments/wasm-gui/third_party/wasm-prefix/include -I/home/nathan/secure-exec-wasmgui/experiments/wasm-gui/toolchain/compat-include -include /home/nathan/secure-exec-wasmgui/experiments/wasm-gui/toolchain/wasi-compat.h conftest.c
configure:15121: $? = 0
configure:15136: /home/nathan/secure-exec/registry/native/c/vendor/wasi-sdk/bin/clang -E --target=wasm32-wasip1 --sysroot=/home/nathan/secure-exec/registry/native/c/sysroot -I/home/nathan/secure-exec-wasmgui/experiments/wasm-gui/third_party/wasm-prefix/include -I/home/nathan/secure-exec-wasmgui/experiments/wasm-gui/toolchain/compat-include -include /home/nathan/secure-exec-wasmgui/experiments/wasm-gui/toolchain/wasi-compat.h conftest.c
conftest.c:42:10: fatal error: 'ac_nonexistent.h' file not found
   42 | #include <ac_nonexistent.h>
      |          ^~~~~~~~~~~~~~~~~~
1 error generated.
configure:15136: $? = 1
configure: failed program was:
| /* confdefs.h */
| #define PACKAGE_NAME "fontconfig"
| #define PACKAGE_TARNAME "fontconfig"
| #define PACKAGE_VERSION "2.14.2"
| #define PACKAGE_STRING "fontconfig 2.14.2"
| #define PACKAGE_BUGREPORT "https://gitlab.freedesktop.org/fontconfig/fontconfig/issues/new"
| #define PACKAGE_URL ""
| #define PACKAGE "fontconfig"
| #define VERSION "2.14.2"
| #define HAVE_STDIO_H 1
| #define HAVE_STDLIB_H 1
| #define HAVE_STRING_H 1
| #define HAVE_INTTYPES_H 1
| #define HAVE_STDINT_H 1
| #define HAVE_STRINGS_H 1
| #define HAVE_SYS_STAT_H 1
| #define HAVE_SYS_TYPES_H 1
| #define HAVE_UNISTD_H 1
| #define HAVE_WCHAR_H 1
| #define HAVE_SYS_PARAM_H 1
| #define STDC_HEADERS 1
| #define _ALL_SOURCE 1
| #define _DARWIN_C_SOURCE 1
| #define _GNU_SOURCE 1
| #define _HPUX_ALT_XOPEN_SOCKET_API 1
| #define _NETBSD_SOURCE 1
| #define _OPENBSD_SOURCE 1
| #define _POSIX_PTHREAD_SEMANTICS 1
| #define __STDC_WANT_IEC_60559_ATTRIBS_EXT__ 1
| #define __STDC_WANT_IEC_60559_BFP_EXT__ 1
| #define __STDC_WANT_IEC_60559_DFP_EXT__ 1
| #define __STDC_WANT_IEC_60559_FUNCS_EXT__ 1
| #define __STDC_WANT_IEC_60559_TYPES_EXT__ 1
| #define __STDC_WANT_LIB_EXT2__ 1
| #define __STDC_WANT_MATH_SPEC_FUNCS__ 1
| #define _TANDEM_SOURCE 1
| #define __EXTENSIONS__ 1
| #define HAVE_DLFCN_H 1
| #define LT_OBJDIR ".libs/"
| #define GETTEXT_PACKAGE "fontconfig"
| /* end confdefs.h.  */
| #include <ac_nonexistent.h>
configure:15163: result: /home/nathan/secure-exec/registry/native/c/vendor/wasi-sdk/bin/clang -E
configure:15177: /home/nathan/secure-exec/registry/native/c/vendor/wasi-sdk/bin/clang -E --target=wasm32-wasip1 --sysroot=/home/nathan/secure-exec/registry/native/c/sysroot -I/home/nathan/secure-exec-wasmgui/experiments/wasm-gui/third_party/wasm-prefix/include -I/home/nathan/secure-exec-wasmgui/experiments/wasm-gui/toolchain/compat-include -include /home/nathan/secure-exec-wasmgui/experiments/wasm-gui/toolchain/wasi-compat.h conftest.c
configure:15177: $? = 0
configure:15192: /home/nathan/secure-exec/registry/native/c/vendor/wasi-sdk/bin/clang -E --target=wasm32-wasip1 --sysroot=/home/nathan/secure-exec/registry/native/c/sysroot -I/home/nathan/secure-exec-wasmgui/experiments/wasm-gui/third_party/wasm-prefix/include -I/home/nathan/secure-exec-wasmgui/experiments/wasm-gui/toolchain/compat-include -include /home/nathan/secure-exec-wasmgui/experiments/wasm-gui/toolchain/wasi-compat.h conftest.c
conftest.c:42:10: fatal error: 'ac_nonexistent.h' file not found
   42 | #include <ac_nonexistent.h>
      |          ^~~~~~~~~~~~~~~~~~
1 error generated.
configure:15192: $? = 1
configure: failed program was:
| /* confdefs.h */
| #define PACKAGE_NAME "fontconfig"
| #define PACKAGE_TARNAME "fontconfig"
| #define PACKAGE_VERSION "2.14.2"
| #define PACKAGE_STRING "fontconfig 2.14.2"
| #define PACKAGE_BUGREPORT "https://gitlab.freedesktop.org/fontconfig/fontconfig/issues/new"
| #define PACKAGE_URL ""
| #define PACKAGE "fontconfig"
| #define VERSION "2.14.2"
| #define HAVE_STDIO_H 1
| #define HAVE_STDLIB_H 1
| #define HAVE_STRING_H 1
| #define HAVE_INTTYPES_H 1
| #define HAVE_STDINT_H 1
| #define HAVE_STRINGS_H 1
| #define HAVE_SYS_STAT_H 1
| #define HAVE_SYS_TYPES_H 1
| #define HAVE_UNISTD_H 1
| #define HAVE_WCHAR_H 1
| #define HAVE_SYS_PARAM_H 1
| #define STDC_HEADERS 1
| #define _ALL_SOURCE 1
| #define _DARWIN_C_SOURCE 1
| #define _GNU_SOURCE 1
| #define _HPUX_ALT_XOPEN_SOCKET_API 1
| #define _NETBSD_SOURCE 1
| #define _OPENBSD_SOURCE 1
| #define _POSIX_PTHREAD_SEMANTICS 1
| #define __STDC_WANT_IEC_60559_ATTRIBS_EXT__ 1
| #define __STDC_WANT_IEC_60559_BFP_EXT__ 1
| #define __STDC_WANT_IEC_60559_DFP_EXT__ 1
| #define __STDC_WANT_IEC_60559_FUNCS_EXT__ 1
| #define __STDC_WANT_IEC_60559_TYPES_EXT__ 1
| #define __STDC_WANT_LIB_EXT2__ 1
| #define __STDC_WANT_MATH_SPEC_FUNCS__ 1
| #define _TANDEM_SOURCE 1
| #define __EXTENSIONS__ 1
| #define HAVE_DLFCN_H 1
| #define LT_OBJDIR ".libs/"
| #define GETTEXT_PACKAGE "fontconfig"
| /* end confdefs.h.  */
| #include <ac_nonexistent.h>
configure:15779: checking for CFPreferencesCopyAppValue
configure:15798: /home/nathan/secure-exec/registry/native/c/vendor/wasi-sdk/bin/clang -o conftest --target=wasm32-wasip1 --sysroot=/home/nathan/secure-exec/registry/native/c/sysroot -O2 -D_WASI_EMULATED_MMAN -D_WASI_EMULATED_PROCESS_CLOCKS -D_GNU_SOURCE -mllvm -wasm-enable-sjlj -Wno-error=implicit-function-declaration -Wno-error=int-conversion -Wno-int-conversion -I/home/nathan/secure-exec-wasmgui/experiments/wasm-gui/toolchain/compat-include -include /home/nathan/secure-exec-wasmgui/experiments/wasm-gui/toolchain/wasi-compat.h --target=wasm32-wasip1 --sysroot=/home/nathan/secure-exec/registry/native/c/sysroot -I/home/nathan/secure-exec-wasmgui/experiments/wasm-gui/third_party/wasm-prefix/include -I/home/nathan/secure-exec-wasmgui/experiments/wasm-gui/toolchain/compat-include -include /home/nathan/secure-exec-wasmgui/experiments/wasm-gui/toolchain/wasi-compat.h --target=wasm32-wasip1 --sysroot=/home/nathan/secure-exec/registry/native/c/sysroot -L/home/nathan/secure-exec-wasmgui/experiments/wasm-gui/third_party/wasm-prefix/lib -L/home/nathan/secure-exec/registry/native/c/vendor/wasi-sdk/share/wasi-sysroot/lib/wasm32-wasip1 -lwasi-emulated-mman -lwasi-emulated-process-clocks conftest.c  -Wl,-framework -Wl,CoreFoundation >&5
conftest.c:42:10: fatal error: 'CoreFoundation/CFPreferences.h' file not found
   42 | #include <CoreFoundation/CFPreferences.h>
      |          ^~~~~~~~~~~~~~~~~~~~~~~~~~~~~~~~
1 error generated.
configure:15798: $? = 1
configure: failed program was:
| /* confdefs.h */
| #define PACKAGE_NAME "fontconfig"
| #define PACKAGE_TARNAME "fontconfig"
| #define PACKAGE_VERSION "2.14.2"
| #define PACKAGE_STRING "fontconfig 2.14.2"
| #define PACKAGE_BUGREPORT "https://gitlab.freedesktop.org/fontconfig/fontconfig/issues/new"
| #define PACKAGE_URL ""
| #define PACKAGE "fontconfig"
| #define VERSION "2.14.2"
| #define HAVE_STDIO_H 1
| #define HAVE_STDLIB_H 1
| #define HAVE_STRING_H 1
| #define HAVE_INTTYPES_H 1
| #define HAVE_STDINT_H 1
| #define HAVE_STRINGS_H 1
| #define HAVE_SYS_STAT_H 1
| #define HAVE_SYS_TYPES_H 1
| #define HAVE_UNISTD_H 1
| #define HAVE_WCHAR_H 1
| #define HAVE_SYS_PARAM_H 1
| #define STDC_HEADERS 1
| #define _ALL_SOURCE 1
| #define _DARWIN_C_SOURCE 1
| #define _GNU_SOURCE 1
| #define _HPUX_ALT_XOPEN_SOCKET_API 1
| #define _NETBSD_SOURCE 1
| #define _OPENBSD_SOURCE 1
| #define _POSIX_PTHREAD_SEMANTICS 1
| #define __STDC_WANT_IEC_60559_ATTRIBS_EXT__ 1
| #define __STDC_WANT_IEC_60559_BFP_EXT__ 1
| #define __STDC_WANT_IEC_60559_DFP_EXT__ 1
| #define __STDC_WANT_IEC_60559_FUNCS_EXT__ 1
| #define __STDC_WANT_IEC_60559_TYPES_EXT__ 1
| #define __STDC_WANT_LIB_EXT2__ 1
| #define __STDC_WANT_MATH_SPEC_FUNCS__ 1
| #define _TANDEM_SOURCE 1
| #define __EXTENSIONS__ 1
| #define HAVE_DLFCN_H 1
| #define LT_OBJDIR ".libs/"
| #define GETTEXT_PACKAGE "fontconfig"
| /* end confdefs.h.  */
| #include <CoreFoundation/CFPreferences.h>
| int
| main (void)
| {
| CFPreferencesCopyAppValue(NULL, NULL)
|   ;
|   return 0;
| }
configure:15808: result: no
configure:15815: checking for CFLocaleCopyCurrent
configure:15834: /home/nathan/secure-exec/registry/native/c/vendor/wasi-sdk/bin/clang -o conftest --target=wasm32-wasip1 --sysroot=/home/nathan/secure-exec/registry/native/c/sysroot -O2 -D_WASI_EMULATED_MMAN -D_WASI_EMULATED_PROCESS_CLOCKS -D_GNU_SOURCE -mllvm -wasm-enable-sjlj -Wno-error=implicit-function-declaration -Wno-error=int-conversion -Wno-int-conversion -I/home/nathan/secure-exec-wasmgui/experiments/wasm-gui/toolchain/compat-include -include /home/nathan/secure-exec-wasmgui/experiments/wasm-gui/toolchain/wasi-compat.h --target=wasm32-wasip1 --sysroot=/home/nathan/secure-exec/registry/native/c/sysroot -I/home/nathan/secure-exec-wasmgui/experiments/wasm-gui/third_party/wasm-prefix/include -I/home/nathan/secure-exec-wasmgui/experiments/wasm-gui/toolchain/compat-include -include /home/nathan/secure-exec-wasmgui/experiments/wasm-gui/toolchain/wasi-compat.h --target=wasm32-wasip1 --sysroot=/home/nathan/secure-exec/registry/native/c/sysroot -L/home/nathan/secure-exec-wasmgui/experiments/wasm-gui/third_party/wasm-prefix/lib -L/home/nathan/secure-exec/registry/native/c/vendor/wasi-sdk/share/wasi-sysroot/lib/wasm32-wasip1 -lwasi-emulated-mman -lwasi-emulated-process-clocks conftest.c  -Wl,-framework -Wl,CoreFoundation >&5
conftest.c:42:10: fatal error: 'CoreFoundation/CFLocale.h' file not found
   42 | #include <CoreFoundation/CFLocale.h>
      |          ^~~~~~~~~~~~~~~~~~~~~~~~~~~
1 error generated.
configure:15834: $? = 1
configure: failed program was:
| /* confdefs.h */
| #define PACKAGE_NAME "fontconfig"
| #define PACKAGE_TARNAME "fontconfig"
| #define PACKAGE_VERSION "2.14.2"
| #define PACKAGE_STRING "fontconfig 2.14.2"
| #define PACKAGE_BUGREPORT "https://gitlab.freedesktop.org/fontconfig/fontconfig/issues/new"
| #define PACKAGE_URL ""
| #define PACKAGE "fontconfig"
| #define VERSION "2.14.2"
| #define HAVE_STDIO_H 1
| #define HAVE_STDLIB_H 1
| #define HAVE_STRING_H 1
| #define HAVE_INTTYPES_H 1
| #define HAVE_STDINT_H 1
| #define HAVE_STRINGS_H 1
| #define HAVE_SYS_STAT_H 1
| #define HAVE_SYS_TYPES_H 1
| #define HAVE_UNISTD_H 1
| #define HAVE_WCHAR_H 1
| #define HAVE_SYS_PARAM_H 1
| #define STDC_HEADERS 1
| #define _ALL_SOURCE 1
| #define _DARWIN_C_SOURCE 1
| #define _GNU_SOURCE 1
| #define _HPUX_ALT_XOPEN_SOCKET_API 1
| #define _NETBSD_SOURCE 1
| #define _OPENBSD_SOURCE 1
| #define _POSIX_PTHREAD_SEMANTICS 1
| #define __STDC_WANT_IEC_60559_ATTRIBS_EXT__ 1
| #define __STDC_WANT_IEC_60559_BFP_EXT__ 1
| #define __STDC_WANT_IEC_60559_DFP_EXT__ 1
| #define __STDC_WANT_IEC_60559_FUNCS_EXT__ 1
| #define __STDC_WANT_IEC_60559_TYPES_EXT__ 1
| #define __STDC_WANT_LIB_EXT2__ 1
| #define __STDC_WANT_MATH_SPEC_FUNCS__ 1
| #define _TANDEM_SOURCE 1
| #define __EXTENSIONS__ 1
| #define HAVE_DLFCN_H 1
| #define LT_OBJDIR ".libs/"
| #define GETTEXT_PACKAGE "fontconfig"
| /* end confdefs.h.  */
| #include <CoreFoundation/CFLocale.h>
| int
| main (void)
| {
| CFLocaleCopyCurrent();
|   ;
|   return 0;
| }
configure:15844: result: no
configure:15893: checking for GNU gettext in libc
configure:15923: /home/nathan/secure-exec/registry/native/c/vendor/wasi-sdk/bin/clang -o conftest --target=wasm32-wasip1 --sysroot=/home/nathan/secure-exec/registry/native/c/sysroot -O2 -D_WASI_EMULATED_MMAN -D_WASI_EMULATED_PROCESS_CLOCKS -D_GNU_SOURCE -mllvm -wasm-enable-sjlj -Wno-error=implicit-function-declaration -Wno-error=int-conversion -Wno-int-conversion -I/home/nathan/secure-exec-wasmgui/experiments/wasm-gui/toolchain/compat-include -include /home/nathan/secure-exec-wasmgui/experiments/wasm-gui/toolchain/wasi-compat.h --target=wasm32-wasip1 --sysroot=/home/nathan/secure-exec/registry/native/c/sysroot -I/home/nathan/secure-exec-wasmgui/experiments/wasm-gui/third_party/wasm-prefix/include -I/home/nathan/secure-exec-wasmgui/experiments/wasm-gui/toolchain/compat-include -include /home/nathan/secure-exec-wasmgui/experiments/wasm-gui/toolchain/wasi-compat.h --target=wasm32-wasip1 --sysroot=/home/nathan/secure-exec/registry/native/c/sysroot -L/home/nathan/secure-exec-wasmgui/experiments/wasm-gui/third_party/wasm-prefix/lib -L/home/nathan/secure-exec/registry/native/c/vendor/wasi-sdk/share/wasi-sysroot/lib/wasm32-wasip1 -lwasi-emulated-mman -lwasi-emulated-process-clocks conftest.c  >&5
conftest.c:43:10: fatal error: 'libintl.h' file not found
   43 | #include <libintl.h>
      |          ^~~~~~~~~~~
1 error generated.
configure:15923: $? = 1
configure: failed program was:
| /* confdefs.h */
| #define PACKAGE_NAME "fontconfig"
| #define PACKAGE_TARNAME "fontconfig"
| #define PACKAGE_VERSION "2.14.2"
| #define PACKAGE_STRING "fontconfig 2.14.2"
| #define PACKAGE_BUGREPORT "https://gitlab.freedesktop.org/fontconfig/fontconfig/issues/new"
| #define PACKAGE_URL ""
| #define PACKAGE "fontconfig"
| #define VERSION "2.14.2"
| #define HAVE_STDIO_H 1
| #define HAVE_STDLIB_H 1
| #define HAVE_STRING_H 1
| #define HAVE_INTTYPES_H 1
| #define HAVE_STDINT_H 1
| #define HAVE_STRINGS_H 1
| #define HAVE_SYS_STAT_H 1
| #define HAVE_SYS_TYPES_H 1
| #define HAVE_UNISTD_H 1
| #define HAVE_WCHAR_H 1
| #define HAVE_SYS_PARAM_H 1
| #define STDC_HEADERS 1
| #define _ALL_SOURCE 1
| #define _DARWIN_C_SOURCE 1
| #define _GNU_SOURCE 1
| #define _HPUX_ALT_XOPEN_SOCKET_API 1
| #define _NETBSD_SOURCE 1
| #define _OPENBSD_SOURCE 1
| #define _POSIX_PTHREAD_SEMANTICS 1
| #define __STDC_WANT_IEC_60559_ATTRIBS_EXT__ 1
| #define __STDC_WANT_IEC_60559_BFP_EXT__ 1
| #define __STDC_WANT_IEC_60559_DFP_EXT__ 1
| #define __STDC_WANT_IEC_60559_FUNCS_EXT__ 1
| #define __STDC_WANT_IEC_60559_TYPES_EXT__ 1
| #define __STDC_WANT_LIB_EXT2__ 1
| #define __STDC_WANT_MATH_SPEC_FUNCS__ 1
| #define _TANDEM_SOURCE 1
| #define __EXTENSIONS__ 1
| #define HAVE_DLFCN_H 1
| #define LT_OBJDIR ".libs/"
| #define GETTEXT_PACKAGE "fontconfig"
| /* end confdefs.h.  */
| 
| #include <libintl.h>
| #ifndef __GNU_GETTEXT_SUPPORTED_REVISION
| extern int _nl_msg_cat_cntr;
| extern int *_nl_domain_bindings;
| #define __GNU_GETTEXT_SYMBOL_EXPRESSION (_nl_msg_cat_cntr + *_nl_domain_bindings)
| #else
| #define __GNU_GETTEXT_SYMBOL_EXPRESSION 0
| #endif
| 
| 
| int
| main (void)
| {
| 
| bindtextdomain ("", "");
| return * gettext ("") + __GNU_GETTEXT_SYMBOL_EXPRESSION
| 
|   ;
|   return 0;
| }
configure:15933: result: no
configure:15967: checking for iconv
configure:15992: /home/nathan/secure-exec/registry/native/c/vendor/wasi-sdk/bin/clang -o conftest --target=wasm32-wasip1 --sysroot=/home/nathan/secure-exec/registry/native/c/sysroot -O2 -D_WASI_EMULATED_MMAN -D_WASI_EMULATED_PROCESS_CLOCKS -D_GNU_SOURCE -mllvm -wasm-enable-sjlj -Wno-error=implicit-function-declaration -Wno-error=int-conversion -Wno-int-conversion -I/home/nathan/secure-exec-wasmgui/experiments/wasm-gui/toolchain/compat-include -include /home/nathan/secure-exec-wasmgui/experiments/wasm-gui/toolchain/wasi-compat.h --target=wasm32-wasip1 --sysroot=/home/nathan/secure-exec/registry/native/c/sysroot -I/home/nathan/secure-exec-wasmgui/experiments/wasm-gui/third_party/wasm-prefix/include -I/home/nathan/secure-exec-wasmgui/experiments/wasm-gui/toolchain/compat-include -include /home/nathan/secure-exec-wasmgui/experiments/wasm-gui/toolchain/wasi-compat.h --target=wasm32-wasip1 --sysroot=/home/nathan/secure-exec/registry/native/c/sysroot -L/home/nathan/secure-exec-wasmgui/experiments/wasm-gui/third_party/wasm-prefix/lib -L/home/nathan/secure-exec/registry/native/c/vendor/wasi-sdk/share/wasi-sysroot/lib/wasm32-wasip1 -lwasi-emulated-mman -lwasi-emulated-process-clocks conftest.c  >&5
configure:15992: $? = 0
configure:16028: result: yes
configure:16031: checking for working iconv
configure:16175: result: guessing yes
configure:16665: checking for GNU gettext in libintl
configure:16703: /home/nathan/secure-exec/registry/native/c/vendor/wasi-sdk/bin/clang -o conftest --target=wasm32-wasip1 --sysroot=/home/nathan/secure-exec/registry/native/c/sysroot -O2 -D_WASI_EMULATED_MMAN -D_WASI_EMULATED_PROCESS_CLOCKS -D_GNU_SOURCE -mllvm -wasm-enable-sjlj -Wno-error=implicit-function-declaration -Wno-error=int-conversion -Wno-int-conversion -I/home/nathan/secure-exec-wasmgui/experiments/wasm-gui/toolchain/compat-include -include /home/nathan/secure-exec-wasmgui/experiments/wasm-gui/toolchain/wasi-compat.h --target=wasm32-wasip1 --sysroot=/home/nathan/secure-exec/registry/native/c/sysroot -I/home/nathan/secure-exec-wasmgui/experiments/wasm-gui/third_party/wasm-prefix/include -I/home/nathan/secure-exec-wasmgui/experiments/wasm-gui/toolchain/compat-include -include /home/nathan/secure-exec-wasmgui/experiments/wasm-gui/toolchain/wasi-compat.h  --target=wasm32-wasip1 --sysroot=/home/nathan/secure-exec/registry/native/c/sysroot -L/home/nathan/secure-exec-wasmgui/experiments/wasm-gui/third_party/wasm-prefix/lib -L/home/nathan/secure-exec/registry/native/c/vendor/wasi-sdk/share/wasi-sysroot/lib/wasm32-wasip1 -lwasi-emulated-mman -lwasi-emulated-process-clocks conftest.c  -lintl >&5
conftest.c:44:10: fatal error: 'libintl.h' file not found
   44 | #include <libintl.h>
      |          ^~~~~~~~~~~
1 error generated.
configure:16703: $? = 1
configure: failed program was:
| /* confdefs.h */
| #define PACKAGE_NAME "fontconfig"
| #define PACKAGE_TARNAME "fontconfig"
| #define PACKAGE_VERSION "2.14.2"
| #define PACKAGE_STRING "fontconfig 2.14.2"
| #define PACKAGE_BUGREPORT "https://gitlab.freedesktop.org/fontconfig/fontconfig/issues/new"
| #define PACKAGE_URL ""
| #define PACKAGE "fontconfig"
| #define VERSION "2.14.2"
| #define HAVE_STDIO_H 1
| #define HAVE_STDLIB_H 1
| #define HAVE_STRING_H 1
| #define HAVE_INTTYPES_H 1
| #define HAVE_STDINT_H 1
| #define HAVE_STRINGS_H 1
| #define HAVE_SYS_STAT_H 1
| #define HAVE_SYS_TYPES_H 1
| #define HAVE_UNISTD_H 1
| #define HAVE_WCHAR_H 1
| #define HAVE_SYS_PARAM_H 1
| #define STDC_HEADERS 1
| #define _ALL_SOURCE 1
| #define _DARWIN_C_SOURCE 1
| #define _GNU_SOURCE 1
| #define _HPUX_ALT_XOPEN_SOCKET_API 1
| #define _NETBSD_SOURCE 1
| #define _OPENBSD_SOURCE 1
| #define _POSIX_PTHREAD_SEMANTICS 1
| #define __STDC_WANT_IEC_60559_ATTRIBS_EXT__ 1
| #define __STDC_WANT_IEC_60559_BFP_EXT__ 1
| #define __STDC_WANT_IEC_60559_DFP_EXT__ 1
| #define __STDC_WANT_IEC_60559_FUNCS_EXT__ 1
| #define __STDC_WANT_IEC_60559_TYPES_EXT__ 1
| #define __STDC_WANT_LIB_EXT2__ 1
| #define __STDC_WANT_MATH_SPEC_FUNCS__ 1
| #define _TANDEM_SOURCE 1
| #define __EXTENSIONS__ 1
| #define HAVE_DLFCN_H 1
| #define LT_OBJDIR ".libs/"
| #define GETTEXT_PACKAGE "fontconfig"
| #define HAVE_ICONV 1
| /* end confdefs.h.  */
| 
| #include <libintl.h>
| #ifndef __GNU_GETTEXT_SUPPORTED_REVISION
| extern int _nl_msg_cat_cntr;
| extern
| #ifdef __cplusplus
| "C"
| #endif
| const char *_nl_expand_alias (const char *);
| #define __GNU_GETTEXT_SYMBOL_EXPRESSION (_nl_msg_cat_cntr + *_nl_expand_alias (""))
| #else
| #define __GNU_GETTEXT_SYMBOL_EXPRESSION 0
| #endif
| 
| 
| int
| main (void)
| {
| 
| bindtextdomain ("", "");
| return * gettext ("") + __GNU_GETTEXT_SYMBOL_EXPRESSION
| 
|   ;
|   return 0;
| }
configure:16755: result: no
configure:16790: checking whether to use NLS
configure:16792: result: no
configure:16919: checking for /home/nathan/secure-exec/registry/native/c/vendor/wasi-sdk/bin/clang options needed to detect all undeclared functions
configure:16941: /home/nathan/secure-exec/registry/native/c/vendor/wasi-sdk/bin/clang -c --target=wasm32-wasip1 --sysroot=/home/nathan/secure-exec/registry/native/c/sysroot -O2 -D_WASI_EMULATED_MMAN -D_WASI_EMULATED_PROCESS_CLOCKS -D_GNU_SOURCE -mllvm -wasm-enable-sjlj -Wno-error=implicit-function-declaration -Wno-error=int-conversion -Wno-int-conversion -I/home/nathan/secure-exec-wasmgui/experiments/wasm-gui/toolchain/compat-include -include /home/nathan/secure-exec-wasmgui/experiments/wasm-gui/toolchain/wasi-compat.h  --target=wasm32-wasip1 --sysroot=/home/nathan/secure-exec/registry/native/c/sysroot -I/home/nathan/secure-exec-wasmgui/experiments/wasm-gui/third_party/wasm-prefix/include -I/home/nathan/secure-exec-wasmgui/experiments/wasm-gui/toolchain/compat-include -include /home/nathan/secure-exec-wasmgui/experiments/wasm-gui/toolchain/wasi-compat.h conftest.c >&5
conftest.c:47:8: warning: call to undeclared library function 'strchr' with type 'char *(const char *, int)'; ISO C99 and later do not support implicit function declarations [-Wimplicit-function-declaration]
   47 | (void) strchr;
      |        ^
conftest.c:47:8: note: include the header <string.h> or explicitly provide a declaration for 'strchr'
1 warning generated.
configure:16941: $? = 0
configure:16941: /home/nathan/secure-exec/registry/native/c/vendor/wasi-sdk/bin/clang -c --target=wasm32-wasip1 --sysroot=/home/nathan/secure-exec/registry/native/c/sysroot -O2 -D_WASI_EMULATED_MMAN -D_WASI_EMULATED_PROCESS_CLOCKS -D_GNU_SOURCE -mllvm -wasm-enable-sjlj -Wno-error=implicit-function-declaration -Wno-error=int-conversion -Wno-int-conversion -I/home/nathan/secure-exec-wasmgui/experiments/wasm-gui/toolchain/compat-include -include /home/nathan/secure-exec-wasmgui/experiments/wasm-gui/toolchain/wasi-compat.h -fno-builtin --target=wasm32-wasip1 --sysroot=/home/nathan/secure-exec/registry/native/c/sysroot -I/home/nathan/secure-exec-wasmgui/experiments/wasm-gui/third_party/wasm-prefix/include -I/home/nathan/secure-exec-wasmgui/experiments/wasm-gui/toolchain/compat-include -include /home/nathan/secure-exec-wasmgui/experiments/wasm-gui/toolchain/wasi-compat.h conftest.c >&5
conftest.c:47:8: error: use of undeclared identifier 'strchr'
   47 | (void) strchr;
      |        ^
1 error generated.
configure:16941: $? = 1
configure: failed program was:
| /* confdefs.h */
| #define PACKAGE_NAME "fontconfig"
| #define PACKAGE_TARNAME "fontconfig"
| #define PACKAGE_VERSION "2.14.2"
| #define PACKAGE_STRING "fontconfig 2.14.2"
| #define PACKAGE_BUGREPORT "https://gitlab.freedesktop.org/fontconfig/fontconfig/issues/new"
| #define PACKAGE_URL ""
| #define PACKAGE "fontconfig"
| #define VERSION "2.14.2"
| #define HAVE_STDIO_H 1
| #define HAVE_STDLIB_H 1
| #define HAVE_STRING_H 1
| #define HAVE_INTTYPES_H 1
| #define HAVE_STDINT_H 1
| #define HAVE_STRINGS_H 1
| #define HAVE_SYS_STAT_H 1
| #define HAVE_SYS_TYPES_H 1
| #define HAVE_UNISTD_H 1
| #define HAVE_WCHAR_H 1
| #define HAVE_SYS_PARAM_H 1
| #define STDC_HEADERS 1
| #define _ALL_SOURCE 1
| #define _DARWIN_C_SOURCE 1
| #define _GNU_SOURCE 1
| #define _HPUX_ALT_XOPEN_SOCKET_API 1
| #define _NETBSD_SOURCE 1
| #define _OPENBSD_SOURCE 1
| #define _POSIX_PTHREAD_SEMANTICS 1
| #define __STDC_WANT_IEC_60559_ATTRIBS_EXT__ 1
| #define __STDC_WANT_IEC_60559_BFP_EXT__ 1
| #define __STDC_WANT_IEC_60559_DFP_EXT__ 1
| #define __STDC_WANT_IEC_60559_FUNCS_EXT__ 1
| #define __STDC_WANT_IEC_60559_TYPES_EXT__ 1
| #define __STDC_WANT_LIB_EXT2__ 1
| #define __STDC_WANT_MATH_SPEC_FUNCS__ 1
| #define _TANDEM_SOURCE 1
| #define __EXTENSIONS__ 1
| #define HAVE_DLFCN_H 1
| #define LT_OBJDIR ".libs/"
| #define GETTEXT_PACKAGE "fontconfig"
| #define HAVE_ICONV 1
| /* end confdefs.h.  */
| 
| int
| main (void)
| {
| (void) strchr;
|   ;
|   return 0;
| }
configure:16968: /home/nathan/secure-exec/registry/native/c/vendor/wasi-sdk/bin/clang -c --target=wasm32-wasip1 --sysroot=/home/nathan/secure-exec/registry/native/c/sysroot -O2 -D_WASI_EMULATED_MMAN -D_WASI_EMULATED_PROCESS_CLOCKS -D_GNU_SOURCE -mllvm -wasm-enable-sjlj -Wno-error=implicit-function-declaration -Wno-error=int-conversion -Wno-int-conversion -I/home/nathan/secure-exec-wasmgui/experiments/wasm-gui/toolchain/compat-include -include /home/nathan/secure-exec-wasmgui/experiments/wasm-gui/toolchain/wasi-compat.h -fno-builtin --target=wasm32-wasip1 --sysroot=/home/nathan/secure-exec/registry/native/c/sysroot -I/home/nathan/secure-exec-wasmgui/experiments/wasm-gui/third_party/wasm-prefix/include -I/home/nathan/secure-exec-wasmgui/experiments/wasm-gui/toolchain/compat-include -include /home/nathan/secure-exec-wasmgui/experiments/wasm-gui/toolchain/wasi-compat.h conftest.c >&5
configure:16968: $? = 0
configure:16985: result: -fno-builtin
configure:16999: checking whether __SUNPRO_C is declared
configure:16999: /home/nathan/secure-exec/registry/native/c/vendor/wasi-sdk/bin/clang -c --target=wasm32-wasip1 --sysroot=/home/nathan/secure-exec/registry/native/c/sysroot -O2 -D_WASI_EMULATED_MMAN -D_WASI_EMULATED_PROCESS_CLOCKS -D_GNU_SOURCE -mllvm -wasm-enable-sjlj -Wno-error=implicit-function-declaration -Wno-error=int-conversion -Wno-int-conversion -I/home/nathan/secure-exec-wasmgui/experiments/wasm-gui/toolchain/compat-include -include /home/nathan/secure-exec-wasmgui/experiments/wasm-gui/toolchain/wasi-compat.h -fno-builtin --target=wasm32-wasip1 --sysroot=/home/nathan/secure-exec/registry/native/c/sysroot -I/home/nathan/secure-exec-wasmgui/experiments/wasm-gui/third_party/wasm-prefix/include -I/home/nathan/secure-exec-wasmgui/experiments/wasm-gui/toolchain/compat-include -include /home/nathan/secure-exec-wasmgui/experiments/wasm-gui/toolchain/wasi-compat.h conftest.c >&5
conftest.c:78:10: error: use of undeclared identifier '__SUNPRO_C'
   78 |   (void) __SUNPRO_C;
      |          ^
1 error generated.
configure:16999: $? = 1
configure: failed program was:
| /* confdefs.h */
| #define PACKAGE_NAME "fontconfig"
| #define PACKAGE_TARNAME "fontconfig"
| #define PACKAGE_VERSION "2.14.2"
| #define PACKAGE_STRING "fontconfig 2.14.2"
| #define PACKAGE_BUGREPORT "https://gitlab.freedesktop.org/fontconfig/fontconfig/issues/new"
| #define PACKAGE_URL ""
| #define PACKAGE "fontconfig"
| #define VERSION "2.14.2"
| #define HAVE_STDIO_H 1
| #define HAVE_STDLIB_H 1
| #define HAVE_STRING_H 1
| #define HAVE_INTTYPES_H 1
| #define HAVE_STDINT_H 1
| #define HAVE_STRINGS_H 1
| #define HAVE_SYS_STAT_H 1
| #define HAVE_SYS_TYPES_H 1
| #define HAVE_UNISTD_H 1
| #define HAVE_WCHAR_H 1
| #define HAVE_SYS_PARAM_H 1
| #define STDC_HEADERS 1
| #define _ALL_SOURCE 1
| #define _DARWIN_C_SOURCE 1
| #define _GNU_SOURCE 1
| #define _HPUX_ALT_XOPEN_SOCKET_API 1
| #define _NETBSD_SOURCE 1
| #define _OPENBSD_SOURCE 1
| #define _POSIX_PTHREAD_SEMANTICS 1
| #define __STDC_WANT_IEC_60559_ATTRIBS_EXT__ 1
| #define __STDC_WANT_IEC_60559_BFP_EXT__ 1
| #define __STDC_WANT_IEC_60559_DFP_EXT__ 1
| #define __STDC_WANT_IEC_60559_FUNCS_EXT__ 1
| #define __STDC_WANT_IEC_60559_TYPES_EXT__ 1
| #define __STDC_WANT_LIB_EXT2__ 1
| #define __STDC_WANT_MATH_SPEC_FUNCS__ 1
| #define _TANDEM_SOURCE 1
| #define __EXTENSIONS__ 1
| #define HAVE_DLFCN_H 1
| #define LT_OBJDIR ".libs/"
| #define GETTEXT_PACKAGE "fontconfig"
| #define HAVE_ICONV 1
| /* end confdefs.h.  */
| #include <stddef.h>
| #ifdef HAVE_STDIO_H
| # include <stdio.h>
| #endif
| #ifdef HAVE_STDLIB_H
| # include <stdlib.h>
| #endif
| #ifdef HAVE_STRING_H
| # include <string.h>
| #endif
| #ifdef HAVE_INTTYPES_H
| # include <inttypes.h>
| #endif
| #ifdef HAVE_STDINT_H
| # include <stdint.h>
| #endif
| #ifdef HAVE_STRINGS_H
| # include <strings.h>
| #endif
| #ifdef HAVE_SYS_TYPES_H
| # include <sys/types.h>
| #endif
| #ifdef HAVE_SYS_STAT_H
| # include <sys/stat.h>
| #endif
| #ifdef HAVE_UNISTD_H
| # include <unistd.h>
| #endif
| int
| main (void)
| {
| #ifndef __SUNPRO_C
| #ifdef __cplusplus
|   (void) __SUNPRO_C;
| #else
|   (void) __SUNPRO_C;
| #endif
| #endif
| 
|   ;
|   return 0;
| }
configure:16999: result: no
configure:17039: checking for build system executable suffix
configure:17058: result: no
configure:17105: checking for dirent.h that defines DIR
configure:17125: /home/nathan/secure-exec/registry/native/c/vendor/wasi-sdk/bin/clang -c --target=wasm32-wasip1 --sysroot=/home/nathan/secure-exec/registry/native/c/sysroot -O2 -D_WASI_EMULATED_MMAN -D_WASI_EMULATED_PROCESS_CLOCKS -D_GNU_SOURCE -mllvm -wasm-enable-sjlj -Wno-error=implicit-function-declaration -Wno-error=int-conversion -Wno-int-conversion -I/home/nathan/secure-exec-wasmgui/experiments/wasm-gui/toolchain/compat-include -include /home/nathan/secure-exec-wasmgui/experiments/wasm-gui/toolchain/wasi-compat.h --target=wasm32-wasip1 --sysroot=/home/nathan/secure-exec/registry/native/c/sysroot -I/home/nathan/secure-exec-wasmgui/experiments/wasm-gui/third_party/wasm-prefix/include -I/home/nathan/secure-exec-wasmgui/experiments/wasm-gui/toolchain/compat-include -include /home/nathan/secure-exec-wasmgui/experiments/wasm-gui/toolchain/wasi-compat.h conftest.c >&5
configure:17125: $? = 0
configure:17134: result: yes
configure:17148: checking for library containing opendir
configure:17178: /home/nathan/secure-exec/registry/native/c/vendor/wasi-sdk/bin/clang -o conftest --target=wasm32-wasip1 --sysroot=/home/nathan/secure-exec/registry/native/c/sysroot -O2 -D_WASI_EMULATED_MMAN -D_WASI_EMULATED_PROCESS_CLOCKS -D_GNU_SOURCE -mllvm -wasm-enable-sjlj -Wno-error=implicit-function-declaration -Wno-error=int-conversion -Wno-int-conversion -I/home/nathan/secure-exec-wasmgui/experiments/wasm-gui/toolchain/compat-include -include /home/nathan/secure-exec-wasmgui/experiments/wasm-gui/toolchain/wasi-compat.h --target=wasm32-wasip1 --sysroot=/home/nathan/secure-exec/registry/native/c/sysroot -I/home/nathan/secure-exec-wasmgui/experiments/wasm-gui/third_party/wasm-prefix/include -I/home/nathan/secure-exec-wasmgui/experiments/wasm-gui/toolchain/compat-include -include /home/nathan/secure-exec-wasmgui/experiments/wasm-gui/toolchain/wasi-compat.h --target=wasm32-wasip1 --sysroot=/home/nathan/secure-exec/registry/native/c/sysroot -L/home/nathan/secure-exec-wasmgui/experiments/wasm-gui/third_party/wasm-prefix/lib -L/home/nathan/secure-exec/registry/native/c/vendor/wasi-sdk/share/wasi-sysroot/lib/wasm32-wasip1 -lwasi-emulated-mman -lwasi-emulated-process-clocks conftest.c  >&5
wasm-ld: warning: function signature mismatch: opendir
>>> defined as () -> i32 in /tmp/conftest-5b45d4.o
>>> defined as (i32) -> i32 in /home/nathan/secure-exec/registry/native/c/vendor/wasi-sdk/share/wasi-sysroot/lib/wasm32-wasip1/libc.a(posix.o)
configure:17178: $? = 0
configure:17198: result: none required
configure:17272: checking for egrep
configure:17340: result: /usr/bin/grep -E
configure:17346: checking for dirent.h
configure:17346: /home/nathan/secure-exec/registry/native/c/vendor/wasi-sdk/bin/clang -c --target=wasm32-wasip1 --sysroot=/home/nathan/secure-exec/registry/native/c/sysroot -O2 -D_WASI_EMULATED_MMAN -D_WASI_EMULATED_PROCESS_CLOCKS -D_GNU_SOURCE -mllvm -wasm-enable-sjlj -Wno-error=implicit-function-declaration -Wno-error=int-conversion -Wno-int-conversion -I/home/nathan/secure-exec-wasmgui/experiments/wasm-gui/toolchain/compat-include -include /home/nathan/secure-exec-wasmgui/experiments/wasm-gui/toolchain/wasi-compat.h --target=wasm32-wasip1 --sysroot=/home/nathan/secure-exec/registry/native/c/sysroot -I/home/nathan/secure-exec-wasmgui/experiments/wasm-gui/third_party/wasm-prefix/include -I/home/nathan/secure-exec-wasmgui/experiments/wasm-gui/toolchain/compat-include -include /home/nathan/secure-exec-wasmgui/experiments/wasm-gui/toolchain/wasi-compat.h conftest.c >&5
configure:17346: $? = 0
configure:17346: result: yes
configure:17352: checking for fcntl.h
configure:17352: /home/nathan/secure-exec/registry/native/c/vendor/wasi-sdk/bin/clang -c --target=wasm32-wasip1 --sysroot=/home/nathan/secure-exec/registry/native/c/sysroot -O2 -D_WASI_EMULATED_MMAN -D_WASI_EMULATED_PROCESS_CLOCKS -D_GNU_SOURCE -mllvm -wasm-enable-sjlj -Wno-error=implicit-function-declaration -Wno-error=int-conversion -Wno-int-conversion -I/home/nathan/secure-exec-wasmgui/experiments/wasm-gui/toolchain/compat-include -include /home/nathan/secure-exec-wasmgui/experiments/wasm-gui/toolchain/wasi-compat.h --target=wasm32-wasip1 --sysroot=/home/nathan/secure-exec/registry/native/c/sysroot -I/home/nathan/secure-exec-wasmgui/experiments/wasm-gui/third_party/wasm-prefix/include -I/home/nathan/secure-exec-wasmgui/experiments/wasm-gui/toolchain/compat-include -include /home/nathan/secure-exec-wasmgui/experiments/wasm-gui/toolchain/wasi-compat.h conftest.c >&5
configure:17352: $? = 0
configure:17352: result: yes
configure:17358: checking for stdlib.h
configure:17358: result: yes
configure:17364: checking for string.h
configure:17364: result: yes
configure:17370: checking for unistd.h
configure:17370: result: yes
configure:17376: checking for sys/statvfs.h
configure:17376: /home/nathan/secure-exec/registry/native/c/vendor/wasi-sdk/bin/clang -c --target=wasm32-wasip1 --sysroot=/home/nathan/secure-exec/registry/native/c/sysroot -O2 -D_WASI_EMULATED_MMAN -D_WASI_EMULATED_PROCESS_CLOCKS -D_GNU_SOURCE -mllvm -wasm-enable-sjlj -Wno-error=implicit-function-declaration -Wno-error=int-conversion -Wno-int-conversion -I/home/nathan/secure-exec-wasmgui/experiments/wasm-gui/toolchain/compat-include -include /home/nathan/secure-exec-wasmgui/experiments/wasm-gui/toolchain/wasi-compat.h --target=wasm32-wasip1 --sysroot=/home/nathan/secure-exec/registry/native/c/sysroot -I/home/nathan/secure-exec-wasmgui/experiments/wasm-gui/third_party/wasm-prefix/include -I/home/nathan/secure-exec-wasmgui/experiments/wasm-gui/toolchain/compat-include -include /home/nathan/secure-exec-wasmgui/experiments/wasm-gui/toolchain/wasi-compat.h conftest.c >&5
configure:17376: $? = 0
configure:17376: result: yes
configure:17382: checking for sys/vfs.h
configure:17382: /home/nathan/secure-exec/registry/native/c/vendor/wasi-sdk/bin/clang -c --target=wasm32-wasip1 --sysroot=/home/nathan/secure-exec/registry/native/c/sysroot -O2 -D_WASI_EMULATED_MMAN -D_WASI_EMULATED_PROCESS_CLOCKS -D_GNU_SOURCE -mllvm -wasm-enable-sjlj -Wno-error=implicit-function-declaration -Wno-error=int-conversion -Wno-int-conversion -I/home/nathan/secure-exec-wasmgui/experiments/wasm-gui/toolchain/compat-include -include /home/nathan/secure-exec-wasmgui/experiments/wasm-gui/toolchain/wasi-compat.h --target=wasm32-wasip1 --sysroot=/home/nathan/secure-exec/registry/native/c/sysroot -I/home/nathan/secure-exec-wasmgui/experiments/wasm-gui/third_party/wasm-prefix/include -I/home/nathan/secure-exec-wasmgui/experiments/wasm-gui/toolchain/compat-include -include /home/nathan/secure-exec-wasmgui/experiments/wasm-gui/toolchain/wasi-compat.h conftest.c >&5
conftest.c:79:10: fatal error: 'sys/vfs.h' file not found
   79 | #include <sys/vfs.h>
      |          ^~~~~~~~~~~
1 error generated.
configure:17382: $? = 1
configure: failed program was:
| /* confdefs.h */
| #define PACKAGE_NAME "fontconfig"
| #define PACKAGE_TARNAME "fontconfig"
| #define PACKAGE_VERSION "2.14.2"
| #define PACKAGE_STRING "fontconfig 2.14.2"
| #define PACKAGE_BUGREPORT "https://gitlab.freedesktop.org/fontconfig/fontconfig/issues/new"
| #define PACKAGE_URL ""
| #define PACKAGE "fontconfig"
| #define VERSION "2.14.2"
| #define HAVE_STDIO_H 1
| #define HAVE_STDLIB_H 1
| #define HAVE_STRING_H 1
| #define HAVE_INTTYPES_H 1
| #define HAVE_STDINT_H 1
| #define HAVE_STRINGS_H 1
| #define HAVE_SYS_STAT_H 1
| #define HAVE_SYS_TYPES_H 1
| #define HAVE_UNISTD_H 1
| #define HAVE_WCHAR_H 1
| #define HAVE_SYS_PARAM_H 1
| #define STDC_HEADERS 1
| #define _ALL_SOURCE 1
| #define _DARWIN_C_SOURCE 1
| #define _GNU_SOURCE 1
| #define _HPUX_ALT_XOPEN_SOCKET_API 1
| #define _NETBSD_SOURCE 1
| #define _OPENBSD_SOURCE 1
| #define _POSIX_PTHREAD_SEMANTICS 1
| #define __STDC_WANT_IEC_60559_ATTRIBS_EXT__ 1
| #define __STDC_WANT_IEC_60559_BFP_EXT__ 1
| #define __STDC_WANT_IEC_60559_DFP_EXT__ 1
| #define __STDC_WANT_IEC_60559_FUNCS_EXT__ 1
| #define __STDC_WANT_IEC_60559_TYPES_EXT__ 1
| #define __STDC_WANT_LIB_EXT2__ 1
| #define __STDC_WANT_MATH_SPEC_FUNCS__ 1
| #define _TANDEM_SOURCE 1
| #define __EXTENSIONS__ 1
| #define HAVE_DLFCN_H 1
| #define LT_OBJDIR ".libs/"
| #define GETTEXT_PACKAGE "fontconfig"
| #define HAVE_ICONV 1
| #define HAVE_WARNING_CPP_DIRECTIVE 1
| #define HAVE_DIRENT_H 1
| #define HAVE_DIRENT_H 1
| #define HAVE_FCNTL_H 1
| #define HAVE_STDLIB_H 1
| #define HAVE_STRING_H 1
| #define HAVE_UNISTD_H 1
| #define HAVE_SYS_STATVFS_H 1
| /* end confdefs.h.  */
| #include <stddef.h>
| #ifdef HAVE_STDIO_H
| # include <stdio.h>
| #endif
| #ifdef HAVE_STDLIB_H
| # include <stdlib.h>
| #endif
| #ifdef HAVE_STRING_H
| # include <string.h>
| #endif
| #ifdef HAVE_INTTYPES_H
| # include <inttypes.h>
| #endif
| #ifdef HAVE_STDINT_H
| # include <stdint.h>
| #endif
| #ifdef HAVE_STRINGS_H
| # include <strings.h>
| #endif
| #ifdef HAVE_SYS_TYPES_H
| # include <sys/types.h>
| #endif
| #ifdef HAVE_SYS_STAT_H
| # include <sys/stat.h>
| #endif
| #ifdef HAVE_UNISTD_H
| # include <unistd.h>
| #endif
| #include <sys/vfs.h>
configure:17382: result: no
configure:17388: checking for sys/statfs.h
configure:17388: /home/nathan/secure-exec/registry/native/c/vendor/wasi-sdk/bin/clang -c --target=wasm32-wasip1 --sysroot=/home/nathan/secure-exec/registry/native/c/sysroot -O2 -D_WASI_EMULATED_MMAN -D_WASI_EMULATED_PROCESS_CLOCKS -D_GNU_SOURCE -mllvm -wasm-enable-sjlj -Wno-error=implicit-function-declaration -Wno-error=int-conversion -Wno-int-conversion -I/home/nathan/secure-exec-wasmgui/experiments/wasm-gui/toolchain/compat-include -include /home/nathan/secure-exec-wasmgui/experiments/wasm-gui/toolchain/wasi-compat.h --target=wasm32-wasip1 --sysroot=/home/nathan/secure-exec/registry/native/c/sysroot -I/home/nathan/secure-exec-wasmgui/experiments/wasm-gui/third_party/wasm-prefix/include -I/home/nathan/secure-exec-wasmgui/experiments/wasm-gui/toolchain/compat-include -include /home/nathan/secure-exec-wasmgui/experiments/wasm-gui/toolchain/wasi-compat.h conftest.c >&5
conftest.c:79:10: fatal error: 'sys/statfs.h' file not found
   79 | #include <sys/statfs.h>
      |          ^~~~~~~~~~~~~~
1 error generated.
configure:17388: $? = 1
configure: failed program was:
| /* confdefs.h */
| #define PACKAGE_NAME "fontconfig"
| #define PACKAGE_TARNAME "fontconfig"
| #define PACKAGE_VERSION "2.14.2"
| #define PACKAGE_STRING "fontconfig 2.14.2"
| #define PACKAGE_BUGREPORT "https://gitlab.freedesktop.org/fontconfig/fontconfig/issues/new"
| #define PACKAGE_URL ""
| #define PACKAGE "fontconfig"
| #define VERSION "2.14.2"
| #define HAVE_STDIO_H 1
| #define HAVE_STDLIB_H 1
| #define HAVE_STRING_H 1
| #define HAVE_INTTYPES_H 1
| #define HAVE_STDINT_H 1
| #define HAVE_STRINGS_H 1
| #define HAVE_SYS_STAT_H 1
| #define HAVE_SYS_TYPES_H 1
| #define HAVE_UNISTD_H 1
| #define HAVE_WCHAR_H 1
| #define HAVE_SYS_PARAM_H 1
| #define STDC_HEADERS 1
| #define _ALL_SOURCE 1
| #define _DARWIN_C_SOURCE 1
| #define _GNU_SOURCE 1
| #define _HPUX_ALT_XOPEN_SOCKET_API 1
| #define _NETBSD_SOURCE 1
| #define _OPENBSD_SOURCE 1
| #define _POSIX_PTHREAD_SEMANTICS 1
| #define __STDC_WANT_IEC_60559_ATTRIBS_EXT__ 1
| #define __STDC_WANT_IEC_60559_BFP_EXT__ 1
| #define __STDC_WANT_IEC_60559_DFP_EXT__ 1
| #define __STDC_WANT_IEC_60559_FUNCS_EXT__ 1
| #define __STDC_WANT_IEC_60559_TYPES_EXT__ 1
| #define __STDC_WANT_LIB_EXT2__ 1
| #define __STDC_WANT_MATH_SPEC_FUNCS__ 1
| #define _TANDEM_SOURCE 1
| #define __EXTENSIONS__ 1
| #define HAVE_DLFCN_H 1
| #define LT_OBJDIR ".libs/"
| #define GETTEXT_PACKAGE "fontconfig"
| #define HAVE_ICONV 1
| #define HAVE_WARNING_CPP_DIRECTIVE 1
| #define HAVE_DIRENT_H 1
| #define HAVE_DIRENT_H 1
| #define HAVE_FCNTL_H 1
| #define HAVE_STDLIB_H 1
| #define HAVE_STRING_H 1
| #define HAVE_UNISTD_H 1
| #define HAVE_SYS_STATVFS_H 1
| /* end confdefs.h.  */
| #include <stddef.h>
| #ifdef HAVE_STDIO_H
| # include <stdio.h>
| #endif
| #ifdef HAVE_STDLIB_H
| # include <stdlib.h>
| #endif
| #ifdef HAVE_STRING_H
| # include <string.h>
| #endif
| #ifdef HAVE_INTTYPES_H
| # include <inttypes.h>
| #endif
| #ifdef HAVE_STDINT_H
| # include <stdint.h>
| #endif
| #ifdef HAVE_STRINGS_H
| # include <strings.h>
| #endif
| #ifdef HAVE_SYS_TYPES_H
| # include <sys/types.h>
| #endif
| #ifdef HAVE_SYS_STAT_H
| # include <sys/stat.h>
| #endif
| #ifdef HAVE_UNISTD_H
| # include <unistd.h>
| #endif
| #include <sys/statfs.h>
configure:17388: result: no
configure:17394: checking for sys/param.h
configure:17394: result: yes
configure:17400: checking for sys/mount.h
configure:17400: /home/nathan/secure-exec/registry/native/c/vendor/wasi-sdk/bin/clang -c --target=wasm32-wasip1 --sysroot=/home/nathan/secure-exec/registry/native/c/sysroot -O2 -D_WASI_EMULATED_MMAN -D_WASI_EMULATED_PROCESS_CLOCKS -D_GNU_SOURCE -mllvm -wasm-enable-sjlj -Wno-error=implicit-function-declaration -Wno-error=int-conversion -Wno-int-conversion -I/home/nathan/secure-exec-wasmgui/experiments/wasm-gui/toolchain/compat-include -include /home/nathan/secure-exec-wasmgui/experiments/wasm-gui/toolchain/wasi-compat.h --target=wasm32-wasip1 --sysroot=/home/nathan/secure-exec/registry/native/c/sysroot -I/home/nathan/secure-exec-wasmgui/experiments/wasm-gui/third_party/wasm-prefix/include -I/home/nathan/secure-exec-wasmgui/experiments/wasm-gui/toolchain/compat-include -include /home/nathan/secure-exec-wasmgui/experiments/wasm-gui/toolchain/wasi-compat.h conftest.c >&5
conftest.c:80:10: fatal error: 'sys/mount.h' file not found
   80 | #include <sys/mount.h>
      |          ^~~~~~~~~~~~~
1 error generated.
configure:17400: $? = 1
configure: failed program was:
| /* confdefs.h */
| #define PACKAGE_NAME "fontconfig"
| #define PACKAGE_TARNAME "fontconfig"
| #define PACKAGE_VERSION "2.14.2"
| #define PACKAGE_STRING "fontconfig 2.14.2"
| #define PACKAGE_BUGREPORT "https://gitlab.freedesktop.org/fontconfig/fontconfig/issues/new"
| #define PACKAGE_URL ""
| #define PACKAGE "fontconfig"
| #define VERSION "2.14.2"
| #define HAVE_STDIO_H 1
| #define HAVE_STDLIB_H 1
| #define HAVE_STRING_H 1
| #define HAVE_INTTYPES_H 1
| #define HAVE_STDINT_H 1
| #define HAVE_STRINGS_H 1
| #define HAVE_SYS_STAT_H 1
| #define HAVE_SYS_TYPES_H 1
| #define HAVE_UNISTD_H 1
| #define HAVE_WCHAR_H 1
| #define HAVE_SYS_PARAM_H 1
| #define STDC_HEADERS 1
| #define _ALL_SOURCE 1
| #define _DARWIN_C_SOURCE 1
| #define _GNU_SOURCE 1
| #define _HPUX_ALT_XOPEN_SOCKET_API 1
| #define _NETBSD_SOURCE 1
| #define _OPENBSD_SOURCE 1
| #define _POSIX_PTHREAD_SEMANTICS 1
| #define __STDC_WANT_IEC_60559_ATTRIBS_EXT__ 1
| #define __STDC_WANT_IEC_60559_BFP_EXT__ 1
| #define __STDC_WANT_IEC_60559_DFP_EXT__ 1
| #define __STDC_WANT_IEC_60559_FUNCS_EXT__ 1
| #define __STDC_WANT_IEC_60559_TYPES_EXT__ 1
| #define __STDC_WANT_LIB_EXT2__ 1
| #define __STDC_WANT_MATH_SPEC_FUNCS__ 1
| #define _TANDEM_SOURCE 1
| #define __EXTENSIONS__ 1
| #define HAVE_DLFCN_H 1
| #define LT_OBJDIR ".libs/"
| #define GETTEXT_PACKAGE "fontconfig"
| #define HAVE_ICONV 1
| #define HAVE_WARNING_CPP_DIRECTIVE 1
| #define HAVE_DIRENT_H 1
| #define HAVE_DIRENT_H 1
| #define HAVE_FCNTL_H 1
| #define HAVE_STDLIB_H 1
| #define HAVE_STRING_H 1
| #define HAVE_UNISTD_H 1
| #define HAVE_SYS_STATVFS_H 1
| #define HAVE_SYS_PARAM_H 1
| /* end confdefs.h.  */
| #include <stddef.h>
| #ifdef HAVE_STDIO_H
| # include <stdio.h>
| #endif
| #ifdef HAVE_STDLIB_H
| # include <stdlib.h>
| #endif
| #ifdef HAVE_STRING_H
| # include <string.h>
| #endif
| #ifdef HAVE_INTTYPES_H
| # include <inttypes.h>
| #endif
| #ifdef HAVE_STDINT_H
| # include <stdint.h>
| #endif
| #ifdef HAVE_STRINGS_H
| # include <strings.h>
| #endif
| #ifdef HAVE_SYS_TYPES_H
| # include <sys/types.h>
| #endif
| #ifdef HAVE_SYS_STAT_H
| # include <sys/stat.h>
| #endif
| #ifdef HAVE_UNISTD_H
| # include <unistd.h>
| #endif
| #include <sys/mount.h>
configure:17400: result: no
configure:17408: checking for stdint types
configure:17432: /home/nathan/secure-exec/registry/native/c/vendor/wasi-sdk/bin/clang -c   conftest.c >&5
configure:17432: $? = 0
configure:17478: result: stdint.h (shortcircuit)
configure:17877: result: make use of stdint.h in src/fcstdint.h (assuming C99 compatible system)
configure:17886: checking for an ANSI C-conforming const
configure:17953: /home/nathan/secure-exec/registry/native/c/vendor/wasi-sdk/bin/clang -c --target=wasm32-wasip1 --sysroot=/home/nathan/secure-exec/registry/native/c/sysroot -O2 -D_WASI_EMULATED_MMAN -D_WASI_EMULATED_PROCESS_CLOCKS -D_GNU_SOURCE -mllvm -wasm-enable-sjlj -Wno-error=implicit-function-declaration -Wno-error=int-conversion -Wno-int-conversion -I/home/nathan/secure-exec-wasmgui/experiments/wasm-gui/toolchain/compat-include -include /home/nathan/secure-exec-wasmgui/experiments/wasm-gui/toolchain/wasi-compat.h --target=wasm32-wasip1 --sysroot=/home/nathan/secure-exec/registry/native/c/sysroot -I/home/nathan/secure-exec-wasmgui/experiments/wasm-gui/third_party/wasm-prefix/include -I/home/nathan/secure-exec-wasmgui/experiments/wasm-gui/toolchain/compat-include -include /home/nathan/secure-exec-wasmgui/experiments/wasm-gui/toolchain/wasi-compat.h conftest.c >&5
configure:17953: $? = 0
configure:17961: result: yes
configure:17969: checking for inline
configure:17986: /home/nathan/secure-exec/registry/native/c/vendor/wasi-sdk/bin/clang -c --target=wasm32-wasip1 --sysroot=/home/nathan/secure-exec/registry/native/c/sysroot -O2 -D_WASI_EMULATED_MMAN -D_WASI_EMULATED_PROCESS_CLOCKS -D_GNU_SOURCE -mllvm -wasm-enable-sjlj -Wno-error=implicit-function-declaration -Wno-error=int-conversion -Wno-int-conversion -I/home/nathan/secure-exec-wasmgui/experiments/wasm-gui/toolchain/compat-include -include /home/nathan/secure-exec-wasmgui/experiments/wasm-gui/toolchain/wasi-compat.h --target=wasm32-wasip1 --sysroot=/home/nathan/secure-exec/registry/native/c/sysroot -I/home/nathan/secure-exec-wasmgui/experiments/wasm-gui/third_party/wasm-prefix/include -I/home/nathan/secure-exec-wasmgui/experiments/wasm-gui/toolchain/compat-include -include /home/nathan/secure-exec-wasmgui/experiments/wasm-gui/toolchain/wasi-compat.h conftest.c >&5
configure:17986: $? = 0
configure:17995: result: inline
configure:18014: checking for flexible array members
configure:18038: /home/nathan/secure-exec/registry/native/c/vendor/wasi-sdk/bin/clang -c --target=wasm32-wasip1 --sysroot=/home/nathan/secure-exec/registry/native/c/sysroot -O2 -D_WASI_EMULATED_MMAN -D_WASI_EMULATED_PROCESS_CLOCKS -D_GNU_SOURCE -mllvm -wasm-enable-sjlj -Wno-error=implicit-function-declaration -Wno-error=int-conversion -Wno-int-conversion -I/home/nathan/secure-exec-wasmgui/experiments/wasm-gui/toolchain/compat-include -include /home/nathan/secure-exec-wasmgui/experiments/wasm-gui/toolchain/wasi-compat.h --target=wasm32-wasip1 --sysroot=/home/nathan/secure-exec/registry/native/c/sysroot -I/home/nathan/secure-exec-wasmgui/experiments/wasm-gui/third_party/wasm-prefix/include -I/home/nathan/secure-exec-wasmgui/experiments/wasm-gui/toolchain/compat-include -include /home/nathan/secure-exec-wasmgui/experiments/wasm-gui/toolchain/wasi-compat.h conftest.c >&5
configure:18038: $? = 0
configure:18046: result: yes
configure:18058: checking for pid_t
configure:18058: /home/nathan/secure-exec/registry/native/c/vendor/wasi-sdk/bin/clang -c --target=wasm32-wasip1 --sysroot=/home/nathan/secure-exec/registry/native/c/sysroot -O2 -D_WASI_EMULATED_MMAN -D_WASI_EMULATED_PROCESS_CLOCKS -D_GNU_SOURCE -mllvm -wasm-enable-sjlj -Wno-error=implicit-function-declaration -Wno-error=int-conversion -Wno-int-conversion -I/home/nathan/secure-exec-wasmgui/experiments/wasm-gui/toolchain/compat-include -include /home/nathan/secure-exec-wasmgui/experiments/wasm-gui/toolchain/wasi-compat.h --target=wasm32-wasip1 --sysroot=/home/nathan/secure-exec/registry/native/c/sysroot -I/home/nathan/secure-exec-wasmgui/experiments/wasm-gui/third_party/wasm-prefix/include -I/home/nathan/secure-exec-wasmgui/experiments/wasm-gui/toolchain/compat-include -include /home/nathan/secure-exec-wasmgui/experiments/wasm-gui/toolchain/wasi-compat.h conftest.c >&5
configure:18058: $? = 0
configure:18058: /home/nathan/secure-exec/registry/native/c/vendor/wasi-sdk/bin/clang -c --target=wasm32-wasip1 --sysroot=/home/nathan/secure-exec/registry/native/c/sysroot -O2 -D_WASI_EMULATED_MMAN -D_WASI_EMULATED_PROCESS_CLOCKS -D_GNU_SOURCE -mllvm -wasm-enable-sjlj -Wno-error=implicit-function-declaration -Wno-error=int-conversion -Wno-int-conversion -I/home/nathan/secure-exec-wasmgui/experiments/wasm-gui/toolchain/compat-include -include /home/nathan/secure-exec-wasmgui/experiments/wasm-gui/toolchain/wasi-compat.h --target=wasm32-wasip1 --sysroot=/home/nathan/secure-exec/registry/native/c/sysroot -I/home/nathan/secure-exec-wasmgui/experiments/wasm-gui/third_party/wasm-prefix/include -I/home/nathan/secure-exec-wasmgui/experiments/wasm-gui/toolchain/compat-include -include /home/nathan/secure-exec-wasmgui/experiments/wasm-gui/toolchain/wasi-compat.h conftest.c >&5
conftest.c:85:20: error: expected expression
   85 | if (sizeof ((pid_t)))
      |                    ^
1 error generated.
configure:18058: $? = 1
configure: failed program was:
| /* confdefs.h */
| #define PACKAGE_NAME "fontconfig"
| #define PACKAGE_TARNAME "fontconfig"
| #define PACKAGE_VERSION "2.14.2"
| #define PACKAGE_STRING "fontconfig 2.14.2"
| #define PACKAGE_BUGREPORT "https://gitlab.freedesktop.org/fontconfig/fontconfig/issues/new"
| #define PACKAGE_URL ""
| #define PACKAGE "fontconfig"
| #define VERSION "2.14.2"
| #define HAVE_STDIO_H 1
| #define HAVE_STDLIB_H 1
| #define HAVE_STRING_H 1
| #define HAVE_INTTYPES_H 1
| #define HAVE_STDINT_H 1
| #define HAVE_STRINGS_H 1
| #define HAVE_SYS_STAT_H 1
| #define HAVE_SYS_TYPES_H 1
| #define HAVE_UNISTD_H 1
| #define HAVE_WCHAR_H 1
| #define HAVE_SYS_PARAM_H 1
| #define STDC_HEADERS 1
| #define _ALL_SOURCE 1
| #define _DARWIN_C_SOURCE 1
| #define _GNU_SOURCE 1
| #define _HPUX_ALT_XOPEN_SOCKET_API 1
| #define _NETBSD_SOURCE 1
| #define _OPENBSD_SOURCE 1
| #define _POSIX_PTHREAD_SEMANTICS 1
| #define __STDC_WANT_IEC_60559_ATTRIBS_EXT__ 1
| #define __STDC_WANT_IEC_60559_BFP_EXT__ 1
| #define __STDC_WANT_IEC_60559_DFP_EXT__ 1
| #define __STDC_WANT_IEC_60559_FUNCS_EXT__ 1
| #define __STDC_WANT_IEC_60559_TYPES_EXT__ 1
| #define __STDC_WANT_LIB_EXT2__ 1
| #define __STDC_WANT_MATH_SPEC_FUNCS__ 1
| #define _TANDEM_SOURCE 1
| #define __EXTENSIONS__ 1
| #define HAVE_DLFCN_H 1
| #define LT_OBJDIR ".libs/"
| #define GETTEXT_PACKAGE "fontconfig"
| #define HAVE_ICONV 1
| #define HAVE_WARNING_CPP_DIRECTIVE 1
| #define HAVE_DIRENT_H 1
| #define HAVE_DIRENT_H 1
| #define HAVE_FCNTL_H 1
| #define HAVE_STDLIB_H 1
| #define HAVE_STRING_H 1
| #define HAVE_UNISTD_H 1
| #define HAVE_SYS_STATVFS_H 1
| #define HAVE_SYS_PARAM_H 1
| #define FLEXIBLE_ARRAY_MEMBER /**/
| /* end confdefs.h.  */
| #include <stddef.h>
| #ifdef HAVE_STDIO_H
| # include <stdio.h>
| #endif
| #ifdef HAVE_STDLIB_H
| # include <stdlib.h>
| #endif
| #ifdef HAVE_STRING_H
| # include <string.h>
| #endif
| #ifdef HAVE_INTTYPES_H
| # include <inttypes.h>
| #endif
| #ifdef HAVE_STDINT_H
| # include <stdint.h>
| #endif
| #ifdef HAVE_STRINGS_H
| # include <strings.h>
| #endif
| #ifdef HAVE_SYS_TYPES_H
| # include <sys/types.h>
| #endif
| #ifdef HAVE_SYS_STAT_H
| # include <sys/stat.h>
| #endif
| #ifdef HAVE_UNISTD_H
| # include <unistd.h>
| #endif
| 
| int
| main (void)
| {
| if (sizeof ((pid_t)))
| 	    return 0;
|   ;
|   return 0;
| }
configure:18058: result: yes
configure:18100: checking for vprintf
configure:18100: /home/nathan/secure-exec/registry/native/c/vendor/wasi-sdk/bin/clang -o conftest --target=wasm32-wasip1 --sysroot=/home/nathan/secure-exec/registry/native/c/sysroot -O2 -D_WASI_EMULATED_MMAN -D_WASI_EMULATED_PROCESS_CLOCKS -D_GNU_SOURCE -mllvm -wasm-enable-sjlj -Wno-error=implicit-function-declaration -Wno-error=int-conversion -Wno-int-conversion -I/home/nathan/secure-exec-wasmgui/experiments/wasm-gui/toolchain/compat-include -include /home/nathan/secure-exec-wasmgui/experiments/wasm-gui/toolchain/wasi-compat.h --target=wasm32-wasip1 --sysroot=/home/nathan/secure-exec/registry/native/c/sysroot -I/home/nathan/secure-exec-wasmgui/experiments/wasm-gui/third_party/wasm-prefix/include -I/home/nathan/secure-exec-wasmgui/experiments/wasm-gui/toolchain/compat-include -include /home/nathan/secure-exec-wasmgui/experiments/wasm-gui/toolchain/wasi-compat.h --target=wasm32-wasip1 --sysroot=/home/nathan/secure-exec/registry/native/c/sysroot -L/home/nathan/secure-exec-wasmgui/experiments/wasm-gui/third_party/wasm-prefix/lib -L/home/nathan/secure-exec/registry/native/c/vendor/wasi-sdk/share/wasi-sysroot/lib/wasm32-wasip1 -lwasi-emulated-mman -lwasi-emulated-process-clocks conftest.c  >&5
conftest.c:69:6: warning: incompatible redeclaration of library function 'vprintf' [-Wincompatible-library-redeclaration]
   69 | char vprintf ();
      |      ^
conftest.c:69:6: note: 'vprintf' is a builtin with type 'int (const char *restrict, __builtin_va_list)'
1 warning generated.
wasm-ld: warning: function signature mismatch: vprintf
>>> defined as () -> i32 in /tmp/conftest-515623.o
>>> defined as (i32, i32) -> i32 in /home/nathan/secure-exec/registry/native/c/vendor/wasi-sdk/share/wasi-sysroot/lib/wasm32-wasip1/libc.a(vprintf.o)
configure:18100: $? = 0
configure:18100: result: yes
configure:18100: checking for getpagesize
configure:18100: /home/nathan/secure-exec/registry/native/c/vendor/wasi-sdk/bin/clang -o conftest --target=wasm32-wasip1 --sysroot=/home/nathan/secure-exec/registry/native/c/sysroot -O2 -D_WASI_EMULATED_MMAN -D_WASI_EMULATED_PROCESS_CLOCKS -D_GNU_SOURCE -mllvm -wasm-enable-sjlj -Wno-error=implicit-function-declaration -Wno-error=int-conversion -Wno-int-conversion -I/home/nathan/secure-exec-wasmgui/experiments/wasm-gui/toolchain/compat-include -include /home/nathan/secure-exec-wasmgui/experiments/wasm-gui/toolchain/wasi-compat.h --target=wasm32-wasip1 --sysroot=/home/nathan/secure-exec/registry/native/c/sysroot -I/home/nathan/secure-exec-wasmgui/experiments/wasm-gui/third_party/wasm-prefix/include -I/home/nathan/secure-exec-wasmgui/experiments/wasm-gui/toolchain/compat-include -include /home/nathan/secure-exec-wasmgui/experiments/wasm-gui/toolchain/wasi-compat.h --target=wasm32-wasip1 --sysroot=/home/nathan/secure-exec/registry/native/c/sysroot -L/home/nathan/secure-exec-wasmgui/experiments/wasm-gui/third_party/wasm-prefix/lib -L/home/nathan/secure-exec/registry/native/c/vendor/wasi-sdk/share/wasi-sysroot/lib/wasm32-wasip1 -lwasi-emulated-mman -lwasi-emulated-process-clocks conftest.c  >&5
configure:18100: $? = 0
configure:18100: result: yes
configure:18125: checking for working mmap
configure:18288: result: no
configure:18297: checking for link
configure:18297: /home/nathan/secure-exec/registry/native/c/vendor/wasi-sdk/bin/clang -o conftest --target=wasm32-wasip1 --sysroot=/home/nathan/secure-exec/registry/native/c/sysroot -O2 -D_WASI_EMULATED_MMAN -D_WASI_EMULATED_PROCESS_CLOCKS -D_GNU_SOURCE -mllvm -wasm-enable-sjlj -Wno-error=implicit-function-declaration -Wno-error=int-conversion -Wno-int-conversion -I/home/nathan/secure-exec-wasmgui/experiments/wasm-gui/toolchain/compat-include -include /home/nathan/secure-exec-wasmgui/experiments/wasm-gui/toolchain/wasi-compat.h --target=wasm32-wasip1 --sysroot=/home/nathan/secure-exec/registry/native/c/sysroot -I/home/nathan/secure-exec-wasmgui/experiments/wasm-gui/third_party/wasm-prefix/include -I/home/nathan/secure-exec-wasmgui/experiments/wasm-gui/toolchain/compat-include -include /home/nathan/secure-exec-wasmgui/experiments/wasm-gui/toolchain/wasi-compat.h --target=wasm32-wasip1 --sysroot=/home/nathan/secure-exec/registry/native/c/sysroot -L/home/nathan/secure-exec-wasmgui/experiments/wasm-gui/third_party/wasm-prefix/lib -L/home/nathan/secure-exec/registry/native/c/vendor/wasi-sdk/share/wasi-sysroot/lib/wasm32-wasip1 -lwasi-emulated-mman -lwasi-emulated-process-clocks conftest.c  >&5
wasm-ld: warning: function signature mismatch: link
>>> defined as () -> i32 in /tmp/conftest-c83e6d.o
>>> defined as (i32, i32) -> i32 in /home/nathan/secure-exec/registry/native/c/vendor/wasi-sdk/share/wasi-sysroot/lib/wasm32-wasip1/libc.a(posix.o)
configure:18297: $? = 0
configure:18297: result: yes
configure:18303: checking for mkstemp
configure:18303: /home/nathan/secure-exec/registry/native/c/vendor/wasi-sdk/bin/clang -o conftest --target=wasm32-wasip1 --sysroot=/home/nathan/secure-exec/registry/native/c/sysroot -O2 -D_WASI_EMULATED_MMAN -D_WASI_EMULATED_PROCESS_CLOCKS -D_GNU_SOURCE -mllvm -wasm-enable-sjlj -Wno-error=implicit-function-declaration -Wno-error=int-conversion -Wno-int-conversion -I/home/nathan/secure-exec-wasmgui/experiments/wasm-gui/toolchain/compat-include -include /home/nathan/secure-exec-wasmgui/experiments/wasm-gui/toolchain/wasi-compat.h --target=wasm32-wasip1 --sysroot=/home/nathan/secure-exec/registry/native/c/sysroot -I/home/nathan/secure-exec-wasmgui/experiments/wasm-gui/third_party/wasm-prefix/include -I/home/nathan/secure-exec-wasmgui/experiments/wasm-gui/toolchain/compat-include -include /home/nathan/secure-exec-wasmgui/experiments/wasm-gui/toolchain/wasi-compat.h --target=wasm32-wasip1 --sysroot=/home/nathan/secure-exec/registry/native/c/sysroot -L/home/nathan/secure-exec-wasmgui/experiments/wasm-gui/third_party/wasm-prefix/lib -L/home/nathan/secure-exec/registry/native/c/vendor/wasi-sdk/share/wasi-sysroot/lib/wasm32-wasip1 -lwasi-emulated-mman -lwasi-emulated-process-clocks conftest.c  >&5
wasm-ld: error: /tmp/conftest-cd6df0.o: undefined symbol: mkstemp
clang: error: linker command failed with exit code 1 (use -v to see invocation)
configure:18303: $? = 1
configure: failed program was:
| /* confdefs.h */
| #define PACKAGE_NAME "fontconfig"
| #define PACKAGE_TARNAME "fontconfig"
| #define PACKAGE_VERSION "2.14.2"
| #define PACKAGE_STRING "fontconfig 2.14.2"
| #define PACKAGE_BUGREPORT "https://gitlab.freedesktop.org/fontconfig/fontconfig/issues/new"
| #define PACKAGE_URL ""
| #define PACKAGE "fontconfig"
| #define VERSION "2.14.2"
| #define HAVE_STDIO_H 1
| #define HAVE_STDLIB_H 1
| #define HAVE_STRING_H 1
| #define HAVE_INTTYPES_H 1
| #define HAVE_STDINT_H 1
| #define HAVE_STRINGS_H 1
| #define HAVE_SYS_STAT_H 1
| #define HAVE_SYS_TYPES_H 1
| #define HAVE_UNISTD_H 1
| #define HAVE_WCHAR_H 1
| #define HAVE_SYS_PARAM_H 1
| #define STDC_HEADERS 1
| #define _ALL_SOURCE 1
| #define _DARWIN_C_SOURCE 1
| #define _GNU_SOURCE 1
| #define _HPUX_ALT_XOPEN_SOCKET_API 1
| #define _NETBSD_SOURCE 1
| #define _OPENBSD_SOURCE 1
| #define _POSIX_PTHREAD_SEMANTICS 1
| #define __STDC_WANT_IEC_60559_ATTRIBS_EXT__ 1
| #define __STDC_WANT_IEC_60559_BFP_EXT__ 1
| #define __STDC_WANT_IEC_60559_DFP_EXT__ 1
| #define __STDC_WANT_IEC_60559_FUNCS_EXT__ 1
| #define __STDC_WANT_IEC_60559_TYPES_EXT__ 1
| #define __STDC_WANT_LIB_EXT2__ 1
| #define __STDC_WANT_MATH_SPEC_FUNCS__ 1
| #define _TANDEM_SOURCE 1
| #define __EXTENSIONS__ 1
| #define HAVE_DLFCN_H 1
| #define LT_OBJDIR ".libs/"
| #define GETTEXT_PACKAGE "fontconfig"
| #define HAVE_ICONV 1
| #define HAVE_WARNING_CPP_DIRECTIVE 1
| #define HAVE_DIRENT_H 1
| #define HAVE_DIRENT_H 1
| #define HAVE_FCNTL_H 1
| #define HAVE_STDLIB_H 1
| #define HAVE_STRING_H 1
| #define HAVE_UNISTD_H 1
| #define HAVE_SYS_STATVFS_H 1
| #define HAVE_SYS_PARAM_H 1
| #define FLEXIBLE_ARRAY_MEMBER /**/
| #define HAVE_VPRINTF 1
| #define HAVE_GETPAGESIZE 1
| #define HAVE_LINK 1
| /* end confdefs.h.  */
| /* Define mkstemp to an innocuous variant, in case <limits.h> declares mkstemp.
|    For example, HP-UX 11i <limits.h> declares gettimeofday.  */
| #define mkstemp innocuous_mkstemp
| 
| /* System header to define __stub macros and hopefully few prototypes,
|    which can conflict with char mkstemp (); below.  */
| 
| #include <limits.h>
| #undef mkstemp
| 
| /* Override any GCC internal prototype to avoid an error.
|    Use char because int might match the return type of a GCC
|    builtin and then its argument prototype would still apply.  */
| #ifdef __cplusplus
| extern "C"
| #endif
| char mkstemp ();
| /* The GNU C library defines this for functions which it implements
|     to always fail with ENOSYS.  Some functions are actually named
|     something starting with __ and the normal name is an alias.  */
| #if defined __stub_mkstemp || defined __stub___mkstemp
| choke me
| #endif
| 
| int
| main (void)
| {
| return mkstemp ();
|   ;
|   return 0;
| }
configure:18303: result: no
configure:18309: checking for mkostemp
configure:18309: /home/nathan/secure-exec/registry/native/c/vendor/wasi-sdk/bin/clang -o conftest --target=wasm32-wasip1 --sysroot=/home/nathan/secure-exec/registry/native/c/sysroot -O2 -D_WASI_EMULATED_MMAN -D_WASI_EMULATED_PROCESS_CLOCKS -D_GNU_SOURCE -mllvm -wasm-enable-sjlj -Wno-error=implicit-function-declaration -Wno-error=int-conversion -Wno-int-conversion -I/home/nathan/secure-exec-wasmgui/experiments/wasm-gui/toolchain/compat-include -include /home/nathan/secure-exec-wasmgui/experiments/wasm-gui/toolchain/wasi-compat.h --target=wasm32-wasip1 --sysroot=/home/nathan/secure-exec/registry/native/c/sysroot -I/home/nathan/secure-exec-wasmgui/experiments/wasm-gui/third_party/wasm-prefix/include -I/home/nathan/secure-exec-wasmgui/experiments/wasm-gui/toolchain/compat-include -include /home/nathan/secure-exec-wasmgui/experiments/wasm-gui/toolchain/wasi-compat.h --target=wasm32-wasip1 --sysroot=/home/nathan/secure-exec/registry/native/c/sysroot -L/home/nathan/secure-exec-wasmgui/experiments/wasm-gui/third_party/wasm-prefix/lib -L/home/nathan/secure-exec/registry/native/c/vendor/wasi-sdk/share/wasi-sysroot/lib/wasm32-wasip1 -lwasi-emulated-mman -lwasi-emulated-process-clocks conftest.c  >&5
wasm-ld: error: /tmp/conftest-3a423a.o: undefined symbol: mkostemp
clang: error: linker command failed with exit code 1 (use -v to see invocation)
configure:18309: $? = 1
configure: failed program was:
| /* confdefs.h */
| #define PACKAGE_NAME "fontconfig"
| #define PACKAGE_TARNAME "fontconfig"
| #define PACKAGE_VERSION "2.14.2"
| #define PACKAGE_STRING "fontconfig 2.14.2"
| #define PACKAGE_BUGREPORT "https://gitlab.freedesktop.org/fontconfig/fontconfig/issues/new"
| #define PACKAGE_URL ""
| #define PACKAGE "fontconfig"
| #define VERSION "2.14.2"
| #define HAVE_STDIO_H 1
| #define HAVE_STDLIB_H 1
| #define HAVE_STRING_H 1
| #define HAVE_INTTYPES_H 1
| #define HAVE_STDINT_H 1
| #define HAVE_STRINGS_H 1
| #define HAVE_SYS_STAT_H 1
| #define HAVE_SYS_TYPES_H 1
| #define HAVE_UNISTD_H 1
| #define HAVE_WCHAR_H 1
| #define HAVE_SYS_PARAM_H 1
| #define STDC_HEADERS 1
| #define _ALL_SOURCE 1
| #define _DARWIN_C_SOURCE 1
| #define _GNU_SOURCE 1
| #define _HPUX_ALT_XOPEN_SOCKET_API 1
| #define _NETBSD_SOURCE 1
| #define _OPENBSD_SOURCE 1
| #define _POSIX_PTHREAD_SEMANTICS 1
| #define __STDC_WANT_IEC_60559_ATTRIBS_EXT__ 1
| #define __STDC_WANT_IEC_60559_BFP_EXT__ 1
| #define __STDC_WANT_IEC_60559_DFP_EXT__ 1
| #define __STDC_WANT_IEC_60559_FUNCS_EXT__ 1
| #define __STDC_WANT_IEC_60559_TYPES_EXT__ 1
| #define __STDC_WANT_LIB_EXT2__ 1
| #define __STDC_WANT_MATH_SPEC_FUNCS__ 1
| #define _TANDEM_SOURCE 1
| #define __EXTENSIONS__ 1
| #define HAVE_DLFCN_H 1
| #define LT_OBJDIR ".libs/"
| #define GETTEXT_PACKAGE "fontconfig"
| #define HAVE_ICONV 1
| #define HAVE_WARNING_CPP_DIRECTIVE 1
| #define HAVE_DIRENT_H 1
| #define HAVE_DIRENT_H 1
| #define HAVE_FCNTL_H 1
| #define HAVE_STDLIB_H 1
| #define HAVE_STRING_H 1
| #define HAVE_UNISTD_H 1
| #define HAVE_SYS_STATVFS_H 1
| #define HAVE_SYS_PARAM_H 1
| #define FLEXIBLE_ARRAY_MEMBER /**/
| #define HAVE_VPRINTF 1
| #define HAVE_GETPAGESIZE 1
| #define HAVE_LINK 1
| /* end confdefs.h.  */
| /* Define mkostemp to an innocuous variant, in case <limits.h> declares mkostemp.
|    For example, HP-UX 11i <limits.h> declares gettimeofday.  */
| #define mkostemp innocuous_mkostemp
| 
| /* System header to define __stub macros and hopefully few prototypes,
|    which can conflict with char mkostemp (); below.  */
| 
| #include <limits.h>
| #undef mkostemp
| 
| /* Override any GCC internal prototype to avoid an error.
|    Use char because int might match the return type of a GCC
|    builtin and then its argument prototype would still apply.  */
| #ifdef __cplusplus
| extern "C"
| #endif
| char mkostemp ();
| /* The GNU C library defines this for functions which it implements
|     to always fail with ENOSYS.  Some functions are actually named
|     something starting with __ and the normal name is an alias.  */
| #if defined __stub_mkostemp || defined __stub___mkostemp
| choke me
| #endif
| 
| int
| main (void)
| {
| return mkostemp ();
|   ;
|   return 0;
| }
configure:18309: result: no
configure:18315: checking for _mktemp_s
configure:18315: /home/nathan/secure-exec/registry/native/c/vendor/wasi-sdk/bin/clang -o conftest --target=wasm32-wasip1 --sysroot=/home/nathan/secure-exec/registry/native/c/sysroot -O2 -D_WASI_EMULATED_MMAN -D_WASI_EMULATED_PROCESS_CLOCKS -D_GNU_SOURCE -mllvm -wasm-enable-sjlj -Wno-error=implicit-function-declaration -Wno-error=int-conversion -Wno-int-conversion -I/home/nathan/secure-exec-wasmgui/experiments/wasm-gui/toolchain/compat-include -include /home/nathan/secure-exec-wasmgui/experiments/wasm-gui/toolchain/wasi-compat.h --target=wasm32-wasip1 --sysroot=/home/nathan/secure-exec/registry/native/c/sysroot -I/home/nathan/secure-exec-wasmgui/experiments/wasm-gui/third_party/wasm-prefix/include -I/home/nathan/secure-exec-wasmgui/experiments/wasm-gui/toolchain/compat-include -include /home/nathan/secure-exec-wasmgui/experiments/wasm-gui/toolchain/wasi-compat.h --target=wasm32-wasip1 --sysroot=/home/nathan/secure-exec/registry/native/c/sysroot -L/home/nathan/secure-exec-wasmgui/experiments/wasm-gui/third_party/wasm-prefix/lib -L/home/nathan/secure-exec/registry/native/c/vendor/wasi-sdk/share/wasi-sysroot/lib/wasm32-wasip1 -lwasi-emulated-mman -lwasi-emulated-process-clocks conftest.c  >&5
wasm-ld: error: /tmp/conftest-725a41.o: undefined symbol: _mktemp_s
clang: error: linker command failed with exit code 1 (use -v to see invocation)
configure:18315: $? = 1
configure: failed program was:
| /* confdefs.h */
| #define PACKAGE_NAME "fontconfig"
| #define PACKAGE_TARNAME "fontconfig"
| #define PACKAGE_VERSION "2.14.2"
| #define PACKAGE_STRING "fontconfig 2.14.2"
| #define PACKAGE_BUGREPORT "https://gitlab.freedesktop.org/fontconfig/fontconfig/issues/new"
| #define PACKAGE_URL ""
| #define PACKAGE "fontconfig"
| #define VERSION "2.14.2"
| #define HAVE_STDIO_H 1
| #define HAVE_STDLIB_H 1
| #define HAVE_STRING_H 1
| #define HAVE_INTTYPES_H 1
| #define HAVE_STDINT_H 1
| #define HAVE_STRINGS_H 1
| #define HAVE_SYS_STAT_H 1
| #define HAVE_SYS_TYPES_H 1
| #define HAVE_UNISTD_H 1
| #define HAVE_WCHAR_H 1
| #define HAVE_SYS_PARAM_H 1
| #define STDC_HEADERS 1
| #define _ALL_SOURCE 1
| #define _DARWIN_C_SOURCE 1
| #define _GNU_SOURCE 1
| #define _HPUX_ALT_XOPEN_SOCKET_API 1
| #define _NETBSD_SOURCE 1
| #define _OPENBSD_SOURCE 1
| #define _POSIX_PTHREAD_SEMANTICS 1
| #define __STDC_WANT_IEC_60559_ATTRIBS_EXT__ 1
| #define __STDC_WANT_IEC_60559_BFP_EXT__ 1
| #define __STDC_WANT_IEC_60559_DFP_EXT__ 1
| #define __STDC_WANT_IEC_60559_FUNCS_EXT__ 1
| #define __STDC_WANT_IEC_60559_TYPES_EXT__ 1
| #define __STDC_WANT_LIB_EXT2__ 1
| #define __STDC_WANT_MATH_SPEC_FUNCS__ 1
| #define _TANDEM_SOURCE 1
| #define __EXTENSIONS__ 1
| #define HAVE_DLFCN_H 1
| #define LT_OBJDIR ".libs/"
| #define GETTEXT_PACKAGE "fontconfig"
| #define HAVE_ICONV 1
| #define HAVE_WARNING_CPP_DIRECTIVE 1
| #define HAVE_DIRENT_H 1
| #define HAVE_DIRENT_H 1
| #define HAVE_FCNTL_H 1
| #define HAVE_STDLIB_H 1
| #define HAVE_STRING_H 1
| #define HAVE_UNISTD_H 1
| #define HAVE_SYS_STATVFS_H 1
| #define HAVE_SYS_PARAM_H 1
| #define FLEXIBLE_ARRAY_MEMBER /**/
| #define HAVE_VPRINTF 1
| #define HAVE_GETPAGESIZE 1
| #define HAVE_LINK 1
| /* end confdefs.h.  */
| /* Define _mktemp_s to an innocuous variant, in case <limits.h> declares _mktemp_s.
|    For example, HP-UX 11i <limits.h> declares gettimeofday.  */
| #define _mktemp_s innocuous__mktemp_s
| 
| /* System header to define __stub macros and hopefully few prototypes,
|    which can conflict with char _mktemp_s (); below.  */
| 
| #include <limits.h>
| #undef _mktemp_s
| 
| /* Override any GCC internal prototype to avoid an error.
|    Use char because int might match the return type of a GCC
|    builtin and then its argument prototype would still apply.  */
| #ifdef __cplusplus
| extern "C"
| #endif
| char _mktemp_s ();
| /* The GNU C library defines this for functions which it implements
|     to always fail with ENOSYS.  Some functions are actually named
|     something starting with __ and the normal name is an alias.  */
| #if defined __stub__mktemp_s || defined __stub____mktemp_s
| choke me
| #endif
| 
| int
| main (void)
| {
| return _mktemp_s ();
|   ;
|   return 0;
| }
configure:18315: result: no
configure:18321: checking for mkdtemp
configure:18321: /home/nathan/secure-exec/registry/native/c/vendor/wasi-sdk/bin/clang -o conftest --target=wasm32-wasip1 --sysroot=/home/nathan/secure-exec/registry/native/c/sysroot -O2 -D_WASI_EMULATED_MMAN -D_WASI_EMULATED_PROCESS_CLOCKS -D_GNU_SOURCE -mllvm -wasm-enable-sjlj -Wno-error=implicit-function-declaration -Wno-error=int-conversion -Wno-int-conversion -I/home/nathan/secure-exec-wasmgui/experiments/wasm-gui/toolchain/compat-include -include /home/nathan/secure-exec-wasmgui/experiments/wasm-gui/toolchain/wasi-compat.h --target=wasm32-wasip1 --sysroot=/home/nathan/secure-exec/registry/native/c/sysroot -I/home/nathan/secure-exec-wasmgui/experiments/wasm-gui/third_party/wasm-prefix/include -I/home/nathan/secure-exec-wasmgui/experiments/wasm-gui/toolchain/compat-include -include /home/nathan/secure-exec-wasmgui/experiments/wasm-gui/toolchain/wasi-compat.h --target=wasm32-wasip1 --sysroot=/home/nathan/secure-exec/registry/native/c/sysroot -L/home/nathan/secure-exec-wasmgui/experiments/wasm-gui/third_party/wasm-prefix/lib -L/home/nathan/secure-exec/registry/native/c/vendor/wasi-sdk/share/wasi-sysroot/lib/wasm32-wasip1 -lwasi-emulated-mman -lwasi-emulated-process-clocks conftest.c  >&5
wasm-ld: error: /tmp/conftest-ac15d0.o: undefined symbol: mkdtemp
clang: error: linker command failed with exit code 1 (use -v to see invocation)
configure:18321: $? = 1
configure: failed program was:
| /* confdefs.h */
| #define PACKAGE_NAME "fontconfig"
| #define PACKAGE_TARNAME "fontconfig"
| #define PACKAGE_VERSION "2.14.2"
| #define PACKAGE_STRING "fontconfig 2.14.2"
| #define PACKAGE_BUGREPORT "https://gitlab.freedesktop.org/fontconfig/fontconfig/issues/new"
| #define PACKAGE_URL ""
| #define PACKAGE "fontconfig"
| #define VERSION "2.14.2"
| #define HAVE_STDIO_H 1
| #define HAVE_STDLIB_H 1
| #define HAVE_STRING_H 1
| #define HAVE_INTTYPES_H 1
| #define HAVE_STDINT_H 1
| #define HAVE_STRINGS_H 1
| #define HAVE_SYS_STAT_H 1
| #define HAVE_SYS_TYPES_H 1
| #define HAVE_UNISTD_H 1
| #define HAVE_WCHAR_H 1
| #define HAVE_SYS_PARAM_H 1
| #define STDC_HEADERS 1
| #define _ALL_SOURCE 1
| #define _DARWIN_C_SOURCE 1
| #define _GNU_SOURCE 1
| #define _HPUX_ALT_XOPEN_SOCKET_API 1
| #define _NETBSD_SOURCE 1
| #define _OPENBSD_SOURCE 1
| #define _POSIX_PTHREAD_SEMANTICS 1
| #define __STDC_WANT_IEC_60559_ATTRIBS_EXT__ 1
| #define __STDC_WANT_IEC_60559_BFP_EXT__ 1
| #define __STDC_WANT_IEC_60559_DFP_EXT__ 1
| #define __STDC_WANT_IEC_60559_FUNCS_EXT__ 1
| #define __STDC_WANT_IEC_60559_TYPES_EXT__ 1
| #define __STDC_WANT_LIB_EXT2__ 1
| #define __STDC_WANT_MATH_SPEC_FUNCS__ 1
| #define _TANDEM_SOURCE 1
| #define __EXTENSIONS__ 1
| #define HAVE_DLFCN_H 1
| #define LT_OBJDIR ".libs/"
| #define GETTEXT_PACKAGE "fontconfig"
| #define HAVE_ICONV 1
| #define HAVE_WARNING_CPP_DIRECTIVE 1
| #define HAVE_DIRENT_H 1
| #define HAVE_DIRENT_H 1
| #define HAVE_FCNTL_H 1
| #define HAVE_STDLIB_H 1
| #define HAVE_STRING_H 1
| #define HAVE_UNISTD_H 1
| #define HAVE_SYS_STATVFS_H 1
| #define HAVE_SYS_PARAM_H 1
| #define FLEXIBLE_ARRAY_MEMBER /**/
| #define HAVE_VPRINTF 1
| #define HAVE_GETPAGESIZE 1
| #define HAVE_LINK 1
| /* end confdefs.h.  */
| /* Define mkdtemp to an innocuous variant, in case <limits.h> declares mkdtemp.
|    For example, HP-UX 11i <limits.h> declares gettimeofday.  */
| #define mkdtemp innocuous_mkdtemp
| 
| /* System header to define __stub macros and hopefully few prototypes,
|    which can conflict with char mkdtemp (); below.  */
| 
| #include <limits.h>
| #undef mkdtemp
| 
| /* Override any GCC internal prototype to avoid an error.
|    Use char because int might match the return type of a GCC
|    builtin and then its argument prototype would still apply.  */
| #ifdef __cplusplus
| extern "C"
| #endif
| char mkdtemp ();
| /* The GNU C library defines this for functions which it implements
|     to always fail with ENOSYS.  Some functions are actually named
|     something starting with __ and the normal name is an alias.  */
| #if defined __stub_mkdtemp || defined __stub___mkdtemp
| choke me
| #endif
| 
| int
| main (void)
| {
| return mkdtemp ();
|   ;
|   return 0;
| }
configure:18321: result: no
configure:18327: checking for getopt
configure:18327: /home/nathan/secure-exec/registry/native/c/vendor/wasi-sdk/bin/clang -o conftest --target=wasm32-wasip1 --sysroot=/home/nathan/secure-exec/registry/native/c/sysroot -O2 -D_WASI_EMULATED_MMAN -D_WASI_EMULATED_PROCESS_CLOCKS -D_GNU_SOURCE -mllvm -wasm-enable-sjlj -Wno-error=implicit-function-declaration -Wno-error=int-conversion -Wno-int-conversion -I/home/nathan/secure-exec-wasmgui/experiments/wasm-gui/toolchain/compat-include -include /home/nathan/secure-exec-wasmgui/experiments/wasm-gui/toolchain/wasi-compat.h --target=wasm32-wasip1 --sysroot=/home/nathan/secure-exec/registry/native/c/sysroot -I/home/nathan/secure-exec-wasmgui/experiments/wasm-gui/third_party/wasm-prefix/include -I/home/nathan/secure-exec-wasmgui/experiments/wasm-gui/toolchain/compat-include -include /home/nathan/secure-exec-wasmgui/experiments/wasm-gui/toolchain/wasi-compat.h --target=wasm32-wasip1 --sysroot=/home/nathan/secure-exec/registry/native/c/sysroot -L/home/nathan/secure-exec-wasmgui/experiments/wasm-gui/third_party/wasm-prefix/lib -L/home/nathan/secure-exec/registry/native/c/vendor/wasi-sdk/share/wasi-sysroot/lib/wasm32-wasip1 -lwasi-emulated-mman -lwasi-emulated-process-clocks conftest.c  >&5
wasm-ld: warning: function signature mismatch: getopt
>>> defined as () -> i32 in /tmp/conftest-e20719.o
>>> defined as (i32, i32, i32) -> i32 in /home/nathan/secure-exec/registry/native/c/vendor/wasi-sdk/share/wasi-sysroot/lib/wasm32-wasip1/libc.a(getopt.o)
configure:18327: $? = 0
configure:18327: result: yes
configure:18333: checking for getopt_long
configure:18333: /home/nathan/secure-exec/registry/native/c/vendor/wasi-sdk/bin/clang -o conftest --target=wasm32-wasip1 --sysroot=/home/nathan/secure-exec/registry/native/c/sysroot -O2 -D_WASI_EMULATED_MMAN -D_WASI_EMULATED_PROCESS_CLOCKS -D_GNU_SOURCE -mllvm -wasm-enable-sjlj -Wno-error=implicit-function-declaration -Wno-error=int-conversion -Wno-int-conversion -I/home/nathan/secure-exec-wasmgui/experiments/wasm-gui/toolchain/compat-include -include /home/nathan/secure-exec-wasmgui/experiments/wasm-gui/toolchain/wasi-compat.h --target=wasm32-wasip1 --sysroot=/home/nathan/secure-exec/registry/native/c/sysroot -I/home/nathan/secure-exec-wasmgui/experiments/wasm-gui/third_party/wasm-prefix/include -I/home/nathan/secure-exec-wasmgui/experiments/wasm-gui/toolchain/compat-include -include /home/nathan/secure-exec-wasmgui/experiments/wasm-gui/toolchain/wasi-compat.h --target=wasm32-wasip1 --sysroot=/home/nathan/secure-exec/registry/native/c/sysroot -L/home/nathan/secure-exec-wasmgui/experiments/wasm-gui/third_party/wasm-prefix/lib -L/home/nathan/secure-exec/registry/native/c/vendor/wasi-sdk/share/wasi-sysroot/lib/wasm32-wasip1 -lwasi-emulated-mman -lwasi-emulated-process-clocks conftest.c  >&5
wasm-ld: warning: function signature mismatch: getopt_long
>>> defined as () -> i32 in /tmp/conftest-5ef747.o
>>> defined as (i32, i32, i32, i32, i32) -> i32 in /home/nathan/secure-exec/registry/native/c/vendor/wasi-sdk/share/wasi-sysroot/lib/wasm32-wasip1/libc.a(getopt_long.o)
configure:18333: $? = 0
configure:18333: result: yes
configure:18339: checking for getprogname
configure:18339: /home/nathan/secure-exec/registry/native/c/vendor/wasi-sdk/bin/clang -o conftest --target=wasm32-wasip1 --sysroot=/home/nathan/secure-exec/registry/native/c/sysroot -O2 -D_WASI_EMULATED_MMAN -D_WASI_EMULATED_PROCESS_CLOCKS -D_GNU_SOURCE -mllvm -wasm-enable-sjlj -Wno-error=implicit-function-declaration -Wno-error=int-conversion -Wno-int-conversion -I/home/nathan/secure-exec-wasmgui/experiments/wasm-gui/toolchain/compat-include -include /home/nathan/secure-exec-wasmgui/experiments/wasm-gui/toolchain/wasi-compat.h --target=wasm32-wasip1 --sysroot=/home/nathan/secure-exec/registry/native/c/sysroot -I/home/nathan/secure-exec-wasmgui/experiments/wasm-gui/third_party/wasm-prefix/include -I/home/nathan/secure-exec-wasmgui/experiments/wasm-gui/toolchain/compat-include -include /home/nathan/secure-exec-wasmgui/experiments/wasm-gui/toolchain/wasi-compat.h --target=wasm32-wasip1 --sysroot=/home/nathan/secure-exec/registry/native/c/sysroot -L/home/nathan/secure-exec-wasmgui/experiments/wasm-gui/third_party/wasm-prefix/lib -L/home/nathan/secure-exec/registry/native/c/vendor/wasi-sdk/share/wasi-sysroot/lib/wasm32-wasip1 -lwasi-emulated-mman -lwasi-emulated-process-clocks conftest.c  >&5
wasm-ld: error: /tmp/conftest-e6aef8.o: undefined symbol: getprogname
clang: error: linker command failed with exit code 1 (use -v to see invocation)
configure:18339: $? = 1
configure: failed program was:
| /* confdefs.h */
| #define PACKAGE_NAME "fontconfig"
| #define PACKAGE_TARNAME "fontconfig"
| #define PACKAGE_VERSION "2.14.2"
| #define PACKAGE_STRING "fontconfig 2.14.2"
| #define PACKAGE_BUGREPORT "https://gitlab.freedesktop.org/fontconfig/fontconfig/issues/new"
| #define PACKAGE_URL ""
| #define PACKAGE "fontconfig"
| #define VERSION "2.14.2"
| #define HAVE_STDIO_H 1
| #define HAVE_STDLIB_H 1
| #define HAVE_STRING_H 1
| #define HAVE_INTTYPES_H 1
| #define HAVE_STDINT_H 1
| #define HAVE_STRINGS_H 1
| #define HAVE_SYS_STAT_H 1
| #define HAVE_SYS_TYPES_H 1
| #define HAVE_UNISTD_H 1
| #define HAVE_WCHAR_H 1
| #define HAVE_SYS_PARAM_H 1
| #define STDC_HEADERS 1
| #define _ALL_SOURCE 1
| #define _DARWIN_C_SOURCE 1
| #define _GNU_SOURCE 1
| #define _HPUX_ALT_XOPEN_SOCKET_API 1
| #define _NETBSD_SOURCE 1
| #define _OPENBSD_SOURCE 1
| #define _POSIX_PTHREAD_SEMANTICS 1
| #define __STDC_WANT_IEC_60559_ATTRIBS_EXT__ 1
| #define __STDC_WANT_IEC_60559_BFP_EXT__ 1
| #define __STDC_WANT_IEC_60559_DFP_EXT__ 1
| #define __STDC_WANT_IEC_60559_FUNCS_EXT__ 1
| #define __STDC_WANT_IEC_60559_TYPES_EXT__ 1
| #define __STDC_WANT_LIB_EXT2__ 1
| #define __STDC_WANT_MATH_SPEC_FUNCS__ 1
| #define _TANDEM_SOURCE 1
| #define __EXTENSIONS__ 1
| #define HAVE_DLFCN_H 1
| #define LT_OBJDIR ".libs/"
| #define GETTEXT_PACKAGE "fontconfig"
| #define HAVE_ICONV 1
| #define HAVE_WARNING_CPP_DIRECTIVE 1
| #define HAVE_DIRENT_H 1
| #define HAVE_DIRENT_H 1
| #define HAVE_FCNTL_H 1
| #define HAVE_STDLIB_H 1
| #define HAVE_STRING_H 1
| #define HAVE_UNISTD_H 1
| #define HAVE_SYS_STATVFS_H 1
| #define HAVE_SYS_PARAM_H 1
| #define FLEXIBLE_ARRAY_MEMBER /**/
| #define HAVE_VPRINTF 1
| #define HAVE_GETPAGESIZE 1
| #define HAVE_LINK 1
| #define HAVE_GETOPT 1
| #define HAVE_GETOPT_LONG 1
| /* end confdefs.h.  */
| /* Define getprogname to an innocuous variant, in case <limits.h> declares getprogname.
|    For example, HP-UX 11i <limits.h> declares gettimeofday.  */
| #define getprogname innocuous_getprogname
| 
| /* System header to define __stub macros and hopefully few prototypes,
|    which can conflict with char getprogname (); below.  */
| 
| #include <limits.h>
| #undef getprogname
| 
| /* Override any GCC internal prototype to avoid an error.
|    Use char because int might match the return type of a GCC
|    builtin and then its argument prototype would still apply.  */
| #ifdef __cplusplus
| extern "C"
| #endif
| char getprogname ();
| /* The GNU C library defines this for functions which it implements
|     to always fail with ENOSYS.  Some functions are actually named
|     something starting with __ and the normal name is an alias.  */
| #if defined __stub_getprogname || defined __stub___getprogname
| choke me
| #endif
| 
| int
| main (void)
| {
| return getprogname ();
|   ;
|   return 0;
| }
configure:18339: result: no
configure:18345: checking for getexecname
configure:18345: /home/nathan/secure-exec/registry/native/c/vendor/wasi-sdk/bin/clang -o conftest --target=wasm32-wasip1 --sysroot=/home/nathan/secure-exec/registry/native/c/sysroot -O2 -D_WASI_EMULATED_MMAN -D_WASI_EMULATED_PROCESS_CLOCKS -D_GNU_SOURCE -mllvm -wasm-enable-sjlj -Wno-error=implicit-function-declaration -Wno-error=int-conversion -Wno-int-conversion -I/home/nathan/secure-exec-wasmgui/experiments/wasm-gui/toolchain/compat-include -include /home/nathan/secure-exec-wasmgui/experiments/wasm-gui/toolchain/wasi-compat.h --target=wasm32-wasip1 --sysroot=/home/nathan/secure-exec/registry/native/c/sysroot -I/home/nathan/secure-exec-wasmgui/experiments/wasm-gui/third_party/wasm-prefix/include -I/home/nathan/secure-exec-wasmgui/experiments/wasm-gui/toolchain/compat-include -include /home/nathan/secure-exec-wasmgui/experiments/wasm-gui/toolchain/wasi-compat.h --target=wasm32-wasip1 --sysroot=/home/nathan/secure-exec/registry/native/c/sysroot -L/home/nathan/secure-exec-wasmgui/experiments/wasm-gui/third_party/wasm-prefix/lib -L/home/nathan/secure-exec/registry/native/c/vendor/wasi-sdk/share/wasi-sysroot/lib/wasm32-wasip1 -lwasi-emulated-mman -lwasi-emulated-process-clocks conftest.c  >&5
wasm-ld: error: /tmp/conftest-5f2933.o: undefined symbol: getexecname
clang: error: linker command failed with exit code 1 (use -v to see invocation)
configure:18345: $? = 1
configure: failed program was:
| /* confdefs.h */
| #define PACKAGE_NAME "fontconfig"
| #define PACKAGE_TARNAME "fontconfig"
| #define PACKAGE_VERSION "2.14.2"
| #define PACKAGE_STRING "fontconfig 2.14.2"
| #define PACKAGE_BUGREPORT "https://gitlab.freedesktop.org/fontconfig/fontconfig/issues/new"
| #define PACKAGE_URL ""
| #define PACKAGE "fontconfig"
| #define VERSION "2.14.2"
| #define HAVE_STDIO_H 1
| #define HAVE_STDLIB_H 1
| #define HAVE_STRING_H 1
| #define HAVE_INTTYPES_H 1
| #define HAVE_STDINT_H 1
| #define HAVE_STRINGS_H 1
| #define HAVE_SYS_STAT_H 1
| #define HAVE_SYS_TYPES_H 1
| #define HAVE_UNISTD_H 1
| #define HAVE_WCHAR_H 1
| #define HAVE_SYS_PARAM_H 1
| #define STDC_HEADERS 1
| #define _ALL_SOURCE 1
| #define _DARWIN_C_SOURCE 1
| #define _GNU_SOURCE 1
| #define _HPUX_ALT_XOPEN_SOCKET_API 1
| #define _NETBSD_SOURCE 1
| #define _OPENBSD_SOURCE 1
| #define _POSIX_PTHREAD_SEMANTICS 1
| #define __STDC_WANT_IEC_60559_ATTRIBS_EXT__ 1
| #define __STDC_WANT_IEC_60559_BFP_EXT__ 1
| #define __STDC_WANT_IEC_60559_DFP_EXT__ 1
| #define __STDC_WANT_IEC_60559_FUNCS_EXT__ 1
| #define __STDC_WANT_IEC_60559_TYPES_EXT__ 1
| #define __STDC_WANT_LIB_EXT2__ 1
| #define __STDC_WANT_MATH_SPEC_FUNCS__ 1
| #define _TANDEM_SOURCE 1
| #define __EXTENSIONS__ 1
| #define HAVE_DLFCN_H 1
| #define LT_OBJDIR ".libs/"
| #define GETTEXT_PACKAGE "fontconfig"
| #define HAVE_ICONV 1
| #define HAVE_WARNING_CPP_DIRECTIVE 1
| #define HAVE_DIRENT_H 1
| #define HAVE_DIRENT_H 1
| #define HAVE_FCNTL_H 1
| #define HAVE_STDLIB_H 1
| #define HAVE_STRING_H 1
| #define HAVE_UNISTD_H 1
| #define HAVE_SYS_STATVFS_H 1
| #define HAVE_SYS_PARAM_H 1
| #define FLEXIBLE_ARRAY_MEMBER /**/
| #define HAVE_VPRINTF 1
| #define HAVE_GETPAGESIZE 1
| #define HAVE_LINK 1
| #define HAVE_GETOPT 1
| #define HAVE_GETOPT_LONG 1
| /* end confdefs.h.  */
| /* Define getexecname to an innocuous variant, in case <limits.h> declares getexecname.
|    For example, HP-UX 11i <limits.h> declares gettimeofday.  */
| #define getexecname innocuous_getexecname
| 
| /* System header to define __stub macros and hopefully few prototypes,
|    which can conflict with char getexecname (); below.  */
| 
| #include <limits.h>
| #undef getexecname
| 
| /* Override any GCC internal prototype to avoid an error.
|    Use char because int might match the return type of a GCC
|    builtin and then its argument prototype would still apply.  */
| #ifdef __cplusplus
| extern "C"
| #endif
| char getexecname ();
| /* The GNU C library defines this for functions which it implements
|     to always fail with ENOSYS.  Some functions are actually named
|     something starting with __ and the normal name is an alias.  */
| #if defined __stub_getexecname || defined __stub___getexecname
| choke me
| #endif
| 
| int
| main (void)
| {
| return getexecname ();
|   ;
|   return 0;
| }
configure:18345: result: no
configure:18351: checking for rand
configure:18351: /home/nathan/secure-exec/registry/native/c/vendor/wasi-sdk/bin/clang -o conftest --target=wasm32-wasip1 --sysroot=/home/nathan/secure-exec/registry/native/c/sysroot -O2 -D_WASI_EMULATED_MMAN -D_WASI_EMULATED_PROCESS_CLOCKS -D_GNU_SOURCE -mllvm -wasm-enable-sjlj -Wno-error=implicit-function-declaration -Wno-error=int-conversion -Wno-int-conversion -I/home/nathan/secure-exec-wasmgui/experiments/wasm-gui/toolchain/compat-include -include /home/nathan/secure-exec-wasmgui/experiments/wasm-gui/toolchain/wasi-compat.h --target=wasm32-wasip1 --sysroot=/home/nathan/secure-exec/registry/native/c/sysroot -I/home/nathan/secure-exec-wasmgui/experiments/wasm-gui/third_party/wasm-prefix/include -I/home/nathan/secure-exec-wasmgui/experiments/wasm-gui/toolchain/compat-include -include /home/nathan/secure-exec-wasmgui/experiments/wasm-gui/toolchain/wasi-compat.h --target=wasm32-wasip1 --sysroot=/home/nathan/secure-exec/registry/native/c/sysroot -L/home/nathan/secure-exec-wasmgui/experiments/wasm-gui/third_party/wasm-prefix/lib -L/home/nathan/secure-exec/registry/native/c/vendor/wasi-sdk/share/wasi-sysroot/lib/wasm32-wasip1 -lwasi-emulated-mman -lwasi-emulated-process-clocks conftest.c  >&5
configure:18351: $? = 0
configure:18351: result: yes
configure:18357: checking for random
configure:18357: /home/nathan/secure-exec/registry/native/c/vendor/wasi-sdk/bin/clang -o conftest --target=wasm32-wasip1 --sysroot=/home/nathan/secure-exec/registry/native/c/sysroot -O2 -D_WASI_EMULATED_MMAN -D_WASI_EMULATED_PROCESS_CLOCKS -D_GNU_SOURCE -mllvm -wasm-enable-sjlj -Wno-error=implicit-function-declaration -Wno-error=int-conversion -Wno-int-conversion -I/home/nathan/secure-exec-wasmgui/experiments/wasm-gui/toolchain/compat-include -include /home/nathan/secure-exec-wasmgui/experiments/wasm-gui/toolchain/wasi-compat.h --target=wasm32-wasip1 --sysroot=/home/nathan/secure-exec/registry/native/c/sysroot -I/home/nathan/secure-exec-wasmgui/experiments/wasm-gui/third_party/wasm-prefix/include -I/home/nathan/secure-exec-wasmgui/experiments/wasm-gui/toolchain/compat-include -include /home/nathan/secure-exec-wasmgui/experiments/wasm-gui/toolchain/wasi-compat.h --target=wasm32-wasip1 --sysroot=/home/nathan/secure-exec/registry/native/c/sysroot -L/home/nathan/secure-exec-wasmgui/experiments/wasm-gui/third_party/wasm-prefix/lib -L/home/nathan/secure-exec/registry/native/c/vendor/wasi-sdk/share/wasi-sysroot/lib/wasm32-wasip1 -lwasi-emulated-mman -lwasi-emulated-process-clocks conftest.c  >&5
configure:18357: $? = 0
configure:18357: result: yes
configure:18363: checking for lrand48
configure:18363: /home/nathan/secure-exec/registry/native/c/vendor/wasi-sdk/bin/clang -o conftest --target=wasm32-wasip1 --sysroot=/home/nathan/secure-exec/registry/native/c/sysroot -O2 -D_WASI_EMULATED_MMAN -D_WASI_EMULATED_PROCESS_CLOCKS -D_GNU_SOURCE -mllvm -wasm-enable-sjlj -Wno-error=implicit-function-declaration -Wno-error=int-conversion -Wno-int-conversion -I/home/nathan/secure-exec-wasmgui/experiments/wasm-gui/toolchain/compat-include -include /home/nathan/secure-exec-wasmgui/experiments/wasm-gui/toolchain/wasi-compat.h --target=wasm32-wasip1 --sysroot=/home/nathan/secure-exec/registry/native/c/sysroot -I/home/nathan/secure-exec-wasmgui/experiments/wasm-gui/third_party/wasm-prefix/include -I/home/nathan/secure-exec-wasmgui/experiments/wasm-gui/toolchain/compat-include -include /home/nathan/secure-exec-wasmgui/experiments/wasm-gui/toolchain/wasi-compat.h --target=wasm32-wasip1 --sysroot=/home/nathan/secure-exec/registry/native/c/sysroot -L/home/nathan/secure-exec-wasmgui/experiments/wasm-gui/third_party/wasm-prefix/lib -L/home/nathan/secure-exec/registry/native/c/vendor/wasi-sdk/share/wasi-sysroot/lib/wasm32-wasip1 -lwasi-emulated-mman -lwasi-emulated-process-clocks conftest.c  >&5
configure:18363: $? = 0
configure:18363: result: yes
configure:18369: checking for random_r
configure:18369: /home/nathan/secure-exec/registry/native/c/vendor/wasi-sdk/bin/clang -o conftest --target=wasm32-wasip1 --sysroot=/home/nathan/secure-exec/registry/native/c/sysroot -O2 -D_WASI_EMULATED_MMAN -D_WASI_EMULATED_PROCESS_CLOCKS -D_GNU_SOURCE -mllvm -wasm-enable-sjlj -Wno-error=implicit-function-declaration -Wno-error=int-conversion -Wno-int-conversion -I/home/nathan/secure-exec-wasmgui/experiments/wasm-gui/toolchain/compat-include -include /home/nathan/secure-exec-wasmgui/experiments/wasm-gui/toolchain/wasi-compat.h --target=wasm32-wasip1 --sysroot=/home/nathan/secure-exec/registry/native/c/sysroot -I/home/nathan/secure-exec-wasmgui/experiments/wasm-gui/third_party/wasm-prefix/include -I/home/nathan/secure-exec-wasmgui/experiments/wasm-gui/toolchain/compat-include -include /home/nathan/secure-exec-wasmgui/experiments/wasm-gui/toolchain/wasi-compat.h --target=wasm32-wasip1 --sysroot=/home/nathan/secure-exec/registry/native/c/sysroot -L/home/nathan/secure-exec-wasmgui/experiments/wasm-gui/third_party/wasm-prefix/lib -L/home/nathan/secure-exec/registry/native/c/vendor/wasi-sdk/share/wasi-sysroot/lib/wasm32-wasip1 -lwasi-emulated-mman -lwasi-emulated-process-clocks conftest.c  >&5
wasm-ld: error: /tmp/conftest-453bac.o: undefined symbol: random_r
clang: error: linker command failed with exit code 1 (use -v to see invocation)
configure:18369: $? = 1
configure: failed program was:
| /* confdefs.h */
| #define PACKAGE_NAME "fontconfig"
| #define PACKAGE_TARNAME "fontconfig"
| #define PACKAGE_VERSION "2.14.2"
| #define PACKAGE_STRING "fontconfig 2.14.2"
| #define PACKAGE_BUGREPORT "https://gitlab.freedesktop.org/fontconfig/fontconfig/issues/new"
| #define PACKAGE_URL ""
| #define PACKAGE "fontconfig"
| #define VERSION "2.14.2"
| #define HAVE_STDIO_H 1
| #define HAVE_STDLIB_H 1
| #define HAVE_STRING_H 1
| #define HAVE_INTTYPES_H 1
| #define HAVE_STDINT_H 1
| #define HAVE_STRINGS_H 1
| #define HAVE_SYS_STAT_H 1
| #define HAVE_SYS_TYPES_H 1
| #define HAVE_UNISTD_H 1
| #define HAVE_WCHAR_H 1
| #define HAVE_SYS_PARAM_H 1
| #define STDC_HEADERS 1
| #define _ALL_SOURCE 1
| #define _DARWIN_C_SOURCE 1
| #define _GNU_SOURCE 1
| #define _HPUX_ALT_XOPEN_SOCKET_API 1
| #define _NETBSD_SOURCE 1
| #define _OPENBSD_SOURCE 1
| #define _POSIX_PTHREAD_SEMANTICS 1
| #define __STDC_WANT_IEC_60559_ATTRIBS_EXT__ 1
| #define __STDC_WANT_IEC_60559_BFP_EXT__ 1
| #define __STDC_WANT_IEC_60559_DFP_EXT__ 1
| #define __STDC_WANT_IEC_60559_FUNCS_EXT__ 1
| #define __STDC_WANT_IEC_60559_TYPES_EXT__ 1
| #define __STDC_WANT_LIB_EXT2__ 1
| #define __STDC_WANT_MATH_SPEC_FUNCS__ 1
| #define _TANDEM_SOURCE 1
| #define __EXTENSIONS__ 1
| #define HAVE_DLFCN_H 1
| #define LT_OBJDIR ".libs/"
| #define GETTEXT_PACKAGE "fontconfig"
| #define HAVE_ICONV 1
| #define HAVE_WARNING_CPP_DIRECTIVE 1
| #define HAVE_DIRENT_H 1
| #define HAVE_DIRENT_H 1
| #define HAVE_FCNTL_H 1
| #define HAVE_STDLIB_H 1
| #define HAVE_STRING_H 1
| #define HAVE_UNISTD_H 1
| #define HAVE_SYS_STATVFS_H 1
| #define HAVE_SYS_PARAM_H 1
| #define FLEXIBLE_ARRAY_MEMBER /**/
| #define HAVE_VPRINTF 1
| #define HAVE_GETPAGESIZE 1
| #define HAVE_LINK 1
| #define HAVE_GETOPT 1
| #define HAVE_GETOPT_LONG 1
| #define HAVE_RAND 1
| #define HAVE_RANDOM 1
| #define HAVE_LRAND48 1
| /* end confdefs.h.  */
| /* Define random_r to an innocuous variant, in case <limits.h> declares random_r.
|    For example, HP-UX 11i <limits.h> declares gettimeofday.  */
| #define random_r innocuous_random_r
| 
| /* System header to define __stub macros and hopefully few prototypes,
|    which can conflict with char random_r (); below.  */
| 
| #include <limits.h>
| #undef random_r
| 
| /* Override any GCC internal prototype to avoid an error.
|    Use char because int might match the return type of a GCC
|    builtin and then its argument prototype would still apply.  */
| #ifdef __cplusplus
| extern "C"
| #endif
| char random_r ();
| /* The GNU C library defines this for functions which it implements
|     to always fail with ENOSYS.  Some functions are actually named
|     something starting with __ and the normal name is an alias.  */
| #if defined __stub_random_r || defined __stub___random_r
| choke me
| #endif
| 
| int
| main (void)
| {
| return random_r ();
|   ;
|   return 0;
| }
configure:18369: result: no
configure:18375: checking for rand_r
configure:18375: /home/nathan/secure-exec/registry/native/c/vendor/wasi-sdk/bin/clang -o conftest --target=wasm32-wasip1 --sysroot=/home/nathan/secure-exec/registry/native/c/sysroot -O2 -D_WASI_EMULATED_MMAN -D_WASI_EMULATED_PROCESS_CLOCKS -D_GNU_SOURCE -mllvm -wasm-enable-sjlj -Wno-error=implicit-function-declaration -Wno-error=int-conversion -Wno-int-conversion -I/home/nathan/secure-exec-wasmgui/experiments/wasm-gui/toolchain/compat-include -include /home/nathan/secure-exec-wasmgui/experiments/wasm-gui/toolchain/wasi-compat.h --target=wasm32-wasip1 --sysroot=/home/nathan/secure-exec/registry/native/c/sysroot -I/home/nathan/secure-exec-wasmgui/experiments/wasm-gui/third_party/wasm-prefix/include -I/home/nathan/secure-exec-wasmgui/experiments/wasm-gui/toolchain/compat-include -include /home/nathan/secure-exec-wasmgui/experiments/wasm-gui/toolchain/wasi-compat.h --target=wasm32-wasip1 --sysroot=/home/nathan/secure-exec/registry/native/c/sysroot -L/home/nathan/secure-exec-wasmgui/experiments/wasm-gui/third_party/wasm-prefix/lib -L/home/nathan/secure-exec/registry/native/c/vendor/wasi-sdk/share/wasi-sysroot/lib/wasm32-wasip1 -lwasi-emulated-mman -lwasi-emulated-process-clocks conftest.c  >&5
wasm-ld: warning: function signature mismatch: rand_r
>>> defined as () -> i32 in /tmp/conftest-a278ef.o
>>> defined as (i32) -> i32 in /home/nathan/secure-exec/registry/native/c/vendor/wasi-sdk/share/wasi-sysroot/lib/wasm32-wasip1/libc.a(rand_r.o)
configure:18375: $? = 0
configure:18375: result: yes
configure:18381: checking for readlink
configure:18381: /home/nathan/secure-exec/registry/native/c/vendor/wasi-sdk/bin/clang -o conftest --target=wasm32-wasip1 --sysroot=/home/nathan/secure-exec/registry/native/c/sysroot -O2 -D_WASI_EMULATED_MMAN -D_WASI_EMULATED_PROCESS_CLOCKS -D_GNU_SOURCE -mllvm -wasm-enable-sjlj -Wno-error=implicit-function-declaration -Wno-error=int-conversion -Wno-int-conversion -I/home/nathan/secure-exec-wasmgui/experiments/wasm-gui/toolchain/compat-include -include /home/nathan/secure-exec-wasmgui/experiments/wasm-gui/toolchain/wasi-compat.h --target=wasm32-wasip1 --sysroot=/home/nathan/secure-exec/registry/native/c/sysroot -I/home/nathan/secure-exec-wasmgui/experiments/wasm-gui/third_party/wasm-prefix/include -I/home/nathan/secure-exec-wasmgui/experiments/wasm-gui/toolchain/compat-include -include /home/nathan/secure-exec-wasmgui/experiments/wasm-gui/toolchain/wasi-compat.h --target=wasm32-wasip1 --sysroot=/home/nathan/secure-exec/registry/native/c/sysroot -L/home/nathan/secure-exec-wasmgui/experiments/wasm-gui/third_party/wasm-prefix/lib -L/home/nathan/secure-exec/registry/native/c/vendor/wasi-sdk/share/wasi-sysroot/lib/wasm32-wasip1 -lwasi-emulated-mman -lwasi-emulated-process-clocks conftest.c  >&5
wasm-ld: warning: function signature mismatch: readlink
>>> defined as () -> i32 in /tmp/conftest-6bda8f.o
>>> defined as (i32, i32, i32) -> i32 in /home/nathan/secure-exec/registry/native/c/vendor/wasi-sdk/share/wasi-sysroot/lib/wasm32-wasip1/libc.a(posix.o)
configure:18381: $? = 0
configure:18381: result: yes
configure:18387: checking for fstatvfs
configure:18387: /home/nathan/secure-exec/registry/native/c/vendor/wasi-sdk/bin/clang -o conftest --target=wasm32-wasip1 --sysroot=/home/nathan/secure-exec/registry/native/c/sysroot -O2 -D_WASI_EMULATED_MMAN -D_WASI_EMULATED_PROCESS_CLOCKS -D_GNU_SOURCE -mllvm -wasm-enable-sjlj -Wno-error=implicit-function-declaration -Wno-error=int-conversion -Wno-int-conversion -I/home/nathan/secure-exec-wasmgui/experiments/wasm-gui/toolchain/compat-include -include /home/nathan/secure-exec-wasmgui/experiments/wasm-gui/toolchain/wasi-compat.h --target=wasm32-wasip1 --sysroot=/home/nathan/secure-exec/registry/native/c/sysroot -I/home/nathan/secure-exec-wasmgui/experiments/wasm-gui/third_party/wasm-prefix/include -I/home/nathan/secure-exec-wasmgui/experiments/wasm-gui/toolchain/compat-include -include /home/nathan/secure-exec-wasmgui/experiments/wasm-gui/toolchain/wasi-compat.h --target=wasm32-wasip1 --sysroot=/home/nathan/secure-exec/registry/native/c/sysroot -L/home/nathan/secure-exec-wasmgui/experiments/wasm-gui/third_party/wasm-prefix/lib -L/home/nathan/secure-exec/registry/native/c/vendor/wasi-sdk/share/wasi-sysroot/lib/wasm32-wasip1 -lwasi-emulated-mman -lwasi-emulated-process-clocks conftest.c  >&5
wasm-ld: warning: function signature mismatch: fstatvfs
>>> defined as () -> i32 in /tmp/conftest-212443.o
>>> defined as (i32, i32) -> i32 in /home/nathan/secure-exec/registry/native/c/vendor/wasi-sdk/share/wasi-sysroot/lib/wasm32-wasip1/libc.a(posix.o)
configure:18387: $? = 0
configure:18387: result: yes
configure:18393: checking for fstatfs
configure:18393: /home/nathan/secure-exec/registry/native/c/vendor/wasi-sdk/bin/clang -o conftest --target=wasm32-wasip1 --sysroot=/home/nathan/secure-exec/registry/native/c/sysroot -O2 -D_WASI_EMULATED_MMAN -D_WASI_EMULATED_PROCESS_CLOCKS -D_GNU_SOURCE -mllvm -wasm-enable-sjlj -Wno-error=implicit-function-declaration -Wno-error=int-conversion -Wno-int-conversion -I/home/nathan/secure-exec-wasmgui/experiments/wasm-gui/toolchain/compat-include -include /home/nathan/secure-exec-wasmgui/experiments/wasm-gui/toolchain/wasi-compat.h --target=wasm32-wasip1 --sysroot=/home/nathan/secure-exec/registry/native/c/sysroot -I/home/nathan/secure-exec-wasmgui/experiments/wasm-gui/third_party/wasm-prefix/include -I/home/nathan/secure-exec-wasmgui/experiments/wasm-gui/toolchain/compat-include -include /home/nathan/secure-exec-wasmgui/experiments/wasm-gui/toolchain/wasi-compat.h --target=wasm32-wasip1 --sysroot=/home/nathan/secure-exec/registry/native/c/sysroot -L/home/nathan/secure-exec-wasmgui/experiments/wasm-gui/third_party/wasm-prefix/lib -L/home/nathan/secure-exec/registry/native/c/vendor/wasi-sdk/share/wasi-sysroot/lib/wasm32-wasip1 -lwasi-emulated-mman -lwasi-emulated-process-clocks conftest.c  >&5
wasm-ld: error: /tmp/conftest-7b9eac.o: undefined symbol: fstatfs
clang: error: linker command failed with exit code 1 (use -v to see invocation)
configure:18393: $? = 1
configure: failed program was:
| /* confdefs.h */
| #define PACKAGE_NAME "fontconfig"
| #define PACKAGE_TARNAME "fontconfig"
| #define PACKAGE_VERSION "2.14.2"
| #define PACKAGE_STRING "fontconfig 2.14.2"
| #define PACKAGE_BUGREPORT "https://gitlab.freedesktop.org/fontconfig/fontconfig/issues/new"
| #define PACKAGE_URL ""
| #define PACKAGE "fontconfig"
| #define VERSION "2.14.2"
| #define HAVE_STDIO_H 1
| #define HAVE_STDLIB_H 1
| #define HAVE_STRING_H 1
| #define HAVE_INTTYPES_H 1
| #define HAVE_STDINT_H 1
| #define HAVE_STRINGS_H 1
| #define HAVE_SYS_STAT_H 1
| #define HAVE_SYS_TYPES_H 1
| #define HAVE_UNISTD_H 1
| #define HAVE_WCHAR_H 1
| #define HAVE_SYS_PARAM_H 1
| #define STDC_HEADERS 1
| #define _ALL_SOURCE 1
| #define _DARWIN_C_SOURCE 1
| #define _GNU_SOURCE 1
| #define _HPUX_ALT_XOPEN_SOCKET_API 1
| #define _NETBSD_SOURCE 1
| #define _OPENBSD_SOURCE 1
| #define _POSIX_PTHREAD_SEMANTICS 1
| #define __STDC_WANT_IEC_60559_ATTRIBS_EXT__ 1
| #define __STDC_WANT_IEC_60559_BFP_EXT__ 1
| #define __STDC_WANT_IEC_60559_DFP_EXT__ 1
| #define __STDC_WANT_IEC_60559_FUNCS_EXT__ 1
| #define __STDC_WANT_IEC_60559_TYPES_EXT__ 1
| #define __STDC_WANT_LIB_EXT2__ 1
| #define __STDC_WANT_MATH_SPEC_FUNCS__ 1
| #define _TANDEM_SOURCE 1
| #define __EXTENSIONS__ 1
| #define HAVE_DLFCN_H 1
| #define LT_OBJDIR ".libs/"
| #define GETTEXT_PACKAGE "fontconfig"
| #define HAVE_ICONV 1
| #define HAVE_WARNING_CPP_DIRECTIVE 1
| #define HAVE_DIRENT_H 1
| #define HAVE_DIRENT_H 1
| #define HAVE_FCNTL_H 1
| #define HAVE_STDLIB_H 1
| #define HAVE_STRING_H 1
| #define HAVE_UNISTD_H 1
| #define HAVE_SYS_STATVFS_H 1
| #define HAVE_SYS_PARAM_H 1
| #define FLEXIBLE_ARRAY_MEMBER /**/
| #define HAVE_VPRINTF 1
| #define HAVE_GETPAGESIZE 1
| #define HAVE_LINK 1
| #define HAVE_GETOPT 1
| #define HAVE_GETOPT_LONG 1
| #define HAVE_RAND 1
| #define HAVE_RANDOM 1
| #define HAVE_LRAND48 1
| #define HAVE_RAND_R 1
| #define HAVE_READLINK 1
| #define HAVE_FSTATVFS 1
| /* end confdefs.h.  */
| /* Define fstatfs to an innocuous variant, in case <limits.h> declares fstatfs.
|    For example, HP-UX 11i <limits.h> declares gettimeofday.  */
| #define fstatfs innocuous_fstatfs
| 
| /* System header to define __stub macros and hopefully few prototypes,
|    which can conflict with char fstatfs (); below.  */
| 
| #include <limits.h>
| #undef fstatfs
| 
| /* Override any GCC internal prototype to avoid an error.
|    Use char because int might match the return type of a GCC
|    builtin and then its argument prototype would still apply.  */
| #ifdef __cplusplus
| extern "C"
| #endif
| char fstatfs ();
| /* The GNU C library defines this for functions which it implements
|     to always fail with ENOSYS.  Some functions are actually named
|     something starting with __ and the normal name is an alias.  */
| #if defined __stub_fstatfs || defined __stub___fstatfs
| choke me
| #endif
| 
| int
| main (void)
| {
| return fstatfs ();
|   ;
|   return 0;
| }
configure:18393: result: no
configure:18399: checking for lstat
configure:18399: /home/nathan/secure-exec/registry/native/c/vendor/wasi-sdk/bin/clang -o conftest --target=wasm32-wasip1 --sysroot=/home/nathan/secure-exec/registry/native/c/sysroot -O2 -D_WASI_EMULATED_MMAN -D_WASI_EMULATED_PROCESS_CLOCKS -D_GNU_SOURCE -mllvm -wasm-enable-sjlj -Wno-error=implicit-function-declaration -Wno-error=int-conversion -Wno-int-conversion -I/home/nathan/secure-exec-wasmgui/experiments/wasm-gui/toolchain/compat-include -include /home/nathan/secure-exec-wasmgui/experiments/wasm-gui/toolchain/wasi-compat.h --target=wasm32-wasip1 --sysroot=/home/nathan/secure-exec/registry/native/c/sysroot -I/home/nathan/secure-exec-wasmgui/experiments/wasm-gui/third_party/wasm-prefix/include -I/home/nathan/secure-exec-wasmgui/experiments/wasm-gui/toolchain/compat-include -include /home/nathan/secure-exec-wasmgui/experiments/wasm-gui/toolchain/wasi-compat.h --target=wasm32-wasip1 --sysroot=/home/nathan/secure-exec/registry/native/c/sysroot -L/home/nathan/secure-exec-wasmgui/experiments/wasm-gui/third_party/wasm-prefix/lib -L/home/nathan/secure-exec/registry/native/c/vendor/wasi-sdk/share/wasi-sysroot/lib/wasm32-wasip1 -lwasi-emulated-mman -lwasi-emulated-process-clocks conftest.c  >&5
wasm-ld: warning: function signature mismatch: lstat
>>> defined as () -> i32 in /tmp/conftest-48337a.o
>>> defined as (i32, i32) -> i32 in /home/nathan/secure-exec/registry/native/c/vendor/wasi-sdk/share/wasi-sysroot/lib/wasm32-wasip1/libc.a(posix.o)
configure:18399: $? = 0
configure:18399: result: yes
configure:18405: checking for strerror
configure:18405: /home/nathan/secure-exec/registry/native/c/vendor/wasi-sdk/bin/clang -o conftest --target=wasm32-wasip1 --sysroot=/home/nathan/secure-exec/registry/native/c/sysroot -O2 -D_WASI_EMULATED_MMAN -D_WASI_EMULATED_PROCESS_CLOCKS -D_GNU_SOURCE -mllvm -wasm-enable-sjlj -Wno-error=implicit-function-declaration -Wno-error=int-conversion -Wno-int-conversion -I/home/nathan/secure-exec-wasmgui/experiments/wasm-gui/toolchain/compat-include -include /home/nathan/secure-exec-wasmgui/experiments/wasm-gui/toolchain/wasi-compat.h --target=wasm32-wasip1 --sysroot=/home/nathan/secure-exec/registry/native/c/sysroot -I/home/nathan/secure-exec-wasmgui/experiments/wasm-gui/third_party/wasm-prefix/include -I/home/nathan/secure-exec-wasmgui/experiments/wasm-gui/toolchain/compat-include -include /home/nathan/secure-exec-wasmgui/experiments/wasm-gui/toolchain/wasi-compat.h --target=wasm32-wasip1 --sysroot=/home/nathan/secure-exec/registry/native/c/sysroot -L/home/nathan/secure-exec-wasmgui/experiments/wasm-gui/third_party/wasm-prefix/lib -L/home/nathan/secure-exec/registry/native/c/vendor/wasi-sdk/share/wasi-sysroot/lib/wasm32-wasip1 -lwasi-emulated-mman -lwasi-emulated-process-clocks conftest.c  >&5
conftest.c:81:6: warning: incompatible redeclaration of library function 'strerror' [-Wincompatible-library-redeclaration]
   81 | char strerror ();
      |      ^
conftest.c:81:6: note: 'strerror' is a builtin with type 'char *(int)'
1 warning generated.
wasm-ld: warning: function signature mismatch: strerror
>>> defined as () -> i32 in /tmp/conftest-e8c398.o
>>> defined as (i32) -> i32 in /home/nathan/secure-exec/registry/native/c/vendor/wasi-sdk/share/wasi-sysroot/lib/wasm32-wasip1/libc.a(strerror.o)
configure:18405: $? = 0
configure:18405: result: yes
configure:18411: checking for strerror_r
configure:18411: /home/nathan/secure-exec/registry/native/c/vendor/wasi-sdk/bin/clang -o conftest --target=wasm32-wasip1 --sysroot=/home/nathan/secure-exec/registry/native/c/sysroot -O2 -D_WASI_EMULATED_MMAN -D_WASI_EMULATED_PROCESS_CLOCKS -D_GNU_SOURCE -mllvm -wasm-enable-sjlj -Wno-error=implicit-function-declaration -Wno-error=int-conversion -Wno-int-conversion -I/home/nathan/secure-exec-wasmgui/experiments/wasm-gui/toolchain/compat-include -include /home/nathan/secure-exec-wasmgui/experiments/wasm-gui/toolchain/wasi-compat.h --target=wasm32-wasip1 --sysroot=/home/nathan/secure-exec/registry/native/c/sysroot -I/home/nathan/secure-exec-wasmgui/experiments/wasm-gui/third_party/wasm-prefix/include -I/home/nathan/secure-exec-wasmgui/experiments/wasm-gui/toolchain/compat-include -include /home/nathan/secure-exec-wasmgui/experiments/wasm-gui/toolchain/wasi-compat.h --target=wasm32-wasip1 --sysroot=/home/nathan/secure-exec/registry/native/c/sysroot -L/home/nathan/secure-exec-wasmgui/experiments/wasm-gui/third_party/wasm-prefix/lib -L/home/nathan/secure-exec/registry/native/c/vendor/wasi-sdk/share/wasi-sysroot/lib/wasm32-wasip1 -lwasi-emulated-mman -lwasi-emulated-process-clocks conftest.c  >&5
wasm-ld: warning: function signature mismatch: strerror_r
>>> defined as () -> i32 in /tmp/conftest-c1e539.o
>>> defined as (i32, i32, i32) -> i32 in /home/nathan/secure-exec/registry/native/c/vendor/wasi-sdk/share/wasi-sysroot/lib/wasm32-wasip1/libc.a(strerror_r.o)
configure:18411: $? = 0
configure:18411: result: yes
configure:18419: checking for posix_fadvise in fcntl.h
configure:18447: result: fcntl.h
configure:18463: checking for struct stat.st_mtim
configure:18463: /home/nathan/secure-exec/registry/native/c/vendor/wasi-sdk/bin/clang -c --target=wasm32-wasip1 --sysroot=/home/nathan/secure-exec/registry/native/c/sysroot -O2 -D_WASI_EMULATED_MMAN -D_WASI_EMULATED_PROCESS_CLOCKS -D_GNU_SOURCE -mllvm -wasm-enable-sjlj -Wno-error=implicit-function-declaration -Wno-error=int-conversion -Wno-int-conversion -I/home/nathan/secure-exec-wasmgui/experiments/wasm-gui/toolchain/compat-include -include /home/nathan/secure-exec-wasmgui/experiments/wasm-gui/toolchain/wasi-compat.h --target=wasm32-wasip1 --sysroot=/home/nathan/secure-exec/registry/native/c/sysroot -I/home/nathan/secure-exec-wasmgui/experiments/wasm-gui/third_party/wasm-prefix/include -I/home/nathan/secure-exec-wasmgui/experiments/wasm-gui/toolchain/compat-include -include /home/nathan/secure-exec-wasmgui/experiments/wasm-gui/toolchain/wasi-compat.h conftest.c >&5
conftest.c:74:1: error: statement requires expression of scalar type ('struct timespec' invalid)
   74 | if (ac_aggr.st_mtim)
      | ^   ~~~~~~~~~~~~~~~
1 error generated.
configure:18463: $? = 1
configure: failed program was:
| /* confdefs.h */
| #define PACKAGE_NAME "fontconfig"
| #define PACKAGE_TARNAME "fontconfig"
| #define PACKAGE_VERSION "2.14.2"
| #define PACKAGE_STRING "fontconfig 2.14.2"
| #define PACKAGE_BUGREPORT "https://gitlab.freedesktop.org/fontconfig/fontconfig/issues/new"
| #define PACKAGE_URL ""
| #define PACKAGE "fontconfig"
| #define VERSION "2.14.2"
| #define HAVE_STDIO_H 1
| #define HAVE_STDLIB_H 1
| #define HAVE_STRING_H 1
| #define HAVE_INTTYPES_H 1
| #define HAVE_STDINT_H 1
| #define HAVE_STRINGS_H 1
| #define HAVE_SYS_STAT_H 1
| #define HAVE_SYS_TYPES_H 1
| #define HAVE_UNISTD_H 1
| #define HAVE_WCHAR_H 1
| #define HAVE_SYS_PARAM_H 1
| #define STDC_HEADERS 1
| #define _ALL_SOURCE 1
| #define _DARWIN_C_SOURCE 1
| #define _GNU_SOURCE 1
| #define _HPUX_ALT_XOPEN_SOCKET_API 1
| #define _NETBSD_SOURCE 1
| #define _OPENBSD_SOURCE 1
| #define _POSIX_PTHREAD_SEMANTICS 1
| #define __STDC_WANT_IEC_60559_ATTRIBS_EXT__ 1
| #define __STDC_WANT_IEC_60559_BFP_EXT__ 1
| #define __STDC_WANT_IEC_60559_DFP_EXT__ 1
| #define __STDC_WANT_IEC_60559_FUNCS_EXT__ 1
| #define __STDC_WANT_IEC_60559_TYPES_EXT__ 1
| #define __STDC_WANT_LIB_EXT2__ 1
| #define __STDC_WANT_MATH_SPEC_FUNCS__ 1
| #define _TANDEM_SOURCE 1
| #define __EXTENSIONS__ 1
| #define HAVE_DLFCN_H 1
| #define LT_OBJDIR ".libs/"
| #define GETTEXT_PACKAGE "fontconfig"
| #define HAVE_ICONV 1
| #define HAVE_WARNING_CPP_DIRECTIVE 1
| #define HAVE_DIRENT_H 1
| #define HAVE_DIRENT_H 1
| #define HAVE_FCNTL_H 1
| #define HAVE_STDLIB_H 1
| #define HAVE_STRING_H 1
| #define HAVE_UNISTD_H 1
| #define HAVE_SYS_STATVFS_H 1
| #define HAVE_SYS_PARAM_H 1
| #define FLEXIBLE_ARRAY_MEMBER /**/
| #define HAVE_VPRINTF 1
| #define HAVE_GETPAGESIZE 1
| #define HAVE_LINK 1
| #define HAVE_GETOPT 1
| #define HAVE_GETOPT_LONG 1
| #define HAVE_RAND 1
| #define HAVE_RANDOM 1
| #define HAVE_LRAND48 1
| #define HAVE_RAND_R 1
| #define HAVE_READLINK 1
| #define HAVE_FSTATVFS 1
| #define HAVE_LSTAT 1
| #define HAVE_STRERROR 1
| #define HAVE_STRERROR_R 1
| #define HAVE_POSIX_FADVISE 1
| /* end confdefs.h.  */
| #include <sys/stat.h>
| 
| int
| main (void)
| {
| static struct stat ac_aggr;
| if (ac_aggr.st_mtim)
| return 0;
|   ;
|   return 0;
| }
configure:18463: /home/nathan/secure-exec/registry/native/c/vendor/wasi-sdk/bin/clang -c --target=wasm32-wasip1 --sysroot=/home/nathan/secure-exec/registry/native/c/sysroot -O2 -D_WASI_EMULATED_MMAN -D_WASI_EMULATED_PROCESS_CLOCKS -D_GNU_SOURCE -mllvm -wasm-enable-sjlj -Wno-error=implicit-function-declaration -Wno-error=int-conversion -Wno-int-conversion -I/home/nathan/secure-exec-wasmgui/experiments/wasm-gui/toolchain/compat-include -include /home/nathan/secure-exec-wasmgui/experiments/wasm-gui/toolchain/wasi-compat.h --target=wasm32-wasip1 --sysroot=/home/nathan/secure-exec/registry/native/c/sysroot -I/home/nathan/secure-exec-wasmgui/experiments/wasm-gui/third_party/wasm-prefix/include -I/home/nathan/secure-exec-wasmgui/experiments/wasm-gui/toolchain/compat-include -include /home/nathan/secure-exec-wasmgui/experiments/wasm-gui/toolchain/wasi-compat.h conftest.c >&5
configure:18463: $? = 0
configure:18463: result: yes
configure:18476: checking for struct statvfs.f_basetype
configure:18476: /home/nathan/secure-exec/registry/native/c/vendor/wasi-sdk/bin/clang -c --target=wasm32-wasip1 --sysroot=/home/nathan/secure-exec/registry/native/c/sysroot -O2 -D_WASI_EMULATED_MMAN -D_WASI_EMULATED_PROCESS_CLOCKS -D_GNU_SOURCE -mllvm -wasm-enable-sjlj -Wno-error=implicit-function-declaration -Wno-error=int-conversion -Wno-int-conversion -I/home/nathan/secure-exec-wasmgui/experiments/wasm-gui/toolchain/compat-include -include /home/nathan/secure-exec-wasmgui/experiments/wasm-gui/toolchain/wasi-compat.h --target=wasm32-wasip1 --sysroot=/home/nathan/secure-exec/registry/native/c/sysroot -I/home/nathan/secure-exec-wasmgui/experiments/wasm-gui/third_party/wasm-prefix/include -I/home/nathan/secure-exec-wasmgui/experiments/wasm-gui/toolchain/compat-include -include /home/nathan/secure-exec-wasmgui/experiments/wasm-gui/toolchain/wasi-compat.h conftest.c >&5
conftest.c:75:13: error: no member named 'f_basetype' in 'struct statvfs'
   75 | if (ac_aggr.f_basetype)
      |     ~~~~~~~ ^
1 error generated.
configure:18476: $? = 1
configure: failed program was:
| /* confdefs.h */
| #define PACKAGE_NAME "fontconfig"
| #define PACKAGE_TARNAME "fontconfig"
| #define PACKAGE_VERSION "2.14.2"
| #define PACKAGE_STRING "fontconfig 2.14.2"
| #define PACKAGE_BUGREPORT "https://gitlab.freedesktop.org/fontconfig/fontconfig/issues/new"
| #define PACKAGE_URL ""
| #define PACKAGE "fontconfig"
| #define VERSION "2.14.2"
| #define HAVE_STDIO_H 1
| #define HAVE_STDLIB_H 1
| #define HAVE_STRING_H 1
| #define HAVE_INTTYPES_H 1
| #define HAVE_STDINT_H 1
| #define HAVE_STRINGS_H 1
| #define HAVE_SYS_STAT_H 1
| #define HAVE_SYS_TYPES_H 1
| #define HAVE_UNISTD_H 1
| #define HAVE_WCHAR_H 1
| #define HAVE_SYS_PARAM_H 1
| #define STDC_HEADERS 1
| #define _ALL_SOURCE 1
| #define _DARWIN_C_SOURCE 1
| #define _GNU_SOURCE 1
| #define _HPUX_ALT_XOPEN_SOCKET_API 1
| #define _NETBSD_SOURCE 1
| #define _OPENBSD_SOURCE 1
| #define _POSIX_PTHREAD_SEMANTICS 1
| #define __STDC_WANT_IEC_60559_ATTRIBS_EXT__ 1
| #define __STDC_WANT_IEC_60559_BFP_EXT__ 1
| #define __STDC_WANT_IEC_60559_DFP_EXT__ 1
| #define __STDC_WANT_IEC_60559_FUNCS_EXT__ 1
| #define __STDC_WANT_IEC_60559_TYPES_EXT__ 1
| #define __STDC_WANT_LIB_EXT2__ 1
| #define __STDC_WANT_MATH_SPEC_FUNCS__ 1
| #define _TANDEM_SOURCE 1
| #define __EXTENSIONS__ 1
| #define HAVE_DLFCN_H 1
| #define LT_OBJDIR ".libs/"
| #define GETTEXT_PACKAGE "fontconfig"
| #define HAVE_ICONV 1
| #define HAVE_WARNING_CPP_DIRECTIVE 1
| #define HAVE_DIRENT_H 1
| #define HAVE_DIRENT_H 1
| #define HAVE_FCNTL_H 1
| #define HAVE_STDLIB_H 1
| #define HAVE_STRING_H 1
| #define HAVE_UNISTD_H 1
| #define HAVE_SYS_STATVFS_H 1
| #define HAVE_SYS_PARAM_H 1
| #define FLEXIBLE_ARRAY_MEMBER /**/
| #define HAVE_VPRINTF 1
| #define HAVE_GETPAGESIZE 1
| #define HAVE_LINK 1
| #define HAVE_GETOPT 1
| #define HAVE_GETOPT_LONG 1
| #define HAVE_RAND 1
| #define HAVE_RANDOM 1
| #define HAVE_LRAND48 1
| #define HAVE_RAND_R 1
| #define HAVE_READLINK 1
| #define HAVE_FSTATVFS 1
| #define HAVE_LSTAT 1
| #define HAVE_STRERROR 1
| #define HAVE_STRERROR_R 1
| #define HAVE_POSIX_FADVISE 1
| #define HAVE_STRUCT_STAT_ST_MTIM 1
| /* end confdefs.h.  */
| #include <sys/statvfs.h>
| 
| int
| main (void)
| {
| static struct statvfs ac_aggr;
| if (ac_aggr.f_basetype)
| return 0;
|   ;
|   return 0;
| }
configure:18476: /home/nathan/secure-exec/registry/native/c/vendor/wasi-sdk/bin/clang -c --target=wasm32-wasip1 --sysroot=/home/nathan/secure-exec/registry/native/c/sysroot -O2 -D_WASI_EMULATED_MMAN -D_WASI_EMULATED_PROCESS_CLOCKS -D_GNU_SOURCE -mllvm -wasm-enable-sjlj -Wno-error=implicit-function-declaration -Wno-error=int-conversion -Wno-int-conversion -I/home/nathan/secure-exec-wasmgui/experiments/wasm-gui/toolchain/compat-include -include /home/nathan/secure-exec-wasmgui/experiments/wasm-gui/toolchain/wasi-compat.h --target=wasm32-wasip1 --sysroot=/home/nathan/secure-exec/registry/native/c/sysroot -I/home/nathan/secure-exec-wasmgui/experiments/wasm-gui/third_party/wasm-prefix/include -I/home/nathan/secure-exec-wasmgui/experiments/wasm-gui/toolchain/compat-include -include /home/nathan/secure-exec-wasmgui/experiments/wasm-gui/toolchain/wasi-compat.h conftest.c >&5
conftest.c:75:20: error: no member named 'f_basetype' in 'struct statvfs'
   75 | if (sizeof ac_aggr.f_basetype)
      |            ~~~~~~~ ^
1 error generated.
configure:18476: $? = 1
configure: failed program was:
| /* confdefs.h */
| #define PACKAGE_NAME "fontconfig"
| #define PACKAGE_TARNAME "fontconfig"
| #define PACKAGE_VERSION "2.14.2"
| #define PACKAGE_STRING "fontconfig 2.14.2"
| #define PACKAGE_BUGREPORT "https://gitlab.freedesktop.org/fontconfig/fontconfig/issues/new"
| #define PACKAGE_URL ""
| #define PACKAGE "fontconfig"
| #define VERSION "2.14.2"
| #define HAVE_STDIO_H 1
| #define HAVE_STDLIB_H 1
| #define HAVE_STRING_H 1
| #define HAVE_INTTYPES_H 1
| #define HAVE_STDINT_H 1
| #define HAVE_STRINGS_H 1
| #define HAVE_SYS_STAT_H 1
| #define HAVE_SYS_TYPES_H 1
| #define HAVE_UNISTD_H 1
| #define HAVE_WCHAR_H 1
| #define HAVE_SYS_PARAM_H 1
| #define STDC_HEADERS 1
| #define _ALL_SOURCE 1
| #define _DARWIN_C_SOURCE 1
| #define _GNU_SOURCE 1
| #define _HPUX_ALT_XOPEN_SOCKET_API 1
| #define _NETBSD_SOURCE 1
| #define _OPENBSD_SOURCE 1
| #define _POSIX_PTHREAD_SEMANTICS 1
| #define __STDC_WANT_IEC_60559_ATTRIBS_EXT__ 1
| #define __STDC_WANT_IEC_60559_BFP_EXT__ 1
| #define __STDC_WANT_IEC_60559_DFP_EXT__ 1
| #define __STDC_WANT_IEC_60559_FUNCS_EXT__ 1
| #define __STDC_WANT_IEC_60559_TYPES_EXT__ 1
| #define __STDC_WANT_LIB_EXT2__ 1
| #define __STDC_WANT_MATH_SPEC_FUNCS__ 1
| #define _TANDEM_SOURCE 1
| #define __EXTENSIONS__ 1
| #define HAVE_DLFCN_H 1
| #define LT_OBJDIR ".libs/"
| #define GETTEXT_PACKAGE "fontconfig"
| #define HAVE_ICONV 1
| #define HAVE_WARNING_CPP_DIRECTIVE 1
| #define HAVE_DIRENT_H 1
| #define HAVE_DIRENT_H 1
| #define HAVE_FCNTL_H 1
| #define HAVE_STDLIB_H 1
| #define HAVE_STRING_H 1
| #define HAVE_UNISTD_H 1
| #define HAVE_SYS_STATVFS_H 1
| #define HAVE_SYS_PARAM_H 1
| #define FLEXIBLE_ARRAY_MEMBER /**/
| #define HAVE_VPRINTF 1
| #define HAVE_GETPAGESIZE 1
| #define HAVE_LINK 1
| #define HAVE_GETOPT 1
| #define HAVE_GETOPT_LONG 1
| #define HAVE_RAND 1
| #define HAVE_RANDOM 1
| #define HAVE_LRAND48 1
| #define HAVE_RAND_R 1
| #define HAVE_READLINK 1
| #define HAVE_FSTATVFS 1
| #define HAVE_LSTAT 1
| #define HAVE_STRERROR 1
| #define HAVE_STRERROR_R 1
| #define HAVE_POSIX_FADVISE 1
| #define HAVE_STRUCT_STAT_ST_MTIM 1
| /* end confdefs.h.  */
| #include <sys/statvfs.h>
| 
| int
| main (void)
| {
| static struct statvfs ac_aggr;
| if (sizeof ac_aggr.f_basetype)
| return 0;
|   ;
|   return 0;
| }
configure:18476: result: no
configure:18485: checking for struct statvfs.f_fstypename
configure:18485: /home/nathan/secure-exec/registry/native/c/vendor/wasi-sdk/bin/clang -c --target=wasm32-wasip1 --sysroot=/home/nathan/secure-exec/registry/native/c/sysroot -O2 -D_WASI_EMULATED_MMAN -D_WASI_EMULATED_PROCESS_CLOCKS -D_GNU_SOURCE -mllvm -wasm-enable-sjlj -Wno-error=implicit-function-declaration -Wno-error=int-conversion -Wno-int-conversion -I/home/nathan/secure-exec-wasmgui/experiments/wasm-gui/toolchain/compat-include -include /home/nathan/secure-exec-wasmgui/experiments/wasm-gui/toolchain/wasi-compat.h --target=wasm32-wasip1 --sysroot=/home/nathan/secure-exec/registry/native/c/sysroot -I/home/nathan/secure-exec-wasmgui/experiments/wasm-gui/third_party/wasm-prefix/include -I/home/nathan/secure-exec-wasmgui/experiments/wasm-gui/toolchain/compat-include -include /home/nathan/secure-exec-wasmgui/experiments/wasm-gui/toolchain/wasi-compat.h conftest.c >&5
conftest.c:75:13: error: no member named 'f_fstypename' in 'struct statvfs'
   75 | if (ac_aggr.f_fstypename)
      |     ~~~~~~~ ^
1 error generated.
configure:18485: $? = 1
configure: failed program was:
| /* confdefs.h */
| #define PACKAGE_NAME "fontconfig"
| #define PACKAGE_TARNAME "fontconfig"
| #define PACKAGE_VERSION "2.14.2"
| #define PACKAGE_STRING "fontconfig 2.14.2"
| #define PACKAGE_BUGREPORT "https://gitlab.freedesktop.org/fontconfig/fontconfig/issues/new"
| #define PACKAGE_URL ""
| #define PACKAGE "fontconfig"
| #define VERSION "2.14.2"
| #define HAVE_STDIO_H 1
| #define HAVE_STDLIB_H 1
| #define HAVE_STRING_H 1
| #define HAVE_INTTYPES_H 1
| #define HAVE_STDINT_H 1
| #define HAVE_STRINGS_H 1
| #define HAVE_SYS_STAT_H 1
| #define HAVE_SYS_TYPES_H 1
| #define HAVE_UNISTD_H 1
| #define HAVE_WCHAR_H 1
| #define HAVE_SYS_PARAM_H 1
| #define STDC_HEADERS 1
| #define _ALL_SOURCE 1
| #define _DARWIN_C_SOURCE 1
| #define _GNU_SOURCE 1
| #define _HPUX_ALT_XOPEN_SOCKET_API 1
| #define _NETBSD_SOURCE 1
| #define _OPENBSD_SOURCE 1
| #define _POSIX_PTHREAD_SEMANTICS 1
| #define __STDC_WANT_IEC_60559_ATTRIBS_EXT__ 1
| #define __STDC_WANT_IEC_60559_BFP_EXT__ 1
| #define __STDC_WANT_IEC_60559_DFP_EXT__ 1
| #define __STDC_WANT_IEC_60559_FUNCS_EXT__ 1
| #define __STDC_WANT_IEC_60559_TYPES_EXT__ 1
| #define __STDC_WANT_LIB_EXT2__ 1
| #define __STDC_WANT_MATH_SPEC_FUNCS__ 1
| #define _TANDEM_SOURCE 1
| #define __EXTENSIONS__ 1
| #define HAVE_DLFCN_H 1
| #define LT_OBJDIR ".libs/"
| #define GETTEXT_PACKAGE "fontconfig"
| #define HAVE_ICONV 1
| #define HAVE_WARNING_CPP_DIRECTIVE 1
| #define HAVE_DIRENT_H 1
| #define HAVE_DIRENT_H 1
| #define HAVE_FCNTL_H 1
| #define HAVE_STDLIB_H 1
| #define HAVE_STRING_H 1
| #define HAVE_UNISTD_H 1
| #define HAVE_SYS_STATVFS_H 1
| #define HAVE_SYS_PARAM_H 1
| #define FLEXIBLE_ARRAY_MEMBER /**/
| #define HAVE_VPRINTF 1
| #define HAVE_GETPAGESIZE 1
| #define HAVE_LINK 1
| #define HAVE_GETOPT 1
| #define HAVE_GETOPT_LONG 1
| #define HAVE_RAND 1
| #define HAVE_RANDOM 1
| #define HAVE_LRAND48 1
| #define HAVE_RAND_R 1
| #define HAVE_READLINK 1
| #define HAVE_FSTATVFS 1
| #define HAVE_LSTAT 1
| #define HAVE_STRERROR 1
| #define HAVE_STRERROR_R 1
| #define HAVE_POSIX_FADVISE 1
| #define HAVE_STRUCT_STAT_ST_MTIM 1
| /* end confdefs.h.  */
| #include <sys/statvfs.h>
| 
| int
| main (void)
| {
| static struct statvfs ac_aggr;
| if (ac_aggr.f_fstypename)
| return 0;
|   ;
|   return 0;
| }
configure:18485: /home/nathan/secure-exec/registry/native/c/vendor/wasi-sdk/bin/clang -c --target=wasm32-wasip1 --sysroot=/home/nathan/secure-exec/registry/native/c/sysroot -O2 -D_WASI_EMULATED_MMAN -D_WASI_EMULATED_PROCESS_CLOCKS -D_GNU_SOURCE -mllvm -wasm-enable-sjlj -Wno-error=implicit-function-declaration -Wno-error=int-conversion -Wno-int-conversion -I/home/nathan/secure-exec-wasmgui/experiments/wasm-gui/toolchain/compat-include -include /home/nathan/secure-exec-wasmgui/experiments/wasm-gui/toolchain/wasi-compat.h --target=wasm32-wasip1 --sysroot=/home/nathan/secure-exec/registry/native/c/sysroot -I/home/nathan/secure-exec-wasmgui/experiments/wasm-gui/third_party/wasm-prefix/include -I/home/nathan/secure-exec-wasmgui/experiments/wasm-gui/toolchain/compat-include -include /home/nathan/secure-exec-wasmgui/experiments/wasm-gui/toolchain/wasi-compat.h conftest.c >&5
conftest.c:75:20: error: no member named 'f_fstypename' in 'struct statvfs'
   75 | if (sizeof ac_aggr.f_fstypename)
      |            ~~~~~~~ ^
1 error generated.
configure:18485: $? = 1
configure: failed program was:
| /* confdefs.h */
| #define PACKAGE_NAME "fontconfig"
| #define PACKAGE_TARNAME "fontconfig"
| #define PACKAGE_VERSION "2.14.2"
| #define PACKAGE_STRING "fontconfig 2.14.2"
| #define PACKAGE_BUGREPORT "https://gitlab.freedesktop.org/fontconfig/fontconfig/issues/new"
| #define PACKAGE_URL ""
| #define PACKAGE "fontconfig"
| #define VERSION "2.14.2"
| #define HAVE_STDIO_H 1
| #define HAVE_STDLIB_H 1
| #define HAVE_STRING_H 1
| #define HAVE_INTTYPES_H 1
| #define HAVE_STDINT_H 1
| #define HAVE_STRINGS_H 1
| #define HAVE_SYS_STAT_H 1
| #define HAVE_SYS_TYPES_H 1
| #define HAVE_UNISTD_H 1
| #define HAVE_WCHAR_H 1
| #define HAVE_SYS_PARAM_H 1
| #define STDC_HEADERS 1
| #define _ALL_SOURCE 1
| #define _DARWIN_C_SOURCE 1
| #define _GNU_SOURCE 1
| #define _HPUX_ALT_XOPEN_SOCKET_API 1
| #define _NETBSD_SOURCE 1
| #define _OPENBSD_SOURCE 1
| #define _POSIX_PTHREAD_SEMANTICS 1
| #define __STDC_WANT_IEC_60559_ATTRIBS_EXT__ 1
| #define __STDC_WANT_IEC_60559_BFP_EXT__ 1
| #define __STDC_WANT_IEC_60559_DFP_EXT__ 1
| #define __STDC_WANT_IEC_60559_FUNCS_EXT__ 1
| #define __STDC_WANT_IEC_60559_TYPES_EXT__ 1
| #define __STDC_WANT_LIB_EXT2__ 1
| #define __STDC_WANT_MATH_SPEC_FUNCS__ 1
| #define _TANDEM_SOURCE 1
| #define __EXTENSIONS__ 1
| #define HAVE_DLFCN_H 1
| #define LT_OBJDIR ".libs/"
| #define GETTEXT_PACKAGE "fontconfig"
| #define HAVE_ICONV 1
| #define HAVE_WARNING_CPP_DIRECTIVE 1
| #define HAVE_DIRENT_H 1
| #define HAVE_DIRENT_H 1
| #define HAVE_FCNTL_H 1
| #define HAVE_STDLIB_H 1
| #define HAVE_STRING_H 1
| #define HAVE_UNISTD_H 1
| #define HAVE_SYS_STATVFS_H 1
| #define HAVE_SYS_PARAM_H 1
| #define FLEXIBLE_ARRAY_MEMBER /**/
| #define HAVE_VPRINTF 1
| #define HAVE_GETPAGESIZE 1
| #define HAVE_LINK 1
| #define HAVE_GETOPT 1
| #define HAVE_GETOPT_LONG 1
| #define HAVE_RAND 1
| #define HAVE_RANDOM 1
| #define HAVE_LRAND48 1
| #define HAVE_RAND_R 1
| #define HAVE_READLINK 1
| #define HAVE_FSTATVFS 1
| #define HAVE_LSTAT 1
| #define HAVE_STRERROR 1
| #define HAVE_STRERROR_R 1
| #define HAVE_POSIX_FADVISE 1
| #define HAVE_STRUCT_STAT_ST_MTIM 1
| /* end confdefs.h.  */
| #include <sys/statvfs.h>
| 
| int
| main (void)
| {
| static struct statvfs ac_aggr;
| if (sizeof ac_aggr.f_fstypename)
| return 0;
|   ;
|   return 0;
| }
configure:18485: result: no
configure:18541: checking for struct dirent.d_type
configure:18541: /home/nathan/secure-exec/registry/native/c/vendor/wasi-sdk/bin/clang -c --target=wasm32-wasip1 --sysroot=/home/nathan/secure-exec/registry/native/c/sysroot -O2 -D_WASI_EMULATED_MMAN -D_WASI_EMULATED_PROCESS_CLOCKS -D_GNU_SOURCE -mllvm -wasm-enable-sjlj -Wno-error=implicit-function-declaration -Wno-error=int-conversion -Wno-int-conversion -I/home/nathan/secure-exec-wasmgui/experiments/wasm-gui/toolchain/compat-include -include /home/nathan/secure-exec-wasmgui/experiments/wasm-gui/toolchain/wasi-compat.h --target=wasm32-wasip1 --sysroot=/home/nathan/secure-exec/registry/native/c/sysroot -I/home/nathan/secure-exec-wasmgui/experiments/wasm-gui/third_party/wasm-prefix/include -I/home/nathan/secure-exec-wasmgui/experiments/wasm-gui/toolchain/compat-include -include /home/nathan/secure-exec-wasmgui/experiments/wasm-gui/toolchain/wasi-compat.h conftest.c >&5
configure:18541: $? = 0
configure:18541: result: yes
configure:18553: checking The type of len parameter of gperf hash/lookup function
configure:18572: /home/nathan/secure-exec/registry/native/c/vendor/wasi-sdk/bin/clang -c --target=wasm32-wasip1 --sysroot=/home/nathan/secure-exec/registry/native/c/sysroot -O2 -D_WASI_EMULATED_MMAN -D_WASI_EMULATED_PROCESS_CLOCKS -D_GNU_SOURCE -mllvm -wasm-enable-sjlj -Wno-error=implicit-function-declaration -Wno-error=int-conversion -Wno-int-conversion -I/home/nathan/secure-exec-wasmgui/experiments/wasm-gui/toolchain/compat-include -include /home/nathan/secure-exec-wasmgui/experiments/wasm-gui/toolchain/wasi-compat.h --target=wasm32-wasip1 --sysroot=/home/nathan/secure-exec/registry/native/c/sysroot -I/home/nathan/secure-exec-wasmgui/experiments/wasm-gui/third_party/wasm-prefix/include -I/home/nathan/secure-exec-wasmgui/experiments/wasm-gui/toolchain/compat-include -include /home/nathan/secure-exec-wasmgui/experiments/wasm-gui/toolchain/wasi-compat.h conftest.c >&5
configure:18572: $? = 0
configure:18605: result: size_t
configure:18745: checking for FREETYPE
configure:18752: $PKG_CONFIG --exists --print-errors "freetype2 >= 21.0.15"
configure:18755: $? = 0
configure:18769: $PKG_CONFIG --exists --print-errors "freetype2 >= 21.0.15"
configure:18772: $? = 0
configure:18830: result: yes
configure:18843: checking for FT_Get_BDF_Property
configure:18843: /home/nathan/secure-exec/registry/native/c/vendor/wasi-sdk/bin/clang -o conftest --target=wasm32-wasip1 --sysroot=/home/nathan/secure-exec/registry/native/c/sysroot -O2 -D_WASI_EMULATED_MMAN -D_WASI_EMULATED_PROCESS_CLOCKS -D_GNU_SOURCE -mllvm -wasm-enable-sjlj -Wno-error=implicit-function-declaration -Wno-error=int-conversion -Wno-int-conversion -I/home/nathan/secure-exec-wasmgui/experiments/wasm-gui/toolchain/compat-include -include /home/nathan/secure-exec-wasmgui/experiments/wasm-gui/toolchain/wasi-compat.h -I/home/nathan/secure-exec-wasmgui/experiments/wasm-gui/third_party/wasm-prefix/include/freetype2 -I/home/nathan/secure-exec-wasmgui/experiments/wasm-gui/third_party/wasm-prefix/include  --target=wasm32-wasip1 --sysroot=/home/nathan/secure-exec/registry/native/c/sysroot -I/home/nathan/secure-exec-wasmgui/experiments/wasm-gui/third_party/wasm-prefix/include -I/home/nathan/secure-exec-wasmgui/experiments/wasm-gui/toolchain/compat-include -include /home/nathan/secure-exec-wasmgui/experiments/wasm-gui/toolchain/wasi-compat.h --target=wasm32-wasip1 --sysroot=/home/nathan/secure-exec/registry/native/c/sysroot -L/home/nathan/secure-exec-wasmgui/experiments/wasm-gui/third_party/wasm-prefix/lib -L/home/nathan/secure-exec/registry/native/c/vendor/wasi-sdk/share/wasi-sysroot/lib/wasm32-wasip1 -lwasi-emulated-mman -lwasi-emulated-process-clocks conftest.c  -L/home/nathan/secure-exec-wasmgui/experiments/wasm-gui/third_party/wasm-prefix/lib -lfreetype -lz  >&5
wasm-ld: warning: function signature mismatch: FT_Get_BDF_Property
>>> defined as () -> i32 in /tmp/conftest-f8bdbd.o
>>> defined as (i32, i32, i32) -> i32 in /home/nathan/secure-exec-wasmgui/experiments/wasm-gui/third_party/wasm-prefix/lib/libfreetype.a(ftbdf.o)
configure:18843: $? = 0
configure:18843: result: yes
configure:18849: checking for FT_Get_PS_Font_Info
configure:18849: /home/nathan/secure-exec/registry/native/c/vendor/wasi-sdk/bin/clang -o conftest --target=wasm32-wasip1 --sysroot=/home/nathan/secure-exec/registry/native/c/sysroot -O2 -D_WASI_EMULATED_MMAN -D_WASI_EMULATED_PROCESS_CLOCKS -D_GNU_SOURCE -mllvm -wasm-enable-sjlj -Wno-error=implicit-function-declaration -Wno-error=int-conversion -Wno-int-conversion -I/home/nathan/secure-exec-wasmgui/experiments/wasm-gui/toolchain/compat-include -include /home/nathan/secure-exec-wasmgui/experiments/wasm-gui/toolchain/wasi-compat.h -I/home/nathan/secure-exec-wasmgui/experiments/wasm-gui/third_party/wasm-prefix/include/freetype2 -I/home/nathan/secure-exec-wasmgui/experiments/wasm-gui/third_party/wasm-prefix/include  --target=wasm32-wasip1 --sysroot=/home/nathan/secure-exec/registry/native/c/sysroot -I/home/nathan/secure-exec-wasmgui/experiments/wasm-gui/third_party/wasm-prefix/include -I/home/nathan/secure-exec-wasmgui/experiments/wasm-gui/toolchain/compat-include -include /home/nathan/secure-exec-wasmgui/experiments/wasm-gui/toolchain/wasi-compat.h --target=wasm32-wasip1 --sysroot=/home/nathan/secure-exec/registry/native/c/sysroot -L/home/nathan/secure-exec-wasmgui/experiments/wasm-gui/third_party/wasm-prefix/lib -L/home/nathan/secure-exec/registry/native/c/vendor/wasi-sdk/share/wasi-sysroot/lib/wasm32-wasip1 -lwasi-emulated-mman -lwasi-emulated-process-clocks conftest.c  -L/home/nathan/secure-exec-wasmgui/experiments/wasm-gui/third_party/wasm-prefix/lib -lfreetype -lz  >&5
wasm-ld: warning: function signature mismatch: FT_Get_PS_Font_Info
>>> defined as () -> i32 in /tmp/conftest-4e5405.o
>>> defined as (i32, i32) -> i32 in /home/nathan/secure-exec-wasmgui/experiments/wasm-gui/third_party/wasm-prefix/lib/libfreetype.a(fttype1.o)
configure:18849: $? = 0
configure:18849: result: yes
configure:18855: checking for FT_Has_PS_Glyph_Names
configure:18855: /home/nathan/secure-exec/registry/native/c/vendor/wasi-sdk/bin/clang -o conftest --target=wasm32-wasip1 --sysroot=/home/nathan/secure-exec/registry/native/c/sysroot -O2 -D_WASI_EMULATED_MMAN -D_WASI_EMULATED_PROCESS_CLOCKS -D_GNU_SOURCE -mllvm -wasm-enable-sjlj -Wno-error=implicit-function-declaration -Wno-error=int-conversion -Wno-int-conversion -I/home/nathan/secure-exec-wasmgui/experiments/wasm-gui/toolchain/compat-include -include /home/nathan/secure-exec-wasmgui/experiments/wasm-gui/toolchain/wasi-compat.h -I/home/nathan/secure-exec-wasmgui/experiments/wasm-gui/third_party/wasm-prefix/include/freetype2 -I/home/nathan/secure-exec-wasmgui/experiments/wasm-gui/third_party/wasm-prefix/include  --target=wasm32-wasip1 --sysroot=/home/nathan/secure-exec/registry/native/c/sysroot -I/home/nathan/secure-exec-wasmgui/experiments/wasm-gui/third_party/wasm-prefix/include -I/home/nathan/secure-exec-wasmgui/experiments/wasm-gui/toolchain/compat-include -include /home/nathan/secure-exec-wasmgui/experiments/wasm-gui/toolchain/wasi-compat.h --target=wasm32-wasip1 --sysroot=/home/nathan/secure-exec/registry/native/c/sysroot -L/home/nathan/secure-exec-wasmgui/experiments/wasm-gui/third_party/wasm-prefix/lib -L/home/nathan/secure-exec/registry/native/c/vendor/wasi-sdk/share/wasi-sysroot/lib/wasm32-wasip1 -lwasi-emulated-mman -lwasi-emulated-process-clocks conftest.c  -L/home/nathan/secure-exec-wasmgui/experiments/wasm-gui/third_party/wasm-prefix/lib -lfreetype -lz  >&5
wasm-ld: warning: function signature mismatch: FT_Has_PS_Glyph_Names
>>> defined as () -> i32 in /tmp/conftest-7ec623.o
>>> defined as (i32) -> i32 in /home/nathan/secure-exec-wasmgui/experiments/wasm-gui/third_party/wasm-prefix/lib/libfreetype.a(fttype1.o)
configure:18855: $? = 0
configure:18855: result: yes
configure:18861: checking for FT_Get_X11_Font_Format
configure:18861: /home/nathan/secure-exec/registry/native/c/vendor/wasi-sdk/bin/clang -o conftest --target=wasm32-wasip1 --sysroot=/home/nathan/secure-exec/registry/native/c/sysroot -O2 -D_WASI_EMULATED_MMAN -D_WASI_EMULATED_PROCESS_CLOCKS -D_GNU_SOURCE -mllvm -wasm-enable-sjlj -Wno-error=implicit-function-declaration -Wno-error=int-conversion -Wno-int-conversion -I/home/nathan/secure-exec-wasmgui/experiments/wasm-gui/toolchain/compat-include -include /home/nathan/secure-exec-wasmgui/experiments/wasm-gui/toolchain/wasi-compat.h -I/home/nathan/secure-exec-wasmgui/experiments/wasm-gui/third_party/wasm-prefix/include/freetype2 -I/home/nathan/secure-exec-wasmgui/experiments/wasm-gui/third_party/wasm-prefix/include  --target=wasm32-wasip1 --sysroot=/home/nathan/secure-exec/registry/native/c/sysroot -I/home/nathan/secure-exec-wasmgui/experiments/wasm-gui/third_party/wasm-prefix/include -I/home/nathan/secure-exec-wasmgui/experiments/wasm-gui/toolchain/compat-include -include /home/nathan/secure-exec-wasmgui/experiments/wasm-gui/toolchain/wasi-compat.h --target=wasm32-wasip1 --sysroot=/home/nathan/secure-exec/registry/native/c/sysroot -L/home/nathan/secure-exec-wasmgui/experiments/wasm-gui/third_party/wasm-prefix/lib -L/home/nathan/secure-exec/registry/native/c/vendor/wasi-sdk/share/wasi-sysroot/lib/wasm32-wasip1 -lwasi-emulated-mman -lwasi-emulated-process-clocks conftest.c  -L/home/nathan/secure-exec-wasmgui/experiments/wasm-gui/third_party/wasm-prefix/lib -lfreetype -lz  >&5
wasm-ld: warning: function signature mismatch: FT_Get_X11_Font_Format
>>> defined as () -> i32 in /tmp/conftest-9dc73f.o
>>> defined as (i32) -> i32 in /home/nathan/secure-exec-wasmgui/experiments/wasm-gui/third_party/wasm-prefix/lib/libfreetype.a(ftbase.o)
configure:18861: $? = 0
configure:18861: result: yes
configure:18867: checking for FT_Done_MM_Var
configure:18867: /home/nathan/secure-exec/registry/native/c/vendor/wasi-sdk/bin/clang -o conftest --target=wasm32-wasip1 --sysroot=/home/nathan/secure-exec/registry/native/c/sysroot -O2 -D_WASI_EMULATED_MMAN -D_WASI_EMULATED_PROCESS_CLOCKS -D_GNU_SOURCE -mllvm -wasm-enable-sjlj -Wno-error=implicit-function-declaration -Wno-error=int-conversion -Wno-int-conversion -I/home/nathan/secure-exec-wasmgui/experiments/wasm-gui/toolchain/compat-include -include /home/nathan/secure-exec-wasmgui/experiments/wasm-gui/toolchain/wasi-compat.h -I/home/nathan/secure-exec-wasmgui/experiments/wasm-gui/third_party/wasm-prefix/include/freetype2 -I/home/nathan/secure-exec-wasmgui/experiments/wasm-gui/third_party/wasm-prefix/include  --target=wasm32-wasip1 --sysroot=/home/nathan/secure-exec/registry/native/c/sysroot -I/home/nathan/secure-exec-wasmgui/experiments/wasm-gui/third_party/wasm-prefix/include -I/home/nathan/secure-exec-wasmgui/experiments/wasm-gui/toolchain/compat-include -include /home/nathan/secure-exec-wasmgui/experiments/wasm-gui/toolchain/wasi-compat.h --target=wasm32-wasip1 --sysroot=/home/nathan/secure-exec/registry/native/c/sysroot -L/home/nathan/secure-exec-wasmgui/experiments/wasm-gui/third_party/wasm-prefix/lib -L/home/nathan/secure-exec/registry/native/c/vendor/wasi-sdk/share/wasi-sysroot/lib/wasm32-wasip1 -lwasi-emulated-mman -lwasi-emulated-process-clocks conftest.c  -L/home/nathan/secure-exec-wasmgui/experiments/wasm-gui/third_party/wasm-prefix/lib -lfreetype -lz  >&5
wasm-ld: warning: function signature mismatch: FT_Done_MM_Var
>>> defined as () -> i32 in /tmp/conftest-9fbfe8.o
>>> defined as (i32, i32) -> i32 in /home/nathan/secure-exec-wasmgui/experiments/wasm-gui/third_party/wasm-prefix/lib/libfreetype.a(ftmm.o)
configure:18867: $? = 0
configure:18867: result: yes
configure:18885: /home/nathan/secure-exec/registry/native/c/vendor/wasi-sdk/bin/clang -c --target=wasm32-wasip1 --sysroot=/home/nathan/secure-exec/registry/native/c/sysroot -O2 -D_WASI_EMULATED_MMAN -D_WASI_EMULATED_PROCESS_CLOCKS -D_GNU_SOURCE -mllvm -wasm-enable-sjlj -Wno-error=implicit-function-declaration -Wno-error=int-conversion -Wno-int-conversion -I/home/nathan/secure-exec-wasmgui/experiments/wasm-gui/toolchain/compat-include -include /home/nathan/secure-exec-wasmgui/experiments/wasm-gui/toolchain/wasi-compat.h -I/home/nathan/secure-exec-wasmgui/experiments/wasm-gui/third_party/wasm-prefix/include/freetype2 -I/home/nathan/secure-exec-wasmgui/experiments/wasm-gui/third_party/wasm-prefix/include  --target=wasm32-wasip1 --sysroot=/home/nathan/secure-exec/registry/native/c/sysroot -I/home/nathan/secure-exec-wasmgui/experiments/wasm-gui/third_party/wasm-prefix/include -I/home/nathan/secure-exec-wasmgui/experiments/wasm-gui/toolchain/compat-include -include /home/nathan/secure-exec-wasmgui/experiments/wasm-gui/toolchain/wasi-compat.h conftest.c >&5
conftest.c:81:5: error: "No pcf long family names support"
   81 |         #  error "No pcf long family names support"
      |            ^
1 error generated.
configure:18885: $? = 1
configure: failed program was:
| /* confdefs.h */
| #define PACKAGE_NAME "fontconfig"
| #define PACKAGE_TARNAME "fontconfig"
| #define PACKAGE_VERSION "2.14.2"
| #define PACKAGE_STRING "fontconfig 2.14.2"
| #define PACKAGE_BUGREPORT "https://gitlab.freedesktop.org/fontconfig/fontconfig/issues/new"
| #define PACKAGE_URL ""
| #define PACKAGE "fontconfig"
| #define VERSION "2.14.2"
| #define HAVE_STDIO_H 1
| #define HAVE_STDLIB_H 1
| #define HAVE_STRING_H 1
| #define HAVE_INTTYPES_H 1
| #define HAVE_STDINT_H 1
| #define HAVE_STRINGS_H 1
| #define HAVE_SYS_STAT_H 1
| #define HAVE_SYS_TYPES_H 1
| #define HAVE_UNISTD_H 1
| #define HAVE_WCHAR_H 1
| #define HAVE_SYS_PARAM_H 1
| #define STDC_HEADERS 1
| #define _ALL_SOURCE 1
| #define _DARWIN_C_SOURCE 1
| #define _GNU_SOURCE 1
| #define _HPUX_ALT_XOPEN_SOCKET_API 1
| #define _NETBSD_SOURCE 1
| #define _OPENBSD_SOURCE 1
| #define _POSIX_PTHREAD_SEMANTICS 1
| #define __STDC_WANT_IEC_60559_ATTRIBS_EXT__ 1
| #define __STDC_WANT_IEC_60559_BFP_EXT__ 1
| #define __STDC_WANT_IEC_60559_DFP_EXT__ 1
| #define __STDC_WANT_IEC_60559_FUNCS_EXT__ 1
| #define __STDC_WANT_IEC_60559_TYPES_EXT__ 1
| #define __STDC_WANT_LIB_EXT2__ 1
| #define __STDC_WANT_MATH_SPEC_FUNCS__ 1
| #define _TANDEM_SOURCE 1
| #define __EXTENSIONS__ 1
| #define HAVE_DLFCN_H 1
| #define LT_OBJDIR ".libs/"
| #define GETTEXT_PACKAGE "fontconfig"
| #define HAVE_ICONV 1
| #define HAVE_WARNING_CPP_DIRECTIVE 1
| #define HAVE_DIRENT_H 1
| #define HAVE_DIRENT_H 1
| #define HAVE_FCNTL_H 1
| #define HAVE_STDLIB_H 1
| #define HAVE_STRING_H 1
| #define HAVE_UNISTD_H 1
| #define HAVE_SYS_STATVFS_H 1
| #define HAVE_SYS_PARAM_H 1
| #define FLEXIBLE_ARRAY_MEMBER /**/
| #define HAVE_VPRINTF 1
| #define HAVE_GETPAGESIZE 1
| #define HAVE_LINK 1
| #define HAVE_GETOPT 1
| #define HAVE_GETOPT_LONG 1
| #define HAVE_RAND 1
| #define HAVE_RANDOM 1
| #define HAVE_LRAND48 1
| #define HAVE_RAND_R 1
| #define HAVE_READLINK 1
| #define HAVE_FSTATVFS 1
| #define HAVE_LSTAT 1
| #define HAVE_STRERROR 1
| #define HAVE_STRERROR_R 1
| #define HAVE_POSIX_FADVISE 1
| #define HAVE_STRUCT_STAT_ST_MTIM 1
| #define HAVE_STRUCT_DIRENT_D_TYPE 1
| #define FC_GPERF_SIZE_T size_t
| #define USE_ICONV 0
| #define HAVE_FT_GET_BDF_PROPERTY 1
| #define HAVE_FT_GET_PS_FONT_INFO 1
| #define HAVE_FT_HAS_PS_GLYPH_NAMES 1
| #define HAVE_FT_GET_X11_FONT_FORMAT 1
| #define HAVE_FT_DONE_MM_VAR 1
| /* end confdefs.h.  */
| 
| 	#include <ft2build.h>
| 	#include FT_CONFIG_OPTIONS_H
| 	#ifndef PCF_CONFIG_OPTION_LONG_FAMILY_NAMES
| 	#  error "No pcf long family names support"
| 	#endif
| 
configure:18940: checking for EXPAT
configure:18947: $PKG_CONFIG --exists --print-errors "expat"
configure:18950: $? = 0
configure:18964: $PKG_CONFIG --exists --print-errors "expat"
configure:18967: $? = 0
configure:19005: result: yes
configure:19040: checking for expat.h
configure:19040: /home/nathan/secure-exec/registry/native/c/vendor/wasi-sdk/bin/clang -c --target=wasm32-wasip1 --sysroot=/home/nathan/secure-exec/registry/native/c/sysroot -O2 -D_WASI_EMULATED_MMAN -D_WASI_EMULATED_PROCESS_CLOCKS -D_GNU_SOURCE -mllvm -wasm-enable-sjlj -Wno-error=implicit-function-declaration -Wno-error=int-conversion -Wno-int-conversion -I/home/nathan/secure-exec-wasmgui/experiments/wasm-gui/toolchain/compat-include -include /home/nathan/secure-exec-wasmgui/experiments/wasm-gui/toolchain/wasi-compat.h --target=wasm32-wasip1 --sysroot=/home/nathan/secure-exec/registry/native/c/sysroot -I/home/nathan/secure-exec-wasmgui/experiments/wasm-gui/third_party/wasm-prefix/include -I/home/nathan/secure-exec-wasmgui/experiments/wasm-gui/toolchain/compat-include -include /home/nathan/secure-exec-wasmgui/experiments/wasm-gui/toolchain/wasi-compat.h -I/home/nathan/secure-exec-wasmgui/experiments/wasm-gui/third_party/wasm-prefix/include  conftest.c >&5
configure:19040: $? = 0
configure:19040: result: yes
configure:19064: checking for XML_SetDoctypeDeclHandler
configure:19064: /home/nathan/secure-exec/registry/native/c/vendor/wasi-sdk/bin/clang -o conftest --target=wasm32-wasip1 --sysroot=/home/nathan/secure-exec/registry/native/c/sysroot -O2 -D_WASI_EMULATED_MMAN -D_WASI_EMULATED_PROCESS_CLOCKS -D_GNU_SOURCE -mllvm -wasm-enable-sjlj -Wno-error=implicit-function-declaration -Wno-error=int-conversion -Wno-int-conversion -I/home/nathan/secure-exec-wasmgui/experiments/wasm-gui/toolchain/compat-include -include /home/nathan/secure-exec-wasmgui/experiments/wasm-gui/toolchain/wasi-compat.h --target=wasm32-wasip1 --sysroot=/home/nathan/secure-exec/registry/native/c/sysroot -I/home/nathan/secure-exec-wasmgui/experiments/wasm-gui/third_party/wasm-prefix/include -I/home/nathan/secure-exec-wasmgui/experiments/wasm-gui/toolchain/compat-include -include /home/nathan/secure-exec-wasmgui/experiments/wasm-gui/toolchain/wasi-compat.h -I/home/nathan/secure-exec-wasmgui/experiments/wasm-gui/third_party/wasm-prefix/include  --target=wasm32-wasip1 --sysroot=/home/nathan/secure-exec/registry/native/c/sysroot -L/home/nathan/secure-exec-wasmgui/experiments/wasm-gui/third_party/wasm-prefix/lib -L/home/nathan/secure-exec/registry/native/c/vendor/wasi-sdk/share/wasi-sysroot/lib/wasm32-wasip1 -lwasi-emulated-mman -lwasi-emulated-process-clocks conftest.c  -L/home/nathan/secure-exec-wasmgui/experiments/wasm-gui/third_party/wasm-prefix/lib -lexpat  >&5
wasm-ld: warning: function signature mismatch: XML_SetDoctypeDeclHandler
>>> defined as () -> i32 in /tmp/conftest-4d02c6.o
>>> defined as (i32, i32, i32) -> void in /home/nathan/secure-exec-wasmgui/experiments/wasm-gui/third_party/wasm-prefix/lib/libexpat.a(xmlparse.o)
configure:19064: $? = 0
configure:19064: result: yes
configure:19224: checking for JSONC
configure:19231: $PKG_CONFIG --exists --print-errors "json-c"
Package json-c was not found in the pkg-config search path.
Perhaps you should add the directory containing `json-c.pc'
to the PKG_CONFIG_PATH environment variable
Package 'json-c', required by 'virtual:world', not found
configure:19234: $? = 1
configure:19248: $PKG_CONFIG --exists --print-errors "json-c"
Package json-c was not found in the pkg-config search path.
Perhaps you should add the directory containing `json-c.pc'
to the PKG_CONFIG_PATH environment variable
Package 'json-c', required by 'virtual:world', not found
configure:19251: $? = 1
configure:19265: result: no
Package 'json-c', required by 'virtual:world', not found
configure:19580: checking stdatomic.h atomic primitives
configure:19606: /home/nathan/secure-exec/registry/native/c/vendor/wasi-sdk/bin/clang -o conftest --target=wasm32-wasip1 --sysroot=/home/nathan/secure-exec/registry/native/c/sysroot -O2 -D_WASI_EMULATED_MMAN -D_WASI_EMULATED_PROCESS_CLOCKS -D_GNU_SOURCE -mllvm -wasm-enable-sjlj -Wno-error=implicit-function-declaration -Wno-error=int-conversion -Wno-int-conversion -I/home/nathan/secure-exec-wasmgui/experiments/wasm-gui/toolchain/compat-include -include /home/nathan/secure-exec-wasmgui/experiments/wasm-gui/toolchain/wasi-compat.h --target=wasm32-wasip1 --sysroot=/home/nathan/secure-exec/registry/native/c/sysroot -I/home/nathan/secure-exec-wasmgui/experiments/wasm-gui/third_party/wasm-prefix/include -I/home/nathan/secure-exec-wasmgui/experiments/wasm-gui/toolchain/compat-include -include /home/nathan/secure-exec-wasmgui/experiments/wasm-gui/toolchain/wasi-compat.h --target=wasm32-wasip1 --sysroot=/home/nathan/secure-exec/registry/native/c/sysroot -L/home/nathan/secure-exec-wasmgui/experiments/wasm-gui/third_party/wasm-prefix/lib -L/home/nathan/secure-exec/registry/native/c/vendor/wasi-sdk/share/wasi-sysroot/lib/wasm32-wasip1 -lwasi-emulated-mman -lwasi-emulated-process-clocks conftest.c  >&5
configure:19606: $? = 0
configure:19615: result: true
configure:19623: checking for Intel atomic primitives
configure:19647: /home/nathan/secure-exec/registry/native/c/vendor/wasi-sdk/bin/clang -o conftest --target=wasm32-wasip1 --sysroot=/home/nathan/secure-exec/registry/native/c/sysroot -O2 -D_WASI_EMULATED_MMAN -D_WASI_EMULATED_PROCESS_CLOCKS -D_GNU_SOURCE -mllvm -wasm-enable-sjlj -Wno-error=implicit-function-declaration -Wno-error=int-conversion -Wno-int-conversion -I/home/nathan/secure-exec-wasmgui/experiments/wasm-gui/toolchain/compat-include -include /home/nathan/secure-exec-wasmgui/experiments/wasm-gui/toolchain/wasi-compat.h --target=wasm32-wasip1 --sysroot=/home/nathan/secure-exec/registry/native/c/sysroot -I/home/nathan/secure-exec-wasmgui/experiments/wasm-gui/third_party/wasm-prefix/include -I/home/nathan/secure-exec-wasmgui/experiments/wasm-gui/toolchain/compat-include -include /home/nathan/secure-exec-wasmgui/experiments/wasm-gui/toolchain/wasi-compat.h --target=wasm32-wasip1 --sysroot=/home/nathan/secure-exec/registry/native/c/sysroot -L/home/nathan/secure-exec-wasmgui/experiments/wasm-gui/third_party/wasm-prefix/lib -L/home/nathan/secure-exec/registry/native/c/vendor/wasi-sdk/share/wasi-sysroot/lib/wasm32-wasip1 -lwasi-emulated-mman -lwasi-emulated-process-clocks conftest.c  >&5
configure:19647: $? = 0
configure:19656: result: true
configure:19664: checking for Solaris atomic operations
configure:19690: /home/nathan/secure-exec/registry/native/c/vendor/wasi-sdk/bin/clang -o conftest --target=wasm32-wasip1 --sysroot=/home/nathan/secure-exec/registry/native/c/sysroot -O2 -D_WASI_EMULATED_MMAN -D_WASI_EMULATED_PROCESS_CLOCKS -D_GNU_SOURCE -mllvm -wasm-enable-sjlj -Wno-error=implicit-function-declaration -Wno-error=int-conversion -Wno-int-conversion -I/home/nathan/secure-exec-wasmgui/experiments/wasm-gui/toolchain/compat-include -include /home/nathan/secure-exec-wasmgui/experiments/wasm-gui/toolchain/wasi-compat.h --target=wasm32-wasip1 --sysroot=/home/nathan/secure-exec/registry/native/c/sysroot -I/home/nathan/secure-exec-wasmgui/experiments/wasm-gui/third_party/wasm-prefix/include -I/home/nathan/secure-exec-wasmgui/experiments/wasm-gui/toolchain/compat-include -include /home/nathan/secure-exec-wasmgui/experiments/wasm-gui/toolchain/wasi-compat.h --target=wasm32-wasip1 --sysroot=/home/nathan/secure-exec/registry/native/c/sysroot -L/home/nathan/secure-exec-wasmgui/experiments/wasm-gui/third_party/wasm-prefix/lib -L/home/nathan/secure-exec/registry/native/c/vendor/wasi-sdk/share/wasi-sysroot/lib/wasm32-wasip1 -lwasi-emulated-mman -lwasi-emulated-process-clocks conftest.c  >&5
conftest.c:83:12: fatal error: 'atomic.h' file not found
   83 |                 #include <atomic.h>
      |                          ^~~~~~~~~~
1 error generated.
configure:19690: $? = 1
configure: failed program was:
| /* confdefs.h */
| #define PACKAGE_NAME "fontconfig"
| #define PACKAGE_TARNAME "fontconfig"
| #define PACKAGE_VERSION "2.14.2"
| #define PACKAGE_STRING "fontconfig 2.14.2"
| #define PACKAGE_BUGREPORT "https://gitlab.freedesktop.org/fontconfig/fontconfig/issues/new"
| #define PACKAGE_URL ""
| #define PACKAGE "fontconfig"
| #define VERSION "2.14.2"
| #define HAVE_STDIO_H 1
| #define HAVE_STDLIB_H 1
| #define HAVE_STRING_H 1
| #define HAVE_INTTYPES_H 1
| #define HAVE_STDINT_H 1
| #define HAVE_STRINGS_H 1
| #define HAVE_SYS_STAT_H 1
| #define HAVE_SYS_TYPES_H 1
| #define HAVE_UNISTD_H 1
| #define HAVE_WCHAR_H 1
| #define HAVE_SYS_PARAM_H 1
| #define STDC_HEADERS 1
| #define _ALL_SOURCE 1
| #define _DARWIN_C_SOURCE 1
| #define _GNU_SOURCE 1
| #define _HPUX_ALT_XOPEN_SOCKET_API 1
| #define _NETBSD_SOURCE 1
| #define _OPENBSD_SOURCE 1
| #define _POSIX_PTHREAD_SEMANTICS 1
| #define __STDC_WANT_IEC_60559_ATTRIBS_EXT__ 1
| #define __STDC_WANT_IEC_60559_BFP_EXT__ 1
| #define __STDC_WANT_IEC_60559_DFP_EXT__ 1
| #define __STDC_WANT_IEC_60559_FUNCS_EXT__ 1
| #define __STDC_WANT_IEC_60559_TYPES_EXT__ 1
| #define __STDC_WANT_LIB_EXT2__ 1
| #define __STDC_WANT_MATH_SPEC_FUNCS__ 1
| #define _TANDEM_SOURCE 1
| #define __EXTENSIONS__ 1
| #define HAVE_DLFCN_H 1
| #define LT_OBJDIR ".libs/"
| #define GETTEXT_PACKAGE "fontconfig"
| #define HAVE_ICONV 1
| #define HAVE_WARNING_CPP_DIRECTIVE 1
| #define HAVE_DIRENT_H 1
| #define HAVE_DIRENT_H 1
| #define HAVE_FCNTL_H 1
| #define HAVE_STDLIB_H 1
| #define HAVE_STRING_H 1
| #define HAVE_UNISTD_H 1
| #define HAVE_SYS_STATVFS_H 1
| #define HAVE_SYS_PARAM_H 1
| #define FLEXIBLE_ARRAY_MEMBER /**/
| #define HAVE_VPRINTF 1
| #define HAVE_GETPAGESIZE 1
| #define HAVE_LINK 1
| #define HAVE_GETOPT 1
| #define HAVE_GETOPT_LONG 1
| #define HAVE_RAND 1
| #define HAVE_RANDOM 1
| #define HAVE_LRAND48 1
| #define HAVE_RAND_R 1
| #define HAVE_READLINK 1
| #define HAVE_FSTATVFS 1
| #define HAVE_LSTAT 1
| #define HAVE_STRERROR 1
| #define HAVE_STRERROR_R 1
| #define HAVE_POSIX_FADVISE 1
| #define HAVE_STRUCT_STAT_ST_MTIM 1
| #define HAVE_STRUCT_DIRENT_D_TYPE 1
| #define FC_GPERF_SIZE_T size_t
| #define USE_ICONV 0
| #define HAVE_FT_GET_BDF_PROPERTY 1
| #define HAVE_FT_GET_PS_FONT_INFO 1
| #define HAVE_FT_HAS_PS_GLYPH_NAMES 1
| #define HAVE_FT_GET_X11_FONT_FORMAT 1
| #define HAVE_FT_DONE_MM_VAR 1
| #define HAVE_XML_SETDOCTYPEDECLHANDLER 1
| #define FC_DEFAULT_FONTS "<dir>/fonts</dir>"
| #define FC_ADD_FONTS "yes"
| #define HAVE_STDATOMIC_PRIMITIVES 1
| #define HAVE_INTEL_ATOMIC_PRIMITIVES 1
| /* end confdefs.h.  */
| 
| 		#include <atomic.h>
| 		/* This requires Solaris Studio 12.2 or newer: */
| 		#include <mbarrier.h>
| 		void memory_barrier (void) { __machine_rw_barrier (); }
| 		int atomic_add (volatile unsigned *i) { return atomic_add_int_nv (i, 1); }
| 		void *atomic_ptr_cmpxchg (volatile void **target, void *cmp, void *newval) { return atomic_cas_ptr (target, cmp, newval); }
| 
| int
| main (void)
| {
| 
|   ;
|   return 0;
| }
configure:19699: result: false
configure:19895: checking if compiler needs -Werror to reject unknown flags
configure:19911: /home/nathan/secure-exec/registry/native/c/vendor/wasi-sdk/bin/clang -c --target=wasm32-wasip1 --sysroot=/home/nathan/secure-exec/registry/native/c/sysroot -O2 -D_WASI_EMULATED_MMAN -D_WASI_EMULATED_PROCESS_CLOCKS -D_GNU_SOURCE -mllvm -wasm-enable-sjlj -Wno-error=implicit-function-declaration -Wno-error=int-conversion -Wno-int-conversion -I/home/nathan/secure-exec-wasmgui/experiments/wasm-gui/toolchain/compat-include -include /home/nathan/secure-exec-wasmgui/experiments/wasm-gui/toolchain/wasi-compat.h -Werror -Wunknown-warning-option -Wsizeof-array-argument --target=wasm32-wasip1 --sysroot=/home/nathan/secure-exec/registry/native/c/sysroot -I/home/nathan/secure-exec-wasmgui/experiments/wasm-gui/third_party/wasm-prefix/include -I/home/nathan/secure-exec-wasmgui/experiments/wasm-gui/toolchain/compat-include -include /home/nathan/secure-exec-wasmgui/experiments/wasm-gui/toolchain/wasi-compat.h conftest.c >&5
configure:19911: $? = 0
configure:19913: result: yes
configure:19988: checking for the pthreads library -lpthreads
configure:20026: /home/nathan/secure-exec/registry/native/c/vendor/wasi-sdk/bin/clang -o conftest --target=wasm32-wasip1 --sysroot=/home/nathan/secure-exec/registry/native/c/sysroot -O2 -D_WASI_EMULATED_MMAN -D_WASI_EMULATED_PROCESS_CLOCKS -D_GNU_SOURCE -mllvm -wasm-enable-sjlj -Wno-error=implicit-function-declaration -Wno-error=int-conversion -Wno-int-conversion -I/home/nathan/secure-exec-wasmgui/experiments/wasm-gui/toolchain/compat-include -include /home/nathan/secure-exec-wasmgui/experiments/wasm-gui/toolchain/wasi-compat.h  -Werror --target=wasm32-wasip1 --sysroot=/home/nathan/secure-exec/registry/native/c/sysroot -I/home/nathan/secure-exec-wasmgui/experiments/wasm-gui/third_party/wasm-prefix/include -I/home/nathan/secure-exec-wasmgui/experiments/wasm-gui/toolchain/compat-include -include /home/nathan/secure-exec-wasmgui/experiments/wasm-gui/toolchain/wasi-compat.h --target=wasm32-wasip1 --sysroot=/home/nathan/secure-exec/registry/native/c/sysroot -L/home/nathan/secure-exec-wasmgui/experiments/wasm-gui/third_party/wasm-prefix/lib -L/home/nathan/secure-exec/registry/native/c/vendor/wasi-sdk/share/wasi-sysroot/lib/wasm32-wasip1 -lwasi-emulated-mman -lwasi-emulated-process-clocks conftest.c -lpthreads  >&5
conftest.c:89:25: error: static assertion failed: This mode of WASI does not have threads enabled; to enable stub functions which always fail, compile with -D_WASI_EMULATED_PTHREAD and link with -lwasi-emulated-pthread
   89 |                         pthread_create(&th, 0, start_routine, 0);
      |                         ^~~~~~~~~~~~~~~~~~~~~~~~~~~~~~~~~~~~~~~~
/home/nathan/secure-exec/registry/native/c/sysroot/include/wasm32-wasip1/pthread.h:92:47: note: expanded from macro 'pthread_create'
   92 | #define pthread_create(...) ({ _Static_assert(0, "This mode of WASI does not have threads enabled; \
      |                                               ^
conftest.c:90:25: error: static assertion failed: This mode of WASI does not have threads enabled; to enable stub functions which always fail, compile with -D_WASI_EMULATED_PTHREAD and link with -lwasi-emulated-pthread
   90 |                         pthread_join(th, 0);
      |                         ^~~~~~~~~~~~~~~~~~~
/home/nathan/secure-exec/registry/native/c/sysroot/include/wasm32-wasip1/pthread.h:98:45: note: expanded from macro 'pthread_join'
   98 | #define pthread_join(...) ({ _Static_assert(0, "This mode of WASI does not have threads enabled; \
      |                                             ^
2 errors generated.
configure:20026: $? = 1
configure: failed program was:
| /* confdefs.h */
| #define PACKAGE_NAME "fontconfig"
| #define PACKAGE_TARNAME "fontconfig"
| #define PACKAGE_VERSION "2.14.2"
| #define PACKAGE_STRING "fontconfig 2.14.2"
| #define PACKAGE_BUGREPORT "https://gitlab.freedesktop.org/fontconfig/fontconfig/issues/new"
| #define PACKAGE_URL ""
| #define PACKAGE "fontconfig"
| #define VERSION "2.14.2"
| #define HAVE_STDIO_H 1
| #define HAVE_STDLIB_H 1
| #define HAVE_STRING_H 1
| #define HAVE_INTTYPES_H 1
| #define HAVE_STDINT_H 1
| #define HAVE_STRINGS_H 1
| #define HAVE_SYS_STAT_H 1
| #define HAVE_SYS_TYPES_H 1
| #define HAVE_UNISTD_H 1
| #define HAVE_WCHAR_H 1
| #define HAVE_SYS_PARAM_H 1
| #define STDC_HEADERS 1
| #define _ALL_SOURCE 1
| #define _DARWIN_C_SOURCE 1
| #define _GNU_SOURCE 1
| #define _HPUX_ALT_XOPEN_SOCKET_API 1
| #define _NETBSD_SOURCE 1
| #define _OPENBSD_SOURCE 1
| #define _POSIX_PTHREAD_SEMANTICS 1
| #define __STDC_WANT_IEC_60559_ATTRIBS_EXT__ 1
| #define __STDC_WANT_IEC_60559_BFP_EXT__ 1
| #define __STDC_WANT_IEC_60559_DFP_EXT__ 1
| #define __STDC_WANT_IEC_60559_FUNCS_EXT__ 1
| #define __STDC_WANT_IEC_60559_TYPES_EXT__ 1
| #define __STDC_WANT_LIB_EXT2__ 1
| #define __STDC_WANT_MATH_SPEC_FUNCS__ 1
| #define _TANDEM_SOURCE 1
| #define __EXTENSIONS__ 1
| #define HAVE_DLFCN_H 1
| #define LT_OBJDIR ".libs/"
| #define GETTEXT_PACKAGE "fontconfig"
| #define HAVE_ICONV 1
| #define HAVE_WARNING_CPP_DIRECTIVE 1
| #define HAVE_DIRENT_H 1
| #define HAVE_DIRENT_H 1
| #define HAVE_FCNTL_H 1
| #define HAVE_STDLIB_H 1
| #define HAVE_STRING_H 1
| #define HAVE_UNISTD_H 1
| #define HAVE_SYS_STATVFS_H 1
| #define HAVE_SYS_PARAM_H 1
| #define FLEXIBLE_ARRAY_MEMBER /**/
| #define HAVE_VPRINTF 1
| #define HAVE_GETPAGESIZE 1
| #define HAVE_LINK 1
| #define HAVE_GETOPT 1
| #define HAVE_GETOPT_LONG 1
| #define HAVE_RAND 1
| #define HAVE_RANDOM 1
| #define HAVE_LRAND48 1
| #define HAVE_RAND_R 1
| #define HAVE_READLINK 1
| #define HAVE_FSTATVFS 1
| #define HAVE_LSTAT 1
| #define HAVE_STRERROR 1
| #define HAVE_STRERROR_R 1
| #define HAVE_POSIX_FADVISE 1
| #define HAVE_STRUCT_STAT_ST_MTIM 1
| #define HAVE_STRUCT_DIRENT_D_TYPE 1
| #define FC_GPERF_SIZE_T size_t
| #define USE_ICONV 0
| #define HAVE_FT_GET_BDF_PROPERTY 1
| #define HAVE_FT_GET_PS_FONT_INFO 1
| #define HAVE_FT_HAS_PS_GLYPH_NAMES 1
| #define HAVE_FT_GET_X11_FONT_FORMAT 1
| #define HAVE_FT_DONE_MM_VAR 1
| #define HAVE_XML_SETDOCTYPEDECLHANDLER 1
| #define FC_DEFAULT_FONTS "<dir>/fonts</dir>"
| #define FC_ADD_FONTS "yes"
| #define HAVE_STDATOMIC_PRIMITIVES 1
| #define HAVE_INTEL_ATOMIC_PRIMITIVES 1
| /* end confdefs.h.  */
| #include <pthread.h>
|                         static void routine(void *a) { a = 0; }
|                         static void *start_routine(void *a) { return a; }
| int
| main (void)
| {
| pthread_t th; pthread_attr_t attr;
|                         pthread_create(&th, 0, start_routine, 0);
|                         pthread_join(th, 0);
|                         pthread_attr_init(&attr);
|                         pthread_cleanup_push(routine, 0);
|                         pthread_cleanup_pop(0) /* ; */
|   ;
|   return 0;
| }
configure:20036: result: no
configure:19928: checking whether pthreads work without any flags
configure:20026: /home/nathan/secure-exec/registry/native/c/vendor/wasi-sdk/bin/clang -o conftest --target=wasm32-wasip1 --sysroot=/home/nathan/secure-exec/registry/native/c/sysroot -O2 -D_WASI_EMULATED_MMAN -D_WASI_EMULATED_PROCESS_CLOCKS -D_GNU_SOURCE -mllvm -wasm-enable-sjlj -Wno-error=implicit-function-declaration -Wno-error=int-conversion -Wno-int-conversion -I/home/nathan/secure-exec-wasmgui/experiments/wasm-gui/toolchain/compat-include -include /home/nathan/secure-exec-wasmgui/experiments/wasm-gui/toolchain/wasi-compat.h  -Werror --target=wasm32-wasip1 --sysroot=/home/nathan/secure-exec/registry/native/c/sysroot -I/home/nathan/secure-exec-wasmgui/experiments/wasm-gui/third_party/wasm-prefix/include -I/home/nathan/secure-exec-wasmgui/experiments/wasm-gui/toolchain/compat-include -include /home/nathan/secure-exec-wasmgui/experiments/wasm-gui/toolchain/wasi-compat.h --target=wasm32-wasip1 --sysroot=/home/nathan/secure-exec/registry/native/c/sysroot -L/home/nathan/secure-exec-wasmgui/experiments/wasm-gui/third_party/wasm-prefix/lib -L/home/nathan/secure-exec/registry/native/c/vendor/wasi-sdk/share/wasi-sysroot/lib/wasm32-wasip1 -lwasi-emulated-mman -lwasi-emulated-process-clocks conftest.c   >&5
conftest.c:89:25: error: static assertion failed: This mode of WASI does not have threads enabled; to enable stub functions which always fail, compile with -D_WASI_EMULATED_PTHREAD and link with -lwasi-emulated-pthread
   89 |                         pthread_create(&th, 0, start_routine, 0);
      |                         ^~~~~~~~~~~~~~~~~~~~~~~~~~~~~~~~~~~~~~~~
/home/nathan/secure-exec/registry/native/c/sysroot/include/wasm32-wasip1/pthread.h:92:47: note: expanded from macro 'pthread_create'
   92 | #define pthread_create(...) ({ _Static_assert(0, "This mode of WASI does not have threads enabled; \
      |                                               ^
conftest.c:90:25: error: static assertion failed: This mode of WASI does not have threads enabled; to enable stub functions which always fail, compile with -D_WASI_EMULATED_PTHREAD and link with -lwasi-emulated-pthread
   90 |                         pthread_join(th, 0);
      |                         ^~~~~~~~~~~~~~~~~~~
/home/nathan/secure-exec/registry/native/c/sysroot/include/wasm32-wasip1/pthread.h:98:45: note: expanded from macro 'pthread_join'
   98 | #define pthread_join(...) ({ _Static_assert(0, "This mode of WASI does not have threads enabled; \
      |                                             ^
2 errors generated.
configure:20026: $? = 1
configure: failed program was:
| /* confdefs.h */
| #define PACKAGE_NAME "fontconfig"
| #define PACKAGE_TARNAME "fontconfig"
| #define PACKAGE_VERSION "2.14.2"
| #define PACKAGE_STRING "fontconfig 2.14.2"
| #define PACKAGE_BUGREPORT "https://gitlab.freedesktop.org/fontconfig/fontconfig/issues/new"
| #define PACKAGE_URL ""
| #define PACKAGE "fontconfig"
| #define VERSION "2.14.2"
| #define HAVE_STDIO_H 1
| #define HAVE_STDLIB_H 1
| #define HAVE_STRING_H 1
| #define HAVE_INTTYPES_H 1
| #define HAVE_STDINT_H 1
| #define HAVE_STRINGS_H 1
| #define HAVE_SYS_STAT_H 1
| #define HAVE_SYS_TYPES_H 1
| #define HAVE_UNISTD_H 1
| #define HAVE_WCHAR_H 1
| #define HAVE_SYS_PARAM_H 1
| #define STDC_HEADERS 1
| #define _ALL_SOURCE 1
| #define _DARWIN_C_SOURCE 1
| #define _GNU_SOURCE 1
| #define _HPUX_ALT_XOPEN_SOCKET_API 1
| #define _NETBSD_SOURCE 1
| #define _OPENBSD_SOURCE 1
| #define _POSIX_PTHREAD_SEMANTICS 1
| #define __STDC_WANT_IEC_60559_ATTRIBS_EXT__ 1
| #define __STDC_WANT_IEC_60559_BFP_EXT__ 1
| #define __STDC_WANT_IEC_60559_DFP_EXT__ 1
| #define __STDC_WANT_IEC_60559_FUNCS_EXT__ 1
| #define __STDC_WANT_IEC_60559_TYPES_EXT__ 1
| #define __STDC_WANT_LIB_EXT2__ 1
| #define __STDC_WANT_MATH_SPEC_FUNCS__ 1
| #define _TANDEM_SOURCE 1
| #define __EXTENSIONS__ 1
| #define HAVE_DLFCN_H 1
| #define LT_OBJDIR ".libs/"
| #define GETTEXT_PACKAGE "fontconfig"
| #define HAVE_ICONV 1
| #define HAVE_WARNING_CPP_DIRECTIVE 1
| #define HAVE_DIRENT_H 1
| #define HAVE_DIRENT_H 1
| #define HAVE_FCNTL_H 1
| #define HAVE_STDLIB_H 1
| #define HAVE_STRING_H 1
| #define HAVE_UNISTD_H 1
| #define HAVE_SYS_STATVFS_H 1
| #define HAVE_SYS_PARAM_H 1
| #define FLEXIBLE_ARRAY_MEMBER /**/
| #define HAVE_VPRINTF 1
| #define HAVE_GETPAGESIZE 1
| #define HAVE_LINK 1
| #define HAVE_GETOPT 1
| #define HAVE_GETOPT_LONG 1
| #define HAVE_RAND 1
| #define HAVE_RANDOM 1
| #define HAVE_LRAND48 1
| #define HAVE_RAND_R 1
| #define HAVE_READLINK 1
| #define HAVE_FSTATVFS 1
| #define HAVE_LSTAT 1
| #define HAVE_STRERROR 1
| #define HAVE_STRERROR_R 1
| #define HAVE_POSIX_FADVISE 1
| #define HAVE_STRUCT_STAT_ST_MTIM 1
| #define HAVE_STRUCT_DIRENT_D_TYPE 1
| #define FC_GPERF_SIZE_T size_t
| #define USE_ICONV 0
| #define HAVE_FT_GET_BDF_PROPERTY 1
| #define HAVE_FT_GET_PS_FONT_INFO 1
| #define HAVE_FT_HAS_PS_GLYPH_NAMES 1
| #define HAVE_FT_GET_X11_FONT_FORMAT 1
| #define HAVE_FT_DONE_MM_VAR 1
| #define HAVE_XML_SETDOCTYPEDECLHANDLER 1
| #define FC_DEFAULT_FONTS "<dir>/fonts</dir>"
| #define FC_ADD_FONTS "yes"
| #define HAVE_STDATOMIC_PRIMITIVES 1
| #define HAVE_INTEL_ATOMIC_PRIMITIVES 1
| /* end confdefs.h.  */
| #include <pthread.h>
|                         static void routine(void *a) { a = 0; }
|                         static void *start_routine(void *a) { return a; }
| int
| main (void)
| {
| pthread_t th; pthread_attr_t attr;
|                         pthread_create(&th, 0, start_routine, 0);
|                         pthread_join(th, 0);
|                         pthread_attr_init(&attr);
|                         pthread_cleanup_push(routine, 0);
|                         pthread_cleanup_pop(0) /* ; */
|   ;
|   return 0;
| }
configure:20036: result: no
configure:19933: checking whether pthreads work with -Kthread
configure:20026: /home/nathan/secure-exec/registry/native/c/vendor/wasi-sdk/bin/clang -o conftest --target=wasm32-wasip1 --sysroot=/home/nathan/secure-exec/registry/native/c/sysroot -O2 -D_WASI_EMULATED_MMAN -D_WASI_EMULATED_PROCESS_CLOCKS -D_GNU_SOURCE -mllvm -wasm-enable-sjlj -Wno-error=implicit-function-declaration -Wno-error=int-conversion -Wno-int-conversion -I/home/nathan/secure-exec-wasmgui/experiments/wasm-gui/toolchain/compat-include -include /home/nathan/secure-exec-wasmgui/experiments/wasm-gui/toolchain/wasi-compat.h -Kthread -Werror --target=wasm32-wasip1 --sysroot=/home/nathan/secure-exec/registry/native/c/sysroot -I/home/nathan/secure-exec-wasmgui/experiments/wasm-gui/third_party/wasm-prefix/include -I/home/nathan/secure-exec-wasmgui/experiments/wasm-gui/toolchain/compat-include -include /home/nathan/secure-exec-wasmgui/experiments/wasm-gui/toolchain/wasi-compat.h --target=wasm32-wasip1 --sysroot=/home/nathan/secure-exec/registry/native/c/sysroot -L/home/nathan/secure-exec-wasmgui/experiments/wasm-gui/third_party/wasm-prefix/lib -L/home/nathan/secure-exec/registry/native/c/vendor/wasi-sdk/share/wasi-sysroot/lib/wasm32-wasip1 -lwasi-emulated-mman -lwasi-emulated-process-clocks conftest.c   >&5
clang: error: unknown argument '-Kthread'; did you mean '-pthread'?
configure:20026: $? = 1
configure: failed program was:
| /* confdefs.h */
| #define PACKAGE_NAME "fontconfig"
| #define PACKAGE_TARNAME "fontconfig"
| #define PACKAGE_VERSION "2.14.2"
| #define PACKAGE_STRING "fontconfig 2.14.2"
| #define PACKAGE_BUGREPORT "https://gitlab.freedesktop.org/fontconfig/fontconfig/issues/new"
| #define PACKAGE_URL ""
| #define PACKAGE "fontconfig"
| #define VERSION "2.14.2"
| #define HAVE_STDIO_H 1
| #define HAVE_STDLIB_H 1
| #define HAVE_STRING_H 1
| #define HAVE_INTTYPES_H 1
| #define HAVE_STDINT_H 1
| #define HAVE_STRINGS_H 1
| #define HAVE_SYS_STAT_H 1
| #define HAVE_SYS_TYPES_H 1
| #define HAVE_UNISTD_H 1
| #define HAVE_WCHAR_H 1
| #define HAVE_SYS_PARAM_H 1
| #define STDC_HEADERS 1
| #define _ALL_SOURCE 1
| #define _DARWIN_C_SOURCE 1
| #define _GNU_SOURCE 1
| #define _HPUX_ALT_XOPEN_SOCKET_API 1
| #define _NETBSD_SOURCE 1
| #define _OPENBSD_SOURCE 1
| #define _POSIX_PTHREAD_SEMANTICS 1
| #define __STDC_WANT_IEC_60559_ATTRIBS_EXT__ 1
| #define __STDC_WANT_IEC_60559_BFP_EXT__ 1
| #define __STDC_WANT_IEC_60559_DFP_EXT__ 1
| #define __STDC_WANT_IEC_60559_FUNCS_EXT__ 1
| #define __STDC_WANT_IEC_60559_TYPES_EXT__ 1
| #define __STDC_WANT_LIB_EXT2__ 1
| #define __STDC_WANT_MATH_SPEC_FUNCS__ 1
| #define _TANDEM_SOURCE 1
| #define __EXTENSIONS__ 1
| #define HAVE_DLFCN_H 1
| #define LT_OBJDIR ".libs/"
| #define GETTEXT_PACKAGE "fontconfig"
| #define HAVE_ICONV 1
| #define HAVE_WARNING_CPP_DIRECTIVE 1
| #define HAVE_DIRENT_H 1
| #define HAVE_DIRENT_H 1
| #define HAVE_FCNTL_H 1
| #define HAVE_STDLIB_H 1
| #define HAVE_STRING_H 1
| #define HAVE_UNISTD_H 1
| #define HAVE_SYS_STATVFS_H 1
| #define HAVE_SYS_PARAM_H 1
| #define FLEXIBLE_ARRAY_MEMBER /**/
| #define HAVE_VPRINTF 1
| #define HAVE_GETPAGESIZE 1
| #define HAVE_LINK 1
| #define HAVE_GETOPT 1
| #define HAVE_GETOPT_LONG 1
| #define HAVE_RAND 1
| #define HAVE_RANDOM 1
| #define HAVE_LRAND48 1
| #define HAVE_RAND_R 1
| #define HAVE_READLINK 1
| #define HAVE_FSTATVFS 1
| #define HAVE_LSTAT 1
| #define HAVE_STRERROR 1
| #define HAVE_STRERROR_R 1
| #define HAVE_POSIX_FADVISE 1
| #define HAVE_STRUCT_STAT_ST_MTIM 1
| #define HAVE_STRUCT_DIRENT_D_TYPE 1
| #define FC_GPERF_SIZE_T size_t
| #define USE_ICONV 0
| #define HAVE_FT_GET_BDF_PROPERTY 1
| #define HAVE_FT_GET_PS_FONT_INFO 1
| #define HAVE_FT_HAS_PS_GLYPH_NAMES 1
| #define HAVE_FT_GET_X11_FONT_FORMAT 1
| #define HAVE_FT_DONE_MM_VAR 1
| #define HAVE_XML_SETDOCTYPEDECLHANDLER 1
| #define FC_DEFAULT_FONTS "<dir>/fonts</dir>"
| #define FC_ADD_FONTS "yes"
| #define HAVE_STDATOMIC_PRIMITIVES 1
| #define HAVE_INTEL_ATOMIC_PRIMITIVES 1
| /* end confdefs.h.  */
| #include <pthread.h>
|                         static void routine(void *a) { a = 0; }
|                         static void *start_routine(void *a) { return a; }
| int
| main (void)
| {
| pthread_t th; pthread_attr_t attr;
|                         pthread_create(&th, 0, start_routine, 0);
|                         pthread_join(th, 0);
|                         pthread_attr_init(&attr);
|                         pthread_cleanup_push(routine, 0);
|                         pthread_cleanup_pop(0) /* ; */
|   ;
|   return 0;
| }
configure:20036: result: no
configure:19933: checking whether pthreads work with -kthread
configure:20026: /home/nathan/secure-exec/registry/native/c/vendor/wasi-sdk/bin/clang -o conftest --target=wasm32-wasip1 --sysroot=/home/nathan/secure-exec/registry/native/c/sysroot -O2 -D_WASI_EMULATED_MMAN -D_WASI_EMULATED_PROCESS_CLOCKS -D_GNU_SOURCE -mllvm -wasm-enable-sjlj -Wno-error=implicit-function-declaration -Wno-error=int-conversion -Wno-int-conversion -I/home/nathan/secure-exec-wasmgui/experiments/wasm-gui/toolchain/compat-include -include /home/nathan/secure-exec-wasmgui/experiments/wasm-gui/toolchain/wasi-compat.h -kthread -Werror --target=wasm32-wasip1 --sysroot=/home/nathan/secure-exec/registry/native/c/sysroot -I/home/nathan/secure-exec-wasmgui/experiments/wasm-gui/third_party/wasm-prefix/include -I/home/nathan/secure-exec-wasmgui/experiments/wasm-gui/toolchain/compat-include -include /home/nathan/secure-exec-wasmgui/experiments/wasm-gui/toolchain/wasi-compat.h --target=wasm32-wasip1 --sysroot=/home/nathan/secure-exec/registry/native/c/sysroot -L/home/nathan/secure-exec-wasmgui/experiments/wasm-gui/third_party/wasm-prefix/lib -L/home/nathan/secure-exec/registry/native/c/vendor/wasi-sdk/share/wasi-sysroot/lib/wasm32-wasip1 -lwasi-emulated-mman -lwasi-emulated-process-clocks conftest.c   >&5
clang: error: unknown argument '-kthread'; did you mean '-pthread'?
configure:20026: $? = 1
configure: failed program was:
| /* confdefs.h */
| #define PACKAGE_NAME "fontconfig"
| #define PACKAGE_TARNAME "fontconfig"
| #define PACKAGE_VERSION "2.14.2"
| #define PACKAGE_STRING "fontconfig 2.14.2"
| #define PACKAGE_BUGREPORT "https://gitlab.freedesktop.org/fontconfig/fontconfig/issues/new"
| #define PACKAGE_URL ""
| #define PACKAGE "fontconfig"
| #define VERSION "2.14.2"
| #define HAVE_STDIO_H 1
| #define HAVE_STDLIB_H 1
| #define HAVE_STRING_H 1
| #define HAVE_INTTYPES_H 1
| #define HAVE_STDINT_H 1
| #define HAVE_STRINGS_H 1
| #define HAVE_SYS_STAT_H 1
| #define HAVE_SYS_TYPES_H 1
| #define HAVE_UNISTD_H 1
| #define HAVE_WCHAR_H 1
| #define HAVE_SYS_PARAM_H 1
| #define STDC_HEADERS 1
| #define _ALL_SOURCE 1
| #define _DARWIN_C_SOURCE 1
| #define _GNU_SOURCE 1
| #define _HPUX_ALT_XOPEN_SOCKET_API 1
| #define _NETBSD_SOURCE 1
| #define _OPENBSD_SOURCE 1
| #define _POSIX_PTHREAD_SEMANTICS 1
| #define __STDC_WANT_IEC_60559_ATTRIBS_EXT__ 1
| #define __STDC_WANT_IEC_60559_BFP_EXT__ 1
| #define __STDC_WANT_IEC_60559_DFP_EXT__ 1
| #define __STDC_WANT_IEC_60559_FUNCS_EXT__ 1
| #define __STDC_WANT_IEC_60559_TYPES_EXT__ 1
| #define __STDC_WANT_LIB_EXT2__ 1
| #define __STDC_WANT_MATH_SPEC_FUNCS__ 1
| #define _TANDEM_SOURCE 1
| #define __EXTENSIONS__ 1
| #define HAVE_DLFCN_H 1
| #define LT_OBJDIR ".libs/"
| #define GETTEXT_PACKAGE "fontconfig"
| #define HAVE_ICONV 1
| #define HAVE_WARNING_CPP_DIRECTIVE 1
| #define HAVE_DIRENT_H 1
| #define HAVE_DIRENT_H 1
| #define HAVE_FCNTL_H 1
| #define HAVE_STDLIB_H 1
| #define HAVE_STRING_H 1
| #define HAVE_UNISTD_H 1
| #define HAVE_SYS_STATVFS_H 1
| #define HAVE_SYS_PARAM_H 1
| #define FLEXIBLE_ARRAY_MEMBER /**/
| #define HAVE_VPRINTF 1
| #define HAVE_GETPAGESIZE 1
| #define HAVE_LINK 1
| #define HAVE_GETOPT 1
| #define HAVE_GETOPT_LONG 1
| #define HAVE_RAND 1
| #define HAVE_RANDOM 1
| #define HAVE_LRAND48 1
| #define HAVE_RAND_R 1
| #define HAVE_READLINK 1
| #define HAVE_FSTATVFS 1
| #define HAVE_LSTAT 1
| #define HAVE_STRERROR 1
| #define HAVE_STRERROR_R 1
| #define HAVE_POSIX_FADVISE 1
| #define HAVE_STRUCT_STAT_ST_MTIM 1
| #define HAVE_STRUCT_DIRENT_D_TYPE 1
| #define FC_GPERF_SIZE_T size_t
| #define USE_ICONV 0
| #define HAVE_FT_GET_BDF_PROPERTY 1
| #define HAVE_FT_GET_PS_FONT_INFO 1
| #define HAVE_FT_HAS_PS_GLYPH_NAMES 1
| #define HAVE_FT_GET_X11_FONT_FORMAT 1
| #define HAVE_FT_DONE_MM_VAR 1
| #define HAVE_XML_SETDOCTYPEDECLHANDLER 1
| #define FC_DEFAULT_FONTS "<dir>/fonts</dir>"
| #define FC_ADD_FONTS "yes"
| #define HAVE_STDATOMIC_PRIMITIVES 1
| #define HAVE_INTEL_ATOMIC_PRIMITIVES 1
| /* end confdefs.h.  */
| #include <pthread.h>
|                         static void routine(void *a) { a = 0; }
|                         static void *start_routine(void *a) { return a; }
| int
| main (void)
| {
| pthread_t th; pthread_attr_t attr;
|                         pthread_create(&th, 0, start_routine, 0);
|                         pthread_join(th, 0);
|                         pthread_attr_init(&attr);
|                         pthread_cleanup_push(routine, 0);
|                         pthread_cleanup_pop(0) /* ; */
|   ;
|   return 0;
| }
configure:20036: result: no
configure:19988: checking for the pthreads library -llthread
configure:20026: /home/nathan/secure-exec/registry/native/c/vendor/wasi-sdk/bin/clang -o conftest --target=wasm32-wasip1 --sysroot=/home/nathan/secure-exec/registry/native/c/sysroot -O2 -D_WASI_EMULATED_MMAN -D_WASI_EMULATED_PROCESS_CLOCKS -D_GNU_SOURCE -mllvm -wasm-enable-sjlj -Wno-error=implicit-function-declaration -Wno-error=int-conversion -Wno-int-conversion -I/home/nathan/secure-exec-wasmgui/experiments/wasm-gui/toolchain/compat-include -include /home/nathan/secure-exec-wasmgui/experiments/wasm-gui/toolchain/wasi-compat.h  -Werror --target=wasm32-wasip1 --sysroot=/home/nathan/secure-exec/registry/native/c/sysroot -I/home/nathan/secure-exec-wasmgui/experiments/wasm-gui/third_party/wasm-prefix/include -I/home/nathan/secure-exec-wasmgui/experiments/wasm-gui/toolchain/compat-include -include /home/nathan/secure-exec-wasmgui/experiments/wasm-gui/toolchain/wasi-compat.h --target=wasm32-wasip1 --sysroot=/home/nathan/secure-exec/registry/native/c/sysroot -L/home/nathan/secure-exec-wasmgui/experiments/wasm-gui/third_party/wasm-prefix/lib -L/home/nathan/secure-exec/registry/native/c/vendor/wasi-sdk/share/wasi-sysroot/lib/wasm32-wasip1 -lwasi-emulated-mman -lwasi-emulated-process-clocks conftest.c -llthread  >&5
conftest.c:89:25: error: static assertion failed: This mode of WASI does not have threads enabled; to enable stub functions which always fail, compile with -D_WASI_EMULATED_PTHREAD and link with -lwasi-emulated-pthread
   89 |                         pthread_create(&th, 0, start_routine, 0);
      |                         ^~~~~~~~~~~~~~~~~~~~~~~~~~~~~~~~~~~~~~~~
/home/nathan/secure-exec/registry/native/c/sysroot/include/wasm32-wasip1/pthread.h:92:47: note: expanded from macro 'pthread_create'
   92 | #define pthread_create(...) ({ _Static_assert(0, "This mode of WASI does not have threads enabled; \
      |                                               ^
conftest.c:90:25: error: static assertion failed: This mode of WASI does not have threads enabled; to enable stub functions which always fail, compile with -D_WASI_EMULATED_PTHREAD and link with -lwasi-emulated-pthread
   90 |                         pthread_join(th, 0);
      |                         ^~~~~~~~~~~~~~~~~~~
/home/nathan/secure-exec/registry/native/c/sysroot/include/wasm32-wasip1/pthread.h:98:45: note: expanded from macro 'pthread_join'
   98 | #define pthread_join(...) ({ _Static_assert(0, "This mode of WASI does not have threads enabled; \
      |                                             ^
2 errors generated.
configure:20026: $? = 1
configure: failed program was:
| /* confdefs.h */
| #define PACKAGE_NAME "fontconfig"
| #define PACKAGE_TARNAME "fontconfig"
| #define PACKAGE_VERSION "2.14.2"
| #define PACKAGE_STRING "fontconfig 2.14.2"
| #define PACKAGE_BUGREPORT "https://gitlab.freedesktop.org/fontconfig/fontconfig/issues/new"
| #define PACKAGE_URL ""
| #define PACKAGE "fontconfig"
| #define VERSION "2.14.2"
| #define HAVE_STDIO_H 1
| #define HAVE_STDLIB_H 1
| #define HAVE_STRING_H 1
| #define HAVE_INTTYPES_H 1
| #define HAVE_STDINT_H 1
| #define HAVE_STRINGS_H 1
| #define HAVE_SYS_STAT_H 1
| #define HAVE_SYS_TYPES_H 1
| #define HAVE_UNISTD_H 1
| #define HAVE_WCHAR_H 1
| #define HAVE_SYS_PARAM_H 1
| #define STDC_HEADERS 1
| #define _ALL_SOURCE 1
| #define _DARWIN_C_SOURCE 1
| #define _GNU_SOURCE 1
| #define _HPUX_ALT_XOPEN_SOCKET_API 1
| #define _NETBSD_SOURCE 1
| #define _OPENBSD_SOURCE 1
| #define _POSIX_PTHREAD_SEMANTICS 1
| #define __STDC_WANT_IEC_60559_ATTRIBS_EXT__ 1
| #define __STDC_WANT_IEC_60559_BFP_EXT__ 1
| #define __STDC_WANT_IEC_60559_DFP_EXT__ 1
| #define __STDC_WANT_IEC_60559_FUNCS_EXT__ 1
| #define __STDC_WANT_IEC_60559_TYPES_EXT__ 1
| #define __STDC_WANT_LIB_EXT2__ 1
| #define __STDC_WANT_MATH_SPEC_FUNCS__ 1
| #define _TANDEM_SOURCE 1
| #define __EXTENSIONS__ 1
| #define HAVE_DLFCN_H 1
| #define LT_OBJDIR ".libs/"
| #define GETTEXT_PACKAGE "fontconfig"
| #define HAVE_ICONV 1
| #define HAVE_WARNING_CPP_DIRECTIVE 1
| #define HAVE_DIRENT_H 1
| #define HAVE_DIRENT_H 1
| #define HAVE_FCNTL_H 1
| #define HAVE_STDLIB_H 1
| #define HAVE_STRING_H 1
| #define HAVE_UNISTD_H 1
| #define HAVE_SYS_STATVFS_H 1
| #define HAVE_SYS_PARAM_H 1
| #define FLEXIBLE_ARRAY_MEMBER /**/
| #define HAVE_VPRINTF 1
| #define HAVE_GETPAGESIZE 1
| #define HAVE_LINK 1
| #define HAVE_GETOPT 1
| #define HAVE_GETOPT_LONG 1
| #define HAVE_RAND 1
| #define HAVE_RANDOM 1
| #define HAVE_LRAND48 1
| #define HAVE_RAND_R 1
| #define HAVE_READLINK 1
| #define HAVE_FSTATVFS 1
| #define HAVE_LSTAT 1
| #define HAVE_STRERROR 1
| #define HAVE_STRERROR_R 1
| #define HAVE_POSIX_FADVISE 1
| #define HAVE_STRUCT_STAT_ST_MTIM 1
| #define HAVE_STRUCT_DIRENT_D_TYPE 1
| #define FC_GPERF_SIZE_T size_t
| #define USE_ICONV 0
| #define HAVE_FT_GET_BDF_PROPERTY 1
| #define HAVE_FT_GET_PS_FONT_INFO 1
| #define HAVE_FT_HAS_PS_GLYPH_NAMES 1
| #define HAVE_FT_GET_X11_FONT_FORMAT 1
| #define HAVE_FT_DONE_MM_VAR 1
| #define HAVE_XML_SETDOCTYPEDECLHANDLER 1
| #define FC_DEFAULT_FONTS "<dir>/fonts</dir>"
| #define FC_ADD_FONTS "yes"
| #define HAVE_STDATOMIC_PRIMITIVES 1
| #define HAVE_INTEL_ATOMIC_PRIMITIVES 1
| /* end confdefs.h.  */
| #include <pthread.h>
|                         static void routine(void *a) { a = 0; }
|                         static void *start_routine(void *a) { return a; }
| int
| main (void)
| {
| pthread_t th; pthread_attr_t attr;
|                         pthread_create(&th, 0, start_routine, 0);
|                         pthread_join(th, 0);
|                         pthread_attr_init(&attr);
|                         pthread_cleanup_push(routine, 0);
|                         pthread_cleanup_pop(0) /* ; */
|   ;
|   return 0;
| }
configure:20036: result: no
configure:19933: checking whether pthreads work with -pthread
configure:20026: /home/nathan/secure-exec/registry/native/c/vendor/wasi-sdk/bin/clang -o conftest --target=wasm32-wasip1 --sysroot=/home/nathan/secure-exec/registry/native/c/sysroot -O2 -D_WASI_EMULATED_MMAN -D_WASI_EMULATED_PROCESS_CLOCKS -D_GNU_SOURCE -mllvm -wasm-enable-sjlj -Wno-error=implicit-function-declaration -Wno-error=int-conversion -Wno-int-conversion -I/home/nathan/secure-exec-wasmgui/experiments/wasm-gui/toolchain/compat-include -include /home/nathan/secure-exec-wasmgui/experiments/wasm-gui/toolchain/wasi-compat.h -pthread -Werror --target=wasm32-wasip1 --sysroot=/home/nathan/secure-exec/registry/native/c/sysroot -I/home/nathan/secure-exec-wasmgui/experiments/wasm-gui/third_party/wasm-prefix/include -I/home/nathan/secure-exec-wasmgui/experiments/wasm-gui/toolchain/compat-include -include /home/nathan/secure-exec-wasmgui/experiments/wasm-gui/toolchain/wasi-compat.h --target=wasm32-wasip1 --sysroot=/home/nathan/secure-exec/registry/native/c/sysroot -L/home/nathan/secure-exec-wasmgui/experiments/wasm-gui/third_party/wasm-prefix/lib -L/home/nathan/secure-exec/registry/native/c/vendor/wasi-sdk/share/wasi-sysroot/lib/wasm32-wasip1 -lwasi-emulated-mman -lwasi-emulated-process-clocks conftest.c   >&5
wasm-ld: error: --shared-memory is disallowed by pthread_self.o because it was not compiled with 'atomics' or 'bulk-memory' features.
wasm-ld: error: /tmp/conftest-15b0d5.o: undefined symbol: pthread_create
wasm-ld: error: /tmp/conftest-15b0d5.o: undefined symbol: pthread_join
clang: error: linker command failed with exit code 1 (use -v to see invocation)
configure:20026: $? = 1
configure: failed program was:
| /* confdefs.h */
| #define PACKAGE_NAME "fontconfig"
| #define PACKAGE_TARNAME "fontconfig"
| #define PACKAGE_VERSION "2.14.2"
| #define PACKAGE_STRING "fontconfig 2.14.2"
| #define PACKAGE_BUGREPORT "https://gitlab.freedesktop.org/fontconfig/fontconfig/issues/new"
| #define PACKAGE_URL ""
| #define PACKAGE "fontconfig"
| #define VERSION "2.14.2"
| #define HAVE_STDIO_H 1
| #define HAVE_STDLIB_H 1
| #define HAVE_STRING_H 1
| #define HAVE_INTTYPES_H 1
| #define HAVE_STDINT_H 1
| #define HAVE_STRINGS_H 1
| #define HAVE_SYS_STAT_H 1
| #define HAVE_SYS_TYPES_H 1
| #define HAVE_UNISTD_H 1
| #define HAVE_WCHAR_H 1
| #define HAVE_SYS_PARAM_H 1
| #define STDC_HEADERS 1
| #define _ALL_SOURCE 1
| #define _DARWIN_C_SOURCE 1
| #define _GNU_SOURCE 1
| #define _HPUX_ALT_XOPEN_SOCKET_API 1
| #define _NETBSD_SOURCE 1
| #define _OPENBSD_SOURCE 1
| #define _POSIX_PTHREAD_SEMANTICS 1
| #define __STDC_WANT_IEC_60559_ATTRIBS_EXT__ 1
| #define __STDC_WANT_IEC_60559_BFP_EXT__ 1
| #define __STDC_WANT_IEC_60559_DFP_EXT__ 1
| #define __STDC_WANT_IEC_60559_FUNCS_EXT__ 1
| #define __STDC_WANT_IEC_60559_TYPES_EXT__ 1
| #define __STDC_WANT_LIB_EXT2__ 1
| #define __STDC_WANT_MATH_SPEC_FUNCS__ 1
| #define _TANDEM_SOURCE 1
| #define __EXTENSIONS__ 1
| #define HAVE_DLFCN_H 1
| #define LT_OBJDIR ".libs/"
| #define GETTEXT_PACKAGE "fontconfig"
| #define HAVE_ICONV 1
| #define HAVE_WARNING_CPP_DIRECTIVE 1
| #define HAVE_DIRENT_H 1
| #define HAVE_DIRENT_H 1
| #define HAVE_FCNTL_H 1
| #define HAVE_STDLIB_H 1
| #define HAVE_STRING_H 1
| #define HAVE_UNISTD_H 1
| #define HAVE_SYS_STATVFS_H 1
| #define HAVE_SYS_PARAM_H 1
| #define FLEXIBLE_ARRAY_MEMBER /**/
| #define HAVE_VPRINTF 1
| #define HAVE_GETPAGESIZE 1
| #define HAVE_LINK 1
| #define HAVE_GETOPT 1
| #define HAVE_GETOPT_LONG 1
| #define HAVE_RAND 1
| #define HAVE_RANDOM 1
| #define HAVE_LRAND48 1
| #define HAVE_RAND_R 1
| #define HAVE_READLINK 1
| #define HAVE_FSTATVFS 1
| #define HAVE_LSTAT 1
| #define HAVE_STRERROR 1
| #define HAVE_STRERROR_R 1
| #define HAVE_POSIX_FADVISE 1
| #define HAVE_STRUCT_STAT_ST_MTIM 1
| #define HAVE_STRUCT_DIRENT_D_TYPE 1
| #define FC_GPERF_SIZE_T size_t
| #define USE_ICONV 0
| #define HAVE_FT_GET_BDF_PROPERTY 1
| #define HAVE_FT_GET_PS_FONT_INFO 1
| #define HAVE_FT_HAS_PS_GLYPH_NAMES 1
| #define HAVE_FT_GET_X11_FONT_FORMAT 1
| #define HAVE_FT_DONE_MM_VAR 1
| #define HAVE_XML_SETDOCTYPEDECLHANDLER 1
| #define FC_DEFAULT_FONTS "<dir>/fonts</dir>"
| #define FC_ADD_FONTS "yes"
| #define HAVE_STDATOMIC_PRIMITIVES 1
| #define HAVE_INTEL_ATOMIC_PRIMITIVES 1
| /* end confdefs.h.  */
| #include <pthread.h>
|                         static void routine(void *a) { a = 0; }
|                         static void *start_routine(void *a) { return a; }
| int
| main (void)
| {
| pthread_t th; pthread_attr_t attr;
|                         pthread_create(&th, 0, start_routine, 0);
|                         pthread_join(th, 0);
|                         pthread_attr_init(&attr);
|                         pthread_cleanup_push(routine, 0);
|                         pthread_cleanup_pop(0) /* ; */
|   ;
|   return 0;
| }
configure:20036: result: no
configure:19933: checking whether pthreads work with -pthreads
configure:20026: /home/nathan/secure-exec/registry/native/c/vendor/wasi-sdk/bin/clang -o conftest --target=wasm32-wasip1 --sysroot=/home/nathan/secure-exec/registry/native/c/sysroot -O2 -D_WASI_EMULATED_MMAN -D_WASI_EMULATED_PROCESS_CLOCKS -D_GNU_SOURCE -mllvm -wasm-enable-sjlj -Wno-error=implicit-function-declaration -Wno-error=int-conversion -Wno-int-conversion -I/home/nathan/secure-exec-wasmgui/experiments/wasm-gui/toolchain/compat-include -include /home/nathan/secure-exec-wasmgui/experiments/wasm-gui/toolchain/wasi-compat.h -pthreads -Werror --target=wasm32-wasip1 --sysroot=/home/nathan/secure-exec/registry/native/c/sysroot -I/home/nathan/secure-exec-wasmgui/experiments/wasm-gui/third_party/wasm-prefix/include -I/home/nathan/secure-exec-wasmgui/experiments/wasm-gui/toolchain/compat-include -include /home/nathan/secure-exec-wasmgui/experiments/wasm-gui/toolchain/wasi-compat.h --target=wasm32-wasip1 --sysroot=/home/nathan/secure-exec/registry/native/c/sysroot -L/home/nathan/secure-exec-wasmgui/experiments/wasm-gui/third_party/wasm-prefix/lib -L/home/nathan/secure-exec/registry/native/c/vendor/wasi-sdk/share/wasi-sysroot/lib/wasm32-wasip1 -lwasi-emulated-mman -lwasi-emulated-process-clocks conftest.c   >&5
clang: error: argument unused during compilation: '-pthreads' [-Werror,-Wunused-command-line-argument]
configure:20026: $? = 1
configure: failed program was:
| /* confdefs.h */
| #define PACKAGE_NAME "fontconfig"
| #define PACKAGE_TARNAME "fontconfig"
| #define PACKAGE_VERSION "2.14.2"
| #define PACKAGE_STRING "fontconfig 2.14.2"
| #define PACKAGE_BUGREPORT "https://gitlab.freedesktop.org/fontconfig/fontconfig/issues/new"
| #define PACKAGE_URL ""
| #define PACKAGE "fontconfig"
| #define VERSION "2.14.2"
| #define HAVE_STDIO_H 1
| #define HAVE_STDLIB_H 1
| #define HAVE_STRING_H 1
| #define HAVE_INTTYPES_H 1
| #define HAVE_STDINT_H 1
| #define HAVE_STRINGS_H 1
| #define HAVE_SYS_STAT_H 1
| #define HAVE_SYS_TYPES_H 1
| #define HAVE_UNISTD_H 1
| #define HAVE_WCHAR_H 1
| #define HAVE_SYS_PARAM_H 1
| #define STDC_HEADERS 1
| #define _ALL_SOURCE 1
| #define _DARWIN_C_SOURCE 1
| #define _GNU_SOURCE 1
| #define _HPUX_ALT_XOPEN_SOCKET_API 1
| #define _NETBSD_SOURCE 1
| #define _OPENBSD_SOURCE 1
| #define _POSIX_PTHREAD_SEMANTICS 1
| #define __STDC_WANT_IEC_60559_ATTRIBS_EXT__ 1
| #define __STDC_WANT_IEC_60559_BFP_EXT__ 1
| #define __STDC_WANT_IEC_60559_DFP_EXT__ 1
| #define __STDC_WANT_IEC_60559_FUNCS_EXT__ 1
| #define __STDC_WANT_IEC_60559_TYPES_EXT__ 1
| #define __STDC_WANT_LIB_EXT2__ 1
| #define __STDC_WANT_MATH_SPEC_FUNCS__ 1
| #define _TANDEM_SOURCE 1
| #define __EXTENSIONS__ 1
| #define HAVE_DLFCN_H 1
| #define LT_OBJDIR ".libs/"
| #define GETTEXT_PACKAGE "fontconfig"
| #define HAVE_ICONV 1
| #define HAVE_WARNING_CPP_DIRECTIVE 1
| #define HAVE_DIRENT_H 1
| #define HAVE_DIRENT_H 1
| #define HAVE_FCNTL_H 1
| #define HAVE_STDLIB_H 1
| #define HAVE_STRING_H 1
| #define HAVE_UNISTD_H 1
| #define HAVE_SYS_STATVFS_H 1
| #define HAVE_SYS_PARAM_H 1
| #define FLEXIBLE_ARRAY_MEMBER /**/
| #define HAVE_VPRINTF 1
| #define HAVE_GETPAGESIZE 1
| #define HAVE_LINK 1
| #define HAVE_GETOPT 1
| #define HAVE_GETOPT_LONG 1
| #define HAVE_RAND 1
| #define HAVE_RANDOM 1
| #define HAVE_LRAND48 1
| #define HAVE_RAND_R 1
| #define HAVE_READLINK 1
| #define HAVE_FSTATVFS 1
| #define HAVE_LSTAT 1
| #define HAVE_STRERROR 1
| #define HAVE_STRERROR_R 1
| #define HAVE_POSIX_FADVISE 1
| #define HAVE_STRUCT_STAT_ST_MTIM 1
| #define HAVE_STRUCT_DIRENT_D_TYPE 1
| #define FC_GPERF_SIZE_T size_t
| #define USE_ICONV 0
| #define HAVE_FT_GET_BDF_PROPERTY 1
| #define HAVE_FT_GET_PS_FONT_INFO 1
| #define HAVE_FT_HAS_PS_GLYPH_NAMES 1
| #define HAVE_FT_GET_X11_FONT_FORMAT 1
| #define HAVE_FT_DONE_MM_VAR 1
| #define HAVE_XML_SETDOCTYPEDECLHANDLER 1
| #define FC_DEFAULT_FONTS "<dir>/fonts</dir>"
| #define FC_ADD_FONTS "yes"
| #define HAVE_STDATOMIC_PRIMITIVES 1
| #define HAVE_INTEL_ATOMIC_PRIMITIVES 1
| /* end confdefs.h.  */
| #include <pthread.h>
|                         static void routine(void *a) { a = 0; }
|                         static void *start_routine(void *a) { return a; }
| int
| main (void)
| {
| pthread_t th; pthread_attr_t attr;
|                         pthread_create(&th, 0, start_routine, 0);
|                         pthread_join(th, 0);
|                         pthread_attr_init(&attr);
|                         pthread_cleanup_push(routine, 0);
|                         pthread_cleanup_pop(0) /* ; */
|   ;
|   return 0;
| }
configure:20036: result: no
configure:19933: checking whether pthreads work with -mthreads
configure:20026: /home/nathan/secure-exec/registry/native/c/vendor/wasi-sdk/bin/clang -o conftest --target=wasm32-wasip1 --sysroot=/home/nathan/secure-exec/registry/native/c/sysroot -O2 -D_WASI_EMULATED_MMAN -D_WASI_EMULATED_PROCESS_CLOCKS -D_GNU_SOURCE -mllvm -wasm-enable-sjlj -Wno-error=implicit-function-declaration -Wno-error=int-conversion -Wno-int-conversion -I/home/nathan/secure-exec-wasmgui/experiments/wasm-gui/toolchain/compat-include -include /home/nathan/secure-exec-wasmgui/experiments/wasm-gui/toolchain/wasi-compat.h -mthreads -Werror --target=wasm32-wasip1 --sysroot=/home/nathan/secure-exec/registry/native/c/sysroot -I/home/nathan/secure-exec-wasmgui/experiments/wasm-gui/third_party/wasm-prefix/include -I/home/nathan/secure-exec-wasmgui/experiments/wasm-gui/toolchain/compat-include -include /home/nathan/secure-exec-wasmgui/experiments/wasm-gui/toolchain/wasi-compat.h --target=wasm32-wasip1 --sysroot=/home/nathan/secure-exec/registry/native/c/sysroot -L/home/nathan/secure-exec-wasmgui/experiments/wasm-gui/third_party/wasm-prefix/lib -L/home/nathan/secure-exec/registry/native/c/vendor/wasi-sdk/share/wasi-sysroot/lib/wasm32-wasip1 -lwasi-emulated-mman -lwasi-emulated-process-clocks conftest.c   >&5
clang: error: unsupported option '-mthreads' for target 'wasm32-wasip1'
configure:20026: $? = 1
configure: failed program was:
| /* confdefs.h */
| #define PACKAGE_NAME "fontconfig"
| #define PACKAGE_TARNAME "fontconfig"
| #define PACKAGE_VERSION "2.14.2"
| #define PACKAGE_STRING "fontconfig 2.14.2"
| #define PACKAGE_BUGREPORT "https://gitlab.freedesktop.org/fontconfig/fontconfig/issues/new"
| #define PACKAGE_URL ""
| #define PACKAGE "fontconfig"
| #define VERSION "2.14.2"
| #define HAVE_STDIO_H 1
| #define HAVE_STDLIB_H 1
| #define HAVE_STRING_H 1
| #define HAVE_INTTYPES_H 1
| #define HAVE_STDINT_H 1
| #define HAVE_STRINGS_H 1
| #define HAVE_SYS_STAT_H 1
| #define HAVE_SYS_TYPES_H 1
| #define HAVE_UNISTD_H 1
| #define HAVE_WCHAR_H 1
| #define HAVE_SYS_PARAM_H 1
| #define STDC_HEADERS 1
| #define _ALL_SOURCE 1
| #define _DARWIN_C_SOURCE 1
| #define _GNU_SOURCE 1
| #define _HPUX_ALT_XOPEN_SOCKET_API 1
| #define _NETBSD_SOURCE 1
| #define _OPENBSD_SOURCE 1
| #define _POSIX_PTHREAD_SEMANTICS 1
| #define __STDC_WANT_IEC_60559_ATTRIBS_EXT__ 1
| #define __STDC_WANT_IEC_60559_BFP_EXT__ 1
| #define __STDC_WANT_IEC_60559_DFP_EXT__ 1
| #define __STDC_WANT_IEC_60559_FUNCS_EXT__ 1
| #define __STDC_WANT_IEC_60559_TYPES_EXT__ 1
| #define __STDC_WANT_LIB_EXT2__ 1
| #define __STDC_WANT_MATH_SPEC_FUNCS__ 1
| #define _TANDEM_SOURCE 1
| #define __EXTENSIONS__ 1
| #define HAVE_DLFCN_H 1
| #define LT_OBJDIR ".libs/"
| #define GETTEXT_PACKAGE "fontconfig"
| #define HAVE_ICONV 1
| #define HAVE_WARNING_CPP_DIRECTIVE 1
| #define HAVE_DIRENT_H 1
| #define HAVE_DIRENT_H 1
| #define HAVE_FCNTL_H 1
| #define HAVE_STDLIB_H 1
| #define HAVE_STRING_H 1
| #define HAVE_UNISTD_H 1
| #define HAVE_SYS_STATVFS_H 1
| #define HAVE_SYS_PARAM_H 1
| #define FLEXIBLE_ARRAY_MEMBER /**/
| #define HAVE_VPRINTF 1
| #define HAVE_GETPAGESIZE 1
| #define HAVE_LINK 1
| #define HAVE_GETOPT 1
| #define HAVE_GETOPT_LONG 1
| #define HAVE_RAND 1
| #define HAVE_RANDOM 1
| #define HAVE_LRAND48 1
| #define HAVE_RAND_R 1
| #define HAVE_READLINK 1
| #define HAVE_FSTATVFS 1
| #define HAVE_LSTAT 1
| #define HAVE_STRERROR 1
| #define HAVE_STRERROR_R 1
| #define HAVE_POSIX_FADVISE 1
| #define HAVE_STRUCT_STAT_ST_MTIM 1
| #define HAVE_STRUCT_DIRENT_D_TYPE 1
| #define FC_GPERF_SIZE_T size_t
| #define USE_ICONV 0
| #define HAVE_FT_GET_BDF_PROPERTY 1
| #define HAVE_FT_GET_PS_FONT_INFO 1
| #define HAVE_FT_HAS_PS_GLYPH_NAMES 1
| #define HAVE_FT_GET_X11_FONT_FORMAT 1
| #define HAVE_FT_DONE_MM_VAR 1
| #define HAVE_XML_SETDOCTYPEDECLHANDLER 1
| #define FC_DEFAULT_FONTS "<dir>/fonts</dir>"
| #define FC_ADD_FONTS "yes"
| #define HAVE_STDATOMIC_PRIMITIVES 1
| #define HAVE_INTEL_ATOMIC_PRIMITIVES 1
| /* end confdefs.h.  */
| #include <pthread.h>
|                         static void routine(void *a) { a = 0; }
|                         static void *start_routine(void *a) { return a; }
| int
| main (void)
| {
| pthread_t th; pthread_attr_t attr;
|                         pthread_create(&th, 0, start_routine, 0);
|                         pthread_join(th, 0);
|                         pthread_attr_init(&attr);
|                         pthread_cleanup_push(routine, 0);
|                         pthread_cleanup_pop(0) /* ; */
|   ;
|   return 0;
| }
configure:20036: result: no
configure:19988: checking for the pthreads library -lpthread
configure:20026: /home/nathan/secure-exec/registry/native/c/vendor/wasi-sdk/bin/clang -o conftest --target=wasm32-wasip1 --sysroot=/home/nathan/secure-exec/registry/native/c/sysroot -O2 -D_WASI_EMULATED_MMAN -D_WASI_EMULATED_PROCESS_CLOCKS -D_GNU_SOURCE -mllvm -wasm-enable-sjlj -Wno-error=implicit-function-declaration -Wno-error=int-conversion -Wno-int-conversion -I/home/nathan/secure-exec-wasmgui/experiments/wasm-gui/toolchain/compat-include -include /home/nathan/secure-exec-wasmgui/experiments/wasm-gui/toolchain/wasi-compat.h  -Werror --target=wasm32-wasip1 --sysroot=/home/nathan/secure-exec/registry/native/c/sysroot -I/home/nathan/secure-exec-wasmgui/experiments/wasm-gui/third_party/wasm-prefix/include -I/home/nathan/secure-exec-wasmgui/experiments/wasm-gui/toolchain/compat-include -include /home/nathan/secure-exec-wasmgui/experiments/wasm-gui/toolchain/wasi-compat.h --target=wasm32-wasip1 --sysroot=/home/nathan/secure-exec/registry/native/c/sysroot -L/home/nathan/secure-exec-wasmgui/experiments/wasm-gui/third_party/wasm-prefix/lib -L/home/nathan/secure-exec/registry/native/c/vendor/wasi-sdk/share/wasi-sysroot/lib/wasm32-wasip1 -lwasi-emulated-mman -lwasi-emulated-process-clocks conftest.c -lpthread  >&5
conftest.c:89:25: error: static assertion failed: This mode of WASI does not have threads enabled; to enable stub functions which always fail, compile with -D_WASI_EMULATED_PTHREAD and link with -lwasi-emulated-pthread
   89 |                         pthread_create(&th, 0, start_routine, 0);
      |                         ^~~~~~~~~~~~~~~~~~~~~~~~~~~~~~~~~~~~~~~~
/home/nathan/secure-exec/registry/native/c/sysroot/include/wasm32-wasip1/pthread.h:92:47: note: expanded from macro 'pthread_create'
   92 | #define pthread_create(...) ({ _Static_assert(0, "This mode of WASI does not have threads enabled; \
      |                                               ^
conftest.c:90:25: error: static assertion failed: This mode of WASI does not have threads enabled; to enable stub functions which always fail, compile with -D_WASI_EMULATED_PTHREAD and link with -lwasi-emulated-pthread
   90 |                         pthread_join(th, 0);
      |                         ^~~~~~~~~~~~~~~~~~~
/home/nathan/secure-exec/registry/native/c/sysroot/include/wasm32-wasip1/pthread.h:98:45: note: expanded from macro 'pthread_join'
   98 | #define pthread_join(...) ({ _Static_assert(0, "This mode of WASI does not have threads enabled; \
      |                                             ^
2 errors generated.
configure:20026: $? = 1
configure: failed program was:
| /* confdefs.h */
| #define PACKAGE_NAME "fontconfig"
| #define PACKAGE_TARNAME "fontconfig"
| #define PACKAGE_VERSION "2.14.2"
| #define PACKAGE_STRING "fontconfig 2.14.2"
| #define PACKAGE_BUGREPORT "https://gitlab.freedesktop.org/fontconfig/fontconfig/issues/new"
| #define PACKAGE_URL ""
| #define PACKAGE "fontconfig"
| #define VERSION "2.14.2"
| #define HAVE_STDIO_H 1
| #define HAVE_STDLIB_H 1
| #define HAVE_STRING_H 1
| #define HAVE_INTTYPES_H 1
| #define HAVE_STDINT_H 1
| #define HAVE_STRINGS_H 1
| #define HAVE_SYS_STAT_H 1
| #define HAVE_SYS_TYPES_H 1
| #define HAVE_UNISTD_H 1
| #define HAVE_WCHAR_H 1
| #define HAVE_SYS_PARAM_H 1
| #define STDC_HEADERS 1
| #define _ALL_SOURCE 1
| #define _DARWIN_C_SOURCE 1
| #define _GNU_SOURCE 1
| #define _HPUX_ALT_XOPEN_SOCKET_API 1
| #define _NETBSD_SOURCE 1
| #define _OPENBSD_SOURCE 1
| #define _POSIX_PTHREAD_SEMANTICS 1
| #define __STDC_WANT_IEC_60559_ATTRIBS_EXT__ 1
| #define __STDC_WANT_IEC_60559_BFP_EXT__ 1
| #define __STDC_WANT_IEC_60559_DFP_EXT__ 1
| #define __STDC_WANT_IEC_60559_FUNCS_EXT__ 1
| #define __STDC_WANT_IEC_60559_TYPES_EXT__ 1
| #define __STDC_WANT_LIB_EXT2__ 1
| #define __STDC_WANT_MATH_SPEC_FUNCS__ 1
| #define _TANDEM_SOURCE 1
| #define __EXTENSIONS__ 1
| #define HAVE_DLFCN_H 1
| #define LT_OBJDIR ".libs/"
| #define GETTEXT_PACKAGE "fontconfig"
| #define HAVE_ICONV 1
| #define HAVE_WARNING_CPP_DIRECTIVE 1
| #define HAVE_DIRENT_H 1
| #define HAVE_DIRENT_H 1
| #define HAVE_FCNTL_H 1
| #define HAVE_STDLIB_H 1
| #define HAVE_STRING_H 1
| #define HAVE_UNISTD_H 1
| #define HAVE_SYS_STATVFS_H 1
| #define HAVE_SYS_PARAM_H 1
| #define FLEXIBLE_ARRAY_MEMBER /**/
| #define HAVE_VPRINTF 1
| #define HAVE_GETPAGESIZE 1
| #define HAVE_LINK 1
| #define HAVE_GETOPT 1
| #define HAVE_GETOPT_LONG 1
| #define HAVE_RAND 1
| #define HAVE_RANDOM 1
| #define HAVE_LRAND48 1
| #define HAVE_RAND_R 1
| #define HAVE_READLINK 1
| #define HAVE_FSTATVFS 1
| #define HAVE_LSTAT 1
| #define HAVE_STRERROR 1
| #define HAVE_STRERROR_R 1
| #define HAVE_POSIX_FADVISE 1
| #define HAVE_STRUCT_STAT_ST_MTIM 1
| #define HAVE_STRUCT_DIRENT_D_TYPE 1
| #define FC_GPERF_SIZE_T size_t
| #define USE_ICONV 0
| #define HAVE_FT_GET_BDF_PROPERTY 1
| #define HAVE_FT_GET_PS_FONT_INFO 1
| #define HAVE_FT_HAS_PS_GLYPH_NAMES 1
| #define HAVE_FT_GET_X11_FONT_FORMAT 1
| #define HAVE_FT_DONE_MM_VAR 1
| #define HAVE_XML_SETDOCTYPEDECLHANDLER 1
| #define FC_DEFAULT_FONTS "<dir>/fonts</dir>"
| #define FC_ADD_FONTS "yes"
| #define HAVE_STDATOMIC_PRIMITIVES 1
| #define HAVE_INTEL_ATOMIC_PRIMITIVES 1
| /* end confdefs.h.  */
| #include <pthread.h>
|                         static void routine(void *a) { a = 0; }
|                         static void *start_routine(void *a) { return a; }
| int
| main (void)
| {
| pthread_t th; pthread_attr_t attr;
|                         pthread_create(&th, 0, start_routine, 0);
|                         pthread_join(th, 0);
|                         pthread_attr_init(&attr);
|                         pthread_cleanup_push(routine, 0);
|                         pthread_cleanup_pop(0) /* ; */
|   ;
|   return 0;
| }
configure:20036: result: no
configure:19933: checking whether pthreads work with --thread-safe
configure:20026: /home/nathan/secure-exec/registry/native/c/vendor/wasi-sdk/bin/clang -o conftest --target=wasm32-wasip1 --sysroot=/home/nathan/secure-exec/registry/native/c/sysroot -O2 -D_WASI_EMULATED_MMAN -D_WASI_EMULATED_PROCESS_CLOCKS -D_GNU_SOURCE -mllvm -wasm-enable-sjlj -Wno-error=implicit-function-declaration -Wno-error=int-conversion -Wno-int-conversion -I/home/nathan/secure-exec-wasmgui/experiments/wasm-gui/toolchain/compat-include -include /home/nathan/secure-exec-wasmgui/experiments/wasm-gui/toolchain/wasi-compat.h --thread-safe -Werror --target=wasm32-wasip1 --sysroot=/home/nathan/secure-exec/registry/native/c/sysroot -I/home/nathan/secure-exec-wasmgui/experiments/wasm-gui/third_party/wasm-prefix/include -I/home/nathan/secure-exec-wasmgui/experiments/wasm-gui/toolchain/compat-include -include /home/nathan/secure-exec-wasmgui/experiments/wasm-gui/toolchain/wasi-compat.h --target=wasm32-wasip1 --sysroot=/home/nathan/secure-exec/registry/native/c/sysroot -L/home/nathan/secure-exec-wasmgui/experiments/wasm-gui/third_party/wasm-prefix/lib -L/home/nathan/secure-exec/registry/native/c/vendor/wasi-sdk/share/wasi-sysroot/lib/wasm32-wasip1 -lwasi-emulated-mman -lwasi-emulated-process-clocks conftest.c   >&5
clang: error: unknown argument: '--thread-safe'
configure:20026: $? = 1
configure: failed program was:
| /* confdefs.h */
| #define PACKAGE_NAME "fontconfig"
| #define PACKAGE_TARNAME "fontconfig"
| #define PACKAGE_VERSION "2.14.2"
| #define PACKAGE_STRING "fontconfig 2.14.2"
| #define PACKAGE_BUGREPORT "https://gitlab.freedesktop.org/fontconfig/fontconfig/issues/new"
| #define PACKAGE_URL ""
| #define PACKAGE "fontconfig"
| #define VERSION "2.14.2"
| #define HAVE_STDIO_H 1
| #define HAVE_STDLIB_H 1
| #define HAVE_STRING_H 1
| #define HAVE_INTTYPES_H 1
| #define HAVE_STDINT_H 1
| #define HAVE_STRINGS_H 1
| #define HAVE_SYS_STAT_H 1
| #define HAVE_SYS_TYPES_H 1
| #define HAVE_UNISTD_H 1
| #define HAVE_WCHAR_H 1
| #define HAVE_SYS_PARAM_H 1
| #define STDC_HEADERS 1
| #define _ALL_SOURCE 1
| #define _DARWIN_C_SOURCE 1
| #define _GNU_SOURCE 1
| #define _HPUX_ALT_XOPEN_SOCKET_API 1
| #define _NETBSD_SOURCE 1
| #define _OPENBSD_SOURCE 1
| #define _POSIX_PTHREAD_SEMANTICS 1
| #define __STDC_WANT_IEC_60559_ATTRIBS_EXT__ 1
| #define __STDC_WANT_IEC_60559_BFP_EXT__ 1
| #define __STDC_WANT_IEC_60559_DFP_EXT__ 1
| #define __STDC_WANT_IEC_60559_FUNCS_EXT__ 1
| #define __STDC_WANT_IEC_60559_TYPES_EXT__ 1
| #define __STDC_WANT_LIB_EXT2__ 1
| #define __STDC_WANT_MATH_SPEC_FUNCS__ 1
| #define _TANDEM_SOURCE 1
| #define __EXTENSIONS__ 1
| #define HAVE_DLFCN_H 1
| #define LT_OBJDIR ".libs/"
| #define GETTEXT_PACKAGE "fontconfig"
| #define HAVE_ICONV 1
| #define HAVE_WARNING_CPP_DIRECTIVE 1
| #define HAVE_DIRENT_H 1
| #define HAVE_DIRENT_H 1
| #define HAVE_FCNTL_H 1
| #define HAVE_STDLIB_H 1
| #define HAVE_STRING_H 1
| #define HAVE_UNISTD_H 1
| #define HAVE_SYS_STATVFS_H 1
| #define HAVE_SYS_PARAM_H 1
| #define FLEXIBLE_ARRAY_MEMBER /**/
| #define HAVE_VPRINTF 1
| #define HAVE_GETPAGESIZE 1
| #define HAVE_LINK 1
| #define HAVE_GETOPT 1
| #define HAVE_GETOPT_LONG 1
| #define HAVE_RAND 1
| #define HAVE_RANDOM 1
| #define HAVE_LRAND48 1
| #define HAVE_RAND_R 1
| #define HAVE_READLINK 1
| #define HAVE_FSTATVFS 1
| #define HAVE_LSTAT 1
| #define HAVE_STRERROR 1
| #define HAVE_STRERROR_R 1
| #define HAVE_POSIX_FADVISE 1
| #define HAVE_STRUCT_STAT_ST_MTIM 1
| #define HAVE_STRUCT_DIRENT_D_TYPE 1
| #define FC_GPERF_SIZE_T size_t
| #define USE_ICONV 0
| #define HAVE_FT_GET_BDF_PROPERTY 1
| #define HAVE_FT_GET_PS_FONT_INFO 1
| #define HAVE_FT_HAS_PS_GLYPH_NAMES 1
| #define HAVE_FT_GET_X11_FONT_FORMAT 1
| #define HAVE_FT_DONE_MM_VAR 1
| #define HAVE_XML_SETDOCTYPEDECLHANDLER 1
| #define FC_DEFAULT_FONTS "<dir>/fonts</dir>"
| #define FC_ADD_FONTS "yes"
| #define HAVE_STDATOMIC_PRIMITIVES 1
| #define HAVE_INTEL_ATOMIC_PRIMITIVES 1
| /* end confdefs.h.  */
| #include <pthread.h>
|                         static void routine(void *a) { a = 0; }
|                         static void *start_routine(void *a) { return a; }
| int
| main (void)
| {
| pthread_t th; pthread_attr_t attr;
|                         pthread_create(&th, 0, start_routine, 0);
|                         pthread_join(th, 0);
|                         pthread_attr_init(&attr);
|                         pthread_cleanup_push(routine, 0);
|                         pthread_cleanup_pop(0) /* ; */
|   ;
|   return 0;
| }
configure:20036: result: no
configure:19933: checking whether pthreads work with -mt
configure:20026: /home/nathan/secure-exec/registry/native/c/vendor/wasi-sdk/bin/clang -o conftest --target=wasm32-wasip1 --sysroot=/home/nathan/secure-exec/registry/native/c/sysroot -O2 -D_WASI_EMULATED_MMAN -D_WASI_EMULATED_PROCESS_CLOCKS -D_GNU_SOURCE -mllvm -wasm-enable-sjlj -Wno-error=implicit-function-declaration -Wno-error=int-conversion -Wno-int-conversion -I/home/nathan/secure-exec-wasmgui/experiments/wasm-gui/toolchain/compat-include -include /home/nathan/secure-exec-wasmgui/experiments/wasm-gui/toolchain/wasi-compat.h -mt -Werror --target=wasm32-wasip1 --sysroot=/home/nathan/secure-exec/registry/native/c/sysroot -I/home/nathan/secure-exec-wasmgui/experiments/wasm-gui/third_party/wasm-prefix/include -I/home/nathan/secure-exec-wasmgui/experiments/wasm-gui/toolchain/compat-include -include /home/nathan/secure-exec-wasmgui/experiments/wasm-gui/toolchain/wasi-compat.h --target=wasm32-wasip1 --sysroot=/home/nathan/secure-exec/registry/native/c/sysroot -L/home/nathan/secure-exec-wasmgui/experiments/wasm-gui/third_party/wasm-prefix/lib -L/home/nathan/secure-exec/registry/native/c/vendor/wasi-sdk/share/wasi-sysroot/lib/wasm32-wasip1 -lwasi-emulated-mman -lwasi-emulated-process-clocks conftest.c   >&5
clang: error: unknown argument: '-mt'
configure:20026: $? = 1
configure: failed program was:
| /* confdefs.h */
| #define PACKAGE_NAME "fontconfig"
| #define PACKAGE_TARNAME "fontconfig"
| #define PACKAGE_VERSION "2.14.2"
| #define PACKAGE_STRING "fontconfig 2.14.2"
| #define PACKAGE_BUGREPORT "https://gitlab.freedesktop.org/fontconfig/fontconfig/issues/new"
| #define PACKAGE_URL ""
| #define PACKAGE "fontconfig"
| #define VERSION "2.14.2"
| #define HAVE_STDIO_H 1
| #define HAVE_STDLIB_H 1
| #define HAVE_STRING_H 1
| #define HAVE_INTTYPES_H 1
| #define HAVE_STDINT_H 1
| #define HAVE_STRINGS_H 1
| #define HAVE_SYS_STAT_H 1
| #define HAVE_SYS_TYPES_H 1
| #define HAVE_UNISTD_H 1
| #define HAVE_WCHAR_H 1
| #define HAVE_SYS_PARAM_H 1
| #define STDC_HEADERS 1
| #define _ALL_SOURCE 1
| #define _DARWIN_C_SOURCE 1
| #define _GNU_SOURCE 1
| #define _HPUX_ALT_XOPEN_SOCKET_API 1
| #define _NETBSD_SOURCE 1
| #define _OPENBSD_SOURCE 1
| #define _POSIX_PTHREAD_SEMANTICS 1
| #define __STDC_WANT_IEC_60559_ATTRIBS_EXT__ 1
| #define __STDC_WANT_IEC_60559_BFP_EXT__ 1
| #define __STDC_WANT_IEC_60559_DFP_EXT__ 1
| #define __STDC_WANT_IEC_60559_FUNCS_EXT__ 1
| #define __STDC_WANT_IEC_60559_TYPES_EXT__ 1
| #define __STDC_WANT_LIB_EXT2__ 1
| #define __STDC_WANT_MATH_SPEC_FUNCS__ 1
| #define _TANDEM_SOURCE 1
| #define __EXTENSIONS__ 1
| #define HAVE_DLFCN_H 1
| #define LT_OBJDIR ".libs/"
| #define GETTEXT_PACKAGE "fontconfig"
| #define HAVE_ICONV 1
| #define HAVE_WARNING_CPP_DIRECTIVE 1
| #define HAVE_DIRENT_H 1
| #define HAVE_DIRENT_H 1
| #define HAVE_FCNTL_H 1
| #define HAVE_STDLIB_H 1
| #define HAVE_STRING_H 1
| #define HAVE_UNISTD_H 1
| #define HAVE_SYS_STATVFS_H 1
| #define HAVE_SYS_PARAM_H 1
| #define FLEXIBLE_ARRAY_MEMBER /**/
| #define HAVE_VPRINTF 1
| #define HAVE_GETPAGESIZE 1
| #define HAVE_LINK 1
| #define HAVE_GETOPT 1
| #define HAVE_GETOPT_LONG 1
| #define HAVE_RAND 1
| #define HAVE_RANDOM 1
| #define HAVE_LRAND48 1
| #define HAVE_RAND_R 1
| #define HAVE_READLINK 1
| #define HAVE_FSTATVFS 1
| #define HAVE_LSTAT 1
| #define HAVE_STRERROR 1
| #define HAVE_STRERROR_R 1
| #define HAVE_POSIX_FADVISE 1
| #define HAVE_STRUCT_STAT_ST_MTIM 1
| #define HAVE_STRUCT_DIRENT_D_TYPE 1
| #define FC_GPERF_SIZE_T size_t
| #define USE_ICONV 0
| #define HAVE_FT_GET_BDF_PROPERTY 1
| #define HAVE_FT_GET_PS_FONT_INFO 1
| #define HAVE_FT_HAS_PS_GLYPH_NAMES 1
| #define HAVE_FT_GET_X11_FONT_FORMAT 1
| #define HAVE_FT_DONE_MM_VAR 1
| #define HAVE_XML_SETDOCTYPEDECLHANDLER 1
| #define FC_DEFAULT_FONTS "<dir>/fonts</dir>"
| #define FC_ADD_FONTS "yes"
| #define HAVE_STDATOMIC_PRIMITIVES 1
| #define HAVE_INTEL_ATOMIC_PRIMITIVES 1
| /* end confdefs.h.  */
| #include <pthread.h>
|                         static void routine(void *a) { a = 0; }
|                         static void *start_routine(void *a) { return a; }
| int
| main (void)
| {
| pthread_t th; pthread_attr_t attr;
|                         pthread_create(&th, 0, start_routine, 0);
|                         pthread_join(th, 0);
|                         pthread_attr_init(&attr);
|                         pthread_cleanup_push(routine, 0);
|                         pthread_cleanup_pop(0) /* ; */
|   ;
|   return 0;
| }
configure:20036: result: no
configure:19941: checking for pthread-config
configure:19974: result: no
configure:20272: checking for docbook2html
configure:20305: result: no
configure:20391: checking whether byte ordering is bigendian
configure:20407: /home/nathan/secure-exec/registry/native/c/vendor/wasi-sdk/bin/clang -c --target=wasm32-wasip1 --sysroot=/home/nathan/secure-exec/registry/native/c/sysroot -O2 -D_WASI_EMULATED_MMAN -D_WASI_EMULATED_PROCESS_CLOCKS -D_GNU_SOURCE -mllvm -wasm-enable-sjlj -Wno-error=implicit-function-declaration -Wno-error=int-conversion -Wno-int-conversion -I/home/nathan/secure-exec-wasmgui/experiments/wasm-gui/toolchain/compat-include -include /home/nathan/secure-exec-wasmgui/experiments/wasm-gui/toolchain/wasi-compat.h --target=wasm32-wasip1 --sysroot=/home/nathan/secure-exec/registry/native/c/sysroot -I/home/nathan/secure-exec-wasmgui/experiments/wasm-gui/third_party/wasm-prefix/include -I/home/nathan/secure-exec-wasmgui/experiments/wasm-gui/toolchain/compat-include -include /home/nathan/secure-exec-wasmgui/experiments/wasm-gui/toolchain/wasi-compat.h conftest.c >&5
conftest.c:83:9: error: unknown type name 'not'
   83 |                not a universal capable compiler
      |                ^
conftest.c:83:14: error: expected ';' after top level declarator
   83 |                not a universal capable compiler
      |                     ^
      |                     ;
2 errors generated.
configure:20407: $? = 1
configure: failed program was:
| /* confdefs.h */
| #define PACKAGE_NAME "fontconfig"
| #define PACKAGE_TARNAME "fontconfig"
| #define PACKAGE_VERSION "2.14.2"
| #define PACKAGE_STRING "fontconfig 2.14.2"
| #define PACKAGE_BUGREPORT "https://gitlab.freedesktop.org/fontconfig/fontconfig/issues/new"
| #define PACKAGE_URL ""
| #define PACKAGE "fontconfig"
| #define VERSION "2.14.2"
| #define HAVE_STDIO_H 1
| #define HAVE_STDLIB_H 1
| #define HAVE_STRING_H 1
| #define HAVE_INTTYPES_H 1
| #define HAVE_STDINT_H 1
| #define HAVE_STRINGS_H 1
| #define HAVE_SYS_STAT_H 1
| #define HAVE_SYS_TYPES_H 1
| #define HAVE_UNISTD_H 1
| #define HAVE_WCHAR_H 1
| #define HAVE_SYS_PARAM_H 1
| #define STDC_HEADERS 1
| #define _ALL_SOURCE 1
| #define _DARWIN_C_SOURCE 1
| #define _GNU_SOURCE 1
| #define _HPUX_ALT_XOPEN_SOCKET_API 1
| #define _NETBSD_SOURCE 1
| #define _OPENBSD_SOURCE 1
| #define _POSIX_PTHREAD_SEMANTICS 1
| #define __STDC_WANT_IEC_60559_ATTRIBS_EXT__ 1
| #define __STDC_WANT_IEC_60559_BFP_EXT__ 1
| #define __STDC_WANT_IEC_60559_DFP_EXT__ 1
| #define __STDC_WANT_IEC_60559_FUNCS_EXT__ 1
| #define __STDC_WANT_IEC_60559_TYPES_EXT__ 1
| #define __STDC_WANT_LIB_EXT2__ 1
| #define __STDC_WANT_MATH_SPEC_FUNCS__ 1
| #define _TANDEM_SOURCE 1
| #define __EXTENSIONS__ 1
| #define HAVE_DLFCN_H 1
| #define LT_OBJDIR ".libs/"
| #define GETTEXT_PACKAGE "fontconfig"
| #define HAVE_ICONV 1
| #define HAVE_WARNING_CPP_DIRECTIVE 1
| #define HAVE_DIRENT_H 1
| #define HAVE_DIRENT_H 1
| #define HAVE_FCNTL_H 1
| #define HAVE_STDLIB_H 1
| #define HAVE_STRING_H 1
| #define HAVE_UNISTD_H 1
| #define HAVE_SYS_STATVFS_H 1
| #define HAVE_SYS_PARAM_H 1
| #define FLEXIBLE_ARRAY_MEMBER /**/
| #define HAVE_VPRINTF 1
| #define HAVE_GETPAGESIZE 1
| #define HAVE_LINK 1
| #define HAVE_GETOPT 1
| #define HAVE_GETOPT_LONG 1
| #define HAVE_RAND 1
| #define HAVE_RANDOM 1
| #define HAVE_LRAND48 1
| #define HAVE_RAND_R 1
| #define HAVE_READLINK 1
| #define HAVE_FSTATVFS 1
| #define HAVE_LSTAT 1
| #define HAVE_STRERROR 1
| #define HAVE_STRERROR_R 1
| #define HAVE_POSIX_FADVISE 1
| #define HAVE_STRUCT_STAT_ST_MTIM 1
| #define HAVE_STRUCT_DIRENT_D_TYPE 1
| #define FC_GPERF_SIZE_T size_t
| #define USE_ICONV 0
| #define HAVE_FT_GET_BDF_PROPERTY 1
| #define HAVE_FT_GET_PS_FONT_INFO 1
| #define HAVE_FT_HAS_PS_GLYPH_NAMES 1
| #define HAVE_FT_GET_X11_FONT_FORMAT 1
| #define HAVE_FT_DONE_MM_VAR 1
| #define HAVE_XML_SETDOCTYPEDECLHANDLER 1
| #define FC_DEFAULT_FONTS "<dir>/fonts</dir>"
| #define FC_ADD_FONTS "yes"
| #define HAVE_STDATOMIC_PRIMITIVES 1
| #define HAVE_INTEL_ATOMIC_PRIMITIVES 1
| /* end confdefs.h.  */
| #ifndef __APPLE_CC__
| 	       not a universal capable compiler
| 	     #endif
| 	     typedef int dummy;
| 
configure:20453: /home/nathan/secure-exec/registry/native/c/vendor/wasi-sdk/bin/clang -c --target=wasm32-wasip1 --sysroot=/home/nathan/secure-exec/registry/native/c/sysroot -O2 -D_WASI_EMULATED_MMAN -D_WASI_EMULATED_PROCESS_CLOCKS -D_GNU_SOURCE -mllvm -wasm-enable-sjlj -Wno-error=implicit-function-declaration -Wno-error=int-conversion -Wno-int-conversion -I/home/nathan/secure-exec-wasmgui/experiments/wasm-gui/toolchain/compat-include -include /home/nathan/secure-exec-wasmgui/experiments/wasm-gui/toolchain/wasi-compat.h --target=wasm32-wasip1 --sysroot=/home/nathan/secure-exec/registry/native/c/sysroot -I/home/nathan/secure-exec-wasmgui/experiments/wasm-gui/third_party/wasm-prefix/include -I/home/nathan/secure-exec-wasmgui/experiments/wasm-gui/toolchain/compat-include -include /home/nathan/secure-exec-wasmgui/experiments/wasm-gui/toolchain/wasi-compat.h conftest.c >&5
configure:20453: $? = 0
configure:20472: /home/nathan/secure-exec/registry/native/c/vendor/wasi-sdk/bin/clang -c --target=wasm32-wasip1 --sysroot=/home/nathan/secure-exec/registry/native/c/sysroot -O2 -D_WASI_EMULATED_MMAN -D_WASI_EMULATED_PROCESS_CLOCKS -D_GNU_SOURCE -mllvm -wasm-enable-sjlj -Wno-error=implicit-function-declaration -Wno-error=int-conversion -Wno-int-conversion -I/home/nathan/secure-exec-wasmgui/experiments/wasm-gui/toolchain/compat-include -include /home/nathan/secure-exec-wasmgui/experiments/wasm-gui/toolchain/wasi-compat.h --target=wasm32-wasip1 --sysroot=/home/nathan/secure-exec/registry/native/c/sysroot -I/home/nathan/secure-exec-wasmgui/experiments/wasm-gui/third_party/wasm-prefix/include -I/home/nathan/secure-exec-wasmgui/experiments/wasm-gui/toolchain/compat-include -include /home/nathan/secure-exec-wasmgui/experiments/wasm-gui/toolchain/wasi-compat.h conftest.c >&5
conftest.c:89:4: error: use of undeclared identifier 'not'
   89 |                  not big endian
      |                  ^
1 error generated.
configure:20472: $? = 1
configure: failed program was:
| /* confdefs.h */
| #define PACKAGE_NAME "fontconfig"
| #define PACKAGE_TARNAME "fontconfig"
| #define PACKAGE_VERSION "2.14.2"
| #define PACKAGE_STRING "fontconfig 2.14.2"
| #define PACKAGE_BUGREPORT "https://gitlab.freedesktop.org/fontconfig/fontconfig/issues/new"
| #define PACKAGE_URL ""
| #define PACKAGE "fontconfig"
| #define VERSION "2.14.2"
| #define HAVE_STDIO_H 1
| #define HAVE_STDLIB_H 1
| #define HAVE_STRING_H 1
| #define HAVE_INTTYPES_H 1
| #define HAVE_STDINT_H 1
| #define HAVE_STRINGS_H 1
| #define HAVE_SYS_STAT_H 1
| #define HAVE_SYS_TYPES_H 1
| #define HAVE_UNISTD_H 1
| #define HAVE_WCHAR_H 1
| #define HAVE_SYS_PARAM_H 1
| #define STDC_HEADERS 1
| #define _ALL_SOURCE 1
| #define _DARWIN_C_SOURCE 1
| #define _GNU_SOURCE 1
| #define _HPUX_ALT_XOPEN_SOCKET_API 1
| #define _NETBSD_SOURCE 1
| #define _OPENBSD_SOURCE 1
| #define _POSIX_PTHREAD_SEMANTICS 1
| #define __STDC_WANT_IEC_60559_ATTRIBS_EXT__ 1
| #define __STDC_WANT_IEC_60559_BFP_EXT__ 1
| #define __STDC_WANT_IEC_60559_DFP_EXT__ 1
| #define __STDC_WANT_IEC_60559_FUNCS_EXT__ 1
| #define __STDC_WANT_IEC_60559_TYPES_EXT__ 1
| #define __STDC_WANT_LIB_EXT2__ 1
| #define __STDC_WANT_MATH_SPEC_FUNCS__ 1
| #define _TANDEM_SOURCE 1
| #define __EXTENSIONS__ 1
| #define HAVE_DLFCN_H 1
| #define LT_OBJDIR ".libs/"
| #define GETTEXT_PACKAGE "fontconfig"
| #define HAVE_ICONV 1
| #define HAVE_WARNING_CPP_DIRECTIVE 1
| #define HAVE_DIRENT_H 1
| #define HAVE_DIRENT_H 1
| #define HAVE_FCNTL_H 1
| #define HAVE_STDLIB_H 1
| #define HAVE_STRING_H 1
| #define HAVE_UNISTD_H 1
| #define HAVE_SYS_STATVFS_H 1
| #define HAVE_SYS_PARAM_H 1
| #define FLEXIBLE_ARRAY_MEMBER /**/
| #define HAVE_VPRINTF 1
| #define HAVE_GETPAGESIZE 1
| #define HAVE_LINK 1
| #define HAVE_GETOPT 1
| #define HAVE_GETOPT_LONG 1
| #define HAVE_RAND 1
| #define HAVE_RANDOM 1
| #define HAVE_LRAND48 1
| #define HAVE_RAND_R 1
| #define HAVE_READLINK 1
| #define HAVE_FSTATVFS 1
| #define HAVE_LSTAT 1
| #define HAVE_STRERROR 1
| #define HAVE_STRERROR_R 1
| #define HAVE_POSIX_FADVISE 1
| #define HAVE_STRUCT_STAT_ST_MTIM 1
| #define HAVE_STRUCT_DIRENT_D_TYPE 1
| #define FC_GPERF_SIZE_T size_t
| #define USE_ICONV 0
| #define HAVE_FT_GET_BDF_PROPERTY 1
| #define HAVE_FT_GET_PS_FONT_INFO 1
| #define HAVE_FT_HAS_PS_GLYPH_NAMES 1
| #define HAVE_FT_GET_X11_FONT_FORMAT 1
| #define HAVE_FT_DONE_MM_VAR 1
| #define HAVE_XML_SETDOCTYPEDECLHANDLER 1
| #define FC_DEFAULT_FONTS "<dir>/fonts</dir>"
| #define FC_ADD_FONTS "yes"
| #define HAVE_STDATOMIC_PRIMITIVES 1
| #define HAVE_INTEL_ATOMIC_PRIMITIVES 1
| /* end confdefs.h.  */
| #include <sys/types.h>
| 		#include <sys/param.h>
| 
| int
| main (void)
| {
| #if BYTE_ORDER != BIG_ENDIAN
| 		 not big endian
| 		#endif
| 
|   ;
|   return 0;
| }
configure:20606: result: no
configure:20628: checking size of void *
configure:20634: /home/nathan/secure-exec/registry/native/c/vendor/wasi-sdk/bin/clang -c --target=wasm32-wasip1 --sysroot=/home/nathan/secure-exec/registry/native/c/sysroot -O2 -D_WASI_EMULATED_MMAN -D_WASI_EMULATED_PROCESS_CLOCKS -D_GNU_SOURCE -mllvm -wasm-enable-sjlj -Wno-error=implicit-function-declaration -Wno-error=int-conversion -Wno-int-conversion -I/home/nathan/secure-exec-wasmgui/experiments/wasm-gui/toolchain/compat-include -include /home/nathan/secure-exec-wasmgui/experiments/wasm-gui/toolchain/wasi-compat.h --target=wasm32-wasip1 --sysroot=/home/nathan/secure-exec/registry/native/c/sysroot -I/home/nathan/secure-exec-wasmgui/experiments/wasm-gui/third_party/wasm-prefix/include -I/home/nathan/secure-exec-wasmgui/experiments/wasm-gui/toolchain/compat-include -include /home/nathan/secure-exec-wasmgui/experiments/wasm-gui/toolchain/wasi-compat.h conftest.c >&5
configure:20634: $? = 0
configure:20634: /home/nathan/secure-exec/registry/native/c/vendor/wasi-sdk/bin/clang -c --target=wasm32-wasip1 --sysroot=/home/nathan/secure-exec/registry/native/c/sysroot -O2 -D_WASI_EMULATED_MMAN -D_WASI_EMULATED_PROCESS_CLOCKS -D_GNU_SOURCE -mllvm -wasm-enable-sjlj -Wno-error=implicit-function-declaration -Wno-error=int-conversion -Wno-int-conversion -I/home/nathan/secure-exec-wasmgui/experiments/wasm-gui/toolchain/compat-include -include /home/nathan/secure-exec-wasmgui/experiments/wasm-gui/toolchain/wasi-compat.h --target=wasm32-wasip1 --sysroot=/home/nathan/secure-exec/registry/native/c/sysroot -I/home/nathan/secure-exec-wasmgui/experiments/wasm-gui/third_party/wasm-prefix/include -I/home/nathan/secure-exec-wasmgui/experiments/wasm-gui/toolchain/compat-include -include /home/nathan/secure-exec-wasmgui/experiments/wasm-gui/toolchain/wasi-compat.h conftest.c >&5
conftest.c:113:24: error: 'test_array' declared as an array with a negative size
  113 | static int test_array [1 - 2 * !(((long int) (sizeof (void *))) <= 0)];
      |                        ^~~~~~~~~~~~~~~~~~~~~~~~~~~~~~~~~~~~~~~~~~~~~~
1 error generated.
configure:20634: $? = 1
configure: failed program was:
| /* confdefs.h */
| #define PACKAGE_NAME "fontconfig"
| #define PACKAGE_TARNAME "fontconfig"
| #define PACKAGE_VERSION "2.14.2"
| #define PACKAGE_STRING "fontconfig 2.14.2"
| #define PACKAGE_BUGREPORT "https://gitlab.freedesktop.org/fontconfig/fontconfig/issues/new"
| #define PACKAGE_URL ""
| #define PACKAGE "fontconfig"
| #define VERSION "2.14.2"
| #define HAVE_STDIO_H 1
| #define HAVE_STDLIB_H 1
| #define HAVE_STRING_H 1
| #define HAVE_INTTYPES_H 1
| #define HAVE_STDINT_H 1
| #define HAVE_STRINGS_H 1
| #define HAVE_SYS_STAT_H 1
| #define HAVE_SYS_TYPES_H 1
| #define HAVE_UNISTD_H 1
| #define HAVE_WCHAR_H 1
| #define HAVE_SYS_PARAM_H 1
| #define STDC_HEADERS 1
| #define _ALL_SOURCE 1
| #define _DARWIN_C_SOURCE 1
| #define _GNU_SOURCE 1
| #define _HPUX_ALT_XOPEN_SOCKET_API 1
| #define _NETBSD_SOURCE 1
| #define _OPENBSD_SOURCE 1
| #define _POSIX_PTHREAD_SEMANTICS 1
| #define __STDC_WANT_IEC_60559_ATTRIBS_EXT__ 1
| #define __STDC_WANT_IEC_60559_BFP_EXT__ 1
| #define __STDC_WANT_IEC_60559_DFP_EXT__ 1
| #define __STDC_WANT_IEC_60559_FUNCS_EXT__ 1
| #define __STDC_WANT_IEC_60559_TYPES_EXT__ 1
| #define __STDC_WANT_LIB_EXT2__ 1
| #define __STDC_WANT_MATH_SPEC_FUNCS__ 1
| #define _TANDEM_SOURCE 1
| #define __EXTENSIONS__ 1
| #define HAVE_DLFCN_H 1
| #define LT_OBJDIR ".libs/"
| #define GETTEXT_PACKAGE "fontconfig"
| #define HAVE_ICONV 1
| #define HAVE_WARNING_CPP_DIRECTIVE 1
| #define HAVE_DIRENT_H 1
| #define HAVE_DIRENT_H 1
| #define HAVE_FCNTL_H 1
| #define HAVE_STDLIB_H 1
| #define HAVE_STRING_H 1
| #define HAVE_UNISTD_H 1
| #define HAVE_SYS_STATVFS_H 1
| #define HAVE_SYS_PARAM_H 1
| #define FLEXIBLE_ARRAY_MEMBER /**/
| #define HAVE_VPRINTF 1
| #define HAVE_GETPAGESIZE 1
| #define HAVE_LINK 1
| #define HAVE_GETOPT 1
| #define HAVE_GETOPT_LONG 1
| #define HAVE_RAND 1
| #define HAVE_RANDOM 1
| #define HAVE_LRAND48 1
| #define HAVE_RAND_R 1
| #define HAVE_READLINK 1
| #define HAVE_FSTATVFS 1
| #define HAVE_LSTAT 1
| #define HAVE_STRERROR 1
| #define HAVE_STRERROR_R 1
| #define HAVE_POSIX_FADVISE 1
| #define HAVE_STRUCT_STAT_ST_MTIM 1
| #define HAVE_STRUCT_DIRENT_D_TYPE 1
| #define FC_GPERF_SIZE_T size_t
| #define USE_ICONV 0
| #define HAVE_FT_GET_BDF_PROPERTY 1
| #define HAVE_FT_GET_PS_FONT_INFO 1
| #define HAVE_FT_HAS_PS_GLYPH_NAMES 1
| #define HAVE_FT_GET_X11_FONT_FORMAT 1
| #define HAVE_FT_DONE_MM_VAR 1
| #define HAVE_XML_SETDOCTYPEDECLHANDLER 1
| #define FC_DEFAULT_FONTS "<dir>/fonts</dir>"
| #define FC_ADD_FONTS "yes"
| #define HAVE_STDATOMIC_PRIMITIVES 1
| #define HAVE_INTEL_ATOMIC_PRIMITIVES 1
| /* end confdefs.h.  */
| #include <stddef.h>
| #ifdef HAVE_STDIO_H
| # include <stdio.h>
| #endif
| #ifdef HAVE_STDLIB_H
| # include <stdlib.h>
| #endif
| #ifdef HAVE_STRING_H
| # include <string.h>
| #endif
| #ifdef HAVE_INTTYPES_H
| # include <inttypes.h>
| #endif
| #ifdef HAVE_STDINT_H
| # include <stdint.h>
| #endif
| #ifdef HAVE_STRINGS_H
| # include <strings.h>
| #endif
| #ifdef HAVE_SYS_TYPES_H
| # include <sys/types.h>
| #endif
| #ifdef HAVE_SYS_STAT_H
| # include <sys/stat.h>
| #endif
| #ifdef HAVE_UNISTD_H
| # include <unistd.h>
| #endif
| int
| main (void)
| {
| static int test_array [1 - 2 * !(((long int) (sizeof (void *))) <= 0)];
| test_array [0] = 0;
| return test_array [0];
| 
|   ;
|   return 0;
| }
configure:20634: /home/nathan/secure-exec/registry/native/c/vendor/wasi-sdk/bin/clang -c --target=wasm32-wasip1 --sysroot=/home/nathan/secure-exec/registry/native/c/sysroot -O2 -D_WASI_EMULATED_MMAN -D_WASI_EMULATED_PROCESS_CLOCKS -D_GNU_SOURCE -mllvm -wasm-enable-sjlj -Wno-error=implicit-function-declaration -Wno-error=int-conversion -Wno-int-conversion -I/home/nathan/secure-exec-wasmgui/experiments/wasm-gui/toolchain/compat-include -include /home/nathan/secure-exec-wasmgui/experiments/wasm-gui/toolchain/wasi-compat.h --target=wasm32-wasip1 --sysroot=/home/nathan/secure-exec/registry/native/c/sysroot -I/home/nathan/secure-exec-wasmgui/experiments/wasm-gui/third_party/wasm-prefix/include -I/home/nathan/secure-exec-wasmgui/experiments/wasm-gui/toolchain/compat-include -include /home/nathan/secure-exec-wasmgui/experiments/wasm-gui/toolchain/wasi-compat.h conftest.c >&5
conftest.c:113:24: error: 'test_array' declared as an array with a negative size
  113 | static int test_array [1 - 2 * !(((long int) (sizeof (void *))) <= 1)];
      |                        ^~~~~~~~~~~~~~~~~~~~~~~~~~~~~~~~~~~~~~~~~~~~~~
1 error generated.
configure:20634: $? = 1
configure: failed program was:
| /* confdefs.h */
| #define PACKAGE_NAME "fontconfig"
| #define PACKAGE_TARNAME "fontconfig"
| #define PACKAGE_VERSION "2.14.2"
| #define PACKAGE_STRING "fontconfig 2.14.2"
| #define PACKAGE_BUGREPORT "https://gitlab.freedesktop.org/fontconfig/fontconfig/issues/new"
| #define PACKAGE_URL ""
| #define PACKAGE "fontconfig"
| #define VERSION "2.14.2"
| #define HAVE_STDIO_H 1
| #define HAVE_STDLIB_H 1
| #define HAVE_STRING_H 1
| #define HAVE_INTTYPES_H 1
| #define HAVE_STDINT_H 1
| #define HAVE_STRINGS_H 1
| #define HAVE_SYS_STAT_H 1
| #define HAVE_SYS_TYPES_H 1
| #define HAVE_UNISTD_H 1
| #define HAVE_WCHAR_H 1
| #define HAVE_SYS_PARAM_H 1
| #define STDC_HEADERS 1
| #define _ALL_SOURCE 1
| #define _DARWIN_C_SOURCE 1
| #define _GNU_SOURCE 1
| #define _HPUX_ALT_XOPEN_SOCKET_API 1
| #define _NETBSD_SOURCE 1
| #define _OPENBSD_SOURCE 1
| #define _POSIX_PTHREAD_SEMANTICS 1
| #define __STDC_WANT_IEC_60559_ATTRIBS_EXT__ 1
| #define __STDC_WANT_IEC_60559_BFP_EXT__ 1
| #define __STDC_WANT_IEC_60559_DFP_EXT__ 1
| #define __STDC_WANT_IEC_60559_FUNCS_EXT__ 1
| #define __STDC_WANT_IEC_60559_TYPES_EXT__ 1
| #define __STDC_WANT_LIB_EXT2__ 1
| #define __STDC_WANT_MATH_SPEC_FUNCS__ 1
| #define _TANDEM_SOURCE 1
| #define __EXTENSIONS__ 1
| #define HAVE_DLFCN_H 1
| #define LT_OBJDIR ".libs/"
| #define GETTEXT_PACKAGE "fontconfig"
| #define HAVE_ICONV 1
| #define HAVE_WARNING_CPP_DIRECTIVE 1
| #define HAVE_DIRENT_H 1
| #define HAVE_DIRENT_H 1
| #define HAVE_FCNTL_H 1
| #define HAVE_STDLIB_H 1
| #define HAVE_STRING_H 1
| #define HAVE_UNISTD_H 1
| #define HAVE_SYS_STATVFS_H 1
| #define HAVE_SYS_PARAM_H 1
| #define FLEXIBLE_ARRAY_MEMBER /**/
| #define HAVE_VPRINTF 1
| #define HAVE_GETPAGESIZE 1
| #define HAVE_LINK 1
| #define HAVE_GETOPT 1
| #define HAVE_GETOPT_LONG 1
| #define HAVE_RAND 1
| #define HAVE_RANDOM 1
| #define HAVE_LRAND48 1
| #define HAVE_RAND_R 1
| #define HAVE_READLINK 1
| #define HAVE_FSTATVFS 1
| #define HAVE_LSTAT 1
| #define HAVE_STRERROR 1
| #define HAVE_STRERROR_R 1
| #define HAVE_POSIX_FADVISE 1
| #define HAVE_STRUCT_STAT_ST_MTIM 1
| #define HAVE_STRUCT_DIRENT_D_TYPE 1
| #define FC_GPERF_SIZE_T size_t
| #define USE_ICONV 0
| #define HAVE_FT_GET_BDF_PROPERTY 1
| #define HAVE_FT_GET_PS_FONT_INFO 1
| #define HAVE_FT_HAS_PS_GLYPH_NAMES 1
| #define HAVE_FT_GET_X11_FONT_FORMAT 1
| #define HAVE_FT_DONE_MM_VAR 1
| #define HAVE_XML_SETDOCTYPEDECLHANDLER 1
| #define FC_DEFAULT_FONTS "<dir>/fonts</dir>"
| #define FC_ADD_FONTS "yes"
| #define HAVE_STDATOMIC_PRIMITIVES 1
| #define HAVE_INTEL_ATOMIC_PRIMITIVES 1
| /* end confdefs.h.  */
| #include <stddef.h>
| #ifdef HAVE_STDIO_H
| # include <stdio.h>
| #endif
| #ifdef HAVE_STDLIB_H
| # include <stdlib.h>
| #endif
| #ifdef HAVE_STRING_H
| # include <string.h>
| #endif
| #ifdef HAVE_INTTYPES_H
| # include <inttypes.h>
| #endif
| #ifdef HAVE_STDINT_H
| # include <stdint.h>
| #endif
| #ifdef HAVE_STRINGS_H
| # include <strings.h>
| #endif
| #ifdef HAVE_SYS_TYPES_H
| # include <sys/types.h>
| #endif
| #ifdef HAVE_SYS_STAT_H
| # include <sys/stat.h>
| #endif
| #ifdef HAVE_UNISTD_H
| # include <unistd.h>
| #endif
| int
| main (void)
| {
| static int test_array [1 - 2 * !(((long int) (sizeof (void *))) <= 1)];
| test_array [0] = 0;
| return test_array [0];
| 
|   ;
|   return 0;
| }
configure:20634: /home/nathan/secure-exec/registry/native/c/vendor/wasi-sdk/bin/clang -c --target=wasm32-wasip1 --sysroot=/home/nathan/secure-exec/registry/native/c/sysroot -O2 -D_WASI_EMULATED_MMAN -D_WASI_EMULATED_PROCESS_CLOCKS -D_GNU_SOURCE -mllvm -wasm-enable-sjlj -Wno-error=implicit-function-declaration -Wno-error=int-conversion -Wno-int-conversion -I/home/nathan/secure-exec-wasmgui/experiments/wasm-gui/toolchain/compat-include -include /home/nathan/secure-exec-wasmgui/experiments/wasm-gui/toolchain/wasi-compat.h --target=wasm32-wasip1 --sysroot=/home/nathan/secure-exec/registry/native/c/sysroot -I/home/nathan/secure-exec-wasmgui/experiments/wasm-gui/third_party/wasm-prefix/include -I/home/nathan/secure-exec-wasmgui/experiments/wasm-gui/toolchain/compat-include -include /home/nathan/secure-exec-wasmgui/experiments/wasm-gui/toolchain/wasi-compat.h conftest.c >&5
conftest.c:113:24: error: 'test_array' declared as an array with a negative size
  113 | static int test_array [1 - 2 * !(((long int) (sizeof (void *))) <= 3)];
      |                        ^~~~~~~~~~~~~~~~~~~~~~~~~~~~~~~~~~~~~~~~~~~~~~
1 error generated.
configure:20634: $? = 1
configure: failed program was:
| /* confdefs.h */
| #define PACKAGE_NAME "fontconfig"
| #define PACKAGE_TARNAME "fontconfig"
| #define PACKAGE_VERSION "2.14.2"
| #define PACKAGE_STRING "fontconfig 2.14.2"
| #define PACKAGE_BUGREPORT "https://gitlab.freedesktop.org/fontconfig/fontconfig/issues/new"
| #define PACKAGE_URL ""
| #define PACKAGE "fontconfig"
| #define VERSION "2.14.2"
| #define HAVE_STDIO_H 1
| #define HAVE_STDLIB_H 1
| #define HAVE_STRING_H 1
| #define HAVE_INTTYPES_H 1
| #define HAVE_STDINT_H 1
| #define HAVE_STRINGS_H 1
| #define HAVE_SYS_STAT_H 1
| #define HAVE_SYS_TYPES_H 1
| #define HAVE_UNISTD_H 1
| #define HAVE_WCHAR_H 1
| #define HAVE_SYS_PARAM_H 1
| #define STDC_HEADERS 1
| #define _ALL_SOURCE 1
| #define _DARWIN_C_SOURCE 1
| #define _GNU_SOURCE 1
| #define _HPUX_ALT_XOPEN_SOCKET_API 1
| #define _NETBSD_SOURCE 1
| #define _OPENBSD_SOURCE 1
| #define _POSIX_PTHREAD_SEMANTICS 1
| #define __STDC_WANT_IEC_60559_ATTRIBS_EXT__ 1
| #define __STDC_WANT_IEC_60559_BFP_EXT__ 1
| #define __STDC_WANT_IEC_60559_DFP_EXT__ 1
| #define __STDC_WANT_IEC_60559_FUNCS_EXT__ 1
| #define __STDC_WANT_IEC_60559_TYPES_EXT__ 1
| #define __STDC_WANT_LIB_EXT2__ 1
| #define __STDC_WANT_MATH_SPEC_FUNCS__ 1
| #define _TANDEM_SOURCE 1
| #define __EXTENSIONS__ 1
| #define HAVE_DLFCN_H 1
| #define LT_OBJDIR ".libs/"
| #define GETTEXT_PACKAGE "fontconfig"
| #define HAVE_ICONV 1
| #define HAVE_WARNING_CPP_DIRECTIVE 1
| #define HAVE_DIRENT_H 1
| #define HAVE_DIRENT_H 1
| #define HAVE_FCNTL_H 1
| #define HAVE_STDLIB_H 1
| #define HAVE_STRING_H 1
| #define HAVE_UNISTD_H 1
| #define HAVE_SYS_STATVFS_H 1
| #define HAVE_SYS_PARAM_H 1
| #define FLEXIBLE_ARRAY_MEMBER /**/
| #define HAVE_VPRINTF 1
| #define HAVE_GETPAGESIZE 1
| #define HAVE_LINK 1
| #define HAVE_GETOPT 1
| #define HAVE_GETOPT_LONG 1
| #define HAVE_RAND 1
| #define HAVE_RANDOM 1
| #define HAVE_LRAND48 1
| #define HAVE_RAND_R 1
| #define HAVE_READLINK 1
| #define HAVE_FSTATVFS 1
| #define HAVE_LSTAT 1
| #define HAVE_STRERROR 1
| #define HAVE_STRERROR_R 1
| #define HAVE_POSIX_FADVISE 1
| #define HAVE_STRUCT_STAT_ST_MTIM 1
| #define HAVE_STRUCT_DIRENT_D_TYPE 1
| #define FC_GPERF_SIZE_T size_t
| #define USE_ICONV 0
| #define HAVE_FT_GET_BDF_PROPERTY 1
| #define HAVE_FT_GET_PS_FONT_INFO 1
| #define HAVE_FT_HAS_PS_GLYPH_NAMES 1
| #define HAVE_FT_GET_X11_FONT_FORMAT 1
| #define HAVE_FT_DONE_MM_VAR 1
| #define HAVE_XML_SETDOCTYPEDECLHANDLER 1
| #define FC_DEFAULT_FONTS "<dir>/fonts</dir>"
| #define FC_ADD_FONTS "yes"
| #define HAVE_STDATOMIC_PRIMITIVES 1
| #define HAVE_INTEL_ATOMIC_PRIMITIVES 1
| /* end confdefs.h.  */
| #include <stddef.h>
| #ifdef HAVE_STDIO_H
| # include <stdio.h>
| #endif
| #ifdef HAVE_STDLIB_H
| # include <stdlib.h>
| #endif
| #ifdef HAVE_STRING_H
| # include <string.h>
| #endif
| #ifdef HAVE_INTTYPES_H
| # include <inttypes.h>
| #endif
| #ifdef HAVE_STDINT_H
| # include <stdint.h>
| #endif
| #ifdef HAVE_STRINGS_H
| # include <strings.h>
| #endif
| #ifdef HAVE_SYS_TYPES_H
| # include <sys/types.h>
| #endif
| #ifdef HAVE_SYS_STAT_H
| # include <sys/stat.h>
| #endif
| #ifdef HAVE_UNISTD_H
| # include <unistd.h>
| #endif
| int
| main (void)
| {
| static int test_array [1 - 2 * !(((long int) (sizeof (void *))) <= 3)];
| test_array [0] = 0;
| return test_array [0];
| 
|   ;
|   return 0;
| }
configure:20634: /home/nathan/secure-exec/registry/native/c/vendor/wasi-sdk/bin/clang -c --target=wasm32-wasip1 --sysroot=/home/nathan/secure-exec/registry/native/c/sysroot -O2 -D_WASI_EMULATED_MMAN -D_WASI_EMULATED_PROCESS_CLOCKS -D_GNU_SOURCE -mllvm -wasm-enable-sjlj -Wno-error=implicit-function-declaration -Wno-error=int-conversion -Wno-int-conversion -I/home/nathan/secure-exec-wasmgui/experiments/wasm-gui/toolchain/compat-include -include /home/nathan/secure-exec-wasmgui/experiments/wasm-gui/toolchain/wasi-compat.h --target=wasm32-wasip1 --sysroot=/home/nathan/secure-exec/registry/native/c/sysroot -I/home/nathan/secure-exec-wasmgui/experiments/wasm-gui/third_party/wasm-prefix/include -I/home/nathan/secure-exec-wasmgui/experiments/wasm-gui/toolchain/compat-include -include /home/nathan/secure-exec-wasmgui/experiments/wasm-gui/toolchain/wasi-compat.h conftest.c >&5
configure:20634: $? = 0
configure:20634: /home/nathan/secure-exec/registry/native/c/vendor/wasi-sdk/bin/clang -c --target=wasm32-wasip1 --sysroot=/home/nathan/secure-exec/registry/native/c/sysroot -O2 -D_WASI_EMULATED_MMAN -D_WASI_EMULATED_PROCESS_CLOCKS -D_GNU_SOURCE -mllvm -wasm-enable-sjlj -Wno-error=implicit-function-declaration -Wno-error=int-conversion -Wno-int-conversion -I/home/nathan/secure-exec-wasmgui/experiments/wasm-gui/toolchain/compat-include -include /home/nathan/secure-exec-wasmgui/experiments/wasm-gui/toolchain/wasi-compat.h --target=wasm32-wasip1 --sysroot=/home/nathan/secure-exec/registry/native/c/sysroot -I/home/nathan/secure-exec-wasmgui/experiments/wasm-gui/third_party/wasm-prefix/include -I/home/nathan/secure-exec-wasmgui/experiments/wasm-gui/toolchain/compat-include -include /home/nathan/secure-exec-wasmgui/experiments/wasm-gui/toolchain/wasi-compat.h conftest.c >&5
configure:20634: $? = 0
configure:20634: /home/nathan/secure-exec/registry/native/c/vendor/wasi-sdk/bin/clang -c --target=wasm32-wasip1 --sysroot=/home/nathan/secure-exec/registry/native/c/sysroot -O2 -D_WASI_EMULATED_MMAN -D_WASI_EMULATED_PROCESS_CLOCKS -D_GNU_SOURCE -mllvm -wasm-enable-sjlj -Wno-error=implicit-function-declaration -Wno-error=int-conversion -Wno-int-conversion -I/home/nathan/secure-exec-wasmgui/experiments/wasm-gui/toolchain/compat-include -include /home/nathan/secure-exec-wasmgui/experiments/wasm-gui/toolchain/wasi-compat.h --target=wasm32-wasip1 --sysroot=/home/nathan/secure-exec/registry/native/c/sysroot -I/home/nathan/secure-exec-wasmgui/experiments/wasm-gui/third_party/wasm-prefix/include -I/home/nathan/secure-exec-wasmgui/experiments/wasm-gui/toolchain/compat-include -include /home/nathan/secure-exec-wasmgui/experiments/wasm-gui/toolchain/wasi-compat.h conftest.c >&5
configure:20634: $? = 0
configure:20649: result: 4
configure:20659: checking alignment of double
configure:20665: /home/nathan/secure-exec/registry/native/c/vendor/wasi-sdk/bin/clang -c --target=wasm32-wasip1 --sysroot=/home/nathan/secure-exec/registry/native/c/sysroot -O2 -D_WASI_EMULATED_MMAN -D_WASI_EMULATED_PROCESS_CLOCKS -D_GNU_SOURCE -mllvm -wasm-enable-sjlj -Wno-error=implicit-function-declaration -Wno-error=int-conversion -Wno-int-conversion -I/home/nathan/secure-exec-wasmgui/experiments/wasm-gui/toolchain/compat-include -include /home/nathan/secure-exec-wasmgui/experiments/wasm-gui/toolchain/wasi-compat.h --target=wasm32-wasip1 --sysroot=/home/nathan/secure-exec/registry/native/c/sysroot -I/home/nathan/secure-exec-wasmgui/experiments/wasm-gui/third_party/wasm-prefix/include -I/home/nathan/secure-exec-wasmgui/experiments/wasm-gui/toolchain/compat-include -include /home/nathan/secure-exec-wasmgui/experiments/wasm-gui/toolchain/wasi-compat.h conftest.c >&5
configure:20665: $? = 0
configure:20665: /home/nathan/secure-exec/registry/native/c/vendor/wasi-sdk/bin/clang -c --target=wasm32-wasip1 --sysroot=/home/nathan/secure-exec/registry/native/c/sysroot -O2 -D_WASI_EMULATED_MMAN -D_WASI_EMULATED_PROCESS_CLOCKS -D_GNU_SOURCE -mllvm -wasm-enable-sjlj -Wno-error=implicit-function-declaration -Wno-error=int-conversion -Wno-int-conversion -I/home/nathan/secure-exec-wasmgui/experiments/wasm-gui/toolchain/compat-include -include /home/nathan/secure-exec-wasmgui/experiments/wasm-gui/toolchain/wasi-compat.h --target=wasm32-wasip1 --sysroot=/home/nathan/secure-exec/registry/native/c/sysroot -I/home/nathan/secure-exec-wasmgui/experiments/wasm-gui/third_party/wasm-prefix/include -I/home/nathan/secure-exec-wasmgui/experiments/wasm-gui/toolchain/compat-include -include /home/nathan/secure-exec-wasmgui/experiments/wasm-gui/toolchain/wasi-compat.h conftest.c >&5
conftest.c:115:24: error: 'test_array' declared as an array with a negative size
  115 | static int test_array [1 - 2 * !(((long int) offsetof (ac__type_alignof_, y)) <= 0)];
      |                        ^~~~~~~~~~~~~~~~~~~~~~~~~~~~~~~~~~~~~~~~~~~~~~~~~~~~~~~~~~~~
1 error generated.
configure:20665: $? = 1
configure: failed program was:
| /* confdefs.h */
| #define PACKAGE_NAME "fontconfig"
| #define PACKAGE_TARNAME "fontconfig"
| #define PACKAGE_VERSION "2.14.2"
| #define PACKAGE_STRING "fontconfig 2.14.2"
| #define PACKAGE_BUGREPORT "https://gitlab.freedesktop.org/fontconfig/fontconfig/issues/new"
| #define PACKAGE_URL ""
| #define PACKAGE "fontconfig"
| #define VERSION "2.14.2"
| #define HAVE_STDIO_H 1
| #define HAVE_STDLIB_H 1
| #define HAVE_STRING_H 1
| #define HAVE_INTTYPES_H 1
| #define HAVE_STDINT_H 1
| #define HAVE_STRINGS_H 1
| #define HAVE_SYS_STAT_H 1
| #define HAVE_SYS_TYPES_H 1
| #define HAVE_UNISTD_H 1
| #define HAVE_WCHAR_H 1
| #define HAVE_SYS_PARAM_H 1
| #define STDC_HEADERS 1
| #define _ALL_SOURCE 1
| #define _DARWIN_C_SOURCE 1
| #define _GNU_SOURCE 1
| #define _HPUX_ALT_XOPEN_SOCKET_API 1
| #define _NETBSD_SOURCE 1
| #define _OPENBSD_SOURCE 1
| #define _POSIX_PTHREAD_SEMANTICS 1
| #define __STDC_WANT_IEC_60559_ATTRIBS_EXT__ 1
| #define __STDC_WANT_IEC_60559_BFP_EXT__ 1
| #define __STDC_WANT_IEC_60559_DFP_EXT__ 1
| #define __STDC_WANT_IEC_60559_FUNCS_EXT__ 1
| #define __STDC_WANT_IEC_60559_TYPES_EXT__ 1
| #define __STDC_WANT_LIB_EXT2__ 1
| #define __STDC_WANT_MATH_SPEC_FUNCS__ 1
| #define _TANDEM_SOURCE 1
| #define __EXTENSIONS__ 1
| #define HAVE_DLFCN_H 1
| #define LT_OBJDIR ".libs/"
| #define GETTEXT_PACKAGE "fontconfig"
| #define HAVE_ICONV 1
| #define HAVE_WARNING_CPP_DIRECTIVE 1
| #define HAVE_DIRENT_H 1
| #define HAVE_DIRENT_H 1
| #define HAVE_FCNTL_H 1
| #define HAVE_STDLIB_H 1
| #define HAVE_STRING_H 1
| #define HAVE_UNISTD_H 1
| #define HAVE_SYS_STATVFS_H 1
| #define HAVE_SYS_PARAM_H 1
| #define FLEXIBLE_ARRAY_MEMBER /**/
| #define HAVE_VPRINTF 1
| #define HAVE_GETPAGESIZE 1
| #define HAVE_LINK 1
| #define HAVE_GETOPT 1
| #define HAVE_GETOPT_LONG 1
| #define HAVE_RAND 1
| #define HAVE_RANDOM 1
| #define HAVE_LRAND48 1
| #define HAVE_RAND_R 1
| #define HAVE_READLINK 1
| #define HAVE_FSTATVFS 1
| #define HAVE_LSTAT 1
| #define HAVE_STRERROR 1
| #define HAVE_STRERROR_R 1
| #define HAVE_POSIX_FADVISE 1
| #define HAVE_STRUCT_STAT_ST_MTIM 1
| #define HAVE_STRUCT_DIRENT_D_TYPE 1
| #define FC_GPERF_SIZE_T size_t
| #define USE_ICONV 0
| #define HAVE_FT_GET_BDF_PROPERTY 1
| #define HAVE_FT_GET_PS_FONT_INFO 1
| #define HAVE_FT_HAS_PS_GLYPH_NAMES 1
| #define HAVE_FT_GET_X11_FONT_FORMAT 1
| #define HAVE_FT_DONE_MM_VAR 1
| #define HAVE_XML_SETDOCTYPEDECLHANDLER 1
| #define FC_DEFAULT_FONTS "<dir>/fonts</dir>"
| #define FC_ADD_FONTS "yes"
| #define HAVE_STDATOMIC_PRIMITIVES 1
| #define HAVE_INTEL_ATOMIC_PRIMITIVES 1
| #define SIZEOF_VOID_P 4
| /* end confdefs.h.  */
| #include <stddef.h>
| #ifdef HAVE_STDIO_H
| # include <stdio.h>
| #endif
| #ifdef HAVE_STDLIB_H
| # include <stdlib.h>
| #endif
| #ifdef HAVE_STRING_H
| # include <string.h>
| #endif
| #ifdef HAVE_INTTYPES_H
| # include <inttypes.h>
| #endif
| #ifdef HAVE_STDINT_H
| # include <stdint.h>
| #endif
| #ifdef HAVE_STRINGS_H
| # include <strings.h>
| #endif
| #ifdef HAVE_SYS_TYPES_H
| # include <sys/types.h>
| #endif
| #ifdef HAVE_SYS_STAT_H
| # include <sys/stat.h>
| #endif
| #ifdef HAVE_UNISTD_H
| # include <unistd.h>
| #endif
| typedef struct { char x; double y; } ac__type_alignof_;
| int
| main (void)
| {
| static int test_array [1 - 2 * !(((long int) offsetof (ac__type_alignof_, y)) <= 0)];
| test_array [0] = 0;
| return test_array [0];
| 
|   ;
|   return 0;
| }
configure:20665: /home/nathan/secure-exec/registry/native/c/vendor/wasi-sdk/bin/clang -c --target=wasm32-wasip1 --sysroot=/home/nathan/secure-exec/registry/native/c/sysroot -O2 -D_WASI_EMULATED_MMAN -D_WASI_EMULATED_PROCESS_CLOCKS -D_GNU_SOURCE -mllvm -wasm-enable-sjlj -Wno-error=implicit-function-declaration -Wno-error=int-conversion -Wno-int-conversion -I/home/nathan/secure-exec-wasmgui/experiments/wasm-gui/toolchain/compat-include -include /home/nathan/secure-exec-wasmgui/experiments/wasm-gui/toolchain/wasi-compat.h --target=wasm32-wasip1 --sysroot=/home/nathan/secure-exec/registry/native/c/sysroot -I/home/nathan/secure-exec-wasmgui/experiments/wasm-gui/third_party/wasm-prefix/include -I/home/nathan/secure-exec-wasmgui/experiments/wasm-gui/toolchain/compat-include -include /home/nathan/secure-exec-wasmgui/experiments/wasm-gui/toolchain/wasi-compat.h conftest.c >&5
conftest.c:115:24: error: 'test_array' declared as an array with a negative size
  115 | static int test_array [1 - 2 * !(((long int) offsetof (ac__type_alignof_, y)) <= 1)];
      |                        ^~~~~~~~~~~~~~~~~~~~~~~~~~~~~~~~~~~~~~~~~~~~~~~~~~~~~~~~~~~~
1 error generated.
configure:20665: $? = 1
configure: failed program was:
| /* confdefs.h */
| #define PACKAGE_NAME "fontconfig"
| #define PACKAGE_TARNAME "fontconfig"
| #define PACKAGE_VERSION "2.14.2"
| #define PACKAGE_STRING "fontconfig 2.14.2"
| #define PACKAGE_BUGREPORT "https://gitlab.freedesktop.org/fontconfig/fontconfig/issues/new"
| #define PACKAGE_URL ""
| #define PACKAGE "fontconfig"
| #define VERSION "2.14.2"
| #define HAVE_STDIO_H 1
| #define HAVE_STDLIB_H 1
| #define HAVE_STRING_H 1
| #define HAVE_INTTYPES_H 1
| #define HAVE_STDINT_H 1
| #define HAVE_STRINGS_H 1
| #define HAVE_SYS_STAT_H 1
| #define HAVE_SYS_TYPES_H 1
| #define HAVE_UNISTD_H 1
| #define HAVE_WCHAR_H 1
| #define HAVE_SYS_PARAM_H 1
| #define STDC_HEADERS 1
| #define _ALL_SOURCE 1
| #define _DARWIN_C_SOURCE 1
| #define _GNU_SOURCE 1
| #define _HPUX_ALT_XOPEN_SOCKET_API 1
| #define _NETBSD_SOURCE 1
| #define _OPENBSD_SOURCE 1
| #define _POSIX_PTHREAD_SEMANTICS 1
| #define __STDC_WANT_IEC_60559_ATTRIBS_EXT__ 1
| #define __STDC_WANT_IEC_60559_BFP_EXT__ 1
| #define __STDC_WANT_IEC_60559_DFP_EXT__ 1
| #define __STDC_WANT_IEC_60559_FUNCS_EXT__ 1
| #define __STDC_WANT_IEC_60559_TYPES_EXT__ 1
| #define __STDC_WANT_LIB_EXT2__ 1
| #define __STDC_WANT_MATH_SPEC_FUNCS__ 1
| #define _TANDEM_SOURCE 1
| #define __EXTENSIONS__ 1
| #define HAVE_DLFCN_H 1
| #define LT_OBJDIR ".libs/"
| #define GETTEXT_PACKAGE "fontconfig"
| #define HAVE_ICONV 1
| #define HAVE_WARNING_CPP_DIRECTIVE 1
| #define HAVE_DIRENT_H 1
| #define HAVE_DIRENT_H 1
| #define HAVE_FCNTL_H 1
| #define HAVE_STDLIB_H 1
| #define HAVE_STRING_H 1
| #define HAVE_UNISTD_H 1
| #define HAVE_SYS_STATVFS_H 1
| #define HAVE_SYS_PARAM_H 1
| #define FLEXIBLE_ARRAY_MEMBER /**/
| #define HAVE_VPRINTF 1
| #define HAVE_GETPAGESIZE 1
| #define HAVE_LINK 1
| #define HAVE_GETOPT 1
| #define HAVE_GETOPT_LONG 1
| #define HAVE_RAND 1
| #define HAVE_RANDOM 1
| #define HAVE_LRAND48 1
| #define HAVE_RAND_R 1
| #define HAVE_READLINK 1
| #define HAVE_FSTATVFS 1
| #define HAVE_LSTAT 1
| #define HAVE_STRERROR 1
| #define HAVE_STRERROR_R 1
| #define HAVE_POSIX_FADVISE 1
| #define HAVE_STRUCT_STAT_ST_MTIM 1
| #define HAVE_STRUCT_DIRENT_D_TYPE 1
| #define FC_GPERF_SIZE_T size_t
| #define USE_ICONV 0
| #define HAVE_FT_GET_BDF_PROPERTY 1
| #define HAVE_FT_GET_PS_FONT_INFO 1
| #define HAVE_FT_HAS_PS_GLYPH_NAMES 1
| #define HAVE_FT_GET_X11_FONT_FORMAT 1
| #define HAVE_FT_DONE_MM_VAR 1
| #define HAVE_XML_SETDOCTYPEDECLHANDLER 1
| #define FC_DEFAULT_FONTS "<dir>/fonts</dir>"
| #define FC_ADD_FONTS "yes"
| #define HAVE_STDATOMIC_PRIMITIVES 1
| #define HAVE_INTEL_ATOMIC_PRIMITIVES 1
| #define SIZEOF_VOID_P 4
| /* end confdefs.h.  */
| #include <stddef.h>
| #ifdef HAVE_STDIO_H
| # include <stdio.h>
| #endif
| #ifdef HAVE_STDLIB_H
| # include <stdlib.h>
| #endif
| #ifdef HAVE_STRING_H
| # include <string.h>
| #endif
| #ifdef HAVE_INTTYPES_H
| # include <inttypes.h>
| #endif
| #ifdef HAVE_STDINT_H
| # include <stdint.h>
| #endif
| #ifdef HAVE_STRINGS_H
| # include <strings.h>
| #endif
| #ifdef HAVE_SYS_TYPES_H
| # include <sys/types.h>
| #endif
| #ifdef HAVE_SYS_STAT_H
| # include <sys/stat.h>
| #endif
| #ifdef HAVE_UNISTD_H
| # include <unistd.h>
| #endif
| typedef struct { char x; double y; } ac__type_alignof_;
| int
| main (void)
| {
| static int test_array [1 - 2 * !(((long int) offsetof (ac__type_alignof_, y)) <= 1)];
| test_array [0] = 0;
| return test_array [0];
| 
|   ;
|   return 0;
| }
configure:20665: /home/nathan/secure-exec/registry/native/c/vendor/wasi-sdk/bin/clang -c --target=wasm32-wasip1 --sysroot=/home/nathan/secure-exec/registry/native/c/sysroot -O2 -D_WASI_EMULATED_MMAN -D_WASI_EMULATED_PROCESS_CLOCKS -D_GNU_SOURCE -mllvm -wasm-enable-sjlj -Wno-error=implicit-function-declaration -Wno-error=int-conversion -Wno-int-conversion -I/home/nathan/secure-exec-wasmgui/experiments/wasm-gui/toolchain/compat-include -include /home/nathan/secure-exec-wasmgui/experiments/wasm-gui/toolchain/wasi-compat.h --target=wasm32-wasip1 --sysroot=/home/nathan/secure-exec/registry/native/c/sysroot -I/home/nathan/secure-exec-wasmgui/experiments/wasm-gui/third_party/wasm-prefix/include -I/home/nathan/secure-exec-wasmgui/experiments/wasm-gui/toolchain/compat-include -include /home/nathan/secure-exec-wasmgui/experiments/wasm-gui/toolchain/wasi-compat.h conftest.c >&5
conftest.c:115:24: error: 'test_array' declared as an array with a negative size
  115 | static int test_array [1 - 2 * !(((long int) offsetof (ac__type_alignof_, y)) <= 3)];
      |                        ^~~~~~~~~~~~~~~~~~~~~~~~~~~~~~~~~~~~~~~~~~~~~~~~~~~~~~~~~~~~
1 error generated.
configure:20665: $? = 1
configure: failed program was:
| /* confdefs.h */
| #define PACKAGE_NAME "fontconfig"
| #define PACKAGE_TARNAME "fontconfig"
| #define PACKAGE_VERSION "2.14.2"
| #define PACKAGE_STRING "fontconfig 2.14.2"
| #define PACKAGE_BUGREPORT "https://gitlab.freedesktop.org/fontconfig/fontconfig/issues/new"
| #define PACKAGE_URL ""
| #define PACKAGE "fontconfig"
| #define VERSION "2.14.2"
| #define HAVE_STDIO_H 1
| #define HAVE_STDLIB_H 1
| #define HAVE_STRING_H 1
| #define HAVE_INTTYPES_H 1
| #define HAVE_STDINT_H 1
| #define HAVE_STRINGS_H 1
| #define HAVE_SYS_STAT_H 1
| #define HAVE_SYS_TYPES_H 1
| #define HAVE_UNISTD_H 1
| #define HAVE_WCHAR_H 1
| #define HAVE_SYS_PARAM_H 1
| #define STDC_HEADERS 1
| #define _ALL_SOURCE 1
| #define _DARWIN_C_SOURCE 1
| #define _GNU_SOURCE 1
| #define _HPUX_ALT_XOPEN_SOCKET_API 1
| #define _NETBSD_SOURCE 1
| #define _OPENBSD_SOURCE 1
| #define _POSIX_PTHREAD_SEMANTICS 1
| #define __STDC_WANT_IEC_60559_ATTRIBS_EXT__ 1
| #define __STDC_WANT_IEC_60559_BFP_EXT__ 1
| #define __STDC_WANT_IEC_60559_DFP_EXT__ 1
| #define __STDC_WANT_IEC_60559_FUNCS_EXT__ 1
| #define __STDC_WANT_IEC_60559_TYPES_EXT__ 1
| #define __STDC_WANT_LIB_EXT2__ 1
| #define __STDC_WANT_MATH_SPEC_FUNCS__ 1
| #define _TANDEM_SOURCE 1
| #define __EXTENSIONS__ 1
| #define HAVE_DLFCN_H 1
| #define LT_OBJDIR ".libs/"
| #define GETTEXT_PACKAGE "fontconfig"
| #define HAVE_ICONV 1
| #define HAVE_WARNING_CPP_DIRECTIVE 1
| #define HAVE_DIRENT_H 1
| #define HAVE_DIRENT_H 1
| #define HAVE_FCNTL_H 1
| #define HAVE_STDLIB_H 1
| #define HAVE_STRING_H 1
| #define HAVE_UNISTD_H 1
| #define HAVE_SYS_STATVFS_H 1
| #define HAVE_SYS_PARAM_H 1
| #define FLEXIBLE_ARRAY_MEMBER /**/
| #define HAVE_VPRINTF 1
| #define HAVE_GETPAGESIZE 1
| #define HAVE_LINK 1
| #define HAVE_GETOPT 1
| #define HAVE_GETOPT_LONG 1
| #define HAVE_RAND 1
| #define HAVE_RANDOM 1
| #define HAVE_LRAND48 1
| #define HAVE_RAND_R 1
| #define HAVE_READLINK 1
| #define HAVE_FSTATVFS 1
| #define HAVE_LSTAT 1
| #define HAVE_STRERROR 1
| #define HAVE_STRERROR_R 1
| #define HAVE_POSIX_FADVISE 1
| #define HAVE_STRUCT_STAT_ST_MTIM 1
| #define HAVE_STRUCT_DIRENT_D_TYPE 1
| #define FC_GPERF_SIZE_T size_t
| #define USE_ICONV 0
| #define HAVE_FT_GET_BDF_PROPERTY 1
| #define HAVE_FT_GET_PS_FONT_INFO 1
| #define HAVE_FT_HAS_PS_GLYPH_NAMES 1
| #define HAVE_FT_GET_X11_FONT_FORMAT 1
| #define HAVE_FT_DONE_MM_VAR 1
| #define HAVE_XML_SETDOCTYPEDECLHANDLER 1
| #define FC_DEFAULT_FONTS "<dir>/fonts</dir>"
| #define FC_ADD_FONTS "yes"
| #define HAVE_STDATOMIC_PRIMITIVES 1
| #define HAVE_INTEL_ATOMIC_PRIMITIVES 1
| #define SIZEOF_VOID_P 4
| /* end confdefs.h.  */
| #include <stddef.h>
| #ifdef HAVE_STDIO_H
| # include <stdio.h>
| #endif
| #ifdef HAVE_STDLIB_H
| # include <stdlib.h>
| #endif
| #ifdef HAVE_STRING_H
| # include <string.h>
| #endif
| #ifdef HAVE_INTTYPES_H
| # include <inttypes.h>
| #endif
| #ifdef HAVE_STDINT_H
| # include <stdint.h>
| #endif
| #ifdef HAVE_STRINGS_H
| # include <strings.h>
| #endif
| #ifdef HAVE_SYS_TYPES_H
| # include <sys/types.h>
| #endif
| #ifdef HAVE_SYS_STAT_H
| # include <sys/stat.h>
| #endif
| #ifdef HAVE_UNISTD_H
| # include <unistd.h>
| #endif
| typedef struct { char x; double y; } ac__type_alignof_;
| int
| main (void)
| {
| static int test_array [1 - 2 * !(((long int) offsetof (ac__type_alignof_, y)) <= 3)];
| test_array [0] = 0;
| return test_array [0];
| 
|   ;
|   return 0;
| }
configure:20665: /home/nathan/secure-exec/registry/native/c/vendor/wasi-sdk/bin/clang -c --target=wasm32-wasip1 --sysroot=/home/nathan/secure-exec/registry/native/c/sysroot -O2 -D_WASI_EMULATED_MMAN -D_WASI_EMULATED_PROCESS_CLOCKS -D_GNU_SOURCE -mllvm -wasm-enable-sjlj -Wno-error=implicit-function-declaration -Wno-error=int-conversion -Wno-int-conversion -I/home/nathan/secure-exec-wasmgui/experiments/wasm-gui/toolchain/compat-include -include /home/nathan/secure-exec-wasmgui/experiments/wasm-gui/toolchain/wasi-compat.h --target=wasm32-wasip1 --sysroot=/home/nathan/secure-exec/registry/native/c/sysroot -I/home/nathan/secure-exec-wasmgui/experiments/wasm-gui/third_party/wasm-prefix/include -I/home/nathan/secure-exec-wasmgui/experiments/wasm-gui/toolchain/compat-include -include /home/nathan/secure-exec-wasmgui/experiments/wasm-gui/toolchain/wasi-compat.h conftest.c >&5
conftest.c:115:24: error: 'test_array' declared as an array with a negative size
  115 | static int test_array [1 - 2 * !(((long int) offsetof (ac__type_alignof_, y)) <= 7)];
      |                        ^~~~~~~~~~~~~~~~~~~~~~~~~~~~~~~~~~~~~~~~~~~~~~~~~~~~~~~~~~~~
1 error generated.
configure:20665: $? = 1
configure: failed program was:
| /* confdefs.h */
| #define PACKAGE_NAME "fontconfig"
| #define PACKAGE_TARNAME "fontconfig"
| #define PACKAGE_VERSION "2.14.2"
| #define PACKAGE_STRING "fontconfig 2.14.2"
| #define PACKAGE_BUGREPORT "https://gitlab.freedesktop.org/fontconfig/fontconfig/issues/new"
| #define PACKAGE_URL ""
| #define PACKAGE "fontconfig"
| #define VERSION "2.14.2"
| #define HAVE_STDIO_H 1
| #define HAVE_STDLIB_H 1
| #define HAVE_STRING_H 1
| #define HAVE_INTTYPES_H 1
| #define HAVE_STDINT_H 1
| #define HAVE_STRINGS_H 1
| #define HAVE_SYS_STAT_H 1
| #define HAVE_SYS_TYPES_H 1
| #define HAVE_UNISTD_H 1
| #define HAVE_WCHAR_H 1
| #define HAVE_SYS_PARAM_H 1
| #define STDC_HEADERS 1
| #define _ALL_SOURCE 1
| #define _DARWIN_C_SOURCE 1
| #define _GNU_SOURCE 1
| #define _HPUX_ALT_XOPEN_SOCKET_API 1
| #define _NETBSD_SOURCE 1
| #define _OPENBSD_SOURCE 1
| #define _POSIX_PTHREAD_SEMANTICS 1
| #define __STDC_WANT_IEC_60559_ATTRIBS_EXT__ 1
| #define __STDC_WANT_IEC_60559_BFP_EXT__ 1
| #define __STDC_WANT_IEC_60559_DFP_EXT__ 1
| #define __STDC_WANT_IEC_60559_FUNCS_EXT__ 1
| #define __STDC_WANT_IEC_60559_TYPES_EXT__ 1
| #define __STDC_WANT_LIB_EXT2__ 1
| #define __STDC_WANT_MATH_SPEC_FUNCS__ 1
| #define _TANDEM_SOURCE 1
| #define __EXTENSIONS__ 1
| #define HAVE_DLFCN_H 1
| #define LT_OBJDIR ".libs/"
| #define GETTEXT_PACKAGE "fontconfig"
| #define HAVE_ICONV 1
| #define HAVE_WARNING_CPP_DIRECTIVE 1
| #define HAVE_DIRENT_H 1
| #define HAVE_DIRENT_H 1
| #define HAVE_FCNTL_H 1
| #define HAVE_STDLIB_H 1
| #define HAVE_STRING_H 1
| #define HAVE_UNISTD_H 1
| #define HAVE_SYS_STATVFS_H 1
| #define HAVE_SYS_PARAM_H 1
| #define FLEXIBLE_ARRAY_MEMBER /**/
| #define HAVE_VPRINTF 1
| #define HAVE_GETPAGESIZE 1
| #define HAVE_LINK 1
| #define HAVE_GETOPT 1
| #define HAVE_GETOPT_LONG 1
| #define HAVE_RAND 1
| #define HAVE_RANDOM 1
| #define HAVE_LRAND48 1
| #define HAVE_RAND_R 1
| #define HAVE_READLINK 1
| #define HAVE_FSTATVFS 1
| #define HAVE_LSTAT 1
| #define HAVE_STRERROR 1
| #define HAVE_STRERROR_R 1
| #define HAVE_POSIX_FADVISE 1
| #define HAVE_STRUCT_STAT_ST_MTIM 1
| #define HAVE_STRUCT_DIRENT_D_TYPE 1
| #define FC_GPERF_SIZE_T size_t
| #define USE_ICONV 0
| #define HAVE_FT_GET_BDF_PROPERTY 1
| #define HAVE_FT_GET_PS_FONT_INFO 1
| #define HAVE_FT_HAS_PS_GLYPH_NAMES 1
| #define HAVE_FT_GET_X11_FONT_FORMAT 1
| #define HAVE_FT_DONE_MM_VAR 1
| #define HAVE_XML_SETDOCTYPEDECLHANDLER 1
| #define FC_DEFAULT_FONTS "<dir>/fonts</dir>"
| #define FC_ADD_FONTS "yes"
| #define HAVE_STDATOMIC_PRIMITIVES 1
| #define HAVE_INTEL_ATOMIC_PRIMITIVES 1
| #define SIZEOF_VOID_P 4
| /* end confdefs.h.  */
| #include <stddef.h>
| #ifdef HAVE_STDIO_H
| # include <stdio.h>
| #endif
| #ifdef HAVE_STDLIB_H
| # include <stdlib.h>
| #endif
| #ifdef HAVE_STRING_H
| # include <string.h>
| #endif
| #ifdef HAVE_INTTYPES_H
| # include <inttypes.h>
| #endif
| #ifdef HAVE_STDINT_H
| # include <stdint.h>
| #endif
| #ifdef HAVE_STRINGS_H
| # include <strings.h>
| #endif
| #ifdef HAVE_SYS_TYPES_H
| # include <sys/types.h>
| #endif
| #ifdef HAVE_SYS_STAT_H
| # include <sys/stat.h>
| #endif
| #ifdef HAVE_UNISTD_H
| # include <unistd.h>
| #endif
| typedef struct { char x; double y; } ac__type_alignof_;
| int
| main (void)
| {
| static int test_array [1 - 2 * !(((long int) offsetof (ac__type_alignof_, y)) <= 7)];
| test_array [0] = 0;
| return test_array [0];
| 
|   ;
|   return 0;
| }
configure:20665: /home/nathan/secure-exec/registry/native/c/vendor/wasi-sdk/bin/clang -c --target=wasm32-wasip1 --sysroot=/home/nathan/secure-exec/registry/native/c/sysroot -O2 -D_WASI_EMULATED_MMAN -D_WASI_EMULATED_PROCESS_CLOCKS -D_GNU_SOURCE -mllvm -wasm-enable-sjlj -Wno-error=implicit-function-declaration -Wno-error=int-conversion -Wno-int-conversion -I/home/nathan/secure-exec-wasmgui/experiments/wasm-gui/toolchain/compat-include -include /home/nathan/secure-exec-wasmgui/experiments/wasm-gui/toolchain/wasi-compat.h --target=wasm32-wasip1 --sysroot=/home/nathan/secure-exec/registry/native/c/sysroot -I/home/nathan/secure-exec-wasmgui/experiments/wasm-gui/third_party/wasm-prefix/include -I/home/nathan/secure-exec-wasmgui/experiments/wasm-gui/toolchain/compat-include -include /home/nathan/secure-exec-wasmgui/experiments/wasm-gui/toolchain/wasi-compat.h conftest.c >&5
configure:20665: $? = 0
configure:20665: /home/nathan/secure-exec/registry/native/c/vendor/wasi-sdk/bin/clang -c --target=wasm32-wasip1 --sysroot=/home/nathan/secure-exec/registry/native/c/sysroot -O2 -D_WASI_EMULATED_MMAN -D_WASI_EMULATED_PROCESS_CLOCKS -D_GNU_SOURCE -mllvm -wasm-enable-sjlj -Wno-error=implicit-function-declaration -Wno-error=int-conversion -Wno-int-conversion -I/home/nathan/secure-exec-wasmgui/experiments/wasm-gui/toolchain/compat-include -include /home/nathan/secure-exec-wasmgui/experiments/wasm-gui/toolchain/wasi-compat.h --target=wasm32-wasip1 --sysroot=/home/nathan/secure-exec/registry/native/c/sysroot -I/home/nathan/secure-exec-wasmgui/experiments/wasm-gui/third_party/wasm-prefix/include -I/home/nathan/secure-exec-wasmgui/experiments/wasm-gui/toolchain/compat-include -include /home/nathan/secure-exec-wasmgui/experiments/wasm-gui/toolchain/wasi-compat.h conftest.c >&5
configure:20665: $? = 0
configure:20665: /home/nathan/secure-exec/registry/native/c/vendor/wasi-sdk/bin/clang -c --target=wasm32-wasip1 --sysroot=/home/nathan/secure-exec/registry/native/c/sysroot -O2 -D_WASI_EMULATED_MMAN -D_WASI_EMULATED_PROCESS_CLOCKS -D_GNU_SOURCE -mllvm -wasm-enable-sjlj -Wno-error=implicit-function-declaration -Wno-error=int-conversion -Wno-int-conversion -I/home/nathan/secure-exec-wasmgui/experiments/wasm-gui/toolchain/compat-include -include /home/nathan/secure-exec-wasmgui/experiments/wasm-gui/toolchain/wasi-compat.h --target=wasm32-wasip1 --sysroot=/home/nathan/secure-exec/registry/native/c/sysroot -I/home/nathan/secure-exec-wasmgui/experiments/wasm-gui/third_party/wasm-prefix/include -I/home/nathan/secure-exec-wasmgui/experiments/wasm-gui/toolchain/compat-include -include /home/nathan/secure-exec-wasmgui/experiments/wasm-gui/toolchain/wasi-compat.h conftest.c >&5
configure:20665: $? = 0
configure:20665: /home/nathan/secure-exec/registry/native/c/vendor/wasi-sdk/bin/clang -c --target=wasm32-wasip1 --sysroot=/home/nathan/secure-exec/registry/native/c/sysroot -O2 -D_WASI_EMULATED_MMAN -D_WASI_EMULATED_PROCESS_CLOCKS -D_GNU_SOURCE -mllvm -wasm-enable-sjlj -Wno-error=implicit-function-declaration -Wno-error=int-conversion -Wno-int-conversion -I/home/nathan/secure-exec-wasmgui/experiments/wasm-gui/toolchain/compat-include -include /home/nathan/secure-exec-wasmgui/experiments/wasm-gui/toolchain/wasi-compat.h --target=wasm32-wasip1 --sysroot=/home/nathan/secure-exec/registry/native/c/sysroot -I/home/nathan/secure-exec-wasmgui/experiments/wasm-gui/third_party/wasm-prefix/include -I/home/nathan/secure-exec-wasmgui/experiments/wasm-gui/toolchain/compat-include -include /home/nathan/secure-exec-wasmgui/experiments/wasm-gui/toolchain/wasi-compat.h conftest.c >&5
configure:20665: $? = 0
configure:20681: result: 8
configure:20691: checking alignment of void *
configure:20697: /home/nathan/secure-exec/registry/native/c/vendor/wasi-sdk/bin/clang -c --target=wasm32-wasip1 --sysroot=/home/nathan/secure-exec/registry/native/c/sysroot -O2 -D_WASI_EMULATED_MMAN -D_WASI_EMULATED_PROCESS_CLOCKS -D_GNU_SOURCE -mllvm -wasm-enable-sjlj -Wno-error=implicit-function-declaration -Wno-error=int-conversion -Wno-int-conversion -I/home/nathan/secure-exec-wasmgui/experiments/wasm-gui/toolchain/compat-include -include /home/nathan/secure-exec-wasmgui/experiments/wasm-gui/toolchain/wasi-compat.h --target=wasm32-wasip1 --sysroot=/home/nathan/secure-exec/registry/native/c/sysroot -I/home/nathan/secure-exec-wasmgui/experiments/wasm-gui/third_party/wasm-prefix/include -I/home/nathan/secure-exec-wasmgui/experiments/wasm-gui/toolchain/compat-include -include /home/nathan/secure-exec-wasmgui/experiments/wasm-gui/toolchain/wasi-compat.h conftest.c >&5
configure:20697: $? = 0
configure:20697: /home/nathan/secure-exec/registry/native/c/vendor/wasi-sdk/bin/clang -c --target=wasm32-wasip1 --sysroot=/home/nathan/secure-exec/registry/native/c/sysroot -O2 -D_WASI_EMULATED_MMAN -D_WASI_EMULATED_PROCESS_CLOCKS -D_GNU_SOURCE -mllvm -wasm-enable-sjlj -Wno-error=implicit-function-declaration -Wno-error=int-conversion -Wno-int-conversion -I/home/nathan/secure-exec-wasmgui/experiments/wasm-gui/toolchain/compat-include -include /home/nathan/secure-exec-wasmgui/experiments/wasm-gui/toolchain/wasi-compat.h --target=wasm32-wasip1 --sysroot=/home/nathan/secure-exec/registry/native/c/sysroot -I/home/nathan/secure-exec-wasmgui/experiments/wasm-gui/third_party/wasm-prefix/include -I/home/nathan/secure-exec-wasmgui/experiments/wasm-gui/toolchain/compat-include -include /home/nathan/secure-exec-wasmgui/experiments/wasm-gui/toolchain/wasi-compat.h conftest.c >&5
conftest.c:116:24: error: 'test_array' declared as an array with a negative size
  116 | static int test_array [1 - 2 * !(((long int) offsetof (ac__type_alignof_, y)) <= 0)];
      |                        ^~~~~~~~~~~~~~~~~~~~~~~~~~~~~~~~~~~~~~~~~~~~~~~~~~~~~~~~~~~~
1 error generated.
configure:20697: $? = 1
configure: failed program was:
| /* confdefs.h */
| #define PACKAGE_NAME "fontconfig"
| #define PACKAGE_TARNAME "fontconfig"
| #define PACKAGE_VERSION "2.14.2"
| #define PACKAGE_STRING "fontconfig 2.14.2"
| #define PACKAGE_BUGREPORT "https://gitlab.freedesktop.org/fontconfig/fontconfig/issues/new"
| #define PACKAGE_URL ""
| #define PACKAGE "fontconfig"
| #define VERSION "2.14.2"
| #define HAVE_STDIO_H 1
| #define HAVE_STDLIB_H 1
| #define HAVE_STRING_H 1
| #define HAVE_INTTYPES_H 1
| #define HAVE_STDINT_H 1
| #define HAVE_STRINGS_H 1
| #define HAVE_SYS_STAT_H 1
| #define HAVE_SYS_TYPES_H 1
| #define HAVE_UNISTD_H 1
| #define HAVE_WCHAR_H 1
| #define HAVE_SYS_PARAM_H 1
| #define STDC_HEADERS 1
| #define _ALL_SOURCE 1
| #define _DARWIN_C_SOURCE 1
| #define _GNU_SOURCE 1
| #define _HPUX_ALT_XOPEN_SOCKET_API 1
| #define _NETBSD_SOURCE 1
| #define _OPENBSD_SOURCE 1
| #define _POSIX_PTHREAD_SEMANTICS 1
| #define __STDC_WANT_IEC_60559_ATTRIBS_EXT__ 1
| #define __STDC_WANT_IEC_60559_BFP_EXT__ 1
| #define __STDC_WANT_IEC_60559_DFP_EXT__ 1
| #define __STDC_WANT_IEC_60559_FUNCS_EXT__ 1
| #define __STDC_WANT_IEC_60559_TYPES_EXT__ 1
| #define __STDC_WANT_LIB_EXT2__ 1
| #define __STDC_WANT_MATH_SPEC_FUNCS__ 1
| #define _TANDEM_SOURCE 1
| #define __EXTENSIONS__ 1
| #define HAVE_DLFCN_H 1
| #define LT_OBJDIR ".libs/"
| #define GETTEXT_PACKAGE "fontconfig"
| #define HAVE_ICONV 1
| #define HAVE_WARNING_CPP_DIRECTIVE 1
| #define HAVE_DIRENT_H 1
| #define HAVE_DIRENT_H 1
| #define HAVE_FCNTL_H 1
| #define HAVE_STDLIB_H 1
| #define HAVE_STRING_H 1
| #define HAVE_UNISTD_H 1
| #define HAVE_SYS_STATVFS_H 1
| #define HAVE_SYS_PARAM_H 1
| #define FLEXIBLE_ARRAY_MEMBER /**/
| #define HAVE_VPRINTF 1
| #define HAVE_GETPAGESIZE 1
| #define HAVE_LINK 1
| #define HAVE_GETOPT 1
| #define HAVE_GETOPT_LONG 1
| #define HAVE_RAND 1
| #define HAVE_RANDOM 1
| #define HAVE_LRAND48 1
| #define HAVE_RAND_R 1
| #define HAVE_READLINK 1
| #define HAVE_FSTATVFS 1
| #define HAVE_LSTAT 1
| #define HAVE_STRERROR 1
| #define HAVE_STRERROR_R 1
| #define HAVE_POSIX_FADVISE 1
| #define HAVE_STRUCT_STAT_ST_MTIM 1
| #define HAVE_STRUCT_DIRENT_D_TYPE 1
| #define FC_GPERF_SIZE_T size_t
| #define USE_ICONV 0
| #define HAVE_FT_GET_BDF_PROPERTY 1
| #define HAVE_FT_GET_PS_FONT_INFO 1
| #define HAVE_FT_HAS_PS_GLYPH_NAMES 1
| #define HAVE_FT_GET_X11_FONT_FORMAT 1
| #define HAVE_FT_DONE_MM_VAR 1
| #define HAVE_XML_SETDOCTYPEDECLHANDLER 1
| #define FC_DEFAULT_FONTS "<dir>/fonts</dir>"
| #define FC_ADD_FONTS "yes"
| #define HAVE_STDATOMIC_PRIMITIVES 1
| #define HAVE_INTEL_ATOMIC_PRIMITIVES 1
| #define SIZEOF_VOID_P 4
| #define ALIGNOF_DOUBLE 8
| /* end confdefs.h.  */
| #include <stddef.h>
| #ifdef HAVE_STDIO_H
| # include <stdio.h>
| #endif
| #ifdef HAVE_STDLIB_H
| # include <stdlib.h>
| #endif
| #ifdef HAVE_STRING_H
| # include <string.h>
| #endif
| #ifdef HAVE_INTTYPES_H
| # include <inttypes.h>
| #endif
| #ifdef HAVE_STDINT_H
| # include <stdint.h>
| #endif
| #ifdef HAVE_STRINGS_H
| # include <strings.h>
| #endif
| #ifdef HAVE_SYS_TYPES_H
| # include <sys/types.h>
| #endif
| #ifdef HAVE_SYS_STAT_H
| # include <sys/stat.h>
| #endif
| #ifdef HAVE_UNISTD_H
| # include <unistd.h>
| #endif
| typedef struct { char x; void * y; } ac__type_alignof_;
| int
| main (void)
| {
| static int test_array [1 - 2 * !(((long int) offsetof (ac__type_alignof_, y)) <= 0)];
| test_array [0] = 0;
| return test_array [0];
| 
|   ;
|   return 0;
| }
configure:20697: /home/nathan/secure-exec/registry/native/c/vendor/wasi-sdk/bin/clang -c --target=wasm32-wasip1 --sysroot=/home/nathan/secure-exec/registry/native/c/sysroot -O2 -D_WASI_EMULATED_MMAN -D_WASI_EMULATED_PROCESS_CLOCKS -D_GNU_SOURCE -mllvm -wasm-enable-sjlj -Wno-error=implicit-function-declaration -Wno-error=int-conversion -Wno-int-conversion -I/home/nathan/secure-exec-wasmgui/experiments/wasm-gui/toolchain/compat-include -include /home/nathan/secure-exec-wasmgui/experiments/wasm-gui/toolchain/wasi-compat.h --target=wasm32-wasip1 --sysroot=/home/nathan/secure-exec/registry/native/c/sysroot -I/home/nathan/secure-exec-wasmgui/experiments/wasm-gui/third_party/wasm-prefix/include -I/home/nathan/secure-exec-wasmgui/experiments/wasm-gui/toolchain/compat-include -include /home/nathan/secure-exec-wasmgui/experiments/wasm-gui/toolchain/wasi-compat.h conftest.c >&5
conftest.c:116:24: error: 'test_array' declared as an array with a negative size
  116 | static int test_array [1 - 2 * !(((long int) offsetof (ac__type_alignof_, y)) <= 1)];
      |                        ^~~~~~~~~~~~~~~~~~~~~~~~~~~~~~~~~~~~~~~~~~~~~~~~~~~~~~~~~~~~
1 error generated.
configure:20697: $? = 1
configure: failed program was:
| /* confdefs.h */
| #define PACKAGE_NAME "fontconfig"
| #define PACKAGE_TARNAME "fontconfig"
| #define PACKAGE_VERSION "2.14.2"
| #define PACKAGE_STRING "fontconfig 2.14.2"
| #define PACKAGE_BUGREPORT "https://gitlab.freedesktop.org/fontconfig/fontconfig/issues/new"
| #define PACKAGE_URL ""
| #define PACKAGE "fontconfig"
| #define VERSION "2.14.2"
| #define HAVE_STDIO_H 1
| #define HAVE_STDLIB_H 1
| #define HAVE_STRING_H 1
| #define HAVE_INTTYPES_H 1
| #define HAVE_STDINT_H 1
| #define HAVE_STRINGS_H 1
| #define HAVE_SYS_STAT_H 1
| #define HAVE_SYS_TYPES_H 1
| #define HAVE_UNISTD_H 1
| #define HAVE_WCHAR_H 1
| #define HAVE_SYS_PARAM_H 1
| #define STDC_HEADERS 1
| #define _ALL_SOURCE 1
| #define _DARWIN_C_SOURCE 1
| #define _GNU_SOURCE 1
| #define _HPUX_ALT_XOPEN_SOCKET_API 1
| #define _NETBSD_SOURCE 1
| #define _OPENBSD_SOURCE 1
| #define _POSIX_PTHREAD_SEMANTICS 1
| #define __STDC_WANT_IEC_60559_ATTRIBS_EXT__ 1
| #define __STDC_WANT_IEC_60559_BFP_EXT__ 1
| #define __STDC_WANT_IEC_60559_DFP_EXT__ 1
| #define __STDC_WANT_IEC_60559_FUNCS_EXT__ 1
| #define __STDC_WANT_IEC_60559_TYPES_EXT__ 1
| #define __STDC_WANT_LIB_EXT2__ 1
| #define __STDC_WANT_MATH_SPEC_FUNCS__ 1
| #define _TANDEM_SOURCE 1
| #define __EXTENSIONS__ 1
| #define HAVE_DLFCN_H 1
| #define LT_OBJDIR ".libs/"
| #define GETTEXT_PACKAGE "fontconfig"
| #define HAVE_ICONV 1
| #define HAVE_WARNING_CPP_DIRECTIVE 1
| #define HAVE_DIRENT_H 1
| #define HAVE_DIRENT_H 1
| #define HAVE_FCNTL_H 1
| #define HAVE_STDLIB_H 1
| #define HAVE_STRING_H 1
| #define HAVE_UNISTD_H 1
| #define HAVE_SYS_STATVFS_H 1
| #define HAVE_SYS_PARAM_H 1
| #define FLEXIBLE_ARRAY_MEMBER /**/
| #define HAVE_VPRINTF 1
| #define HAVE_GETPAGESIZE 1
| #define HAVE_LINK 1
| #define HAVE_GETOPT 1
| #define HAVE_GETOPT_LONG 1
| #define HAVE_RAND 1
| #define HAVE_RANDOM 1
| #define HAVE_LRAND48 1
| #define HAVE_RAND_R 1
| #define HAVE_READLINK 1
| #define HAVE_FSTATVFS 1
| #define HAVE_LSTAT 1
| #define HAVE_STRERROR 1
| #define HAVE_STRERROR_R 1
| #define HAVE_POSIX_FADVISE 1
| #define HAVE_STRUCT_STAT_ST_MTIM 1
| #define HAVE_STRUCT_DIRENT_D_TYPE 1
| #define FC_GPERF_SIZE_T size_t
| #define USE_ICONV 0
| #define HAVE_FT_GET_BDF_PROPERTY 1
| #define HAVE_FT_GET_PS_FONT_INFO 1
| #define HAVE_FT_HAS_PS_GLYPH_NAMES 1
| #define HAVE_FT_GET_X11_FONT_FORMAT 1
| #define HAVE_FT_DONE_MM_VAR 1
| #define HAVE_XML_SETDOCTYPEDECLHANDLER 1
| #define FC_DEFAULT_FONTS "<dir>/fonts</dir>"
| #define FC_ADD_FONTS "yes"
| #define HAVE_STDATOMIC_PRIMITIVES 1
| #define HAVE_INTEL_ATOMIC_PRIMITIVES 1
| #define SIZEOF_VOID_P 4
| #define ALIGNOF_DOUBLE 8
| /* end confdefs.h.  */
| #include <stddef.h>
| #ifdef HAVE_STDIO_H
| # include <stdio.h>
| #endif
| #ifdef HAVE_STDLIB_H
| # include <stdlib.h>
| #endif
| #ifdef HAVE_STRING_H
| # include <string.h>
| #endif
| #ifdef HAVE_INTTYPES_H
| # include <inttypes.h>
| #endif
| #ifdef HAVE_STDINT_H
| # include <stdint.h>
| #endif
| #ifdef HAVE_STRINGS_H
| # include <strings.h>
| #endif
| #ifdef HAVE_SYS_TYPES_H
| # include <sys/types.h>
| #endif
| #ifdef HAVE_SYS_STAT_H
| # include <sys/stat.h>
| #endif
| #ifdef HAVE_UNISTD_H
| # include <unistd.h>
| #endif
| typedef struct { char x; void * y; } ac__type_alignof_;
| int
| main (void)
| {
| static int test_array [1 - 2 * !(((long int) offsetof (ac__type_alignof_, y)) <= 1)];
| test_array [0] = 0;
| return test_array [0];
| 
|   ;
|   return 0;
| }
configure:20697: /home/nathan/secure-exec/registry/native/c/vendor/wasi-sdk/bin/clang -c --target=wasm32-wasip1 --sysroot=/home/nathan/secure-exec/registry/native/c/sysroot -O2 -D_WASI_EMULATED_MMAN -D_WASI_EMULATED_PROCESS_CLOCKS -D_GNU_SOURCE -mllvm -wasm-enable-sjlj -Wno-error=implicit-function-declaration -Wno-error=int-conversion -Wno-int-conversion -I/home/nathan/secure-exec-wasmgui/experiments/wasm-gui/toolchain/compat-include -include /home/nathan/secure-exec-wasmgui/experiments/wasm-gui/toolchain/wasi-compat.h --target=wasm32-wasip1 --sysroot=/home/nathan/secure-exec/registry/native/c/sysroot -I/home/nathan/secure-exec-wasmgui/experiments/wasm-gui/third_party/wasm-prefix/include -I/home/nathan/secure-exec-wasmgui/experiments/wasm-gui/toolchain/compat-include -include /home/nathan/secure-exec-wasmgui/experiments/wasm-gui/toolchain/wasi-compat.h conftest.c >&5
conftest.c:116:24: error: 'test_array' declared as an array with a negative size
  116 | static int test_array [1 - 2 * !(((long int) offsetof (ac__type_alignof_, y)) <= 3)];
      |                        ^~~~~~~~~~~~~~~~~~~~~~~~~~~~~~~~~~~~~~~~~~~~~~~~~~~~~~~~~~~~
1 error generated.
configure:20697: $? = 1
configure: failed program was:
| /* confdefs.h */
| #define PACKAGE_NAME "fontconfig"
| #define PACKAGE_TARNAME "fontconfig"
| #define PACKAGE_VERSION "2.14.2"
| #define PACKAGE_STRING "fontconfig 2.14.2"
| #define PACKAGE_BUGREPORT "https://gitlab.freedesktop.org/fontconfig/fontconfig/issues/new"
| #define PACKAGE_URL ""
| #define PACKAGE "fontconfig"
| #define VERSION "2.14.2"
| #define HAVE_STDIO_H 1
| #define HAVE_STDLIB_H 1
| #define HAVE_STRING_H 1
| #define HAVE_INTTYPES_H 1
| #define HAVE_STDINT_H 1
| #define HAVE_STRINGS_H 1
| #define HAVE_SYS_STAT_H 1
| #define HAVE_SYS_TYPES_H 1
| #define HAVE_UNISTD_H 1
| #define HAVE_WCHAR_H 1
| #define HAVE_SYS_PARAM_H 1
| #define STDC_HEADERS 1
| #define _ALL_SOURCE 1
| #define _DARWIN_C_SOURCE 1
| #define _GNU_SOURCE 1
| #define _HPUX_ALT_XOPEN_SOCKET_API 1
| #define _NETBSD_SOURCE 1
| #define _OPENBSD_SOURCE 1
| #define _POSIX_PTHREAD_SEMANTICS 1
| #define __STDC_WANT_IEC_60559_ATTRIBS_EXT__ 1
| #define __STDC_WANT_IEC_60559_BFP_EXT__ 1
| #define __STDC_WANT_IEC_60559_DFP_EXT__ 1
| #define __STDC_WANT_IEC_60559_FUNCS_EXT__ 1
| #define __STDC_WANT_IEC_60559_TYPES_EXT__ 1
| #define __STDC_WANT_LIB_EXT2__ 1
| #define __STDC_WANT_MATH_SPEC_FUNCS__ 1
| #define _TANDEM_SOURCE 1
| #define __EXTENSIONS__ 1
| #define HAVE_DLFCN_H 1
| #define LT_OBJDIR ".libs/"
| #define GETTEXT_PACKAGE "fontconfig"
| #define HAVE_ICONV 1
| #define HAVE_WARNING_CPP_DIRECTIVE 1
| #define HAVE_DIRENT_H 1
| #define HAVE_DIRENT_H 1
| #define HAVE_FCNTL_H 1
| #define HAVE_STDLIB_H 1
| #define HAVE_STRING_H 1
| #define HAVE_UNISTD_H 1
| #define HAVE_SYS_STATVFS_H 1
| #define HAVE_SYS_PARAM_H 1
| #define FLEXIBLE_ARRAY_MEMBER /**/
| #define HAVE_VPRINTF 1
| #define HAVE_GETPAGESIZE 1
| #define HAVE_LINK 1
| #define HAVE_GETOPT 1
| #define HAVE_GETOPT_LONG 1
| #define HAVE_RAND 1
| #define HAVE_RANDOM 1
| #define HAVE_LRAND48 1
| #define HAVE_RAND_R 1
| #define HAVE_READLINK 1
| #define HAVE_FSTATVFS 1
| #define HAVE_LSTAT 1
| #define HAVE_STRERROR 1
| #define HAVE_STRERROR_R 1
| #define HAVE_POSIX_FADVISE 1
| #define HAVE_STRUCT_STAT_ST_MTIM 1
| #define HAVE_STRUCT_DIRENT_D_TYPE 1
| #define FC_GPERF_SIZE_T size_t
| #define USE_ICONV 0
| #define HAVE_FT_GET_BDF_PROPERTY 1
| #define HAVE_FT_GET_PS_FONT_INFO 1
| #define HAVE_FT_HAS_PS_GLYPH_NAMES 1
| #define HAVE_FT_GET_X11_FONT_FORMAT 1
| #define HAVE_FT_DONE_MM_VAR 1
| #define HAVE_XML_SETDOCTYPEDECLHANDLER 1
| #define FC_DEFAULT_FONTS "<dir>/fonts</dir>"
| #define FC_ADD_FONTS "yes"
| #define HAVE_STDATOMIC_PRIMITIVES 1
| #define HAVE_INTEL_ATOMIC_PRIMITIVES 1
| #define SIZEOF_VOID_P 4
| #define ALIGNOF_DOUBLE 8
| /* end confdefs.h.  */
| #include <stddef.h>
| #ifdef HAVE_STDIO_H
| # include <stdio.h>
| #endif
| #ifdef HAVE_STDLIB_H
| # include <stdlib.h>
| #endif
| #ifdef HAVE_STRING_H
| # include <string.h>
| #endif
| #ifdef HAVE_INTTYPES_H
| # include <inttypes.h>
| #endif
| #ifdef HAVE_STDINT_H
| # include <stdint.h>
| #endif
| #ifdef HAVE_STRINGS_H
| # include <strings.h>
| #endif
| #ifdef HAVE_SYS_TYPES_H
| # include <sys/types.h>
| #endif
| #ifdef HAVE_SYS_STAT_H
| # include <sys/stat.h>
| #endif
| #ifdef HAVE_UNISTD_H
| # include <unistd.h>
| #endif
| typedef struct { char x; void * y; } ac__type_alignof_;
| int
| main (void)
| {
| static int test_array [1 - 2 * !(((long int) offsetof (ac__type_alignof_, y)) <= 3)];
| test_array [0] = 0;
| return test_array [0];
| 
|   ;
|   return 0;
| }
configure:20697: /home/nathan/secure-exec/registry/native/c/vendor/wasi-sdk/bin/clang -c --target=wasm32-wasip1 --sysroot=/home/nathan/secure-exec/registry/native/c/sysroot -O2 -D_WASI_EMULATED_MMAN -D_WASI_EMULATED_PROCESS_CLOCKS -D_GNU_SOURCE -mllvm -wasm-enable-sjlj -Wno-error=implicit-function-declaration -Wno-error=int-conversion -Wno-int-conversion -I/home/nathan/secure-exec-wasmgui/experiments/wasm-gui/toolchain/compat-include -include /home/nathan/secure-exec-wasmgui/experiments/wasm-gui/toolchain/wasi-compat.h --target=wasm32-wasip1 --sysroot=/home/nathan/secure-exec/registry/native/c/sysroot -I/home/nathan/secure-exec-wasmgui/experiments/wasm-gui/third_party/wasm-prefix/include -I/home/nathan/secure-exec-wasmgui/experiments/wasm-gui/toolchain/compat-include -include /home/nathan/secure-exec-wasmgui/experiments/wasm-gui/toolchain/wasi-compat.h conftest.c >&5
configure:20697: $? = 0
configure:20697: /home/nathan/secure-exec/registry/native/c/vendor/wasi-sdk/bin/clang -c --target=wasm32-wasip1 --sysroot=/home/nathan/secure-exec/registry/native/c/sysroot -O2 -D_WASI_EMULATED_MMAN -D_WASI_EMULATED_PROCESS_CLOCKS -D_GNU_SOURCE -mllvm -wasm-enable-sjlj -Wno-error=implicit-function-declaration -Wno-error=int-conversion -Wno-int-conversion -I/home/nathan/secure-exec-wasmgui/experiments/wasm-gui/toolchain/compat-include -include /home/nathan/secure-exec-wasmgui/experiments/wasm-gui/toolchain/wasi-compat.h --target=wasm32-wasip1 --sysroot=/home/nathan/secure-exec/registry/native/c/sysroot -I/home/nathan/secure-exec-wasmgui/experiments/wasm-gui/third_party/wasm-prefix/include -I/home/nathan/secure-exec-wasmgui/experiments/wasm-gui/toolchain/compat-include -include /home/nathan/secure-exec-wasmgui/experiments/wasm-gui/toolchain/wasi-compat.h conftest.c >&5
configure:20697: $? = 0
configure:20697: /home/nathan/secure-exec/registry/native/c/vendor/wasi-sdk/bin/clang -c --target=wasm32-wasip1 --sysroot=/home/nathan/secure-exec/registry/native/c/sysroot -O2 -D_WASI_EMULATED_MMAN -D_WASI_EMULATED_PROCESS_CLOCKS -D_GNU_SOURCE -mllvm -wasm-enable-sjlj -Wno-error=implicit-function-declaration -Wno-error=int-conversion -Wno-int-conversion -I/home/nathan/secure-exec-wasmgui/experiments/wasm-gui/toolchain/compat-include -include /home/nathan/secure-exec-wasmgui/experiments/wasm-gui/toolchain/wasi-compat.h --target=wasm32-wasip1 --sysroot=/home/nathan/secure-exec/registry/native/c/sysroot -I/home/nathan/secure-exec-wasmgui/experiments/wasm-gui/third_party/wasm-prefix/include -I/home/nathan/secure-exec-wasmgui/experiments/wasm-gui/toolchain/compat-include -include /home/nathan/secure-exec-wasmgui/experiments/wasm-gui/toolchain/wasi-compat.h conftest.c >&5
configure:20697: $? = 0
configure:20713: result: 4
configure:20830: checking that generated files are newer than configure
configure:20836: result: done
configure:20904: creating ./config.status

## ---------------------- ##
## Running config.status. ##
## ---------------------- ##

This file was extended by fontconfig config.status 2.14.2, which was
generated by GNU Autoconf 2.71.  Invocation command line was

  CONFIG_FILES    = 
  CONFIG_HEADERS  = 
  CONFIG_LINKS    = 
  CONFIG_COMMANDS = 
  $ ./config.status 

on nathan-dev

config.status:1298: creating Makefile
config.status:1298: creating fontconfig/Makefile
config.status:1298: creating fc-lang/Makefile
config.status:1298: creating fc-case/Makefile
config.status:1298: creating src/Makefile
config.status:1298: creating conf.d/Makefile
config.status:1298: creating fc-cache/Makefile
config.status:1298: creating fc-cat/Makefile
config.status:1298: creating fc-conflist/Makefile
config.status:1298: creating fc-list/Makefile
config.status:1298: creating fc-match/Makefile
config.status:1298: creating fc-pattern/Makefile
config.status:1298: creating fc-query/Makefile
config.status:1298: creating fc-scan/Makefile
config.status:1298: creating fc-validate/Makefile
config.status:1298: creating doc/Makefile
config.status:1298: creating doc/version.sgml
config.status:1298: creating its/Makefile
config.status:1298: creating po/Makefile.in
config.status:1298: creating po-conf/Makefile.in
config.status:1298: creating test/Makefile
config.status:1298: creating fontconfig.pc
config.status:1298: creating fontconfig-zip
config.status:1298: creating config.h
config.status:1479: config.h is unchanged
config.status:1527: executing depfiles commands
config.status:1604: cd src       && sed -e '/# am--include-marker/d' Makefile         | make -f - am--depfiles
make: Nothing to be done for 'am--depfiles'.
config.status:1609: $? = 0
config.status:1604: cd fc-cache       && sed -e '/# am--include-marker/d' Makefile         | make -f - am--depfiles
make: Nothing to be done for 'am--depfiles'.
config.status:1609: $? = 0
config.status:1604: cd fc-cat       && sed -e '/# am--include-marker/d' Makefile         | make -f - am--depfiles
make: Nothing to be done for 'am--depfiles'.
config.status:1609: $? = 0
config.status:1604: cd fc-conflist       && sed -e '/# am--include-marker/d' Makefile         | make -f - am--depfiles
make: Nothing to be done for 'am--depfiles'.
config.status:1609: $? = 0
config.status:1604: cd fc-list       && sed -e '/# am--include-marker/d' Makefile         | make -f - am--depfiles
make: Nothing to be done for 'am--depfiles'.
config.status:1609: $? = 0
config.status:1604: cd fc-match       && sed -e '/# am--include-marker/d' Makefile         | make -f - am--depfiles
make: Nothing to be done for 'am--depfiles'.
config.status:1609: $? = 0
config.status:1604: cd fc-pattern       && sed -e '/# am--include-marker/d' Makefile         | make -f - am--depfiles
make: Nothing to be done for 'am--depfiles'.
config.status:1609: $? = 0
config.status:1604: cd fc-query       && sed -e '/# am--include-marker/d' Makefile         | make -f - am--depfiles
make: Nothing to be done for 'am--depfiles'.
config.status:1609: $? = 0
config.status:1604: cd fc-scan       && sed -e '/# am--include-marker/d' Makefile         | make -f - am--depfiles
make: Nothing to be done for 'am--depfiles'.
config.status:1609: $? = 0
config.status:1604: cd fc-validate       && sed -e '/# am--include-marker/d' Makefile         | make -f - am--depfiles
make: Nothing to be done for 'am--depfiles'.
config.status:1609: $? = 0
config.status:1604: cd test       && sed -e '/# am--include-marker/d' Makefile         | make -f - am--depfiles
make: Nothing to be done for 'am--depfiles'.
config.status:1609: $? = 0
config.status:1527: executing libtool commands
config.status:1527: executing po-directories commands
config.status:1527: executing src/fcstdint.h commands
config.status:2298: creating src/fcstdint.h : _FONTCONFIG_SRC_FCSTDINT_H
config.status:2730: src/fcstdint.h is unchanged

## ---------------- ##
## Cache variables. ##
## ---------------- ##

ac_cv_alignof_double=8
ac_cv_alignof_void_p=4
ac_cv_build=x86_64-pc-linux-gnux32
ac_cv_c_bigendian=no
ac_cv_c_compiler_gnu=yes
ac_cv_c_const=yes
ac_cv_c_flexmember=yes
ac_cv_c_inline=inline
ac_cv_c_undeclared_builtin_options=-fno-builtin
ac_cv_env_CC_FOR_BUILD_set=
ac_cv_env_CC_FOR_BUILD_value=
ac_cv_env_CC_set=set
ac_cv_env_CC_value=/home/nathan/secure-exec/registry/native/c/vendor/wasi-sdk/bin/clang
ac_cv_env_CFLAGS_set=set
ac_cv_env_CFLAGS_value='--target=wasm32-wasip1 --sysroot=/home/nathan/secure-exec/registry/native/c/sysroot -O2 -D_WASI_EMULATED_MMAN -D_WASI_EMULATED_PROCESS_CLOCKS -D_GNU_SOURCE -mllvm -wasm-enable-sjlj -Wno-error=implicit-function-declaration -Wno-error=int-conversion -Wno-int-conversion -I/home/nathan/secure-exec-wasmgui/experiments/wasm-gui/toolchain/compat-include -include /home/nathan/secure-exec-wasmgui/experiments/wasm-gui/toolchain/wasi-compat.h'
ac_cv_env_CPPFLAGS_set=set
ac_cv_env_CPPFLAGS_value='--target=wasm32-wasip1 --sysroot=/home/nathan/secure-exec/registry/native/c/sysroot -I/home/nathan/secure-exec-wasmgui/experiments/wasm-gui/third_party/wasm-prefix/include -I/home/nathan/secure-exec-wasmgui/experiments/wasm-gui/toolchain/compat-include -include /home/nathan/secure-exec-wasmgui/experiments/wasm-gui/toolchain/wasi-compat.h'
ac_cv_env_CPP_set=
ac_cv_env_CPP_value=
ac_cv_env_EXPAT_CFLAGS_set=
ac_cv_env_EXPAT_CFLAGS_value=
ac_cv_env_EXPAT_LIBS_set=
ac_cv_env_EXPAT_LIBS_value=
ac_cv_env_FREETYPE_CFLAGS_set=
ac_cv_env_FREETYPE_CFLAGS_value=
ac_cv_env_FREETYPE_LIBS_set=
ac_cv_env_FREETYPE_LIBS_value=
ac_cv_env_JSONC_CFLAGS_set=
ac_cv_env_JSONC_CFLAGS_value=
ac_cv_env_JSONC_LIBS_set=
ac_cv_env_JSONC_LIBS_value=
ac_cv_env_LDFLAGS_set=set
ac_cv_env_LDFLAGS_value='--target=wasm32-wasip1 --sysroot=/home/nathan/secure-exec/registry/native/c/sysroot -L/home/nathan/secure-exec-wasmgui/experiments/wasm-gui/third_party/wasm-prefix/lib -L/home/nathan/secure-exec/registry/native/c/vendor/wasi-sdk/share/wasi-sysroot/lib/wasm32-wasip1 -lwasi-emulated-mman -lwasi-emulated-process-clocks'
ac_cv_env_LIBS_set=
ac_cv_env_LIBS_value=
ac_cv_env_LIBXML2_CFLAGS_set=
ac_cv_env_LIBXML2_CFLAGS_value=
ac_cv_env_LIBXML2_LIBS_set=
ac_cv_env_LIBXML2_LIBS_value=
ac_cv_env_LT_SYS_LIBRARY_PATH_set=
ac_cv_env_LT_SYS_LIBRARY_PATH_value=
ac_cv_env_PKG_CONFIG_LIBDIR_set=set
ac_cv_env_PKG_CONFIG_LIBDIR_value=/home/nathan/secure-exec-wasmgui/experiments/wasm-gui/third_party/wasm-prefix/lib/pkgconfig:/home/nathan/secure-exec-wasmgui/experiments/wasm-gui/third_party/wasm-prefix/share/pkgconfig
ac_cv_env_PKG_CONFIG_PATH_set=set
ac_cv_env_PKG_CONFIG_PATH_value=
ac_cv_env_PKG_CONFIG_set=
ac_cv_env_PKG_CONFIG_value=
ac_cv_env_PYTHON_set=
ac_cv_env_PYTHON_value=
ac_cv_env_build_alias_set=
ac_cv_env_build_alias_value=
ac_cv_env_host_alias_set=set
ac_cv_env_host_alias_value=wasm32-wasi
ac_cv_env_target_alias_set=
ac_cv_env_target_alias_value=
ac_cv_func_FT_Done_MM_Var=yes
ac_cv_func_FT_Get_BDF_Property=yes
ac_cv_func_FT_Get_PS_Font_Info=yes
ac_cv_func_FT_Get_X11_Font_Format=yes
ac_cv_func_FT_Has_PS_Glyph_Names=yes
ac_cv_func_XML_SetDoctypeDeclHandler=yes
ac_cv_func__mktemp_s=no
ac_cv_func_fstatfs=no
ac_cv_func_fstatvfs=yes
ac_cv_func_getexecname=no
ac_cv_func_getopt=yes
ac_cv_func_getopt_long=yes
ac_cv_func_getpagesize=yes
ac_cv_func_getprogname=no
ac_cv_func_link=yes
ac_cv_func_lrand48=yes
ac_cv_func_lstat=yes
ac_cv_func_mkdtemp=no
ac_cv_func_mkostemp=no
ac_cv_func_mkstemp=no
ac_cv_func_mmap_fixed_mapped=no
ac_cv_func_rand=yes
ac_cv_func_rand_r=yes
ac_cv_func_random=yes
ac_cv_func_random_r=no
ac_cv_func_readlink=yes
ac_cv_func_strerror=yes
ac_cv_func_strerror_r=yes
ac_cv_func_vprintf=yes
ac_cv_have_decl___SUNPRO_C=no
ac_cv_header_dirent_dirent_h=yes
ac_cv_header_dirent_h=yes
ac_cv_header_dlfcn_h=yes
ac_cv_header_expat_h=yes
ac_cv_header_fcntl_h=yes
ac_cv_header_inttypes_h=yes
ac_cv_header_minix_config_h=no
ac_cv_header_stdint=stdint.h
ac_cv_header_stdint_h=yes
ac_cv_header_stdint_t=stdint.h
ac_cv_header_stdio_h=yes
ac_cv_header_stdlib_h=yes
ac_cv_header_string_h=yes
ac_cv_header_strings_h=yes
ac_cv_header_sys_mount_h=no
ac_cv_header_sys_param_h=yes
ac_cv_header_sys_stat_h=yes
ac_cv_header_sys_statfs_h=no
ac_cv_header_sys_statvfs_h=yes
ac_cv_header_sys_types_h=yes
ac_cv_header_sys_vfs_h=no
ac_cv_header_unistd_h=yes
ac_cv_header_wchar_h=yes
ac_cv_host=wasm32-unknown-wasi
ac_cv_member_struct_dirent_d_type=yes
ac_cv_member_struct_stat_st_mtim=yes
ac_cv_member_struct_statvfs_f_basetype=no
ac_cv_member_struct_statvfs_f_fstypename=no
ac_cv_objext=o
ac_cv_path_EGREP='/usr/bin/grep -E'
ac_cv_path_FGREP='/usr/bin/grep -F'
ac_cv_path_GMSGFMT=:
ac_cv_path_GREP=/usr/bin/grep
ac_cv_path_MSGFMT=:
ac_cv_path_MSGMERGE=:
ac_cv_path_PYTHON=/home/linuxbrew/.linuxbrew/bin/python3
ac_cv_path_SED=/usr/bin/sed
ac_cv_path_XGETTEXT=:
ac_cv_path_ac_pt_PKG_CONFIG=/usr/bin/pkg-config
ac_cv_path_install='/usr/bin/install -c'
ac_cv_path_lt_DD=/usr/bin/dd
ac_cv_path_mkdir=/usr/bin/mkdir
ac_cv_prog_AR=/home/nathan/secure-exec/registry/native/c/vendor/wasi-sdk/bin/llvm-ar
ac_cv_prog_AWK=mawk
ac_cv_prog_CC=/home/nathan/secure-exec/registry/native/c/vendor/wasi-sdk/bin/clang
ac_cv_prog_CPP='/home/nathan/secure-exec/registry/native/c/vendor/wasi-sdk/bin/clang -E'
ac_cv_prog_HASDOCBOOK=no
ac_cv_prog_RANLIB=/home/nathan/secure-exec/registry/native/c/vendor/wasi-sdk/bin/llvm-ranlib
ac_cv_prog_STRIP=strip
ac_cv_prog_ac_ct_DLLTOOL=dlltool
ac_cv_prog_ac_ct_DUMPBIN='link -dump'
ac_cv_prog_ac_ct_FILECMD=file
ac_cv_prog_ac_ct_MANIFEST_TOOL=mt
ac_cv_prog_ac_ct_OBJDUMP=objdump
ac_cv_prog_ac_ct_STRIP=strip
ac_cv_prog_ax_pthread_config=no
ac_cv_prog_cc_c11=
ac_cv_prog_cc_g=yes
ac_cv_prog_cc_stdc=
ac_cv_prog_make_make_set=yes
ac_cv_safe_to_define___extensions__=yes
ac_cv_search_opendir='none required'
ac_cv_should_define__xopen_source=no
ac_cv_sizeof_void_p=4
ac_cv_stdint_message='using gnu compiler clang version 19.1.5-wasi-sdk (https://github.com/llvm/llvm-project ab4b5a2db582958af1ee308a790cfdb42bd24720)'
ac_cv_stdint_result='(assuming C99 compatible system)'
ac_cv_sys_file_offset_bits=no
ac_cv_sys_largefile_CC=no
ac_cv_type_pid_t=yes
acl_cv_hardcode_direct=no
acl_cv_hardcode_libdir_flag_spec='${wl}-rpath ${wl}$libdir'
acl_cv_hardcode_libdir_separator=
acl_cv_hardcode_minus_L=no
acl_cv_libext=a
acl_cv_libname_spec='lib$name'
acl_cv_library_names_spec=
acl_cv_path_LD=/home/linuxbrew/.linuxbrew/bin/ld
acl_cv_prog_gnu_ld=yes
acl_cv_rpath=done
acl_cv_shlibext=so
acl_cv_wl=-Wl,
am_cv_CC_dependencies_compiler_type=gcc3
am_cv_func_iconv=yes
am_cv_func_iconv_works='guessing yes'
am_cv_lib_iconv=no
am_cv_make_support_nested_variables=yes
am_cv_pathless_PYTHON=python3
am_cv_prog_cc_c_o=yes
am_cv_python_platform=linux
am_cv_python_pyexecdir='${PYTHON_EXEC_PREFIX}/lib/python3.14/site-packages'
am_cv_python_pythondir='${PYTHON_PREFIX}/lib/python3.14/site-packages'
am_cv_python_version=3.14
bfd_cv_build_exeext=no
fc_cv_have_intel_atomic_primitives=true
fc_cv_have_solaris_atomic_ops=false
fc_cv_have_stdatomic_atomic_primitives=true
gt_cv_func_CFLocaleCopyCurrent=no
gt_cv_func_CFPreferencesCopyAppValue=no
gt_cv_func_gnugettext1_libc=no
gt_cv_func_gnugettext1_libintl=no
lt_cv_ar_at_file=@
lt_cv_deplibs_check_method=unknown
lt_cv_file_magic_cmd='$MAGIC_CMD'
lt_cv_file_magic_test_file=
lt_cv_ld_reload_flag=-r
lt_cv_nm_interface='BSD nm'
lt_cv_objdir=.libs
lt_cv_path_LD=/home/linuxbrew/.linuxbrew/bin/ld
lt_cv_path_NM=no
lt_cv_path_mainfest_tool=no
lt_cv_prog_compiler_c_o=yes
lt_cv_prog_compiler_pic='-fPIC -DPIC'
lt_cv_prog_compiler_pic_works=yes
lt_cv_prog_compiler_rtti_exceptions=yes
lt_cv_prog_compiler_static_works=yes
lt_cv_prog_gnu_ld=yes
lt_cv_sharedlib_from_linklib_cmd='printf %s\n'
lt_cv_sys_global_symbol_pipe=
lt_cv_sys_global_symbol_to_c_name_address='/usr/bin/sed -n -e '\''s/^: \(.*\) .*$/  {"\1", (void *) 0},/p'\'' -e '\''s/^[ABCDGIRSTW][ABCDGIRSTW]* .* \(.*\)$/  {"\1", (void *) \&\1},/p'\'''
lt_cv_sys_global_symbol_to_c_name_address_lib_prefix='/usr/bin/sed -n -e '\''s/^: \(.*\) .*$/  {"\1", (void *) 0},/p'\'' -e '\''s/^[ABCDGIRSTW][ABCDGIRSTW]* .* \(lib.*\)$/  {"\1", (void *) \&\1},/p'\'' -e '\''s/^[ABCDGIRSTW][ABCDGIRSTW]* .* \(.*\)$/  {"lib\1", (void *) \&\1},/p'\'''
lt_cv_sys_global_symbol_to_cdecl=
lt_cv_sys_global_symbol_to_import=
lt_cv_sys_max_cmd_len=1572864
lt_cv_to_host_file_cmd=func_convert_file_noop
lt_cv_to_tool_file_cmd=func_convert_file_noop
lt_cv_truncate_bin='/usr/bin/dd bs=4096 count=1'
pkg_cv_EXPAT_CFLAGS='-I/home/nathan/secure-exec-wasmgui/experiments/wasm-gui/third_party/wasm-prefix/include '
pkg_cv_EXPAT_LIBS='-L/home/nathan/secure-exec-wasmgui/experiments/wasm-gui/third_party/wasm-prefix/lib -lexpat '
pkg_cv_FREETYPE_CFLAGS='-I/home/nathan/secure-exec-wasmgui/experiments/wasm-gui/third_party/wasm-prefix/include/freetype2 -I/home/nathan/secure-exec-wasmgui/experiments/wasm-gui/third_party/wasm-prefix/include '
pkg_cv_FREETYPE_LIBS='-L/home/nathan/secure-exec-wasmgui/experiments/wasm-gui/third_party/wasm-prefix/lib -lfreetype -lz '

## ----------------- ##
## Output variables. ##
## ----------------- ##

ACLOCAL='${SHELL} '\''/home/nathan/secure-exec-wasmgui/experiments/wasm-gui/third_party/fontconfig/missing'\'' aclocal-1.16'
AMDEPBACKSLASH='\'
AMDEP_FALSE='#'
AMDEP_TRUE=''
AMTAR='$${TAR-tar}'
AM_BACKSLASH='\'
AM_DEFAULT_V='$(AM_DEFAULT_VERBOSITY)'
AM_DEFAULT_VERBOSITY='0'
AM_V='$(V)'
AR='/home/nathan/secure-exec/registry/native/c/vendor/wasi-sdk/bin/llvm-ar'
AS='as'
AUTOCONF='${SHELL} '\''/home/nathan/secure-exec-wasmgui/experiments/wasm-gui/third_party/fontconfig/missing'\'' autoconf'
AUTOHEADER='${SHELL} '\''/home/nathan/secure-exec-wasmgui/experiments/wasm-gui/third_party/fontconfig/missing'\'' autoheader'
AUTOMAKE='${SHELL} '\''/home/nathan/secure-exec-wasmgui/experiments/wasm-gui/third_party/fontconfig/missing'\'' automake-1.16'
AWK='mawk'
BASECONFIGDIR='${sysconfdir}/fonts'
CC='/home/nathan/secure-exec/registry/native/c/vendor/wasi-sdk/bin/clang'
CCDEPMODE='depmode=gcc3'
CC_FOR_BUILD='gcc'
CFLAGS='--target=wasm32-wasip1 --sysroot=/home/nathan/secure-exec/registry/native/c/sysroot -O2 -D_WASI_EMULATED_MMAN -D_WASI_EMULATED_PROCESS_CLOCKS -D_GNU_SOURCE -mllvm -wasm-enable-sjlj -Wno-error=implicit-function-declaration -Wno-error=int-conversion -Wno-int-conversion -I/home/nathan/secure-exec-wasmgui/experiments/wasm-gui/toolchain/compat-include -include /home/nathan/secure-exec-wasmgui/experiments/wasm-gui/toolchain/wasi-compat.h'
CONFIGDIR='${BASECONFIGDIR}/conf.d'
CPP='/home/nathan/secure-exec/registry/native/c/vendor/wasi-sdk/bin/clang -E'
CPPFLAGS='--target=wasm32-wasip1 --sysroot=/home/nathan/secure-exec/registry/native/c/sysroot -I/home/nathan/secure-exec-wasmgui/experiments/wasm-gui/third_party/wasm-prefix/include -I/home/nathan/secure-exec-wasmgui/experiments/wasm-gui/toolchain/compat-include -include /home/nathan/secure-exec-wasmgui/experiments/wasm-gui/toolchain/wasi-compat.h'
CROSS_COMPILING_FALSE='#'
CROSS_COMPILING_TRUE=''
CSCOPE='cscope'
CTAGS='ctags'
CYGPATH_W='echo'
DEFS='-DHAVE_CONFIG_H'
DEPDIR='.deps'
DLLTOOL='dlltool'
DOCMAN3=''
DSYMUTIL=''
DUMPBIN=':'
ECHO_C=''
ECHO_N='-n'
ECHO_T=''
EGREP='/usr/bin/grep -E'
ENABLE_CACHE_BUILD_FALSE=''
ENABLE_CACHE_BUILD_TRUE='#'
ENABLE_DOCS_FALSE=''
ENABLE_DOCS_TRUE='#'
ENABLE_JSONC_FALSE=''
ENABLE_JSONC_TRUE='#'
ENABLE_SHARED_FALSE=''
ENABLE_SHARED_TRUE='#'
ETAGS='etags'
EXEEXT=''
EXEEXT_FOR_BUILD=''
EXPAT_CFLAGS='-I/home/nathan/secure-exec-wasmgui/experiments/wasm-gui/third_party/wasm-prefix/include '
EXPAT_LIBS='-L/home/nathan/secure-exec-wasmgui/experiments/wasm-gui/third_party/wasm-prefix/lib -lexpat '
FC_ADD_FONTS=''
FC_CACHEDIR='/var/cache/fontconfig'
FC_DEFAULT_FONTS='<dir>/fonts</dir>'
FC_FONTDATE='Sat Jun 20 15:45:02 PDT 2026'
FC_FONTPATH=''
FGREP='/usr/bin/grep -F'
FILECMD='file'
FREETYPE_CFLAGS='-I/home/nathan/secure-exec-wasmgui/experiments/wasm-gui/third_party/wasm-prefix/include/freetype2 -I/home/nathan/secure-exec-wasmgui/experiments/wasm-gui/third_party/wasm-prefix/include '
FREETYPE_LIBS='-L/home/nathan/secure-exec-wasmgui/experiments/wasm-gui/third_party/wasm-prefix/lib -lfreetype -lz '
FREETYPE_PCF_LONG_FAMILY_NAMES_FALSE=''
FREETYPE_PCF_LONG_FAMILY_NAMES_TRUE='#'
GETTEXT_MACRO_VERSION='0.19'
GETTEXT_PACKAGE='fontconfig'
GIT='${SHELL} '\''/home/nathan/secure-exec-wasmgui/experiments/wasm-gui/third_party/fontconfig/missing'\'' git'
GMSGFMT=':'
GMSGFMT_015=':'
GPERF='${SHELL} '\''/home/nathan/secure-exec-wasmgui/experiments/wasm-gui/third_party/fontconfig/missing'\'' gperf'
GREP='/usr/bin/grep'
HASDOCBOOK='no'
HAVE_PTHREAD_FALSE=''
HAVE_PTHREAD_TRUE='#'
HAVE_XMLPARSE_H=''
ICONV_CFLAGS=''
ICONV_LIBS=''
INSTALL_DATA='${INSTALL} -m 644'
INSTALL_PROGRAM='${INSTALL}'
INSTALL_SCRIPT='${INSTALL}'
INSTALL_STRIP_PROGRAM='$(install_sh) -c -s'
INTLLIBS=''
INTL_MACOSX_LIBS=''
JSONC_CFLAGS=''
JSONC_LIBS=''
LD='/home/linuxbrew/.linuxbrew/bin/ld'
LDFLAGS='--target=wasm32-wasip1 --sysroot=/home/nathan/secure-exec/registry/native/c/sysroot -L/home/nathan/secure-exec-wasmgui/experiments/wasm-gui/third_party/wasm-prefix/lib -L/home/nathan/secure-exec/registry/native/c/vendor/wasi-sdk/share/wasi-sysroot/lib/wasm32-wasip1 -lwasi-emulated-mman -lwasi-emulated-process-clocks'
LIBICONV=''
LIBINTL=''
LIBOBJS=''
LIBS=''
LIBTOOL='$(SHELL) $(top_builddir)/libtool'
LIBT_CURRENT='13'
LIBT_CURRENT_MINUS_AGE='1'
LIBT_REVISION='0'
LIBT_VERSION_INFO='13:0:12'
LIBXML2_CFLAGS=''
LIBXML2_LIBS=''
LIPO=''
LN_S='ln -s'
LTLIBICONV=''
LTLIBINTL=''
LTLIBOBJS=''
LT_SYS_LIBRARY_PATH=''
MAKEINFO='${SHELL} '\''/home/nathan/secure-exec-wasmgui/experiments/wasm-gui/third_party/fontconfig/missing'\'' makeinfo'
MANIFEST_TOOL=':'
MKDIR_P='/usr/bin/mkdir -p'
MSGFMT=':'
MSGFMT_015=':'
MSGMERGE=':'
MS_LIB_AVAILABLE_FALSE=''
MS_LIB_AVAILABLE_TRUE='#'
NM='nm'
NMEDIT=''
OBJDUMP='objdump'
OBJEXT='o'
OS_DARWIN_FALSE=''
OS_DARWIN_TRUE='#'
OS_WIN32_FALSE=''
OS_WIN32_TRUE='#'
OTOOL64=''
OTOOL=''
PACKAGE='fontconfig'
PACKAGE_BUGREPORT='https://gitlab.freedesktop.org/fontconfig/fontconfig/issues/new'
PACKAGE_NAME='fontconfig'
PACKAGE_STRING='fontconfig 2.14.2'
PACKAGE_TARNAME='fontconfig'
PACKAGE_URL=''
PACKAGE_VERSION='2.14.2'
PATH_SEPARATOR=':'
PKGCONFIG_REQUIRES=' freetype2 >= 21.0.15'
PKGCONFIG_REQUIRES_PRIVATELY=' expat'
PKG_CONFIG='/usr/bin/pkg-config'
PKG_CONFIG_LIBDIR='/home/nathan/secure-exec-wasmgui/experiments/wasm-gui/third_party/wasm-prefix/lib/pkgconfig:/home/nathan/secure-exec-wasmgui/experiments/wasm-gui/third_party/wasm-prefix/share/pkgconfig'
PKG_CONFIG_PATH=''
PKG_EXPAT_CFLAGS=''
PKG_EXPAT_LIBS=''
POSUB=''
PREFERRED_HINTING='slight'
PREFERRED_SUB_PIXEL_RENDERING='none'
PTHREAD_CC='/home/nathan/secure-exec/registry/native/c/vendor/wasi-sdk/bin/clang'
PTHREAD_CFLAGS=''
PTHREAD_LIBS=''
PYTHON='/home/linuxbrew/.linuxbrew/bin/python3'
PYTHON_EXEC_PREFIX='${exec_prefix}'
PYTHON_PLATFORM='linux'
PYTHON_PREFIX='${prefix}'
PYTHON_VERSION='3.14'
RANLIB='/home/nathan/secure-exec/registry/native/c/vendor/wasi-sdk/bin/llvm-ranlib'
RM='rm -f'
SED='/usr/bin/sed'
SET_MAKE=''
SHELL='/bin/bash'
STRIP='strip'
TEMPLATEDIR='${datadir}/fontconfig/conf.avail'
USEDOCBOOK_FALSE=''
USEDOCBOOK_TRUE='#'
USE_NLS='no'
VERSION='2.14.2'
WARN_CFLAGS='-Wall -Wpointer-arith -Wstrict-prototypes 	-Wmissing-prototypes -Wmissing-declarations 	-Wnested-externs -fno-strict-aliasing'
XGETTEXT=':'
XGETTEXT_015=':'
XGETTEXT_EXTRA_OPTIONS=''
XMLDIR='${datadir}/xml/fontconfig'
ac_ct_AR=''
ac_ct_CC=''
ac_ct_DUMPBIN='link -dump'
am__EXEEXT_FALSE=''
am__EXEEXT_TRUE='#'
am__fastdepCC_FALSE='#'
am__fastdepCC_TRUE=''
am__include='include'
am__isrc=''
am__leading_dot='.'
am__nodep='_no'
am__quote=''
am__tar='$${TAR-tar} chof - "$$tardir"'
am__untar='$${TAR-tar} xf -'
ax_pthread_config='no'
bindir='${exec_prefix}/bin'
build='x86_64-pc-linux-gnux32'
build_alias=''
build_cpu='x86_64'
build_os='linux-gnux32'
build_vendor='pc'
datadir='${datarootdir}'
datarootdir='${prefix}/share'
docdir='${datarootdir}/doc/${PACKAGE_TARNAME}'
dvidir='${docdir}'
exec_prefix='${prefix}'
fc_cachedir='/var/cache/fontconfig'
host='wasm32-unknown-wasi'
host_alias='wasm32-wasi'
host_cpu='wasm32'
host_os='wasi'
host_vendor='unknown'
htmldir='${docdir}'
includedir='${prefix}/include'
infodir='${datarootdir}/info'
install_sh='${SHELL} /home/nathan/secure-exec-wasmgui/experiments/wasm-gui/third_party/fontconfig/install-sh'
libdir='${exec_prefix}/lib'
libexecdir='${exec_prefix}/libexec'
localedir='${datarootdir}/locale'
localstatedir='${prefix}/var'
mandir='${datarootdir}/man'
mkdir_p='$(MKDIR_P)'
ms_librarian=''
oldincludedir='/usr/include'
pdfdir='${docdir}'
pkgconfigdir='${libdir}/pkgconfig'
pkgpyexecdir='${pyexecdir}/fontconfig'
pkgpythondir='${pythondir}/fontconfig'
prefix='/home/nathan/secure-exec-wasmgui/experiments/wasm-gui/third_party/wasm-prefix'
program_transform_name='s,x,x,'
psdir='${docdir}'
pyexecdir='${PYTHON_EXEC_PREFIX}/lib/python3.14/site-packages'
pythondir='${PYTHON_PREFIX}/lib/python3.14/site-packages'
runstatedir='${localstatedir}/run'
sbindir='${exec_prefix}/sbin'
sharedstatedir='${prefix}/com'
sysconfdir='/etc'
target_alias=''

## ----------- ##
## confdefs.h. ##
## ----------- ##

/* confdefs.h */
#define PACKAGE_NAME "fontconfig"
#define PACKAGE_TARNAME "fontconfig"
#define PACKAGE_VERSION "2.14.2"
#define PACKAGE_STRING "fontconfig 2.14.2"
#define PACKAGE_BUGREPORT "https://gitlab.freedesktop.org/fontconfig/fontconfig/issues/new"
#define PACKAGE_URL ""
#define PACKAGE "fontconfig"
#define VERSION "2.14.2"
#define HAVE_STDIO_H 1
#define HAVE_STDLIB_H 1
#define HAVE_STRING_H 1
#define HAVE_INTTYPES_H 1
#define HAVE_STDINT_H 1
#define HAVE_STRINGS_H 1
#define HAVE_SYS_STAT_H 1
#define HAVE_SYS_TYPES_H 1
#define HAVE_UNISTD_H 1
#define HAVE_WCHAR_H 1
#define HAVE_SYS_PARAM_H 1
#define STDC_HEADERS 1
#define _ALL_SOURCE 1
#define _DARWIN_C_SOURCE 1
#define _GNU_SOURCE 1
#define _HPUX_ALT_XOPEN_SOCKET_API 1
#define _NETBSD_SOURCE 1
#define _OPENBSD_SOURCE 1
#define _POSIX_PTHREAD_SEMANTICS 1
#define __STDC_WANT_IEC_60559_ATTRIBS_EXT__ 1
#define __STDC_WANT_IEC_60559_BFP_EXT__ 1
#define __STDC_WANT_IEC_60559_DFP_EXT__ 1
#define __STDC_WANT_IEC_60559_FUNCS_EXT__ 1
#define __STDC_WANT_IEC_60559_TYPES_EXT__ 1
#define __STDC_WANT_LIB_EXT2__ 1
#define __STDC_WANT_MATH_SPEC_FUNCS__ 1
#define _TANDEM_SOURCE 1
#define __EXTENSIONS__ 1
#define HAVE_DLFCN_H 1
#define LT_OBJDIR ".libs/"
#define GETTEXT_PACKAGE "fontconfig"
#define HAVE_ICONV 1
#define HAVE_WARNING_CPP_DIRECTIVE 1
#define HAVE_DIRENT_H 1
#define HAVE_DIRENT_H 1
#define HAVE_FCNTL_H 1
#define HAVE_STDLIB_H 1
#define HAVE_STRING_H 1
#define HAVE_UNISTD_H 1
#define HAVE_SYS_STATVFS_H 1
#define HAVE_SYS_PARAM_H 1
#define FLEXIBLE_ARRAY_MEMBER /**/
#define HAVE_VPRINTF 1
#define HAVE_GETPAGESIZE 1
#define HAVE_LINK 1
#define HAVE_GETOPT 1
#define HAVE_GETOPT_LONG 1
#define HAVE_RAND 1
#define HAVE_RANDOM 1
#define HAVE_LRAND48 1
#define HAVE_RAND_R 1
#define HAVE_READLINK 1
#define HAVE_FSTATVFS 1
#define HAVE_LSTAT 1
#define HAVE_STRERROR 1
#define HAVE_STRERROR_R 1
#define HAVE_POSIX_FADVISE 1
#define HAVE_STRUCT_STAT_ST_MTIM 1
#define HAVE_STRUCT_DIRENT_D_TYPE 1
#define FC_GPERF_SIZE_T size_t
#define USE_ICONV 0
#define HAVE_FT_GET_BDF_PROPERTY 1
#define HAVE_FT_GET_PS_FONT_INFO 1
#define HAVE_FT_HAS_PS_GLYPH_NAMES 1
#define HAVE_FT_GET_X11_FONT_FORMAT 1
#define HAVE_FT_DONE_MM_VAR 1
#define HAVE_XML_SETDOCTYPEDECLHANDLER 1
#define FC_DEFAULT_FONTS "<dir>/fonts</dir>"
#define FC_ADD_FONTS "yes"
#define HAVE_STDATOMIC_PRIMITIVES 1
#define HAVE_INTEL_ATOMIC_PRIMITIVES 1
#define SIZEOF_VOID_P 4
#define ALIGNOF_DOUBLE 8
#define ALIGNOF_VOID_P 4

configure: exit 0

## ---------------------- ##
## Running config.status. ##
## ---------------------- ##

This file was extended by fontconfig config.status 2.14.2, which was
generated by GNU Autoconf 2.71.  Invocation command line was

  CONFIG_FILES    = 
  CONFIG_HEADERS  = 
  CONFIG_LINKS    = 
  CONFIG_COMMANDS = 
  $ ./config.status src/fcstdint.h

on nathan-dev

config.status:1527: executing src/fcstdint.h commands
config.status:2298: creating src/fcstdint.h : _FONTCONFIG_SRC_FCSTDINT_H
config.status:2730: src/fcstdint.h is unchanged
