This file contains any messages produced by compilers while
running configure, to aid debugging if configure makes a mistake.

It was created by libxfce4ui configure 4.18.6, which was
generated by GNU Autoconf 2.72.  Invocation command line was

  $ ./configure --host=wasm32-wasi --prefix=/home/nathan/secure-exec-wasmgui/experiments/wasm-gui/third_party/wasm-prefix-threads --enable-static --disable-shared --disable-malloc0returnsnull --enable-static --disable-shared --disable-gtk-doc --disable-gtk-doc-html --disable-nls --disable-debug --disable-gobject-introspection --disable-vala --disable-glade --without-x11-extras

## --------- ##
## Platform. ##
## --------- ##

hostname = nathan-dev
uname -m = x86_64
uname -r = 6.1.0-41-amd64
uname -s = Linux
uname -v = #1 SMP PREEMPT_DYNAMIC Debian 6.1.158-1 (2025-11-09)

/usr/bin/uname -p = unknown
/bin/uname -X     = unknown

/bin/arch              = x86_64
/usr/bin/arch -k       = unknown
/usr/convex/getsysinfo = unknown
/usr/bin/hostinfo      = unknown
/bin/machine           = unknown
/usr/bin/oslevel       = unknown
/bin/universe          = unknown

PATH: /home/nathan/secure-exec-wasmgui/experiments/wasm-gui/toolchain/host-bin/
PATH: /home/linuxbrew/.linuxbrew/bin/
PATH: /home/nathan/misc/bun/bin/
PATH: /home/nathan/.bun/bin/
PATH: /home/nathan/.bun/bin/
PATH: /home/nathan/.bun/bin/
PATH: /home/nathan/.bun/bin/
PATH: /home/nathan/.wasmer/bin/
PATH: /home/nathan/.opencode/bin/
PATH: /home/nathan/.local/bin/
PATH: /home/nathan/.bun/bin/
PATH: /home/nathan/.cargo/bin/
PATH: /home/nathan/.nix-profile/bin/
PATH: /nix/var/nix/profiles/default/bin/
PATH: /home/linuxbrew/.linuxbrew/bin/
PATH: /home/linuxbrew/.linuxbrew/sbin/
PATH: /home/nathan/.local/bin/
PATH: /home/linuxbrew/.linuxbrew/opt/rustup/bin/
PATH: /home/nathan/.local/bin/
PATH: /home/nathan/.atuin/bin/
PATH: /home/nathan/misc/bun/bin/
PATH: /home/nathan/.bun/bin/
PATH: /home/nathan/.bun/bin/
PATH: /home/nathan/.bun/bin/
PATH: /home/nathan/.bun/bin/
PATH: /home/nathan/.wasmer/bin/
PATH: /home/nathan/.deno/bin/
PATH: /home/nathan/.opencode/bin/
PATH: /home/nathan/.local/bin/
PATH: /home/nathan/.bun/bin/
PATH: /home/nathan/.cargo/bin/
PATH: /home/nathan/.nix-profile/bin/
PATH: /nix/var/nix/profiles/default/bin/
PATH: /tmp/pnpm/
PATH: /home/linuxbrew/.linuxbrew/bin/
PATH: /home/linuxbrew/.linuxbrew/sbin/
PATH: /home/nathan/.nvm/versions/node/v24.13.0/bin/
PATH: /home/nathan/.nix-profile/bin/
PATH: /nix/var/nix/profiles/default/bin/
PATH: /usr/local/bin/
PATH: /usr/bin/
PATH: /bin/
PATH: /usr/local/games/
PATH: /usr/games/


## ----------- ##
## Core tests. ##
## ----------- ##

configure:2747: looking for aux files: ltmain.sh compile missing install-sh config.guess config.sub
configure:2760:  trying ./
configure:2789:   ./ltmain.sh found
configure:2789:   ./compile found
configure:2789:   ./missing found
configure:2771:   ./install-sh found
configure:2789:   ./config.guess found
configure:2789:   ./config.sub found
configure:2911: checking build system type
configure:2927: result: x86_64-pc-linux-gnux32
configure:2947: checking host system type
configure:2962: result: wasm32-unknown-wasi
configure:2982: checking target system type
configure:2997: result: wasm32-unknown-wasi
configure:3041: checking for a BSD-compatible install
configure:3115: result: /usr/bin/install -c
configure:3126: checking whether build environment is sane
configure:3181: result: yes
configure:3237: checking for wasm32-wasi-strip
configure:3273: result: no
configure:3283: checking for strip
configure:3304: found /home/linuxbrew/.linuxbrew/bin/strip
configure:3316: result: strip
configure:3342: checking for a race-free mkdir -p
configure:3385: result: /usr/bin/mkdir -p
configure:3392: checking for gawk
configure:3428: result: no
configure:3392: checking for mawk
configure:3413: found /usr/bin/mawk
configure:3425: result: mawk
configure:3436: checking whether make sets $(MAKE)
configure:3460: result: yes
configure:3490: checking whether make supports nested variables
configure:3509: result: yes
configure:3594: checking whether UID '1000' is supported by ustar format
configure:3597: result: yes
configure:3604: checking whether GID '1000' is supported by ustar format
configure:3607: result: yes
configure:3615: checking how to create a ustar tar archive
configure:3626: tar --version
tar (GNU tar) 1.34
Copyright (C) 2021 Free Software Foundation, Inc.
License GPLv3+: GNU GPL version 3 or later <https://gnu.org/licenses/gpl.html>.
This is free software: you are free to change and redistribute it.
There is NO WARRANTY, to the extent permitted by law.

Written by John Gilmore and Jay Fenlason.
configure:3629: $? = 0
configure:3669: tardir=conftest.dir && eval tar --format=ustar -chf - "$tardir" >conftest.tar
configure:3672: $? = 0
configure:3676: tar -xf - <conftest.tar
configure:3679: $? = 0
configure:3681: cat conftest.dir/file
GrepMe
configure:3684: $? = 0
configure:3699: result: gnutar
configure:3766: checking whether to enable maintainer-specific portions of Makefiles
configure:3777: result: no
configure:3802: checking whether make supports nested variables
configure:3821: result: yes
configure:3846: checking whether make supports the include directive
configure:3861: make -f confmf.GNU && cat confinc.out
this is the am__doit target
configure:3864: $? = 0
configure:3883: result: yes (GNU style)
configure:3914: checking for wasm32-wasi-gcc
configure:3947: result: /home/nathan/secure-exec-wasmgui/experiments/wasm-gui/toolchain/clang-wasi-wrap.sh
configure:4352: checking for C compiler version
configure:4361: /home/nathan/secure-exec-wasmgui/experiments/wasm-gui/toolchain/clang-wasi-wrap.sh --version >&5
clang version 19.1.5-wasi-sdk (https://github.com/llvm/llvm-project ab4b5a2db582958af1ee308a790cfdb42bd24720)
Target: wasm32-unknown-wasi
Thread model: posix
InstalledDir: /home/nathan/secure-exec/registry/native/c/vendor/wasi-sdk/bin
configure:4372: $? = 0
configure:4361: /home/nathan/secure-exec-wasmgui/experiments/wasm-gui/toolchain/clang-wasi-wrap.sh -v >&5
clang version 19.1.5-wasi-sdk (https://github.com/llvm/llvm-project ab4b5a2db582958af1ee308a790cfdb42bd24720)
Target: wasm32-unknown-wasi
Thread model: posix
InstalledDir: /home/nathan/secure-exec/registry/native/c/vendor/wasi-sdk/bin
configure:4372: $? = 0
configure:4361: /home/nathan/secure-exec-wasmgui/experiments/wasm-gui/toolchain/clang-wasi-wrap.sh -V >&5
clang: error: argument to '-V' is missing (expected 1 value)
clang: error: no input files
configure:4372: $? = 1
configure:4361: /home/nathan/secure-exec-wasmgui/experiments/wasm-gui/toolchain/clang-wasi-wrap.sh -qversion >&5
clang: error: unknown argument '-qversion'; did you mean '--version'?
clang: error: no input files
configure:4372: $? = 1
configure:4361: /home/nathan/secure-exec-wasmgui/experiments/wasm-gui/toolchain/clang-wasi-wrap.sh -version >&5
clang: error: unknown argument '-version'; did you mean '--version'?
clang: error: no input files
configure:4372: $? = 1
configure:4392: checking whether the C compiler works
configure:4414: /home/nathan/secure-exec-wasmgui/experiments/wasm-gui/toolchain/clang-wasi-wrap.sh --target=wasm32-wasip1-threads --sysroot=/home/nathan/secure-exec/registry/native/c/vendor/wasi-sdk/share/wasi-sysroot -O2 -pthread -matomics -mbulk-memory -DSECURE_EXEC_WASM_THREADS -D_WASI_EMULATED_SIGNAL -D_WASI_EMULATED_MMAN -D_WASI_EMULATED_PROCESS_CLOCKS -D_GNU_SOURCE -mllvm -wasm-enable-sjlj -Wno-error=implicit-function-declaration -Wno-error=int-conversion -Wno-int-conversion -I/home/nathan/secure-exec-wasmgui/experiments/wasm-gui/toolchain/compat-include -include /home/nathan/secure-exec-wasmgui/experiments/wasm-gui/toolchain/wasi-compat.h -I/home/nathan/secure-exec-wasmgui/experiments/wasm-gui/third_party/wasm-prefix-threads/include --target=wasm32-wasip1-threads --sysroot=/home/nathan/secure-exec/registry/native/c/vendor/wasi-sdk/share/wasi-sysroot -I/home/nathan/secure-exec-wasmgui/experiments/wasm-gui/third_party/wasm-prefix-threads/include -I/home/nathan/secure-exec-wasmgui/experiments/wasm-gui/toolchain/compat-include -include /home/nathan/secure-exec-wasmgui/experiments/wasm-gui/toolchain/wasi-compat.h --target=wasm32-wasip1-threads --sysroot=/home/nathan/secure-exec/registry/native/c/vendor/wasi-sdk/share/wasi-sysroot -Wl,--shared-memory -Wl,--import-memory -Wl,--export-memory -Wl,--max-memory=536870912 -Wl,--export=wasi_thread_start -Wl,--no-check-features -lwasi-emulated-signal -L/home/nathan/secure-exec-wasmgui/experiments/wasm-gui/third_party/wasm-prefix-threads/lib -L/home/nathan/secure-exec/registry/native/c/vendor/wasi-sdk/share/wasi-sysroot/lib/wasm32-wasip1-threads -lwasi-emulated-mman -lwasi-emulated-process-clocks -L/home/nathan/secure-exec-wasmgui/experiments/wasm-gui/third_party/wasm-prefix-threads/lib -lhostcompat conftest.c  >&5
configure:4418: $? = 0
configure:4469: result: yes
configure:4473: checking for C compiler default output file name
configure:4475: result: a.out
configure:4481: checking for suffix of executables
configure:4488: /home/nathan/secure-exec-wasmgui/experiments/wasm-gui/toolchain/clang-wasi-wrap.sh -o conftest --target=wasm32-wasip1-threads --sysroot=/home/nathan/secure-exec/registry/native/c/vendor/wasi-sdk/share/wasi-sysroot -O2 -pthread -matomics -mbulk-memory -DSECURE_EXEC_WASM_THREADS -D_WASI_EMULATED_SIGNAL -D_WASI_EMULATED_MMAN -D_WASI_EMULATED_PROCESS_CLOCKS -D_GNU_SOURCE -mllvm -wasm-enable-sjlj -Wno-error=implicit-function-declaration -Wno-error=int-conversion -Wno-int-conversion -I/home/nathan/secure-exec-wasmgui/experiments/wasm-gui/toolchain/compat-include -include /home/nathan/secure-exec-wasmgui/experiments/wasm-gui/toolchain/wasi-compat.h -I/home/nathan/secure-exec-wasmgui/experiments/wasm-gui/third_party/wasm-prefix-threads/include --target=wasm32-wasip1-threads --sysroot=/home/nathan/secure-exec/registry/native/c/vendor/wasi-sdk/share/wasi-sysroot -I/home/nathan/secure-exec-wasmgui/experiments/wasm-gui/third_party/wasm-prefix-threads/include -I/home/nathan/secure-exec-wasmgui/experiments/wasm-gui/toolchain/compat-include -include /home/nathan/secure-exec-wasmgui/experiments/wasm-gui/toolchain/wasi-compat.h --target=wasm32-wasip1-threads --sysroot=/home/nathan/secure-exec/registry/native/c/vendor/wasi-sdk/share/wasi-sysroot -Wl,--shared-memory -Wl,--import-memory -Wl,--export-memory -Wl,--max-memory=536870912 -Wl,--export=wasi_thread_start -Wl,--no-check-features -lwasi-emulated-signal -L/home/nathan/secure-exec-wasmgui/experiments/wasm-gui/third_party/wasm-prefix-threads/lib -L/home/nathan/secure-exec/registry/native/c/vendor/wasi-sdk/share/wasi-sysroot/lib/wasm32-wasip1-threads -lwasi-emulated-mman -lwasi-emulated-process-clocks -L/home/nathan/secure-exec-wasmgui/experiments/wasm-gui/third_party/wasm-prefix-threads/lib -lhostcompat conftest.c  >&5
configure:4492: $? = 0
configure:4516: result: 
configure:4540: checking whether we are cross compiling
configure:4548: /home/nathan/secure-exec-wasmgui/experiments/wasm-gui/toolchain/clang-wasi-wrap.sh -o conftest --target=wasm32-wasip1-threads --sysroot=/home/nathan/secure-exec/registry/native/c/vendor/wasi-sdk/share/wasi-sysroot -O2 -pthread -matomics -mbulk-memory -DSECURE_EXEC_WASM_THREADS -D_WASI_EMULATED_SIGNAL -D_WASI_EMULATED_MMAN -D_WASI_EMULATED_PROCESS_CLOCKS -D_GNU_SOURCE -mllvm -wasm-enable-sjlj -Wno-error=implicit-function-declaration -Wno-error=int-conversion -Wno-int-conversion -I/home/nathan/secure-exec-wasmgui/experiments/wasm-gui/toolchain/compat-include -include /home/nathan/secure-exec-wasmgui/experiments/wasm-gui/toolchain/wasi-compat.h -I/home/nathan/secure-exec-wasmgui/experiments/wasm-gui/third_party/wasm-prefix-threads/include --target=wasm32-wasip1-threads --sysroot=/home/nathan/secure-exec/registry/native/c/vendor/wasi-sdk/share/wasi-sysroot -I/home/nathan/secure-exec-wasmgui/experiments/wasm-gui/third_party/wasm-prefix-threads/include -I/home/nathan/secure-exec-wasmgui/experiments/wasm-gui/toolchain/compat-include -include /home/nathan/secure-exec-wasmgui/experiments/wasm-gui/toolchain/wasi-compat.h --target=wasm32-wasip1-threads --sysroot=/home/nathan/secure-exec/registry/native/c/vendor/wasi-sdk/share/wasi-sysroot -Wl,--shared-memory -Wl,--import-memory -Wl,--export-memory -Wl,--max-memory=536870912 -Wl,--export=wasi_thread_start -Wl,--no-check-features -lwasi-emulated-signal -L/home/nathan/secure-exec-wasmgui/experiments/wasm-gui/third_party/wasm-prefix-threads/lib -L/home/nathan/secure-exec/registry/native/c/vendor/wasi-sdk/share/wasi-sysroot/lib/wasm32-wasip1-threads -lwasi-emulated-mman -lwasi-emulated-process-clocks -L/home/nathan/secure-exec-wasmgui/experiments/wasm-gui/third_party/wasm-prefix-threads/lib -lhostcompat conftest.c  >&5
configure:4552: $? = 0
configure:4559: ./conftest
./configure: line 4561: ./conftest: cannot execute binary file: Exec format error
configure:4563: $? = 126
configure:4578: result: yes
configure:4584: checking for suffix of object files
configure:4607: /home/nathan/secure-exec-wasmgui/experiments/wasm-gui/toolchain/clang-wasi-wrap.sh -c --target=wasm32-wasip1-threads --sysroot=/home/nathan/secure-exec/registry/native/c/vendor/wasi-sdk/share/wasi-sysroot -O2 -pthread -matomics -mbulk-memory -DSECURE_EXEC_WASM_THREADS -D_WASI_EMULATED_SIGNAL -D_WASI_EMULATED_MMAN -D_WASI_EMULATED_PROCESS_CLOCKS -D_GNU_SOURCE -mllvm -wasm-enable-sjlj -Wno-error=implicit-function-declaration -Wno-error=int-conversion -Wno-int-conversion -I/home/nathan/secure-exec-wasmgui/experiments/wasm-gui/toolchain/compat-include -include /home/nathan/secure-exec-wasmgui/experiments/wasm-gui/toolchain/wasi-compat.h -I/home/nathan/secure-exec-wasmgui/experiments/wasm-gui/third_party/wasm-prefix-threads/include --target=wasm32-wasip1-threads --sysroot=/home/nathan/secure-exec/registry/native/c/vendor/wasi-sdk/share/wasi-sysroot -I/home/nathan/secure-exec-wasmgui/experiments/wasm-gui/third_party/wasm-prefix-threads/include -I/home/nathan/secure-exec-wasmgui/experiments/wasm-gui/toolchain/compat-include -include /home/nathan/secure-exec-wasmgui/experiments/wasm-gui/toolchain/wasi-compat.h conftest.c >&5
configure:4611: $? = 0
configure:4635: result: o
configure:4639: checking whether the compiler supports GNU C
configure:4659: /home/nathan/secure-exec-wasmgui/experiments/wasm-gui/toolchain/clang-wasi-wrap.sh -c --target=wasm32-wasip1-threads --sysroot=/home/nathan/secure-exec/registry/native/c/vendor/wasi-sdk/share/wasi-sysroot -O2 -pthread -matomics -mbulk-memory -DSECURE_EXEC_WASM_THREADS -D_WASI_EMULATED_SIGNAL -D_WASI_EMULATED_MMAN -D_WASI_EMULATED_PROCESS_CLOCKS -D_GNU_SOURCE -mllvm -wasm-enable-sjlj -Wno-error=implicit-function-declaration -Wno-error=int-conversion -Wno-int-conversion -I/home/nathan/secure-exec-wasmgui/experiments/wasm-gui/toolchain/compat-include -include /home/nathan/secure-exec-wasmgui/experiments/wasm-gui/toolchain/wasi-compat.h -I/home/nathan/secure-exec-wasmgui/experiments/wasm-gui/third_party/wasm-prefix-threads/include --target=wasm32-wasip1-threads --sysroot=/home/nathan/secure-exec/registry/native/c/vendor/wasi-sdk/share/wasi-sysroot -I/home/nathan/secure-exec-wasmgui/experiments/wasm-gui/third_party/wasm-prefix-threads/include -I/home/nathan/secure-exec-wasmgui/experiments/wasm-gui/toolchain/compat-include -include /home/nathan/secure-exec-wasmgui/experiments/wasm-gui/toolchain/wasi-compat.h conftest.c >&5
configure:4659: $? = 0
configure:4671: result: yes
configure:4682: checking whether /home/nathan/secure-exec-wasmgui/experiments/wasm-gui/toolchain/clang-wasi-wrap.sh accepts -g
configure:4703: /home/nathan/secure-exec-wasmgui/experiments/wasm-gui/toolchain/clang-wasi-wrap.sh -c -g --target=wasm32-wasip1-threads --sysroot=/home/nathan/secure-exec/registry/native/c/vendor/wasi-sdk/share/wasi-sysroot -I/home/nathan/secure-exec-wasmgui/experiments/wasm-gui/third_party/wasm-prefix-threads/include -I/home/nathan/secure-exec-wasmgui/experiments/wasm-gui/toolchain/compat-include -include /home/nathan/secure-exec-wasmgui/experiments/wasm-gui/toolchain/wasi-compat.h conftest.c >&5
configure:4703: $? = 0
configure:4750: result: yes
configure:4770: checking for /home/nathan/secure-exec-wasmgui/experiments/wasm-gui/toolchain/clang-wasi-wrap.sh option to enable C11 features
configure:4785: /home/nathan/secure-exec-wasmgui/experiments/wasm-gui/toolchain/clang-wasi-wrap.sh  -c --target=wasm32-wasip1-threads --sysroot=/home/nathan/secure-exec/registry/native/c/vendor/wasi-sdk/share/wasi-sysroot -O2 -pthread -matomics -mbulk-memory -DSECURE_EXEC_WASM_THREADS -D_WASI_EMULATED_SIGNAL -D_WASI_EMULATED_MMAN -D_WASI_EMULATED_PROCESS_CLOCKS -D_GNU_SOURCE -mllvm -wasm-enable-sjlj -Wno-error=implicit-function-declaration -Wno-error=int-conversion -Wno-int-conversion -I/home/nathan/secure-exec-wasmgui/experiments/wasm-gui/toolchain/compat-include -include /home/nathan/secure-exec-wasmgui/experiments/wasm-gui/toolchain/wasi-compat.h -I/home/nathan/secure-exec-wasmgui/experiments/wasm-gui/third_party/wasm-prefix-threads/include --target=wasm32-wasip1-threads --sysroot=/home/nathan/secure-exec/registry/native/c/vendor/wasi-sdk/share/wasi-sysroot -I/home/nathan/secure-exec-wasmgui/experiments/wasm-gui/third_party/wasm-prefix-threads/include -I/home/nathan/secure-exec-wasmgui/experiments/wasm-gui/toolchain/compat-include -include /home/nathan/secure-exec-wasmgui/experiments/wasm-gui/toolchain/wasi-compat.h conftest.c >&5
configure:4785: $? = 0
configure:4804: result: none needed
configure:4928: checking whether /home/nathan/secure-exec-wasmgui/experiments/wasm-gui/toolchain/clang-wasi-wrap.sh understands -c and -o together
configure:4951: /home/nathan/secure-exec-wasmgui/experiments/wasm-gui/toolchain/clang-wasi-wrap.sh -c conftest.c -o conftest2.o
configure:4954: $? = 0
configure:4951: /home/nathan/secure-exec-wasmgui/experiments/wasm-gui/toolchain/clang-wasi-wrap.sh -c conftest.c -o conftest2.o
configure:4954: $? = 0
configure:4967: result: yes
configure:4986: checking dependency style of /home/nathan/secure-exec-wasmgui/experiments/wasm-gui/toolchain/clang-wasi-wrap.sh
configure:5099: result: gcc3
configure:5119: checking for stdio.h
configure:5119: /home/nathan/secure-exec-wasmgui/experiments/wasm-gui/toolchain/clang-wasi-wrap.sh -c --target=wasm32-wasip1-threads --sysroot=/home/nathan/secure-exec/registry/native/c/vendor/wasi-sdk/share/wasi-sysroot -O2 -pthread -matomics -mbulk-memory -DSECURE_EXEC_WASM_THREADS -D_WASI_EMULATED_SIGNAL -D_WASI_EMULATED_MMAN -D_WASI_EMULATED_PROCESS_CLOCKS -D_GNU_SOURCE -mllvm -wasm-enable-sjlj -Wno-error=implicit-function-declaration -Wno-error=int-conversion -Wno-int-conversion -I/home/nathan/secure-exec-wasmgui/experiments/wasm-gui/toolchain/compat-include -include /home/nathan/secure-exec-wasmgui/experiments/wasm-gui/toolchain/wasi-compat.h -I/home/nathan/secure-exec-wasmgui/experiments/wasm-gui/third_party/wasm-prefix-threads/include --target=wasm32-wasip1-threads --sysroot=/home/nathan/secure-exec/registry/native/c/vendor/wasi-sdk/share/wasi-sysroot -I/home/nathan/secure-exec-wasmgui/experiments/wasm-gui/third_party/wasm-prefix-threads/include -I/home/nathan/secure-exec-wasmgui/experiments/wasm-gui/toolchain/compat-include -include /home/nathan/secure-exec-wasmgui/experiments/wasm-gui/toolchain/wasi-compat.h conftest.c >&5
configure:5119: $? = 0
configure:5119: result: yes
configure:5119: checking for stdlib.h
configure:5119: /home/nathan/secure-exec-wasmgui/experiments/wasm-gui/toolchain/clang-wasi-wrap.sh -c --target=wasm32-wasip1-threads --sysroot=/home/nathan/secure-exec/registry/native/c/vendor/wasi-sdk/share/wasi-sysroot -O2 -pthread -matomics -mbulk-memory -DSECURE_EXEC_WASM_THREADS -D_WASI_EMULATED_SIGNAL -D_WASI_EMULATED_MMAN -D_WASI_EMULATED_PROCESS_CLOCKS -D_GNU_SOURCE -mllvm -wasm-enable-sjlj -Wno-error=implicit-function-declaration -Wno-error=int-conversion -Wno-int-conversion -I/home/nathan/secure-exec-wasmgui/experiments/wasm-gui/toolchain/compat-include -include /home/nathan/secure-exec-wasmgui/experiments/wasm-gui/toolchain/wasi-compat.h -I/home/nathan/secure-exec-wasmgui/experiments/wasm-gui/third_party/wasm-prefix-threads/include --target=wasm32-wasip1-threads --sysroot=/home/nathan/secure-exec/registry/native/c/vendor/wasi-sdk/share/wasi-sysroot -I/home/nathan/secure-exec-wasmgui/experiments/wasm-gui/third_party/wasm-prefix-threads/include -I/home/nathan/secure-exec-wasmgui/experiments/wasm-gui/toolchain/compat-include -include /home/nathan/secure-exec-wasmgui/experiments/wasm-gui/toolchain/wasi-compat.h conftest.c >&5
configure:5119: $? = 0
configure:5119: result: yes
configure:5119: checking for string.h
configure:5119: /home/nathan/secure-exec-wasmgui/experiments/wasm-gui/toolchain/clang-wasi-wrap.sh -c --target=wasm32-wasip1-threads --sysroot=/home/nathan/secure-exec/registry/native/c/vendor/wasi-sdk/share/wasi-sysroot -O2 -pthread -matomics -mbulk-memory -DSECURE_EXEC_WASM_THREADS -D_WASI_EMULATED_SIGNAL -D_WASI_EMULATED_MMAN -D_WASI_EMULATED_PROCESS_CLOCKS -D_GNU_SOURCE -mllvm -wasm-enable-sjlj -Wno-error=implicit-function-declaration -Wno-error=int-conversion -Wno-int-conversion -I/home/nathan/secure-exec-wasmgui/experiments/wasm-gui/toolchain/compat-include -include /home/nathan/secure-exec-wasmgui/experiments/wasm-gui/toolchain/wasi-compat.h -I/home/nathan/secure-exec-wasmgui/experiments/wasm-gui/third_party/wasm-prefix-threads/include --target=wasm32-wasip1-threads --sysroot=/home/nathan/secure-exec/registry/native/c/vendor/wasi-sdk/share/wasi-sysroot -I/home/nathan/secure-exec-wasmgui/experiments/wasm-gui/third_party/wasm-prefix-threads/include -I/home/nathan/secure-exec-wasmgui/experiments/wasm-gui/toolchain/compat-include -include /home/nathan/secure-exec-wasmgui/experiments/wasm-gui/toolchain/wasi-compat.h conftest.c >&5
configure:5119: $? = 0
configure:5119: result: yes
configure:5119: checking for inttypes.h
configure:5119: /home/nathan/secure-exec-wasmgui/experiments/wasm-gui/toolchain/clang-wasi-wrap.sh -c --target=wasm32-wasip1-threads --sysroot=/home/nathan/secure-exec/registry/native/c/vendor/wasi-sdk/share/wasi-sysroot -O2 -pthread -matomics -mbulk-memory -DSECURE_EXEC_WASM_THREADS -D_WASI_EMULATED_SIGNAL -D_WASI_EMULATED_MMAN -D_WASI_EMULATED_PROCESS_CLOCKS -D_GNU_SOURCE -mllvm -wasm-enable-sjlj -Wno-error=implicit-function-declaration -Wno-error=int-conversion -Wno-int-conversion -I/home/nathan/secure-exec-wasmgui/experiments/wasm-gui/toolchain/compat-include -include /home/nathan/secure-exec-wasmgui/experiments/wasm-gui/toolchain/wasi-compat.h -I/home/nathan/secure-exec-wasmgui/experiments/wasm-gui/third_party/wasm-prefix-threads/include --target=wasm32-wasip1-threads --sysroot=/home/nathan/secure-exec/registry/native/c/vendor/wasi-sdk/share/wasi-sysroot -I/home/nathan/secure-exec-wasmgui/experiments/wasm-gui/third_party/wasm-prefix-threads/include -I/home/nathan/secure-exec-wasmgui/experiments/wasm-gui/toolchain/compat-include -include /home/nathan/secure-exec-wasmgui/experiments/wasm-gui/toolchain/wasi-compat.h conftest.c >&5
configure:5119: $? = 0
configure:5119: result: yes
configure:5119: checking for stdint.h
configure:5119: /home/nathan/secure-exec-wasmgui/experiments/wasm-gui/toolchain/clang-wasi-wrap.sh -c --target=wasm32-wasip1-threads --sysroot=/home/nathan/secure-exec/registry/native/c/vendor/wasi-sdk/share/wasi-sysroot -O2 -pthread -matomics -mbulk-memory -DSECURE_EXEC_WASM_THREADS -D_WASI_EMULATED_SIGNAL -D_WASI_EMULATED_MMAN -D_WASI_EMULATED_PROCESS_CLOCKS -D_GNU_SOURCE -mllvm -wasm-enable-sjlj -Wno-error=implicit-function-declaration -Wno-error=int-conversion -Wno-int-conversion -I/home/nathan/secure-exec-wasmgui/experiments/wasm-gui/toolchain/compat-include -include /home/nathan/secure-exec-wasmgui/experiments/wasm-gui/toolchain/wasi-compat.h -I/home/nathan/secure-exec-wasmgui/experiments/wasm-gui/third_party/wasm-prefix-threads/include --target=wasm32-wasip1-threads --sysroot=/home/nathan/secure-exec/registry/native/c/vendor/wasi-sdk/share/wasi-sysroot -I/home/nathan/secure-exec-wasmgui/experiments/wasm-gui/third_party/wasm-prefix-threads/include -I/home/nathan/secure-exec-wasmgui/experiments/wasm-gui/toolchain/compat-include -include /home/nathan/secure-exec-wasmgui/experiments/wasm-gui/toolchain/wasi-compat.h conftest.c >&5
configure:5119: $? = 0
configure:5119: result: yes
configure:5119: checking for strings.h
configure:5119: /home/nathan/secure-exec-wasmgui/experiments/wasm-gui/toolchain/clang-wasi-wrap.sh -c --target=wasm32-wasip1-threads --sysroot=/home/nathan/secure-exec/registry/native/c/vendor/wasi-sdk/share/wasi-sysroot -O2 -pthread -matomics -mbulk-memory -DSECURE_EXEC_WASM_THREADS -D_WASI_EMULATED_SIGNAL -D_WASI_EMULATED_MMAN -D_WASI_EMULATED_PROCESS_CLOCKS -D_GNU_SOURCE -mllvm -wasm-enable-sjlj -Wno-error=implicit-function-declaration -Wno-error=int-conversion -Wno-int-conversion -I/home/nathan/secure-exec-wasmgui/experiments/wasm-gui/toolchain/compat-include -include /home/nathan/secure-exec-wasmgui/experiments/wasm-gui/toolchain/wasi-compat.h -I/home/nathan/secure-exec-wasmgui/experiments/wasm-gui/third_party/wasm-prefix-threads/include --target=wasm32-wasip1-threads --sysroot=/home/nathan/secure-exec/registry/native/c/vendor/wasi-sdk/share/wasi-sysroot -I/home/nathan/secure-exec-wasmgui/experiments/wasm-gui/third_party/wasm-prefix-threads/include -I/home/nathan/secure-exec-wasmgui/experiments/wasm-gui/toolchain/compat-include -include /home/nathan/secure-exec-wasmgui/experiments/wasm-gui/toolchain/wasi-compat.h conftest.c >&5
configure:5119: $? = 0
configure:5119: result: yes
configure:5119: checking for sys/stat.h
configure:5119: /home/nathan/secure-exec-wasmgui/experiments/wasm-gui/toolchain/clang-wasi-wrap.sh -c --target=wasm32-wasip1-threads --sysroot=/home/nathan/secure-exec/registry/native/c/vendor/wasi-sdk/share/wasi-sysroot -O2 -pthread -matomics -mbulk-memory -DSECURE_EXEC_WASM_THREADS -D_WASI_EMULATED_SIGNAL -D_WASI_EMULATED_MMAN -D_WASI_EMULATED_PROCESS_CLOCKS -D_GNU_SOURCE -mllvm -wasm-enable-sjlj -Wno-error=implicit-function-declaration -Wno-error=int-conversion -Wno-int-conversion -I/home/nathan/secure-exec-wasmgui/experiments/wasm-gui/toolchain/compat-include -include /home/nathan/secure-exec-wasmgui/experiments/wasm-gui/toolchain/wasi-compat.h -I/home/nathan/secure-exec-wasmgui/experiments/wasm-gui/third_party/wasm-prefix-threads/include --target=wasm32-wasip1-threads --sysroot=/home/nathan/secure-exec/registry/native/c/vendor/wasi-sdk/share/wasi-sysroot -I/home/nathan/secure-exec-wasmgui/experiments/wasm-gui/third_party/wasm-prefix-threads/include -I/home/nathan/secure-exec-wasmgui/experiments/wasm-gui/toolchain/compat-include -include /home/nathan/secure-exec-wasmgui/experiments/wasm-gui/toolchain/wasi-compat.h conftest.c >&5
configure:5119: $? = 0
configure:5119: result: yes
configure:5119: checking for sys/types.h
configure:5119: /home/nathan/secure-exec-wasmgui/experiments/wasm-gui/toolchain/clang-wasi-wrap.sh -c --target=wasm32-wasip1-threads --sysroot=/home/nathan/secure-exec/registry/native/c/vendor/wasi-sdk/share/wasi-sysroot -O2 -pthread -matomics -mbulk-memory -DSECURE_EXEC_WASM_THREADS -D_WASI_EMULATED_SIGNAL -D_WASI_EMULATED_MMAN -D_WASI_EMULATED_PROCESS_CLOCKS -D_GNU_SOURCE -mllvm -wasm-enable-sjlj -Wno-error=implicit-function-declaration -Wno-error=int-conversion -Wno-int-conversion -I/home/nathan/secure-exec-wasmgui/experiments/wasm-gui/toolchain/compat-include -include /home/nathan/secure-exec-wasmgui/experiments/wasm-gui/toolchain/wasi-compat.h -I/home/nathan/secure-exec-wasmgui/experiments/wasm-gui/third_party/wasm-prefix-threads/include --target=wasm32-wasip1-threads --sysroot=/home/nathan/secure-exec/registry/native/c/vendor/wasi-sdk/share/wasi-sysroot -I/home/nathan/secure-exec-wasmgui/experiments/wasm-gui/third_party/wasm-prefix-threads/include -I/home/nathan/secure-exec-wasmgui/experiments/wasm-gui/toolchain/compat-include -include /home/nathan/secure-exec-wasmgui/experiments/wasm-gui/toolchain/wasi-compat.h conftest.c >&5
configure:5119: $? = 0
configure:5119: result: yes
configure:5119: checking for unistd.h
configure:5119: /home/nathan/secure-exec-wasmgui/experiments/wasm-gui/toolchain/clang-wasi-wrap.sh -c --target=wasm32-wasip1-threads --sysroot=/home/nathan/secure-exec/registry/native/c/vendor/wasi-sdk/share/wasi-sysroot -O2 -pthread -matomics -mbulk-memory -DSECURE_EXEC_WASM_THREADS -D_WASI_EMULATED_SIGNAL -D_WASI_EMULATED_MMAN -D_WASI_EMULATED_PROCESS_CLOCKS -D_GNU_SOURCE -mllvm -wasm-enable-sjlj -Wno-error=implicit-function-declaration -Wno-error=int-conversion -Wno-int-conversion -I/home/nathan/secure-exec-wasmgui/experiments/wasm-gui/toolchain/compat-include -include /home/nathan/secure-exec-wasmgui/experiments/wasm-gui/toolchain/wasi-compat.h -I/home/nathan/secure-exec-wasmgui/experiments/wasm-gui/third_party/wasm-prefix-threads/include --target=wasm32-wasip1-threads --sysroot=/home/nathan/secure-exec/registry/native/c/vendor/wasi-sdk/share/wasi-sysroot -I/home/nathan/secure-exec-wasmgui/experiments/wasm-gui/third_party/wasm-prefix-threads/include -I/home/nathan/secure-exec-wasmgui/experiments/wasm-gui/toolchain/compat-include -include /home/nathan/secure-exec-wasmgui/experiments/wasm-gui/toolchain/wasi-compat.h conftest.c >&5
configure:5119: $? = 0
configure:5119: result: yes
configure:5119: checking for wchar.h
configure:5119: /home/nathan/secure-exec-wasmgui/experiments/wasm-gui/toolchain/clang-wasi-wrap.sh -c --target=wasm32-wasip1-threads --sysroot=/home/nathan/secure-exec/registry/native/c/vendor/wasi-sdk/share/wasi-sysroot -O2 -pthread -matomics -mbulk-memory -DSECURE_EXEC_WASM_THREADS -D_WASI_EMULATED_SIGNAL -D_WASI_EMULATED_MMAN -D_WASI_EMULATED_PROCESS_CLOCKS -D_GNU_SOURCE -mllvm -wasm-enable-sjlj -Wno-error=implicit-function-declaration -Wno-error=int-conversion -Wno-int-conversion -I/home/nathan/secure-exec-wasmgui/experiments/wasm-gui/toolchain/compat-include -include /home/nathan/secure-exec-wasmgui/experiments/wasm-gui/toolchain/wasi-compat.h -I/home/nathan/secure-exec-wasmgui/experiments/wasm-gui/third_party/wasm-prefix-threads/include --target=wasm32-wasip1-threads --sysroot=/home/nathan/secure-exec/registry/native/c/vendor/wasi-sdk/share/wasi-sysroot -I/home/nathan/secure-exec-wasmgui/experiments/wasm-gui/third_party/wasm-prefix-threads/include -I/home/nathan/secure-exec-wasmgui/experiments/wasm-gui/toolchain/compat-include -include /home/nathan/secure-exec-wasmgui/experiments/wasm-gui/toolchain/wasi-compat.h conftest.c >&5
configure:5119: $? = 0
configure:5119: result: yes
configure:5119: checking for minix/config.h
configure:5119: /home/nathan/secure-exec-wasmgui/experiments/wasm-gui/toolchain/clang-wasi-wrap.sh -c --target=wasm32-wasip1-threads --sysroot=/home/nathan/secure-exec/registry/native/c/vendor/wasi-sdk/share/wasi-sysroot -O2 -pthread -matomics -mbulk-memory -DSECURE_EXEC_WASM_THREADS -D_WASI_EMULATED_SIGNAL -D_WASI_EMULATED_MMAN -D_WASI_EMULATED_PROCESS_CLOCKS -D_GNU_SOURCE -mllvm -wasm-enable-sjlj -Wno-error=implicit-function-declaration -Wno-error=int-conversion -Wno-int-conversion -I/home/nathan/secure-exec-wasmgui/experiments/wasm-gui/toolchain/compat-include -include /home/nathan/secure-exec-wasmgui/experiments/wasm-gui/toolchain/wasi-compat.h -I/home/nathan/secure-exec-wasmgui/experiments/wasm-gui/third_party/wasm-prefix-threads/include --target=wasm32-wasip1-threads --sysroot=/home/nathan/secure-exec/registry/native/c/vendor/wasi-sdk/share/wasi-sysroot -I/home/nathan/secure-exec-wasmgui/experiments/wasm-gui/third_party/wasm-prefix-threads/include -I/home/nathan/secure-exec-wasmgui/experiments/wasm-gui/toolchain/compat-include -include /home/nathan/secure-exec-wasmgui/experiments/wasm-gui/toolchain/wasi-compat.h conftest.c >&5
conftest.c:49:10: fatal error: 'minix/config.h' file not found
   49 | #include <minix/config.h>
      |          ^~~~~~~~~~~~~~~~
1 error generated.
configure:5119: $? = 1
configure: failed program was:
| /* confdefs.h */
| #define PACKAGE_NAME "libxfce4ui"
| #define PACKAGE_TARNAME "libxfce4ui"
| #define PACKAGE_VERSION "4.18.6"
| #define PACKAGE_STRING "libxfce4ui 4.18.6"
| #define PACKAGE_BUGREPORT "https://gitlab.xfce.org/xfce/libxfce4ui/-/issues"
| #define PACKAGE_URL ""
| #define PACKAGE "libxfce4ui"
| #define VERSION "4.18.6"
| #define HAVE_STDIO_H 1
| #define HAVE_STDLIB_H 1
| #define HAVE_STRING_H 1
| #define HAVE_INTTYPES_H 1
| #define HAVE_STDINT_H 1
| #define HAVE_STRINGS_H 1
| #define HAVE_SYS_STAT_H 1
| #define HAVE_SYS_TYPES_H 1
| #define HAVE_UNISTD_H 1
| #define HAVE_WCHAR_H 1
| /* end confdefs.h.  */
| #include <stddef.h>
| #ifdef HAVE_STDIO_H
| # include <stdio.h>
| #endif
| #ifdef HAVE_STDLIB_H
| # include <stdlib.h>
| #endif
| #ifdef HAVE_STRING_H
| # include <string.h>
| #endif
| #ifdef HAVE_INTTYPES_H
| # include <inttypes.h>
| #endif
| #ifdef HAVE_STDINT_H
| # include <stdint.h>
| #endif
| #ifdef HAVE_STRINGS_H
| # include <strings.h>
| #endif
| #ifdef HAVE_SYS_TYPES_H
| # include <sys/types.h>
| #endif
| #ifdef HAVE_SYS_STAT_H
| # include <sys/stat.h>
| #endif
| #ifdef HAVE_UNISTD_H
| # include <unistd.h>
| #endif
| #include <minix/config.h>
configure:5119: result: no
configure:5150: checking whether it is safe to define __EXTENSIONS__
configure:5169: /home/nathan/secure-exec-wasmgui/experiments/wasm-gui/toolchain/clang-wasi-wrap.sh -c --target=wasm32-wasip1-threads --sysroot=/home/nathan/secure-exec/registry/native/c/vendor/wasi-sdk/share/wasi-sysroot -O2 -pthread -matomics -mbulk-memory -DSECURE_EXEC_WASM_THREADS -D_WASI_EMULATED_SIGNAL -D_WASI_EMULATED_MMAN -D_WASI_EMULATED_PROCESS_CLOCKS -D_GNU_SOURCE -mllvm -wasm-enable-sjlj -Wno-error=implicit-function-declaration -Wno-error=int-conversion -Wno-int-conversion -I/home/nathan/secure-exec-wasmgui/experiments/wasm-gui/toolchain/compat-include -include /home/nathan/secure-exec-wasmgui/experiments/wasm-gui/toolchain/wasi-compat.h -I/home/nathan/secure-exec-wasmgui/experiments/wasm-gui/third_party/wasm-prefix-threads/include --target=wasm32-wasip1-threads --sysroot=/home/nathan/secure-exec/registry/native/c/vendor/wasi-sdk/share/wasi-sysroot -I/home/nathan/secure-exec-wasmgui/experiments/wasm-gui/third_party/wasm-prefix-threads/include -I/home/nathan/secure-exec-wasmgui/experiments/wasm-gui/toolchain/compat-include -include /home/nathan/secure-exec-wasmgui/experiments/wasm-gui/toolchain/wasi-compat.h conftest.c >&5
configure:5169: $? = 0
configure:5179: result: yes
configure:5182: checking whether _XOPEN_SOURCE should be defined
configure:5204: /home/nathan/secure-exec-wasmgui/experiments/wasm-gui/toolchain/clang-wasi-wrap.sh -c --target=wasm32-wasip1-threads --sysroot=/home/nathan/secure-exec/registry/native/c/vendor/wasi-sdk/share/wasi-sysroot -O2 -pthread -matomics -mbulk-memory -DSECURE_EXEC_WASM_THREADS -D_WASI_EMULATED_SIGNAL -D_WASI_EMULATED_MMAN -D_WASI_EMULATED_PROCESS_CLOCKS -D_GNU_SOURCE -mllvm -wasm-enable-sjlj -Wno-error=implicit-function-declaration -Wno-error=int-conversion -Wno-int-conversion -I/home/nathan/secure-exec-wasmgui/experiments/wasm-gui/toolchain/compat-include -include /home/nathan/secure-exec-wasmgui/experiments/wasm-gui/toolchain/wasi-compat.h -I/home/nathan/secure-exec-wasmgui/experiments/wasm-gui/third_party/wasm-prefix-threads/include --target=wasm32-wasip1-threads --sysroot=/home/nathan/secure-exec/registry/native/c/vendor/wasi-sdk/share/wasi-sysroot -I/home/nathan/secure-exec-wasmgui/experiments/wasm-gui/third_party/wasm-prefix-threads/include -I/home/nathan/secure-exec-wasmgui/experiments/wasm-gui/toolchain/compat-include -include /home/nathan/secure-exec-wasmgui/experiments/wasm-gui/toolchain/wasi-compat.h conftest.c >&5
configure:5204: $? = 0
configure:5233: result: no
configure:5293: checking platform
configure:5333: checking for wasm32-wasi-gcc
configure:5366: result: /home/nathan/secure-exec-wasmgui/experiments/wasm-gui/toolchain/clang-wasi-wrap.sh
configure:5771: checking for C compiler version
configure:5780: /home/nathan/secure-exec-wasmgui/experiments/wasm-gui/toolchain/clang-wasi-wrap.sh --version >&5
clang version 19.1.5-wasi-sdk (https://github.com/llvm/llvm-project ab4b5a2db582958af1ee308a790cfdb42bd24720)
Target: wasm32-unknown-wasi
Thread model: posix
InstalledDir: /home/nathan/secure-exec/registry/native/c/vendor/wasi-sdk/bin
configure:5791: $? = 0
configure:5780: /home/nathan/secure-exec-wasmgui/experiments/wasm-gui/toolchain/clang-wasi-wrap.sh -v >&5
clang version 19.1.5-wasi-sdk (https://github.com/llvm/llvm-project ab4b5a2db582958af1ee308a790cfdb42bd24720)
Target: wasm32-unknown-wasi
Thread model: posix
InstalledDir: /home/nathan/secure-exec/registry/native/c/vendor/wasi-sdk/bin
configure:5791: $? = 0
configure:5780: /home/nathan/secure-exec-wasmgui/experiments/wasm-gui/toolchain/clang-wasi-wrap.sh -V >&5
clang: error: argument to '-V' is missing (expected 1 value)
clang: error: no input files
configure:5791: $? = 1
configure:5780: /home/nathan/secure-exec-wasmgui/experiments/wasm-gui/toolchain/clang-wasi-wrap.sh -qversion >&5
clang: error: unknown argument '-qversion'; did you mean '--version'?
clang: error: no input files
configure:5791: $? = 1
configure:5780: /home/nathan/secure-exec-wasmgui/experiments/wasm-gui/toolchain/clang-wasi-wrap.sh -version >&5
clang: error: unknown argument '-version'; did you mean '--version'?
clang: error: no input files
configure:5791: $? = 1
configure:5795: checking whether the compiler supports GNU C
configure:5827: result: yes
configure:5838: checking whether /home/nathan/secure-exec-wasmgui/experiments/wasm-gui/toolchain/clang-wasi-wrap.sh accepts -g
configure:5906: result: yes
configure:5926: checking for /home/nathan/secure-exec-wasmgui/experiments/wasm-gui/toolchain/clang-wasi-wrap.sh option to enable C11 features
configure:5960: result: none needed
configure:6084: checking whether /home/nathan/secure-exec-wasmgui/experiments/wasm-gui/toolchain/clang-wasi-wrap.sh understands -c and -o together
configure:6123: result: yes
configure:6142: checking dependency style of /home/nathan/secure-exec-wasmgui/experiments/wasm-gui/toolchain/clang-wasi-wrap.sh
configure:6255: result: gcc3
configure:6270: checking for a sed that does not truncate output
configure:6342: result: /usr/bin/sed
configure:6360: checking for grep that handles long lines and -e
configure:6426: result: /usr/bin/grep
configure:6431: checking for egrep
configure:6501: result: /usr/bin/grep -E
configure:6508: checking for fgrep
configure:6578: result: /usr/bin/grep -F
configure:6605: checking how to print strings
configure:6632: result: printf
configure:6667: checking for ld used by /home/nathan/secure-exec-wasmgui/experiments/wasm-gui/toolchain/clang-wasi-wrap.sh
configure:6736: result: /home/linuxbrew/.linuxbrew/bin/ld
configure:6743: checking if the linker (/home/linuxbrew/.linuxbrew/bin/ld) is GNU ld
configure:6760: result: yes
configure:6775: checking whether NLS is requested
configure:6786: result: no
configure:6804: checking for intltool >= 0.35.0
configure:6806: result: 0.51.0 found
configure:6814: checking for intltool-update
configure:6837: found /home/nathan/secure-exec-wasmgui/experiments/wasm-gui/toolchain/host-bin/intltool-update
configure:6850: result: /home/nathan/secure-exec-wasmgui/experiments/wasm-gui/toolchain/host-bin/intltool-update
configure:6860: checking for intltool-merge
configure:6883: found /home/nathan/secure-exec-wasmgui/experiments/wasm-gui/toolchain/host-bin/intltool-merge
configure:6896: result: /home/nathan/secure-exec-wasmgui/experiments/wasm-gui/toolchain/host-bin/intltool-merge
configure:6906: checking for intltool-extract
configure:6929: found /home/nathan/secure-exec-wasmgui/experiments/wasm-gui/toolchain/host-bin/intltool-extract
configure:6942: result: /home/nathan/secure-exec-wasmgui/experiments/wasm-gui/toolchain/host-bin/intltool-extract
configure:7096: checking for xgettext
configure:7119: found /home/nathan/secure-exec-wasmgui/experiments/wasm-gui/toolchain/host-bin/xgettext
configure:7132: result: /home/nathan/secure-exec-wasmgui/experiments/wasm-gui/toolchain/host-bin/xgettext
configure:7142: checking for msgmerge
configure:7165: found /home/nathan/secure-exec-wasmgui/experiments/wasm-gui/toolchain/host-bin/msgmerge
configure:7178: result: /home/nathan/secure-exec-wasmgui/experiments/wasm-gui/toolchain/host-bin/msgmerge
configure:7188: checking for msgfmt
configure:7211: found /home/nathan/secure-exec-wasmgui/experiments/wasm-gui/toolchain/host-bin/msgfmt
configure:7224: result: /home/nathan/secure-exec-wasmgui/experiments/wasm-gui/toolchain/host-bin/msgfmt
configure:7234: checking for gmsgfmt
configure:7271: result: /home/nathan/secure-exec-wasmgui/experiments/wasm-gui/toolchain/host-bin/msgfmt
configure:7291: checking for perl
configure:7314: found /home/linuxbrew/.linuxbrew/bin/perl
configure:7327: result: /home/linuxbrew/.linuxbrew/bin/perl
configure:7338: checking for perl >= 5.8.1
configure:7345: result: 5.42.2
configure:7349: checking for XML::Parser
configure:7352: result: ok
configure:7369: checking for perl5
configure:7405: result: no
configure:7369: checking for perl
configure:7390: found /home/linuxbrew/.linuxbrew/bin/perl
configure:7402: result: perl
configure:7415: checking for glib-compile-resources
configure:7438: found /home/linuxbrew/.linuxbrew/bin/glib-compile-resources
configure:7451: result: /home/linuxbrew/.linuxbrew/bin/glib-compile-resources
configure:7504: checking for BSD- or MS-compatible name lister (nm)
configure:7560: result: no
configure:7574: checking for wasm32-wasi-dumpbin
configure:7610: result: no
configure:7574: checking for wasm32-wasi-link
configure:7610: result: no
configure:7624: checking for dumpbin
configure:7660: result: no
configure:7624: checking for link
configure:7645: found /usr/bin/link
configure:7657: result: link -dump
configure:7673: WARNING: using cross tools not prefixed with host triplet
configure:7702: checking the name lister (nm) interface
configure:7710: /home/nathan/secure-exec-wasmgui/experiments/wasm-gui/toolchain/clang-wasi-wrap.sh -c --target=wasm32-wasip1-threads --sysroot=/home/nathan/secure-exec/registry/native/c/vendor/wasi-sdk/share/wasi-sysroot -O2 -pthread -matomics -mbulk-memory -DSECURE_EXEC_WASM_THREADS -D_WASI_EMULATED_SIGNAL -D_WASI_EMULATED_MMAN -D_WASI_EMULATED_PROCESS_CLOCKS -D_GNU_SOURCE -mllvm -wasm-enable-sjlj -Wno-error=implicit-function-declaration -Wno-error=int-conversion -Wno-int-conversion -I/home/nathan/secure-exec-wasmgui/experiments/wasm-gui/toolchain/compat-include -include /home/nathan/secure-exec-wasmgui/experiments/wasm-gui/toolchain/wasi-compat.h -I/home/nathan/secure-exec-wasmgui/experiments/wasm-gui/third_party/wasm-prefix-threads/include --target=wasm32-wasip1-threads --sysroot=/home/nathan/secure-exec/registry/native/c/vendor/wasi-sdk/share/wasi-sysroot -I/home/nathan/secure-exec-wasmgui/experiments/wasm-gui/third_party/wasm-prefix-threads/include -I/home/nathan/secure-exec-wasmgui/experiments/wasm-gui/toolchain/compat-include -include /home/nathan/secure-exec-wasmgui/experiments/wasm-gui/toolchain/wasi-compat.h conftest.c >&5
configure:7713: nm "conftest.o"
nm: conftest.o: file format not recognized
configure:7716: output
configure:7724: result: BSD nm
configure:7727: checking whether ln -s works
configure:7731: result: yes
configure:7739: checking the maximum length of command line arguments
configure:7872: result: 1572864
configure:7920: checking how to convert x86_64-pc-linux-gnux32 file names to wasm32-unknown-wasi format
configure:7962: result: func_convert_file_noop
configure:7969: checking how to convert x86_64-pc-linux-gnux32 file names to toolchain format
configure:7991: result: func_convert_file_noop
configure:7998: checking for /home/linuxbrew/.linuxbrew/bin/ld option to reload object files
configure:8007: result: -r
configure:8041: checking for wasm32-wasi-file
configure:8077: result: no
configure:8087: checking for file
configure:8108: found /usr/bin/file
configure:8120: result: file
configure:8151: checking for wasm32-wasi-objdump
configure:8187: result: no
configure:8197: checking for objdump
configure:8218: found /home/linuxbrew/.linuxbrew/bin/objdump
configure:8230: result: objdump
configure:8262: checking how to recognize dependent libraries
configure:8464: result: unknown
configure:8509: checking for wasm32-wasi-dlltool
configure:8545: result: no
configure:8555: checking for dlltool
configure:8576: found /home/linuxbrew/.linuxbrew/bin/dlltool
configure:8588: result: dlltool
configure:8621: checking how to associate runtime and link libraries
configure:8650: result: printf %s\n
configure:8666: checking for wasm32-wasi-ar
configure:8699: result: /home/nathan/secure-exec/registry/native/c/vendor/wasi-sdk/bin/llvm-ar
configure:8802: checking for archiver @FILE support
configure:8820: /home/nathan/secure-exec-wasmgui/experiments/wasm-gui/toolchain/clang-wasi-wrap.sh -c --target=wasm32-wasip1-threads --sysroot=/home/nathan/secure-exec/registry/native/c/vendor/wasi-sdk/share/wasi-sysroot -O2 -pthread -matomics -mbulk-memory -DSECURE_EXEC_WASM_THREADS -D_WASI_EMULATED_SIGNAL -D_WASI_EMULATED_MMAN -D_WASI_EMULATED_PROCESS_CLOCKS -D_GNU_SOURCE -mllvm -wasm-enable-sjlj -Wno-error=implicit-function-declaration -Wno-error=int-conversion -Wno-int-conversion -I/home/nathan/secure-exec-wasmgui/experiments/wasm-gui/toolchain/compat-include -include /home/nathan/secure-exec-wasmgui/experiments/wasm-gui/toolchain/wasi-compat.h -I/home/nathan/secure-exec-wasmgui/experiments/wasm-gui/third_party/wasm-prefix-threads/include --target=wasm32-wasip1-threads --sysroot=/home/nathan/secure-exec/registry/native/c/vendor/wasi-sdk/share/wasi-sysroot -I/home/nathan/secure-exec-wasmgui/experiments/wasm-gui/third_party/wasm-prefix-threads/include -I/home/nathan/secure-exec-wasmgui/experiments/wasm-gui/toolchain/compat-include -include /home/nathan/secure-exec-wasmgui/experiments/wasm-gui/toolchain/wasi-compat.h conftest.c >&5
configure:8820: $? = 0
configure:8824: /home/nathan/secure-exec/registry/native/c/vendor/wasi-sdk/bin/llvm-ar cr libconftest.a @conftest.lst >&5
configure:8827: $? = 0
configure:8832: /home/nathan/secure-exec/registry/native/c/vendor/wasi-sdk/bin/llvm-ar cr libconftest.a @conftest.lst >&5
/home/nathan/secure-exec/registry/native/c/vendor/wasi-sdk/bin/llvm-ar: error: conftest.o: No such file or directory
configure:8835: $? = 1
configure:8848: result: @
configure:8866: checking for wasm32-wasi-strip
configure:8899: result: strip
configure:8977: checking for wasm32-wasi-ranlib
configure:9010: result: /home/nathan/secure-exec/registry/native/c/vendor/wasi-sdk/bin/llvm-ranlib
configure:9158: checking command to parse nm output from /home/nathan/secure-exec-wasmgui/experiments/wasm-gui/toolchain/clang-wasi-wrap.sh object
configure:9312: /home/nathan/secure-exec-wasmgui/experiments/wasm-gui/toolchain/clang-wasi-wrap.sh -c --target=wasm32-wasip1-threads --sysroot=/home/nathan/secure-exec/registry/native/c/vendor/wasi-sdk/share/wasi-sysroot -O2 -pthread -matomics -mbulk-memory -DSECURE_EXEC_WASM_THREADS -D_WASI_EMULATED_SIGNAL -D_WASI_EMULATED_MMAN -D_WASI_EMULATED_PROCESS_CLOCKS -D_GNU_SOURCE -mllvm -wasm-enable-sjlj -Wno-error=implicit-function-declaration -Wno-error=int-conversion -Wno-int-conversion -I/home/nathan/secure-exec-wasmgui/experiments/wasm-gui/toolchain/compat-include -include /home/nathan/secure-exec-wasmgui/experiments/wasm-gui/toolchain/wasi-compat.h -I/home/nathan/secure-exec-wasmgui/experiments/wasm-gui/third_party/wasm-prefix-threads/include --target=wasm32-wasip1-threads --sysroot=/home/nathan/secure-exec/registry/native/c/vendor/wasi-sdk/share/wasi-sysroot -I/home/nathan/secure-exec-wasmgui/experiments/wasm-gui/third_party/wasm-prefix-threads/include -I/home/nathan/secure-exec-wasmgui/experiments/wasm-gui/toolchain/compat-include -include /home/nathan/secure-exec-wasmgui/experiments/wasm-gui/toolchain/wasi-compat.h conftest.c >&5
configure:9315: $? = 0
configure:9319: nm conftest.o \| /usr/bin/sed -n -e 's/^.*[ ]\([ABCDGIRSTW][ABCDGIRSTW]*\)[ ][ ]*\([_A-Za-z][_A-Za-z0-9]*\)$/\1 \2 \2/p' | /usr/bin/sed '/ __gnu_lto/d' \> conftest.nm
nm: conftest.o: file format not recognized
configure:9322: $? = 0
cannot run /usr/bin/sed -n -e 's/^.*[	 ]\([ABCDGIRSTW][ABCDGIRSTW]*\)[	 ][	 ]*\([_A-Za-z][_A-Za-z0-9]*\)$/\1 \2 \2/p' | /usr/bin/sed '/ __gnu_lto/d'
configure:9312: /home/nathan/secure-exec-wasmgui/experiments/wasm-gui/toolchain/clang-wasi-wrap.sh -c --target=wasm32-wasip1-threads --sysroot=/home/nathan/secure-exec/registry/native/c/vendor/wasi-sdk/share/wasi-sysroot -O2 -pthread -matomics -mbulk-memory -DSECURE_EXEC_WASM_THREADS -D_WASI_EMULATED_SIGNAL -D_WASI_EMULATED_MMAN -D_WASI_EMULATED_PROCESS_CLOCKS -D_GNU_SOURCE -mllvm -wasm-enable-sjlj -Wno-error=implicit-function-declaration -Wno-error=int-conversion -Wno-int-conversion -I/home/nathan/secure-exec-wasmgui/experiments/wasm-gui/toolchain/compat-include -include /home/nathan/secure-exec-wasmgui/experiments/wasm-gui/toolchain/wasi-compat.h -I/home/nathan/secure-exec-wasmgui/experiments/wasm-gui/third_party/wasm-prefix-threads/include --target=wasm32-wasip1-threads --sysroot=/home/nathan/secure-exec/registry/native/c/vendor/wasi-sdk/share/wasi-sysroot -I/home/nathan/secure-exec-wasmgui/experiments/wasm-gui/third_party/wasm-prefix-threads/include -I/home/nathan/secure-exec-wasmgui/experiments/wasm-gui/toolchain/compat-include -include /home/nathan/secure-exec-wasmgui/experiments/wasm-gui/toolchain/wasi-compat.h conftest.c >&5
configure:9315: $? = 0
configure:9319: nm conftest.o \| /usr/bin/sed -n -e 's/^.*[ ]\([ABCDGIRSTW][ABCDGIRSTW]*\)[ ][ ]*_\([_A-Za-z][_A-Za-z0-9]*\)$/\1 _\2 \2/p' | /usr/bin/sed '/ __gnu_lto/d' \> conftest.nm
nm: conftest.o: file format not recognized
configure:9322: $? = 0
cannot run /usr/bin/sed -n -e 's/^.*[	 ]\([ABCDGIRSTW][ABCDGIRSTW]*\)[	 ][	 ]*_\([_A-Za-z][_A-Za-z0-9]*\)$/\1 _\2 \2/p' | /usr/bin/sed '/ __gnu_lto/d'
configure:9427: result: failed
configure:9477: checking for sysroot
configure:9509: result: no
configure:9516: checking for a working dd
configure:9561: result: /usr/bin/dd
configure:9565: checking how to truncate binary pipes
configure:9582: result: /usr/bin/dd bs=4096 count=1
configure:9876: checking for wasm32-wasi-mt
configure:9912: result: no
configure:9922: checking for mt
configure:9943: found /usr/bin/mt
configure:9955: result: mt
configure:9978: checking if mt is a manifest tool
configure:9985: mt '-?'
configure:9994: result: no
configure:10729: checking for dlfcn.h
configure:10729: /home/nathan/secure-exec-wasmgui/experiments/wasm-gui/toolchain/clang-wasi-wrap.sh -c --target=wasm32-wasip1-threads --sysroot=/home/nathan/secure-exec/registry/native/c/vendor/wasi-sdk/share/wasi-sysroot -O2 -pthread -matomics -mbulk-memory -DSECURE_EXEC_WASM_THREADS -D_WASI_EMULATED_SIGNAL -D_WASI_EMULATED_MMAN -D_WASI_EMULATED_PROCESS_CLOCKS -D_GNU_SOURCE -mllvm -wasm-enable-sjlj -Wno-error=implicit-function-declaration -Wno-error=int-conversion -Wno-int-conversion -I/home/nathan/secure-exec-wasmgui/experiments/wasm-gui/toolchain/compat-include -include /home/nathan/secure-exec-wasmgui/experiments/wasm-gui/toolchain/wasi-compat.h -I/home/nathan/secure-exec-wasmgui/experiments/wasm-gui/third_party/wasm-prefix-threads/include --target=wasm32-wasip1-threads --sysroot=/home/nathan/secure-exec/registry/native/c/vendor/wasi-sdk/share/wasi-sysroot -I/home/nathan/secure-exec-wasmgui/experiments/wasm-gui/third_party/wasm-prefix-threads/include -I/home/nathan/secure-exec-wasmgui/experiments/wasm-gui/toolchain/compat-include -include /home/nathan/secure-exec-wasmgui/experiments/wasm-gui/toolchain/wasi-compat.h conftest.c >&5
configure:10729: $? = 0
configure:10729: result: yes
configure:10993: checking for objdir
configure:11010: result: .libs
configure:11276: checking if /home/nathan/secure-exec-wasmgui/experiments/wasm-gui/toolchain/clang-wasi-wrap.sh supports -fno-rtti -fno-exceptions
configure:11295: /home/nathan/secure-exec-wasmgui/experiments/wasm-gui/toolchain/clang-wasi-wrap.sh -c --target=wasm32-wasip1-threads --sysroot=/home/nathan/secure-exec/registry/native/c/vendor/wasi-sdk/share/wasi-sysroot -O2 -pthread -matomics -mbulk-memory -DSECURE_EXEC_WASM_THREADS -D_WASI_EMULATED_SIGNAL -D_WASI_EMULATED_MMAN -D_WASI_EMULATED_PROCESS_CLOCKS -D_GNU_SOURCE -mllvm -wasm-enable-sjlj -Wno-error=implicit-function-declaration -Wno-error=int-conversion -Wno-int-conversion -I/home/nathan/secure-exec-wasmgui/experiments/wasm-gui/toolchain/compat-include -include /home/nathan/secure-exec-wasmgui/experiments/wasm-gui/toolchain/wasi-compat.h -I/home/nathan/secure-exec-wasmgui/experiments/wasm-gui/third_party/wasm-prefix-threads/include --target=wasm32-wasip1-threads --sysroot=/home/nathan/secure-exec/registry/native/c/vendor/wasi-sdk/share/wasi-sysroot -I/home/nathan/secure-exec-wasmgui/experiments/wasm-gui/third_party/wasm-prefix-threads/include -I/home/nathan/secure-exec-wasmgui/experiments/wasm-gui/toolchain/compat-include -include /home/nathan/secure-exec-wasmgui/experiments/wasm-gui/toolchain/wasi-compat.h -fno-rtti -fno-exceptions conftest.c >&5
configure:11299: $? = 0
configure:11313: result: yes
configure:11671: checking for /home/nathan/secure-exec-wasmgui/experiments/wasm-gui/toolchain/clang-wasi-wrap.sh option to produce PIC
configure:11680: result: -fPIC -DPIC
configure:11688: checking if /home/nathan/secure-exec-wasmgui/experiments/wasm-gui/toolchain/clang-wasi-wrap.sh PIC flag -fPIC -DPIC works
configure:11707: /home/nathan/secure-exec-wasmgui/experiments/wasm-gui/toolchain/clang-wasi-wrap.sh -c --target=wasm32-wasip1-threads --sysroot=/home/nathan/secure-exec/registry/native/c/vendor/wasi-sdk/share/wasi-sysroot -O2 -pthread -matomics -mbulk-memory -DSECURE_EXEC_WASM_THREADS -D_WASI_EMULATED_SIGNAL -D_WASI_EMULATED_MMAN -D_WASI_EMULATED_PROCESS_CLOCKS -D_GNU_SOURCE -mllvm -wasm-enable-sjlj -Wno-error=implicit-function-declaration -Wno-error=int-conversion -Wno-int-conversion -I/home/nathan/secure-exec-wasmgui/experiments/wasm-gui/toolchain/compat-include -include /home/nathan/secure-exec-wasmgui/experiments/wasm-gui/toolchain/wasi-compat.h -I/home/nathan/secure-exec-wasmgui/experiments/wasm-gui/third_party/wasm-prefix-threads/include --target=wasm32-wasip1-threads --sysroot=/home/nathan/secure-exec/registry/native/c/vendor/wasi-sdk/share/wasi-sysroot -I/home/nathan/secure-exec-wasmgui/experiments/wasm-gui/third_party/wasm-prefix-threads/include -I/home/nathan/secure-exec-wasmgui/experiments/wasm-gui/toolchain/compat-include -include /home/nathan/secure-exec-wasmgui/experiments/wasm-gui/toolchain/wasi-compat.h -fPIC -DPIC -DPIC conftest.c >&5
configure:11711: $? = 0
configure:11725: result: yes
configure:11754: checking if /home/nathan/secure-exec-wasmgui/experiments/wasm-gui/toolchain/clang-wasi-wrap.sh static flag -static works
configure:11784: result: yes
configure:11799: checking if /home/nathan/secure-exec-wasmgui/experiments/wasm-gui/toolchain/clang-wasi-wrap.sh supports -c -o file.o
configure:11821: /home/nathan/secure-exec-wasmgui/experiments/wasm-gui/toolchain/clang-wasi-wrap.sh -c --target=wasm32-wasip1-threads --sysroot=/home/nathan/secure-exec/registry/native/c/vendor/wasi-sdk/share/wasi-sysroot -O2 -pthread -matomics -mbulk-memory -DSECURE_EXEC_WASM_THREADS -D_WASI_EMULATED_SIGNAL -D_WASI_EMULATED_MMAN -D_WASI_EMULATED_PROCESS_CLOCKS -D_GNU_SOURCE -mllvm -wasm-enable-sjlj -Wno-error=implicit-function-declaration -Wno-error=int-conversion -Wno-int-conversion -I/home/nathan/secure-exec-wasmgui/experiments/wasm-gui/toolchain/compat-include -include /home/nathan/secure-exec-wasmgui/experiments/wasm-gui/toolchain/wasi-compat.h -I/home/nathan/secure-exec-wasmgui/experiments/wasm-gui/third_party/wasm-prefix-threads/include --target=wasm32-wasip1-threads --sysroot=/home/nathan/secure-exec/registry/native/c/vendor/wasi-sdk/share/wasi-sysroot -I/home/nathan/secure-exec-wasmgui/experiments/wasm-gui/third_party/wasm-prefix-threads/include -I/home/nathan/secure-exec-wasmgui/experiments/wasm-gui/toolchain/compat-include -include /home/nathan/secure-exec-wasmgui/experiments/wasm-gui/toolchain/wasi-compat.h -o out/conftest2.o conftest.c >&5
configure:11825: $? = 0
configure:11848: result: yes
configure:11856: checking if /home/nathan/secure-exec-wasmgui/experiments/wasm-gui/toolchain/clang-wasi-wrap.sh supports -c -o file.o
configure:11905: result: yes
configure:11938: checking whether the /home/nathan/secure-exec-wasmgui/experiments/wasm-gui/toolchain/clang-wasi-wrap.sh linker (/home/linuxbrew/.linuxbrew/bin/ld) supports shared libraries
configure:13211: result: yes
configure:13453: checking dynamic linker characteristics
configure:14275: result: no
configure:14397: checking how to hardcode library paths into programs
configure:14422: result: immediate
configure:15022: checking whether stripping libraries is possible
configure:15031: result: yes
configure:15073: checking if libtool supports shared libraries
configure:15075: result: no
configure:15078: checking whether to build shared libraries
configure:15103: result: no
configure:15106: checking whether to build static libraries
configure:15110: result: yes
configure:15163: checking for crt_externs.h
configure:15163: /home/nathan/secure-exec-wasmgui/experiments/wasm-gui/toolchain/clang-wasi-wrap.sh -c --target=wasm32-wasip1-threads --sysroot=/home/nathan/secure-exec/registry/native/c/vendor/wasi-sdk/share/wasi-sysroot -O2 -pthread -matomics -mbulk-memory -DSECURE_EXEC_WASM_THREADS -D_WASI_EMULATED_SIGNAL -D_WASI_EMULATED_MMAN -D_WASI_EMULATED_PROCESS_CLOCKS -D_GNU_SOURCE -mllvm -wasm-enable-sjlj -Wno-error=implicit-function-declaration -Wno-error=int-conversion -Wno-int-conversion -I/home/nathan/secure-exec-wasmgui/experiments/wasm-gui/toolchain/compat-include -include /home/nathan/secure-exec-wasmgui/experiments/wasm-gui/toolchain/wasi-compat.h -I/home/nathan/secure-exec-wasmgui/experiments/wasm-gui/third_party/wasm-prefix-threads/include --target=wasm32-wasip1-threads --sysroot=/home/nathan/secure-exec/registry/native/c/vendor/wasi-sdk/share/wasi-sysroot -I/home/nathan/secure-exec-wasmgui/experiments/wasm-gui/third_party/wasm-prefix-threads/include -I/home/nathan/secure-exec-wasmgui/experiments/wasm-gui/toolchain/compat-include -include /home/nathan/secure-exec-wasmgui/experiments/wasm-gui/toolchain/wasi-compat.h conftest.c >&5
conftest.c:69:10: fatal error: 'crt_externs.h' file not found
   69 | #include <crt_externs.h>
      |          ^~~~~~~~~~~~~~~
1 error generated.
configure:15163: $? = 1
configure: failed program was:
| /* confdefs.h */
| #define PACKAGE_NAME "libxfce4ui"
| #define PACKAGE_TARNAME "libxfce4ui"
| #define PACKAGE_VERSION "4.18.6"
| #define PACKAGE_STRING "libxfce4ui 4.18.6"
| #define PACKAGE_BUGREPORT "https://gitlab.xfce.org/xfce/libxfce4ui/-/issues"
| #define PACKAGE_URL ""
| #define PACKAGE "libxfce4ui"
| #define VERSION "4.18.6"
| #define HAVE_STDIO_H 1
| #define HAVE_STDLIB_H 1
| #define HAVE_STRING_H 1
| #define HAVE_INTTYPES_H 1
| #define HAVE_STDINT_H 1
| #define HAVE_STRINGS_H 1
| #define HAVE_SYS_STAT_H 1
| #define HAVE_SYS_TYPES_H 1
| #define HAVE_UNISTD_H 1
| #define HAVE_WCHAR_H 1
| #define STDC_HEADERS 1
| #define _ALL_SOURCE 1
| #define _DARWIN_C_SOURCE 1
| #define _GNU_SOURCE 1
| #define _HPUX_ALT_XOPEN_SOCKET_API 1
| #define _NETBSD_SOURCE 1
| #define _OPENBSD_SOURCE 1
| #define _POSIX_PTHREAD_SEMANTICS 1
| #define __STDC_WANT_IEC_60559_ATTRIBS_EXT__ 1
| #define __STDC_WANT_IEC_60559_BFP_EXT__ 1
| #define __STDC_WANT_IEC_60559_DFP_EXT__ 1
| #define __STDC_WANT_IEC_60559_EXT__ 1
| #define __STDC_WANT_IEC_60559_FUNCS_EXT__ 1
| #define __STDC_WANT_IEC_60559_TYPES_EXT__ 1
| #define __STDC_WANT_LIB_EXT2__ 1
| #define __STDC_WANT_MATH_SPEC_FUNCS__ 1
| #define _TANDEM_SOURCE 1
| #define __EXTENSIONS__ 1
| #define HAVE_DLFCN_H 1
| #define LT_OBJDIR ".libs/"
| /* end confdefs.h.  */
| #include <stddef.h>
| #ifdef HAVE_STDIO_H
| # include <stdio.h>
| #endif
| #ifdef HAVE_STDLIB_H
| # include <stdlib.h>
| #endif
| #ifdef HAVE_STRING_H
| # include <string.h>
| #endif
| #ifdef HAVE_INTTYPES_H
| # include <inttypes.h>
| #endif
| #ifdef HAVE_STDINT_H
| # include <stdint.h>
| #endif
| #ifdef HAVE_STRINGS_H
| # include <strings.h>
| #endif
| #ifdef HAVE_SYS_TYPES_H
| # include <sys/types.h>
| #endif
| #ifdef HAVE_SYS_STAT_H
| # include <sys/stat.h>
| #endif
| #ifdef HAVE_UNISTD_H
| # include <unistd.h>
| #endif
| #include <crt_externs.h>
configure:15163: result: no
configure:15169: checking for errno.h
configure:15169: /home/nathan/secure-exec-wasmgui/experiments/wasm-gui/toolchain/clang-wasi-wrap.sh -c --target=wasm32-wasip1-threads --sysroot=/home/nathan/secure-exec/registry/native/c/vendor/wasi-sdk/share/wasi-sysroot -O2 -pthread -matomics -mbulk-memory -DSECURE_EXEC_WASM_THREADS -D_WASI_EMULATED_SIGNAL -D_WASI_EMULATED_MMAN -D_WASI_EMULATED_PROCESS_CLOCKS -D_GNU_SOURCE -mllvm -wasm-enable-sjlj -Wno-error=implicit-function-declaration -Wno-error=int-conversion -Wno-int-conversion -I/home/nathan/secure-exec-wasmgui/experiments/wasm-gui/toolchain/compat-include -include /home/nathan/secure-exec-wasmgui/experiments/wasm-gui/toolchain/wasi-compat.h -I/home/nathan/secure-exec-wasmgui/experiments/wasm-gui/third_party/wasm-prefix-threads/include --target=wasm32-wasip1-threads --sysroot=/home/nathan/secure-exec/registry/native/c/vendor/wasi-sdk/share/wasi-sysroot -I/home/nathan/secure-exec-wasmgui/experiments/wasm-gui/third_party/wasm-prefix-threads/include -I/home/nathan/secure-exec-wasmgui/experiments/wasm-gui/toolchain/compat-include -include /home/nathan/secure-exec-wasmgui/experiments/wasm-gui/toolchain/wasi-compat.h conftest.c >&5
configure:15169: $? = 0
configure:15169: result: yes
configure:15175: checking for fcntl.h
configure:15175: /home/nathan/secure-exec-wasmgui/experiments/wasm-gui/toolchain/clang-wasi-wrap.sh -c --target=wasm32-wasip1-threads --sysroot=/home/nathan/secure-exec/registry/native/c/vendor/wasi-sdk/share/wasi-sysroot -O2 -pthread -matomics -mbulk-memory -DSECURE_EXEC_WASM_THREADS -D_WASI_EMULATED_SIGNAL -D_WASI_EMULATED_MMAN -D_WASI_EMULATED_PROCESS_CLOCKS -D_GNU_SOURCE -mllvm -wasm-enable-sjlj -Wno-error=implicit-function-declaration -Wno-error=int-conversion -Wno-int-conversion -I/home/nathan/secure-exec-wasmgui/experiments/wasm-gui/toolchain/compat-include -include /home/nathan/secure-exec-wasmgui/experiments/wasm-gui/toolchain/wasi-compat.h -I/home/nathan/secure-exec-wasmgui/experiments/wasm-gui/third_party/wasm-prefix-threads/include --target=wasm32-wasip1-threads --sysroot=/home/nathan/secure-exec/registry/native/c/vendor/wasi-sdk/share/wasi-sysroot -I/home/nathan/secure-exec-wasmgui/experiments/wasm-gui/third_party/wasm-prefix-threads/include -I/home/nathan/secure-exec-wasmgui/experiments/wasm-gui/toolchain/compat-include -include /home/nathan/secure-exec-wasmgui/experiments/wasm-gui/toolchain/wasi-compat.h conftest.c >&5
configure:15175: $? = 0
configure:15175: result: yes
configure:15181: checking for limits.h
configure:15181: /home/nathan/secure-exec-wasmgui/experiments/wasm-gui/toolchain/clang-wasi-wrap.sh -c --target=wasm32-wasip1-threads --sysroot=/home/nathan/secure-exec/registry/native/c/vendor/wasi-sdk/share/wasi-sysroot -O2 -pthread -matomics -mbulk-memory -DSECURE_EXEC_WASM_THREADS -D_WASI_EMULATED_SIGNAL -D_WASI_EMULATED_MMAN -D_WASI_EMULATED_PROCESS_CLOCKS -D_GNU_SOURCE -mllvm -wasm-enable-sjlj -Wno-error=implicit-function-declaration -Wno-error=int-conversion -Wno-int-conversion -I/home/nathan/secure-exec-wasmgui/experiments/wasm-gui/toolchain/compat-include -include /home/nathan/secure-exec-wasmgui/experiments/wasm-gui/toolchain/wasi-compat.h -I/home/nathan/secure-exec-wasmgui/experiments/wasm-gui/third_party/wasm-prefix-threads/include --target=wasm32-wasip1-threads --sysroot=/home/nathan/secure-exec/registry/native/c/vendor/wasi-sdk/share/wasi-sysroot -I/home/nathan/secure-exec-wasmgui/experiments/wasm-gui/third_party/wasm-prefix-threads/include -I/home/nathan/secure-exec-wasmgui/experiments/wasm-gui/toolchain/compat-include -include /home/nathan/secure-exec-wasmgui/experiments/wasm-gui/toolchain/wasi-compat.h conftest.c >&5
configure:15181: $? = 0
configure:15181: result: yes
configure:15187: checking for locale.h
configure:15187: /home/nathan/secure-exec-wasmgui/experiments/wasm-gui/toolchain/clang-wasi-wrap.sh -c --target=wasm32-wasip1-threads --sysroot=/home/nathan/secure-exec/registry/native/c/vendor/wasi-sdk/share/wasi-sysroot -O2 -pthread -matomics -mbulk-memory -DSECURE_EXEC_WASM_THREADS -D_WASI_EMULATED_SIGNAL -D_WASI_EMULATED_MMAN -D_WASI_EMULATED_PROCESS_CLOCKS -D_GNU_SOURCE -mllvm -wasm-enable-sjlj -Wno-error=implicit-function-declaration -Wno-error=int-conversion -Wno-int-conversion -I/home/nathan/secure-exec-wasmgui/experiments/wasm-gui/toolchain/compat-include -include /home/nathan/secure-exec-wasmgui/experiments/wasm-gui/toolchain/wasi-compat.h -I/home/nathan/secure-exec-wasmgui/experiments/wasm-gui/third_party/wasm-prefix-threads/include --target=wasm32-wasip1-threads --sysroot=/home/nathan/secure-exec/registry/native/c/vendor/wasi-sdk/share/wasi-sysroot -I/home/nathan/secure-exec-wasmgui/experiments/wasm-gui/third_party/wasm-prefix-threads/include -I/home/nathan/secure-exec-wasmgui/experiments/wasm-gui/toolchain/compat-include -include /home/nathan/secure-exec-wasmgui/experiments/wasm-gui/toolchain/wasi-compat.h conftest.c >&5
configure:15187: $? = 0
configure:15187: result: yes
configure:15193: checking for math.h
configure:15193: /home/nathan/secure-exec-wasmgui/experiments/wasm-gui/toolchain/clang-wasi-wrap.sh -c --target=wasm32-wasip1-threads --sysroot=/home/nathan/secure-exec/registry/native/c/vendor/wasi-sdk/share/wasi-sysroot -O2 -pthread -matomics -mbulk-memory -DSECURE_EXEC_WASM_THREADS -D_WASI_EMULATED_SIGNAL -D_WASI_EMULATED_MMAN -D_WASI_EMULATED_PROCESS_CLOCKS -D_GNU_SOURCE -mllvm -wasm-enable-sjlj -Wno-error=implicit-function-declaration -Wno-error=int-conversion -Wno-int-conversion -I/home/nathan/secure-exec-wasmgui/experiments/wasm-gui/toolchain/compat-include -include /home/nathan/secure-exec-wasmgui/experiments/wasm-gui/toolchain/wasi-compat.h -I/home/nathan/secure-exec-wasmgui/experiments/wasm-gui/third_party/wasm-prefix-threads/include --target=wasm32-wasip1-threads --sysroot=/home/nathan/secure-exec/registry/native/c/vendor/wasi-sdk/share/wasi-sysroot -I/home/nathan/secure-exec-wasmgui/experiments/wasm-gui/third_party/wasm-prefix-threads/include -I/home/nathan/secure-exec-wasmgui/experiments/wasm-gui/toolchain/compat-include -include /home/nathan/secure-exec-wasmgui/experiments/wasm-gui/toolchain/wasi-compat.h conftest.c >&5
configure:15193: $? = 0
configure:15193: result: yes
configure:15199: checking for memory.h
configure:15199: /home/nathan/secure-exec-wasmgui/experiments/wasm-gui/toolchain/clang-wasi-wrap.sh -c --target=wasm32-wasip1-threads --sysroot=/home/nathan/secure-exec/registry/native/c/vendor/wasi-sdk/share/wasi-sysroot -O2 -pthread -matomics -mbulk-memory -DSECURE_EXEC_WASM_THREADS -D_WASI_EMULATED_SIGNAL -D_WASI_EMULATED_MMAN -D_WASI_EMULATED_PROCESS_CLOCKS -D_GNU_SOURCE -mllvm -wasm-enable-sjlj -Wno-error=implicit-function-declaration -Wno-error=int-conversion -Wno-int-conversion -I/home/nathan/secure-exec-wasmgui/experiments/wasm-gui/toolchain/compat-include -include /home/nathan/secure-exec-wasmgui/experiments/wasm-gui/toolchain/wasi-compat.h -I/home/nathan/secure-exec-wasmgui/experiments/wasm-gui/third_party/wasm-prefix-threads/include --target=wasm32-wasip1-threads --sysroot=/home/nathan/secure-exec/registry/native/c/vendor/wasi-sdk/share/wasi-sysroot -I/home/nathan/secure-exec-wasmgui/experiments/wasm-gui/third_party/wasm-prefix-threads/include -I/home/nathan/secure-exec-wasmgui/experiments/wasm-gui/toolchain/compat-include -include /home/nathan/secure-exec-wasmgui/experiments/wasm-gui/toolchain/wasi-compat.h conftest.c >&5
configure:15199: $? = 0
configure:15199: result: yes
configure:15205: checking for signal.h
configure:15205: /home/nathan/secure-exec-wasmgui/experiments/wasm-gui/toolchain/clang-wasi-wrap.sh -c --target=wasm32-wasip1-threads --sysroot=/home/nathan/secure-exec/registry/native/c/vendor/wasi-sdk/share/wasi-sysroot -O2 -pthread -matomics -mbulk-memory -DSECURE_EXEC_WASM_THREADS -D_WASI_EMULATED_SIGNAL -D_WASI_EMULATED_MMAN -D_WASI_EMULATED_PROCESS_CLOCKS -D_GNU_SOURCE -mllvm -wasm-enable-sjlj -Wno-error=implicit-function-declaration -Wno-error=int-conversion -Wno-int-conversion -I/home/nathan/secure-exec-wasmgui/experiments/wasm-gui/toolchain/compat-include -include /home/nathan/secure-exec-wasmgui/experiments/wasm-gui/toolchain/wasi-compat.h -I/home/nathan/secure-exec-wasmgui/experiments/wasm-gui/third_party/wasm-prefix-threads/include --target=wasm32-wasip1-threads --sysroot=/home/nathan/secure-exec/registry/native/c/vendor/wasi-sdk/share/wasi-sysroot -I/home/nathan/secure-exec-wasmgui/experiments/wasm-gui/third_party/wasm-prefix-threads/include -I/home/nathan/secure-exec-wasmgui/experiments/wasm-gui/toolchain/compat-include -include /home/nathan/secure-exec-wasmgui/experiments/wasm-gui/toolchain/wasi-compat.h conftest.c >&5
configure:15205: $? = 0
configure:15205: result: yes
configure:15211: checking for stdarg.h
configure:15211: /home/nathan/secure-exec-wasmgui/experiments/wasm-gui/toolchain/clang-wasi-wrap.sh -c --target=wasm32-wasip1-threads --sysroot=/home/nathan/secure-exec/registry/native/c/vendor/wasi-sdk/share/wasi-sysroot -O2 -pthread -matomics -mbulk-memory -DSECURE_EXEC_WASM_THREADS -D_WASI_EMULATED_SIGNAL -D_WASI_EMULATED_MMAN -D_WASI_EMULATED_PROCESS_CLOCKS -D_GNU_SOURCE -mllvm -wasm-enable-sjlj -Wno-error=implicit-function-declaration -Wno-error=int-conversion -Wno-int-conversion -I/home/nathan/secure-exec-wasmgui/experiments/wasm-gui/toolchain/compat-include -include /home/nathan/secure-exec-wasmgui/experiments/wasm-gui/toolchain/wasi-compat.h -I/home/nathan/secure-exec-wasmgui/experiments/wasm-gui/third_party/wasm-prefix-threads/include --target=wasm32-wasip1-threads --sysroot=/home/nathan/secure-exec/registry/native/c/vendor/wasi-sdk/share/wasi-sysroot -I/home/nathan/secure-exec-wasmgui/experiments/wasm-gui/third_party/wasm-prefix-threads/include -I/home/nathan/secure-exec-wasmgui/experiments/wasm-gui/toolchain/compat-include -include /home/nathan/secure-exec-wasmgui/experiments/wasm-gui/toolchain/wasi-compat.h conftest.c >&5
configure:15211: $? = 0
configure:15211: result: yes
configure:15217: checking for stdlib.h
configure:15217: result: yes
configure:15223: checking for string.h
configure:15223: result: yes
configure:15229: checking for unistd.h
configure:15229: result: yes
configure:15236: checking for /home/nathan/secure-exec-wasmgui/experiments/wasm-gui/toolchain/clang-wasi-wrap.sh options needed to detect all undeclared functions
configure:15258: /home/nathan/secure-exec-wasmgui/experiments/wasm-gui/toolchain/clang-wasi-wrap.sh -c --target=wasm32-wasip1-threads --sysroot=/home/nathan/secure-exec/registry/native/c/vendor/wasi-sdk/share/wasi-sysroot -O2 -pthread -matomics -mbulk-memory -DSECURE_EXEC_WASM_THREADS -D_WASI_EMULATED_SIGNAL -D_WASI_EMULATED_MMAN -D_WASI_EMULATED_PROCESS_CLOCKS -D_GNU_SOURCE -mllvm -wasm-enable-sjlj -Wno-error=implicit-function-declaration -Wno-error=int-conversion -Wno-int-conversion -I/home/nathan/secure-exec-wasmgui/experiments/wasm-gui/toolchain/compat-include -include /home/nathan/secure-exec-wasmgui/experiments/wasm-gui/toolchain/wasi-compat.h -I/home/nathan/secure-exec-wasmgui/experiments/wasm-gui/third_party/wasm-prefix-threads/include  --target=wasm32-wasip1-threads --sysroot=/home/nathan/secure-exec/registry/native/c/vendor/wasi-sdk/share/wasi-sysroot -I/home/nathan/secure-exec-wasmgui/experiments/wasm-gui/third_party/wasm-prefix-threads/include -I/home/nathan/secure-exec-wasmgui/experiments/wasm-gui/toolchain/compat-include -include /home/nathan/secure-exec-wasmgui/experiments/wasm-gui/toolchain/wasi-compat.h conftest.c >&5
conftest.c:56:8: warning: call to undeclared library function 'strchr' with type 'char *(const char *, int)'; ISO C99 and later do not support implicit function declarations [-Wimplicit-function-declaration]
   56 | (void) strchr;
      |        ^
conftest.c:56:8: note: include the header <string.h> or explicitly provide a declaration for 'strchr'
1 warning generated.
configure:15258: $? = 0
configure:15258: /home/nathan/secure-exec-wasmgui/experiments/wasm-gui/toolchain/clang-wasi-wrap.sh -c --target=wasm32-wasip1-threads --sysroot=/home/nathan/secure-exec/registry/native/c/vendor/wasi-sdk/share/wasi-sysroot -O2 -pthread -matomics -mbulk-memory -DSECURE_EXEC_WASM_THREADS -D_WASI_EMULATED_SIGNAL -D_WASI_EMULATED_MMAN -D_WASI_EMULATED_PROCESS_CLOCKS -D_GNU_SOURCE -mllvm -wasm-enable-sjlj -Wno-error=implicit-function-declaration -Wno-error=int-conversion -Wno-int-conversion -I/home/nathan/secure-exec-wasmgui/experiments/wasm-gui/toolchain/compat-include -include /home/nathan/secure-exec-wasmgui/experiments/wasm-gui/toolchain/wasi-compat.h -I/home/nathan/secure-exec-wasmgui/experiments/wasm-gui/third_party/wasm-prefix-threads/include -fno-builtin --target=wasm32-wasip1-threads --sysroot=/home/nathan/secure-exec/registry/native/c/vendor/wasi-sdk/share/wasi-sysroot -I/home/nathan/secure-exec-wasmgui/experiments/wasm-gui/third_party/wasm-prefix-threads/include -I/home/nathan/secure-exec-wasmgui/experiments/wasm-gui/toolchain/compat-include -include /home/nathan/secure-exec-wasmgui/experiments/wasm-gui/toolchain/wasi-compat.h conftest.c >&5
conftest.c:56:8: error: use of undeclared identifier 'strchr'
   56 | (void) strchr;
      |        ^
1 error generated.
configure:15258: $? = 1
configure: failed program was:
| /* confdefs.h */
| #define PACKAGE_NAME "libxfce4ui"
| #define PACKAGE_TARNAME "libxfce4ui"
| #define PACKAGE_VERSION "4.18.6"
| #define PACKAGE_STRING "libxfce4ui 4.18.6"
| #define PACKAGE_BUGREPORT "https://gitlab.xfce.org/xfce/libxfce4ui/-/issues"
| #define PACKAGE_URL ""
| #define PACKAGE "libxfce4ui"
| #define VERSION "4.18.6"
| #define HAVE_STDIO_H 1
| #define HAVE_STDLIB_H 1
| #define HAVE_STRING_H 1
| #define HAVE_INTTYPES_H 1
| #define HAVE_STDINT_H 1
| #define HAVE_STRINGS_H 1
| #define HAVE_SYS_STAT_H 1
| #define HAVE_SYS_TYPES_H 1
| #define HAVE_UNISTD_H 1
| #define HAVE_WCHAR_H 1
| #define STDC_HEADERS 1
| #define _ALL_SOURCE 1
| #define _DARWIN_C_SOURCE 1
| #define _GNU_SOURCE 1
| #define _HPUX_ALT_XOPEN_SOCKET_API 1
| #define _NETBSD_SOURCE 1
| #define _OPENBSD_SOURCE 1
| #define _POSIX_PTHREAD_SEMANTICS 1
| #define __STDC_WANT_IEC_60559_ATTRIBS_EXT__ 1
| #define __STDC_WANT_IEC_60559_BFP_EXT__ 1
| #define __STDC_WANT_IEC_60559_DFP_EXT__ 1
| #define __STDC_WANT_IEC_60559_EXT__ 1
| #define __STDC_WANT_IEC_60559_FUNCS_EXT__ 1
| #define __STDC_WANT_IEC_60559_TYPES_EXT__ 1
| #define __STDC_WANT_LIB_EXT2__ 1
| #define __STDC_WANT_MATH_SPEC_FUNCS__ 1
| #define _TANDEM_SOURCE 1
| #define __EXTENSIONS__ 1
| #define HAVE_DLFCN_H 1
| #define LT_OBJDIR ".libs/"
| #define HAVE_ERRNO_H 1
| #define HAVE_FCNTL_H 1
| #define HAVE_LIMITS_H 1
| #define HAVE_LOCALE_H 1
| #define HAVE_MATH_H 1
| #define HAVE_MEMORY_H 1
| #define HAVE_SIGNAL_H 1
| #define HAVE_STDARG_H 1
| #define HAVE_STDLIB_H 1
| #define HAVE_STRING_H 1
| #define HAVE_UNISTD_H 1
| /* end confdefs.h.  */
| 
| int
| main (void)
| {
| (void) strchr;
|   ;
|   return 0;
| }
configure:15285: /home/nathan/secure-exec-wasmgui/experiments/wasm-gui/toolchain/clang-wasi-wrap.sh -c --target=wasm32-wasip1-threads --sysroot=/home/nathan/secure-exec/registry/native/c/vendor/wasi-sdk/share/wasi-sysroot -O2 -pthread -matomics -mbulk-memory -DSECURE_EXEC_WASM_THREADS -D_WASI_EMULATED_SIGNAL -D_WASI_EMULATED_MMAN -D_WASI_EMULATED_PROCESS_CLOCKS -D_GNU_SOURCE -mllvm -wasm-enable-sjlj -Wno-error=implicit-function-declaration -Wno-error=int-conversion -Wno-int-conversion -I/home/nathan/secure-exec-wasmgui/experiments/wasm-gui/toolchain/compat-include -include /home/nathan/secure-exec-wasmgui/experiments/wasm-gui/toolchain/wasi-compat.h -I/home/nathan/secure-exec-wasmgui/experiments/wasm-gui/third_party/wasm-prefix-threads/include -fno-builtin --target=wasm32-wasip1-threads --sysroot=/home/nathan/secure-exec/registry/native/c/vendor/wasi-sdk/share/wasi-sysroot -I/home/nathan/secure-exec-wasmgui/experiments/wasm-gui/third_party/wasm-prefix-threads/include -I/home/nathan/secure-exec-wasmgui/experiments/wasm-gui/toolchain/compat-include -include /home/nathan/secure-exec-wasmgui/experiments/wasm-gui/toolchain/wasi-compat.h conftest.c >&5
configure:15285: $? = 0
configure:15305: result: -fno-builtin
configure:15319: checking whether environ is declared
configure:15319: /home/nathan/secure-exec-wasmgui/experiments/wasm-gui/toolchain/clang-wasi-wrap.sh -c --target=wasm32-wasip1-threads --sysroot=/home/nathan/secure-exec/registry/native/c/vendor/wasi-sdk/share/wasi-sysroot -O2 -pthread -matomics -mbulk-memory -DSECURE_EXEC_WASM_THREADS -D_WASI_EMULATED_SIGNAL -D_WASI_EMULATED_MMAN -D_WASI_EMULATED_PROCESS_CLOCKS -D_GNU_SOURCE -mllvm -wasm-enable-sjlj -Wno-error=implicit-function-declaration -Wno-error=int-conversion -Wno-int-conversion -I/home/nathan/secure-exec-wasmgui/experiments/wasm-gui/toolchain/compat-include -include /home/nathan/secure-exec-wasmgui/experiments/wasm-gui/toolchain/wasi-compat.h -I/home/nathan/secure-exec-wasmgui/experiments/wasm-gui/third_party/wasm-prefix-threads/include -fno-builtin --target=wasm32-wasip1-threads --sysroot=/home/nathan/secure-exec/registry/native/c/vendor/wasi-sdk/share/wasi-sysroot -I/home/nathan/secure-exec-wasmgui/experiments/wasm-gui/third_party/wasm-prefix-threads/include -I/home/nathan/secure-exec-wasmgui/experiments/wasm-gui/toolchain/compat-include -include /home/nathan/secure-exec-wasmgui/experiments/wasm-gui/toolchain/wasi-compat.h conftest.c >&5
configure:15319: $? = 0
configure:15319: result: yes
configure:15329: checking for _NSGetEnviron
configure:15329: /home/nathan/secure-exec-wasmgui/experiments/wasm-gui/toolchain/clang-wasi-wrap.sh -o conftest --target=wasm32-wasip1-threads --sysroot=/home/nathan/secure-exec/registry/native/c/vendor/wasi-sdk/share/wasi-sysroot -O2 -pthread -matomics -mbulk-memory -DSECURE_EXEC_WASM_THREADS -D_WASI_EMULATED_SIGNAL -D_WASI_EMULATED_MMAN -D_WASI_EMULATED_PROCESS_CLOCKS -D_GNU_SOURCE -mllvm -wasm-enable-sjlj -Wno-error=implicit-function-declaration -Wno-error=int-conversion -Wno-int-conversion -I/home/nathan/secure-exec-wasmgui/experiments/wasm-gui/toolchain/compat-include -include /home/nathan/secure-exec-wasmgui/experiments/wasm-gui/toolchain/wasi-compat.h -I/home/nathan/secure-exec-wasmgui/experiments/wasm-gui/third_party/wasm-prefix-threads/include --target=wasm32-wasip1-threads --sysroot=/home/nathan/secure-exec/registry/native/c/vendor/wasi-sdk/share/wasi-sysroot -I/home/nathan/secure-exec-wasmgui/experiments/wasm-gui/third_party/wasm-prefix-threads/include -I/home/nathan/secure-exec-wasmgui/experiments/wasm-gui/toolchain/compat-include -include /home/nathan/secure-exec-wasmgui/experiments/wasm-gui/toolchain/wasi-compat.h --target=wasm32-wasip1-threads --sysroot=/home/nathan/secure-exec/registry/native/c/vendor/wasi-sdk/share/wasi-sysroot -Wl,--shared-memory -Wl,--import-memory -Wl,--export-memory -Wl,--max-memory=536870912 -Wl,--export=wasi_thread_start -Wl,--no-check-features -lwasi-emulated-signal -L/home/nathan/secure-exec-wasmgui/experiments/wasm-gui/third_party/wasm-prefix-threads/lib -L/home/nathan/secure-exec/registry/native/c/vendor/wasi-sdk/share/wasi-sysroot/lib/wasm32-wasip1-threads -lwasi-emulated-mman -lwasi-emulated-process-clocks -L/home/nathan/secure-exec-wasmgui/experiments/wasm-gui/third_party/wasm-prefix-threads/lib -lhostcompat conftest.c  >&5
wasm-ld: error: /tmp/conftest-064b56.o: undefined symbol: _NSGetEnviron
clang: error: linker command failed with exit code 1 (use -v to see invocation)
configure:15329: $? = 1
configure: failed program was:
| /* confdefs.h */
| #define PACKAGE_NAME "libxfce4ui"
| #define PACKAGE_TARNAME "libxfce4ui"
| #define PACKAGE_VERSION "4.18.6"
| #define PACKAGE_STRING "libxfce4ui 4.18.6"
| #define PACKAGE_BUGREPORT "https://gitlab.xfce.org/xfce/libxfce4ui/-/issues"
| #define PACKAGE_URL ""
| #define PACKAGE "libxfce4ui"
| #define VERSION "4.18.6"
| #define HAVE_STDIO_H 1
| #define HAVE_STDLIB_H 1
| #define HAVE_STRING_H 1
| #define HAVE_INTTYPES_H 1
| #define HAVE_STDINT_H 1
| #define HAVE_STRINGS_H 1
| #define HAVE_SYS_STAT_H 1
| #define HAVE_SYS_TYPES_H 1
| #define HAVE_UNISTD_H 1
| #define HAVE_WCHAR_H 1
| #define STDC_HEADERS 1
| #define _ALL_SOURCE 1
| #define _DARWIN_C_SOURCE 1
| #define _GNU_SOURCE 1
| #define _HPUX_ALT_XOPEN_SOCKET_API 1
| #define _NETBSD_SOURCE 1
| #define _OPENBSD_SOURCE 1
| #define _POSIX_PTHREAD_SEMANTICS 1
| #define __STDC_WANT_IEC_60559_ATTRIBS_EXT__ 1
| #define __STDC_WANT_IEC_60559_BFP_EXT__ 1
| #define __STDC_WANT_IEC_60559_DFP_EXT__ 1
| #define __STDC_WANT_IEC_60559_EXT__ 1
| #define __STDC_WANT_IEC_60559_FUNCS_EXT__ 1
| #define __STDC_WANT_IEC_60559_TYPES_EXT__ 1
| #define __STDC_WANT_LIB_EXT2__ 1
| #define __STDC_WANT_MATH_SPEC_FUNCS__ 1
| #define _TANDEM_SOURCE 1
| #define __EXTENSIONS__ 1
| #define HAVE_DLFCN_H 1
| #define LT_OBJDIR ".libs/"
| #define HAVE_ERRNO_H 1
| #define HAVE_FCNTL_H 1
| #define HAVE_LIMITS_H 1
| #define HAVE_LOCALE_H 1
| #define HAVE_MATH_H 1
| #define HAVE_MEMORY_H 1
| #define HAVE_SIGNAL_H 1
| #define HAVE_STDARG_H 1
| #define HAVE_STDLIB_H 1
| #define HAVE_STRING_H 1
| #define HAVE_UNISTD_H 1
| #define HAVE_DECL_ENVIRON 1
| /* end confdefs.h.  */
| /* Define _NSGetEnviron to an innocuous variant, in case <limits.h> declares _NSGetEnviron.
|    For example, HP-UX 11i <limits.h> declares gettimeofday.  */
| #define _NSGetEnviron innocuous__NSGetEnviron
| 
| /* System header to define __stub macros and hopefully few prototypes,
|    which can conflict with char _NSGetEnviron (void); below.  */
| 
| #include <limits.h>
| #undef _NSGetEnviron
| 
| /* Override any GCC internal prototype to avoid an error.
|    Use char because int might match the return type of a GCC
|    builtin and then its argument prototype would still apply.  */
| #ifdef __cplusplus
| extern "C"
| #endif
| char _NSGetEnviron (void);
| /* The GNU C library defines this for functions which it implements
|     to always fail with ENOSYS.  Some functions are actually named
|     something starting with __ and the normal name is an alias.  */
| #if defined __stub__NSGetEnviron || defined __stub____NSGetEnviron
| choke me
| #endif
| 
| int
| main (void)
| {
| return _NSGetEnviron ();
|   ;
|   return 0;
| }
configure:15329: result: no
configure:15346: checking for library containing bind_textdomain_codeset
configure:15382: /home/nathan/secure-exec-wasmgui/experiments/wasm-gui/toolchain/clang-wasi-wrap.sh -o conftest --target=wasm32-wasip1-threads --sysroot=/home/nathan/secure-exec/registry/native/c/vendor/wasi-sdk/share/wasi-sysroot -O2 -pthread -matomics -mbulk-memory -DSECURE_EXEC_WASM_THREADS -D_WASI_EMULATED_SIGNAL -D_WASI_EMULATED_MMAN -D_WASI_EMULATED_PROCESS_CLOCKS -D_GNU_SOURCE -mllvm -wasm-enable-sjlj -Wno-error=implicit-function-declaration -Wno-error=int-conversion -Wno-int-conversion -I/home/nathan/secure-exec-wasmgui/experiments/wasm-gui/toolchain/compat-include -include /home/nathan/secure-exec-wasmgui/experiments/wasm-gui/toolchain/wasi-compat.h -I/home/nathan/secure-exec-wasmgui/experiments/wasm-gui/third_party/wasm-prefix-threads/include --target=wasm32-wasip1-threads --sysroot=/home/nathan/secure-exec/registry/native/c/vendor/wasi-sdk/share/wasi-sysroot -I/home/nathan/secure-exec-wasmgui/experiments/wasm-gui/third_party/wasm-prefix-threads/include -I/home/nathan/secure-exec-wasmgui/experiments/wasm-gui/toolchain/compat-include -include /home/nathan/secure-exec-wasmgui/experiments/wasm-gui/toolchain/wasi-compat.h --target=wasm32-wasip1-threads --sysroot=/home/nathan/secure-exec/registry/native/c/vendor/wasi-sdk/share/wasi-sysroot -Wl,--shared-memory -Wl,--import-memory -Wl,--export-memory -Wl,--max-memory=536870912 -Wl,--export=wasi_thread_start -Wl,--no-check-features -lwasi-emulated-signal -L/home/nathan/secure-exec-wasmgui/experiments/wasm-gui/third_party/wasm-prefix-threads/lib -L/home/nathan/secure-exec/registry/native/c/vendor/wasi-sdk/share/wasi-sysroot/lib/wasm32-wasip1-threads -lwasi-emulated-mman -lwasi-emulated-process-clocks -L/home/nathan/secure-exec-wasmgui/experiments/wasm-gui/third_party/wasm-prefix-threads/lib -lhostcompat conftest.c  >&5
wasm-ld: error: /tmp/conftest-45209d.o: undefined symbol: bind_textdomain_codeset
clang: error: linker command failed with exit code 1 (use -v to see invocation)
configure:15382: $? = 1
configure: failed program was:
| /* confdefs.h */
| #define PACKAGE_NAME "libxfce4ui"
| #define PACKAGE_TARNAME "libxfce4ui"
| #define PACKAGE_VERSION "4.18.6"
| #define PACKAGE_STRING "libxfce4ui 4.18.6"
| #define PACKAGE_BUGREPORT "https://gitlab.xfce.org/xfce/libxfce4ui/-/issues"
| #define PACKAGE_URL ""
| #define PACKAGE "libxfce4ui"
| #define VERSION "4.18.6"
| #define HAVE_STDIO_H 1
| #define HAVE_STDLIB_H 1
| #define HAVE_STRING_H 1
| #define HAVE_INTTYPES_H 1
| #define HAVE_STDINT_H 1
| #define HAVE_STRINGS_H 1
| #define HAVE_SYS_STAT_H 1
| #define HAVE_SYS_TYPES_H 1
| #define HAVE_UNISTD_H 1
| #define HAVE_WCHAR_H 1
| #define STDC_HEADERS 1
| #define _ALL_SOURCE 1
| #define _DARWIN_C_SOURCE 1
| #define _GNU_SOURCE 1
| #define _HPUX_ALT_XOPEN_SOCKET_API 1
| #define _NETBSD_SOURCE 1
| #define _OPENBSD_SOURCE 1
| #define _POSIX_PTHREAD_SEMANTICS 1
| #define __STDC_WANT_IEC_60559_ATTRIBS_EXT__ 1
| #define __STDC_WANT_IEC_60559_BFP_EXT__ 1
| #define __STDC_WANT_IEC_60559_DFP_EXT__ 1
| #define __STDC_WANT_IEC_60559_EXT__ 1
| #define __STDC_WANT_IEC_60559_FUNCS_EXT__ 1
| #define __STDC_WANT_IEC_60559_TYPES_EXT__ 1
| #define __STDC_WANT_LIB_EXT2__ 1
| #define __STDC_WANT_MATH_SPEC_FUNCS__ 1
| #define _TANDEM_SOURCE 1
| #define __EXTENSIONS__ 1
| #define HAVE_DLFCN_H 1
| #define LT_OBJDIR ".libs/"
| #define HAVE_ERRNO_H 1
| #define HAVE_FCNTL_H 1
| #define HAVE_LIMITS_H 1
| #define HAVE_LOCALE_H 1
| #define HAVE_MATH_H 1
| #define HAVE_MEMORY_H 1
| #define HAVE_SIGNAL_H 1
| #define HAVE_STDARG_H 1
| #define HAVE_STDLIB_H 1
| #define HAVE_STRING_H 1
| #define HAVE_UNISTD_H 1
| #define HAVE_DECL_ENVIRON 1
| #define GETTEXT_PACKAGE "libxfce4ui"
| /* end confdefs.h.  */
| 
| /* Override any GCC internal prototype to avoid an error.
|    Use char because int might match the return type of a GCC
|    builtin and then its argument prototype would still apply.
|    The 'extern "C"' is for builds by C++ compilers;
|    although this is not generally supported in C code supporting it here
|    has little cost and some practical benefit (sr 110532).  */
| #ifdef __cplusplus
| extern "C"
| #endif
| char bind_textdomain_codeset (void);
| int
| main (void)
| {
| return bind_textdomain_codeset ();
|   ;
|   return 0;
| }
configure:15382: /home/nathan/secure-exec-wasmgui/experiments/wasm-gui/toolchain/clang-wasi-wrap.sh -o conftest --target=wasm32-wasip1-threads --sysroot=/home/nathan/secure-exec/registry/native/c/vendor/wasi-sdk/share/wasi-sysroot -O2 -pthread -matomics -mbulk-memory -DSECURE_EXEC_WASM_THREADS -D_WASI_EMULATED_SIGNAL -D_WASI_EMULATED_MMAN -D_WASI_EMULATED_PROCESS_CLOCKS -D_GNU_SOURCE -mllvm -wasm-enable-sjlj -Wno-error=implicit-function-declaration -Wno-error=int-conversion -Wno-int-conversion -I/home/nathan/secure-exec-wasmgui/experiments/wasm-gui/toolchain/compat-include -include /home/nathan/secure-exec-wasmgui/experiments/wasm-gui/toolchain/wasi-compat.h -I/home/nathan/secure-exec-wasmgui/experiments/wasm-gui/third_party/wasm-prefix-threads/include --target=wasm32-wasip1-threads --sysroot=/home/nathan/secure-exec/registry/native/c/vendor/wasi-sdk/share/wasi-sysroot -I/home/nathan/secure-exec-wasmgui/experiments/wasm-gui/third_party/wasm-prefix-threads/include -I/home/nathan/secure-exec-wasmgui/experiments/wasm-gui/toolchain/compat-include -include /home/nathan/secure-exec-wasmgui/experiments/wasm-gui/toolchain/wasi-compat.h --target=wasm32-wasip1-threads --sysroot=/home/nathan/secure-exec/registry/native/c/vendor/wasi-sdk/share/wasi-sysroot -Wl,--shared-memory -Wl,--import-memory -Wl,--export-memory -Wl,--max-memory=536870912 -Wl,--export=wasi_thread_start -Wl,--no-check-features -lwasi-emulated-signal -L/home/nathan/secure-exec-wasmgui/experiments/wasm-gui/third_party/wasm-prefix-threads/lib -L/home/nathan/secure-exec/registry/native/c/vendor/wasi-sdk/share/wasi-sysroot/lib/wasm32-wasip1-threads -lwasi-emulated-mman -lwasi-emulated-process-clocks -L/home/nathan/secure-exec-wasmgui/experiments/wasm-gui/third_party/wasm-prefix-threads/lib -lhostcompat conftest.c -lintl   >&5
wasm-ld: warning: function signature mismatch: bind_textdomain_codeset
>>> defined as () -> i32 in /tmp/conftest-71f372.o
>>> defined as (i32, i32) -> i32 in /home/nathan/secure-exec-wasmgui/experiments/wasm-gui/third_party/wasm-prefix-threads/lib/libintl.a(libintl.o)
configure:15382: $? = 0
configure:15404: result: -lintl
configure:15416: checking for locales directory
configure:15434: result: ${prefix}/share/locale
configure:15438: checking for library containing bind_textdomain_codeset
configure:15496: result: -lintl
configure:15513: checking how to run the C preprocessor
configure:15539: /home/nathan/secure-exec-wasmgui/experiments/wasm-gui/toolchain/clang-wasi-wrap.sh -E --target=wasm32-wasip1-threads --sysroot=/home/nathan/secure-exec/registry/native/c/vendor/wasi-sdk/share/wasi-sysroot -I/home/nathan/secure-exec-wasmgui/experiments/wasm-gui/third_party/wasm-prefix-threads/include -I/home/nathan/secure-exec-wasmgui/experiments/wasm-gui/toolchain/compat-include -include /home/nathan/secure-exec-wasmgui/experiments/wasm-gui/toolchain/wasi-compat.h conftest.c
configure:15539: $? = 0
configure:15555: /home/nathan/secure-exec-wasmgui/experiments/wasm-gui/toolchain/clang-wasi-wrap.sh -E --target=wasm32-wasip1-threads --sysroot=/home/nathan/secure-exec/registry/native/c/vendor/wasi-sdk/share/wasi-sysroot -I/home/nathan/secure-exec-wasmgui/experiments/wasm-gui/third_party/wasm-prefix-threads/include -I/home/nathan/secure-exec-wasmgui/experiments/wasm-gui/toolchain/compat-include -include /home/nathan/secure-exec-wasmgui/experiments/wasm-gui/toolchain/wasi-compat.h conftest.c
conftest.c:56:10: fatal error: 'ac_nonexistent.h' file not found
   56 | #include <ac_nonexistent.h>
      |          ^~~~~~~~~~~~~~~~~~
1 error generated.
configure:15555: $? = 1
configure: failed program was:
| /* confdefs.h */
| #define PACKAGE_NAME "libxfce4ui"
| #define PACKAGE_TARNAME "libxfce4ui"
| #define PACKAGE_VERSION "4.18.6"
| #define PACKAGE_STRING "libxfce4ui 4.18.6"
| #define PACKAGE_BUGREPORT "https://gitlab.xfce.org/xfce/libxfce4ui/-/issues"
| #define PACKAGE_URL ""
| #define PACKAGE "libxfce4ui"
| #define VERSION "4.18.6"
| #define HAVE_STDIO_H 1
| #define HAVE_STDLIB_H 1
| #define HAVE_STRING_H 1
| #define HAVE_INTTYPES_H 1
| #define HAVE_STDINT_H 1
| #define HAVE_STRINGS_H 1
| #define HAVE_SYS_STAT_H 1
| #define HAVE_SYS_TYPES_H 1
| #define HAVE_UNISTD_H 1
| #define HAVE_WCHAR_H 1
| #define STDC_HEADERS 1
| #define _ALL_SOURCE 1
| #define _DARWIN_C_SOURCE 1
| #define _GNU_SOURCE 1
| #define _HPUX_ALT_XOPEN_SOCKET_API 1
| #define _NETBSD_SOURCE 1
| #define _OPENBSD_SOURCE 1
| #define _POSIX_PTHREAD_SEMANTICS 1
| #define __STDC_WANT_IEC_60559_ATTRIBS_EXT__ 1
| #define __STDC_WANT_IEC_60559_BFP_EXT__ 1
| #define __STDC_WANT_IEC_60559_DFP_EXT__ 1
| #define __STDC_WANT_IEC_60559_EXT__ 1
| #define __STDC_WANT_IEC_60559_FUNCS_EXT__ 1
| #define __STDC_WANT_IEC_60559_TYPES_EXT__ 1
| #define __STDC_WANT_LIB_EXT2__ 1
| #define __STDC_WANT_MATH_SPEC_FUNCS__ 1
| #define _TANDEM_SOURCE 1
| #define __EXTENSIONS__ 1
| #define HAVE_DLFCN_H 1
| #define LT_OBJDIR ".libs/"
| #define HAVE_ERRNO_H 1
| #define HAVE_FCNTL_H 1
| #define HAVE_LIMITS_H 1
| #define HAVE_LOCALE_H 1
| #define HAVE_MATH_H 1
| #define HAVE_MEMORY_H 1
| #define HAVE_SIGNAL_H 1
| #define HAVE_STDARG_H 1
| #define HAVE_STDLIB_H 1
| #define HAVE_STRING_H 1
| #define HAVE_UNISTD_H 1
| #define HAVE_DECL_ENVIRON 1
| #define GETTEXT_PACKAGE "libxfce4ui"
| #define HAVE_BIND_TEXTDOMAIN_CODESET 1
| #define HAVE_BIND_TEXTDOMAIN_CODESET 1
| /* end confdefs.h.  */
| #include <ac_nonexistent.h>
configure:15584: result: /home/nathan/secure-exec-wasmgui/experiments/wasm-gui/toolchain/clang-wasi-wrap.sh -E
configure:15598: /home/nathan/secure-exec-wasmgui/experiments/wasm-gui/toolchain/clang-wasi-wrap.sh -E --target=wasm32-wasip1-threads --sysroot=/home/nathan/secure-exec/registry/native/c/vendor/wasi-sdk/share/wasi-sysroot -I/home/nathan/secure-exec-wasmgui/experiments/wasm-gui/third_party/wasm-prefix-threads/include -I/home/nathan/secure-exec-wasmgui/experiments/wasm-gui/toolchain/compat-include -include /home/nathan/secure-exec-wasmgui/experiments/wasm-gui/toolchain/wasi-compat.h conftest.c
configure:15598: $? = 0
configure:15614: /home/nathan/secure-exec-wasmgui/experiments/wasm-gui/toolchain/clang-wasi-wrap.sh -E --target=wasm32-wasip1-threads --sysroot=/home/nathan/secure-exec/registry/native/c/vendor/wasi-sdk/share/wasi-sysroot -I/home/nathan/secure-exec-wasmgui/experiments/wasm-gui/third_party/wasm-prefix-threads/include -I/home/nathan/secure-exec-wasmgui/experiments/wasm-gui/toolchain/compat-include -include /home/nathan/secure-exec-wasmgui/experiments/wasm-gui/toolchain/wasi-compat.h conftest.c
conftest.c:56:10: fatal error: 'ac_nonexistent.h' file not found
   56 | #include <ac_nonexistent.h>
      |          ^~~~~~~~~~~~~~~~~~
1 error generated.
configure:15614: $? = 1
configure: failed program was:
| /* confdefs.h */
| #define PACKAGE_NAME "libxfce4ui"
| #define PACKAGE_TARNAME "libxfce4ui"
| #define PACKAGE_VERSION "4.18.6"
| #define PACKAGE_STRING "libxfce4ui 4.18.6"
| #define PACKAGE_BUGREPORT "https://gitlab.xfce.org/xfce/libxfce4ui/-/issues"
| #define PACKAGE_URL ""
| #define PACKAGE "libxfce4ui"
| #define VERSION "4.18.6"
| #define HAVE_STDIO_H 1
| #define HAVE_STDLIB_H 1
| #define HAVE_STRING_H 1
| #define HAVE_INTTYPES_H 1
| #define HAVE_STDINT_H 1
| #define HAVE_STRINGS_H 1
| #define HAVE_SYS_STAT_H 1
| #define HAVE_SYS_TYPES_H 1
| #define HAVE_UNISTD_H 1
| #define HAVE_WCHAR_H 1
| #define STDC_HEADERS 1
| #define _ALL_SOURCE 1
| #define _DARWIN_C_SOURCE 1
| #define _GNU_SOURCE 1
| #define _HPUX_ALT_XOPEN_SOCKET_API 1
| #define _NETBSD_SOURCE 1
| #define _OPENBSD_SOURCE 1
| #define _POSIX_PTHREAD_SEMANTICS 1
| #define __STDC_WANT_IEC_60559_ATTRIBS_EXT__ 1
| #define __STDC_WANT_IEC_60559_BFP_EXT__ 1
| #define __STDC_WANT_IEC_60559_DFP_EXT__ 1
| #define __STDC_WANT_IEC_60559_EXT__ 1
| #define __STDC_WANT_IEC_60559_FUNCS_EXT__ 1
| #define __STDC_WANT_IEC_60559_TYPES_EXT__ 1
| #define __STDC_WANT_LIB_EXT2__ 1
| #define __STDC_WANT_MATH_SPEC_FUNCS__ 1
| #define _TANDEM_SOURCE 1
| #define __EXTENSIONS__ 1
| #define HAVE_DLFCN_H 1
| #define LT_OBJDIR ".libs/"
| #define HAVE_ERRNO_H 1
| #define HAVE_FCNTL_H 1
| #define HAVE_LIMITS_H 1
| #define HAVE_LOCALE_H 1
| #define HAVE_MATH_H 1
| #define HAVE_MEMORY_H 1
| #define HAVE_SIGNAL_H 1
| #define HAVE_STDARG_H 1
| #define HAVE_STDLIB_H 1
| #define HAVE_STRING_H 1
| #define HAVE_UNISTD_H 1
| #define HAVE_DECL_ENVIRON 1
| #define GETTEXT_PACKAGE "libxfce4ui"
| #define HAVE_BIND_TEXTDOMAIN_CODESET 1
| #define HAVE_BIND_TEXTDOMAIN_CODESET 1
| /* end confdefs.h.  */
| #include <ac_nonexistent.h>
configure:15647: checking for X
configure:15685: /home/nathan/secure-exec-wasmgui/experiments/wasm-gui/toolchain/clang-wasi-wrap.sh -o conftest --target=wasm32-wasip1-threads --sysroot=/home/nathan/secure-exec/registry/native/c/vendor/wasi-sdk/share/wasi-sysroot -O2 -pthread -matomics -mbulk-memory -DSECURE_EXEC_WASM_THREADS -D_WASI_EMULATED_SIGNAL -D_WASI_EMULATED_MMAN -D_WASI_EMULATED_PROCESS_CLOCKS -D_GNU_SOURCE -mllvm -wasm-enable-sjlj -Wno-error=implicit-function-declaration -Wno-error=int-conversion -Wno-int-conversion -I/home/nathan/secure-exec-wasmgui/experiments/wasm-gui/toolchain/compat-include -include /home/nathan/secure-exec-wasmgui/experiments/wasm-gui/toolchain/wasi-compat.h -I/home/nathan/secure-exec-wasmgui/experiments/wasm-gui/third_party/wasm-prefix-threads/include --target=wasm32-wasip1-threads --sysroot=/home/nathan/secure-exec/registry/native/c/vendor/wasi-sdk/share/wasi-sysroot -I/home/nathan/secure-exec-wasmgui/experiments/wasm-gui/third_party/wasm-prefix-threads/include -I/home/nathan/secure-exec-wasmgui/experiments/wasm-gui/toolchain/compat-include -include /home/nathan/secure-exec-wasmgui/experiments/wasm-gui/toolchain/wasi-compat.h --target=wasm32-wasip1-threads --sysroot=/home/nathan/secure-exec/registry/native/c/vendor/wasi-sdk/share/wasi-sysroot -Wl,--shared-memory -Wl,--import-memory -Wl,--export-memory -Wl,--max-memory=536870912 -Wl,--export=wasi_thread_start -Wl,--no-check-features -lwasi-emulated-signal -L/home/nathan/secure-exec-wasmgui/experiments/wasm-gui/third_party/wasm-prefix-threads/lib -L/home/nathan/secure-exec/registry/native/c/vendor/wasi-sdk/share/wasi-sysroot/lib/wasm32-wasip1-threads -lwasi-emulated-mman -lwasi-emulated-process-clocks -L/home/nathan/secure-exec-wasmgui/experiments/wasm-gui/third_party/wasm-prefix-threads/lib -lhostcompat conftest.c -lX11 -lintl -lintl  >&5
configure:15685: $? = 0
configure:15875: result: libraries , headers 
configure:15981: /home/nathan/secure-exec-wasmgui/experiments/wasm-gui/toolchain/clang-wasi-wrap.sh -o conftest --target=wasm32-wasip1-threads --sysroot=/home/nathan/secure-exec/registry/native/c/vendor/wasi-sdk/share/wasi-sysroot -O2 -pthread -matomics -mbulk-memory -DSECURE_EXEC_WASM_THREADS -D_WASI_EMULATED_SIGNAL -D_WASI_EMULATED_MMAN -D_WASI_EMULATED_PROCESS_CLOCKS -D_GNU_SOURCE -mllvm -wasm-enable-sjlj -Wno-error=implicit-function-declaration -Wno-error=int-conversion -Wno-int-conversion -I/home/nathan/secure-exec-wasmgui/experiments/wasm-gui/toolchain/compat-include -include /home/nathan/secure-exec-wasmgui/experiments/wasm-gui/toolchain/wasi-compat.h -I/home/nathan/secure-exec-wasmgui/experiments/wasm-gui/third_party/wasm-prefix-threads/include --target=wasm32-wasip1-threads --sysroot=/home/nathan/secure-exec/registry/native/c/vendor/wasi-sdk/share/wasi-sysroot -I/home/nathan/secure-exec-wasmgui/experiments/wasm-gui/third_party/wasm-prefix-threads/include -I/home/nathan/secure-exec-wasmgui/experiments/wasm-gui/toolchain/compat-include -include /home/nathan/secure-exec-wasmgui/experiments/wasm-gui/toolchain/wasi-compat.h --target=wasm32-wasip1-threads --sysroot=/home/nathan/secure-exec/registry/native/c/vendor/wasi-sdk/share/wasi-sysroot -Wl,--shared-memory -Wl,--import-memory -Wl,--export-memory -Wl,--max-memory=536870912 -Wl,--export=wasi_thread_start -Wl,--no-check-features -lwasi-emulated-signal -L/home/nathan/secure-exec-wasmgui/experiments/wasm-gui/third_party/wasm-prefix-threads/lib -L/home/nathan/secure-exec/registry/native/c/vendor/wasi-sdk/share/wasi-sysroot/lib/wasm32-wasip1-threads -lwasi-emulated-mman -lwasi-emulated-process-clocks -L/home/nathan/secure-exec-wasmgui/experiments/wasm-gui/third_party/wasm-prefix-threads/lib -lhostcompat conftest.c -lintl -lintl   -lX11 >&5
wasm-ld: warning: function signature mismatch: XOpenDisplay
>>> defined as () -> i32 in /tmp/conftest-e93922.o
>>> defined as (i32) -> i32 in /home/nathan/secure-exec-wasmgui/experiments/wasm-gui/third_party/wasm-prefix-threads/lib/libX11.a(OpenDis.o)
configure:15981: $? = 0
configure:16097: checking for gethostbyname
configure:16097: /home/nathan/secure-exec-wasmgui/experiments/wasm-gui/toolchain/clang-wasi-wrap.sh -o conftest --target=wasm32-wasip1-threads --sysroot=/home/nathan/secure-exec/registry/native/c/vendor/wasi-sdk/share/wasi-sysroot -O2 -pthread -matomics -mbulk-memory -DSECURE_EXEC_WASM_THREADS -D_WASI_EMULATED_SIGNAL -D_WASI_EMULATED_MMAN -D_WASI_EMULATED_PROCESS_CLOCKS -D_GNU_SOURCE -mllvm -wasm-enable-sjlj -Wno-error=implicit-function-declaration -Wno-error=int-conversion -Wno-int-conversion -I/home/nathan/secure-exec-wasmgui/experiments/wasm-gui/toolchain/compat-include -include /home/nathan/secure-exec-wasmgui/experiments/wasm-gui/toolchain/wasi-compat.h -I/home/nathan/secure-exec-wasmgui/experiments/wasm-gui/third_party/wasm-prefix-threads/include --target=wasm32-wasip1-threads --sysroot=/home/nathan/secure-exec/registry/native/c/vendor/wasi-sdk/share/wasi-sysroot -I/home/nathan/secure-exec-wasmgui/experiments/wasm-gui/third_party/wasm-prefix-threads/include -I/home/nathan/secure-exec-wasmgui/experiments/wasm-gui/toolchain/compat-include -include /home/nathan/secure-exec-wasmgui/experiments/wasm-gui/toolchain/wasi-compat.h --target=wasm32-wasip1-threads --sysroot=/home/nathan/secure-exec/registry/native/c/vendor/wasi-sdk/share/wasi-sysroot -Wl,--shared-memory -Wl,--import-memory -Wl,--export-memory -Wl,--max-memory=536870912 -Wl,--export=wasi_thread_start -Wl,--no-check-features -lwasi-emulated-signal -L/home/nathan/secure-exec-wasmgui/experiments/wasm-gui/third_party/wasm-prefix-threads/lib -L/home/nathan/secure-exec/registry/native/c/vendor/wasi-sdk/share/wasi-sysroot/lib/wasm32-wasip1-threads -lwasi-emulated-mman -lwasi-emulated-process-clocks -L/home/nathan/secure-exec-wasmgui/experiments/wasm-gui/third_party/wasm-prefix-threads/lib -lhostcompat conftest.c -lintl -lintl  >&5
[parse exception: popping from empty stack (at 0:427)]
Fatal: error parsing wasm (try --debug for more info)
clang: error: linker command failed with exit code 1 (use -v to see invocation)
configure:16097: $? = 1
configure: failed program was:
| /* confdefs.h */
| #define PACKAGE_NAME "libxfce4ui"
| #define PACKAGE_TARNAME "libxfce4ui"
| #define PACKAGE_VERSION "4.18.6"
| #define PACKAGE_STRING "libxfce4ui 4.18.6"
| #define PACKAGE_BUGREPORT "https://gitlab.xfce.org/xfce/libxfce4ui/-/issues"
| #define PACKAGE_URL ""
| #define PACKAGE "libxfce4ui"
| #define VERSION "4.18.6"
| #define HAVE_STDIO_H 1
| #define HAVE_STDLIB_H 1
| #define HAVE_STRING_H 1
| #define HAVE_INTTYPES_H 1
| #define HAVE_STDINT_H 1
| #define HAVE_STRINGS_H 1
| #define HAVE_SYS_STAT_H 1
| #define HAVE_SYS_TYPES_H 1
| #define HAVE_UNISTD_H 1
| #define HAVE_WCHAR_H 1
| #define STDC_HEADERS 1
| #define _ALL_SOURCE 1
| #define _DARWIN_C_SOURCE 1
| #define _GNU_SOURCE 1
| #define _HPUX_ALT_XOPEN_SOCKET_API 1
| #define _NETBSD_SOURCE 1
| #define _OPENBSD_SOURCE 1
| #define _POSIX_PTHREAD_SEMANTICS 1
| #define __STDC_WANT_IEC_60559_ATTRIBS_EXT__ 1
| #define __STDC_WANT_IEC_60559_BFP_EXT__ 1
| #define __STDC_WANT_IEC_60559_DFP_EXT__ 1
| #define __STDC_WANT_IEC_60559_EXT__ 1
| #define __STDC_WANT_IEC_60559_FUNCS_EXT__ 1
| #define __STDC_WANT_IEC_60559_TYPES_EXT__ 1
| #define __STDC_WANT_LIB_EXT2__ 1
| #define __STDC_WANT_MATH_SPEC_FUNCS__ 1
| #define _TANDEM_SOURCE 1
| #define __EXTENSIONS__ 1
| #define HAVE_DLFCN_H 1
| #define LT_OBJDIR ".libs/"
| #define HAVE_ERRNO_H 1
| #define HAVE_FCNTL_H 1
| #define HAVE_LIMITS_H 1
| #define HAVE_LOCALE_H 1
| #define HAVE_MATH_H 1
| #define HAVE_MEMORY_H 1
| #define HAVE_SIGNAL_H 1
| #define HAVE_STDARG_H 1
| #define HAVE_STDLIB_H 1
| #define HAVE_STRING_H 1
| #define HAVE_UNISTD_H 1
| #define HAVE_DECL_ENVIRON 1
| #define GETTEXT_PACKAGE "libxfce4ui"
| #define HAVE_BIND_TEXTDOMAIN_CODESET 1
| #define HAVE_BIND_TEXTDOMAIN_CODESET 1
| /* end confdefs.h.  */
| /* Define gethostbyname to an innocuous variant, in case <limits.h> declares gethostbyname.
|    For example, HP-UX 11i <limits.h> declares gettimeofday.  */
| #define gethostbyname innocuous_gethostbyname
| 
| /* System header to define __stub macros and hopefully few prototypes,
|    which can conflict with char gethostbyname (void); below.  */
| 
| #include <limits.h>
| #undef gethostbyname
| 
| /* Override any GCC internal prototype to avoid an error.
|    Use char because int might match the return type of a GCC
|    builtin and then its argument prototype would still apply.  */
| #ifdef __cplusplus
| extern "C"
| #endif
| char gethostbyname (void);
| /* The GNU C library defines this for functions which it implements
|     to always fail with ENOSYS.  Some functions are actually named
|     something starting with __ and the normal name is an alias.  */
| #if defined __stub_gethostbyname || defined __stub___gethostbyname
| choke me
| #endif
| 
| int
| main (void)
| {
| return gethostbyname ();
|   ;
|   return 0;
| }
configure:16097: result: no
configure:16104: checking for gethostbyname in -lnsl
configure:16133: /home/nathan/secure-exec-wasmgui/experiments/wasm-gui/toolchain/clang-wasi-wrap.sh -o conftest --target=wasm32-wasip1-threads --sysroot=/home/nathan/secure-exec/registry/native/c/vendor/wasi-sdk/share/wasi-sysroot -O2 -pthread -matomics -mbulk-memory -DSECURE_EXEC_WASM_THREADS -D_WASI_EMULATED_SIGNAL -D_WASI_EMULATED_MMAN -D_WASI_EMULATED_PROCESS_CLOCKS -D_GNU_SOURCE -mllvm -wasm-enable-sjlj -Wno-error=implicit-function-declaration -Wno-error=int-conversion -Wno-int-conversion -I/home/nathan/secure-exec-wasmgui/experiments/wasm-gui/toolchain/compat-include -include /home/nathan/secure-exec-wasmgui/experiments/wasm-gui/toolchain/wasi-compat.h -I/home/nathan/secure-exec-wasmgui/experiments/wasm-gui/third_party/wasm-prefix-threads/include --target=wasm32-wasip1-threads --sysroot=/home/nathan/secure-exec/registry/native/c/vendor/wasi-sdk/share/wasi-sysroot -I/home/nathan/secure-exec-wasmgui/experiments/wasm-gui/third_party/wasm-prefix-threads/include -I/home/nathan/secure-exec-wasmgui/experiments/wasm-gui/toolchain/compat-include -include /home/nathan/secure-exec-wasmgui/experiments/wasm-gui/toolchain/wasi-compat.h --target=wasm32-wasip1-threads --sysroot=/home/nathan/secure-exec/registry/native/c/vendor/wasi-sdk/share/wasi-sysroot -Wl,--shared-memory -Wl,--import-memory -Wl,--export-memory -Wl,--max-memory=536870912 -Wl,--export=wasi_thread_start -Wl,--no-check-features -lwasi-emulated-signal -L/home/nathan/secure-exec-wasmgui/experiments/wasm-gui/third_party/wasm-prefix-threads/lib -L/home/nathan/secure-exec/registry/native/c/vendor/wasi-sdk/share/wasi-sysroot/lib/wasm32-wasip1-threads -lwasi-emulated-mman -lwasi-emulated-process-clocks -L/home/nathan/secure-exec-wasmgui/experiments/wasm-gui/third_party/wasm-prefix-threads/lib -lhostcompat conftest.c -lnsl  -lintl -lintl  >&5
wasm-ld: error: unable to find library -lnsl
clang: error: linker command failed with exit code 1 (use -v to see invocation)
configure:16133: $? = 1
configure: failed program was:
| /* confdefs.h */
| #define PACKAGE_NAME "libxfce4ui"
| #define PACKAGE_TARNAME "libxfce4ui"
| #define PACKAGE_VERSION "4.18.6"
| #define PACKAGE_STRING "libxfce4ui 4.18.6"
| #define PACKAGE_BUGREPORT "https://gitlab.xfce.org/xfce/libxfce4ui/-/issues"
| #define PACKAGE_URL ""
| #define PACKAGE "libxfce4ui"
| #define VERSION "4.18.6"
| #define HAVE_STDIO_H 1
| #define HAVE_STDLIB_H 1
| #define HAVE_STRING_H 1
| #define HAVE_INTTYPES_H 1
| #define HAVE_STDINT_H 1
| #define HAVE_STRINGS_H 1
| #define HAVE_SYS_STAT_H 1
| #define HAVE_SYS_TYPES_H 1
| #define HAVE_UNISTD_H 1
| #define HAVE_WCHAR_H 1
| #define STDC_HEADERS 1
| #define _ALL_SOURCE 1
| #define _DARWIN_C_SOURCE 1
| #define _GNU_SOURCE 1
| #define _HPUX_ALT_XOPEN_SOCKET_API 1
| #define _NETBSD_SOURCE 1
| #define _OPENBSD_SOURCE 1
| #define _POSIX_PTHREAD_SEMANTICS 1
| #define __STDC_WANT_IEC_60559_ATTRIBS_EXT__ 1
| #define __STDC_WANT_IEC_60559_BFP_EXT__ 1
| #define __STDC_WANT_IEC_60559_DFP_EXT__ 1
| #define __STDC_WANT_IEC_60559_EXT__ 1
| #define __STDC_WANT_IEC_60559_FUNCS_EXT__ 1
| #define __STDC_WANT_IEC_60559_TYPES_EXT__ 1
| #define __STDC_WANT_LIB_EXT2__ 1
| #define __STDC_WANT_MATH_SPEC_FUNCS__ 1
| #define _TANDEM_SOURCE 1
| #define __EXTENSIONS__ 1
| #define HAVE_DLFCN_H 1
| #define LT_OBJDIR ".libs/"
| #define HAVE_ERRNO_H 1
| #define HAVE_FCNTL_H 1
| #define HAVE_LIMITS_H 1
| #define HAVE_LOCALE_H 1
| #define HAVE_MATH_H 1
| #define HAVE_MEMORY_H 1
| #define HAVE_SIGNAL_H 1
| #define HAVE_STDARG_H 1
| #define HAVE_STDLIB_H 1
| #define HAVE_STRING_H 1
| #define HAVE_UNISTD_H 1
| #define HAVE_DECL_ENVIRON 1
| #define GETTEXT_PACKAGE "libxfce4ui"
| #define HAVE_BIND_TEXTDOMAIN_CODESET 1
| #define HAVE_BIND_TEXTDOMAIN_CODESET 1
| /* end confdefs.h.  */
| 
| /* Override any GCC internal prototype to avoid an error.
|    Use char because int might match the return type of a GCC
|    builtin and then its argument prototype would still apply.
|    The 'extern "C"' is for builds by C++ compilers;
|    although this is not generally supported in C code supporting it here
|    has little cost and some practical benefit (sr 110532).  */
| #ifdef __cplusplus
| extern "C"
| #endif
| char gethostbyname (void);
| int
| main (void)
| {
| return gethostbyname ();
|   ;
|   return 0;
| }
configure:16145: result: no
configure:16153: checking for gethostbyname in -lbsd
configure:16182: /home/nathan/secure-exec-wasmgui/experiments/wasm-gui/toolchain/clang-wasi-wrap.sh -o conftest --target=wasm32-wasip1-threads --sysroot=/home/nathan/secure-exec/registry/native/c/vendor/wasi-sdk/share/wasi-sysroot -O2 -pthread -matomics -mbulk-memory -DSECURE_EXEC_WASM_THREADS -D_WASI_EMULATED_SIGNAL -D_WASI_EMULATED_MMAN -D_WASI_EMULATED_PROCESS_CLOCKS -D_GNU_SOURCE -mllvm -wasm-enable-sjlj -Wno-error=implicit-function-declaration -Wno-error=int-conversion -Wno-int-conversion -I/home/nathan/secure-exec-wasmgui/experiments/wasm-gui/toolchain/compat-include -include /home/nathan/secure-exec-wasmgui/experiments/wasm-gui/toolchain/wasi-compat.h -I/home/nathan/secure-exec-wasmgui/experiments/wasm-gui/third_party/wasm-prefix-threads/include --target=wasm32-wasip1-threads --sysroot=/home/nathan/secure-exec/registry/native/c/vendor/wasi-sdk/share/wasi-sysroot -I/home/nathan/secure-exec-wasmgui/experiments/wasm-gui/third_party/wasm-prefix-threads/include -I/home/nathan/secure-exec-wasmgui/experiments/wasm-gui/toolchain/compat-include -include /home/nathan/secure-exec-wasmgui/experiments/wasm-gui/toolchain/wasi-compat.h --target=wasm32-wasip1-threads --sysroot=/home/nathan/secure-exec/registry/native/c/vendor/wasi-sdk/share/wasi-sysroot -Wl,--shared-memory -Wl,--import-memory -Wl,--export-memory -Wl,--max-memory=536870912 -Wl,--export=wasi_thread_start -Wl,--no-check-features -lwasi-emulated-signal -L/home/nathan/secure-exec-wasmgui/experiments/wasm-gui/third_party/wasm-prefix-threads/lib -L/home/nathan/secure-exec/registry/native/c/vendor/wasi-sdk/share/wasi-sysroot/lib/wasm32-wasip1-threads -lwasi-emulated-mman -lwasi-emulated-process-clocks -L/home/nathan/secure-exec-wasmgui/experiments/wasm-gui/third_party/wasm-prefix-threads/lib -lhostcompat conftest.c -lbsd  -lintl -lintl  >&5
wasm-ld: error: unable to find library -lbsd
clang: error: linker command failed with exit code 1 (use -v to see invocation)
configure:16182: $? = 1
configure: failed program was:
| /* confdefs.h */
| #define PACKAGE_NAME "libxfce4ui"
| #define PACKAGE_TARNAME "libxfce4ui"
| #define PACKAGE_VERSION "4.18.6"
| #define PACKAGE_STRING "libxfce4ui 4.18.6"
| #define PACKAGE_BUGREPORT "https://gitlab.xfce.org/xfce/libxfce4ui/-/issues"
| #define PACKAGE_URL ""
| #define PACKAGE "libxfce4ui"
| #define VERSION "4.18.6"
| #define HAVE_STDIO_H 1
| #define HAVE_STDLIB_H 1
| #define HAVE_STRING_H 1
| #define HAVE_INTTYPES_H 1
| #define HAVE_STDINT_H 1
| #define HAVE_STRINGS_H 1
| #define HAVE_SYS_STAT_H 1
| #define HAVE_SYS_TYPES_H 1
| #define HAVE_UNISTD_H 1
| #define HAVE_WCHAR_H 1
| #define STDC_HEADERS 1
| #define _ALL_SOURCE 1
| #define _DARWIN_C_SOURCE 1
| #define _GNU_SOURCE 1
| #define _HPUX_ALT_XOPEN_SOCKET_API 1
| #define _NETBSD_SOURCE 1
| #define _OPENBSD_SOURCE 1
| #define _POSIX_PTHREAD_SEMANTICS 1
| #define __STDC_WANT_IEC_60559_ATTRIBS_EXT__ 1
| #define __STDC_WANT_IEC_60559_BFP_EXT__ 1
| #define __STDC_WANT_IEC_60559_DFP_EXT__ 1
| #define __STDC_WANT_IEC_60559_EXT__ 1
| #define __STDC_WANT_IEC_60559_FUNCS_EXT__ 1
| #define __STDC_WANT_IEC_60559_TYPES_EXT__ 1
| #define __STDC_WANT_LIB_EXT2__ 1
| #define __STDC_WANT_MATH_SPEC_FUNCS__ 1
| #define _TANDEM_SOURCE 1
| #define __EXTENSIONS__ 1
| #define HAVE_DLFCN_H 1
| #define LT_OBJDIR ".libs/"
| #define HAVE_ERRNO_H 1
| #define HAVE_FCNTL_H 1
| #define HAVE_LIMITS_H 1
| #define HAVE_LOCALE_H 1
| #define HAVE_MATH_H 1
| #define HAVE_MEMORY_H 1
| #define HAVE_SIGNAL_H 1
| #define HAVE_STDARG_H 1
| #define HAVE_STDLIB_H 1
| #define HAVE_STRING_H 1
| #define HAVE_UNISTD_H 1
| #define HAVE_DECL_ENVIRON 1
| #define GETTEXT_PACKAGE "libxfce4ui"
| #define HAVE_BIND_TEXTDOMAIN_CODESET 1
| #define HAVE_BIND_TEXTDOMAIN_CODESET 1
| /* end confdefs.h.  */
| 
| /* Override any GCC internal prototype to avoid an error.
|    Use char because int might match the return type of a GCC
|    builtin and then its argument prototype would still apply.
|    The 'extern "C"' is for builds by C++ compilers;
|    although this is not generally supported in C code supporting it here
|    has little cost and some practical benefit (sr 110532).  */
| #ifdef __cplusplus
| extern "C"
| #endif
| char gethostbyname (void);
| int
| main (void)
| {
| return gethostbyname ();
|   ;
|   return 0;
| }
configure:16194: result: no
configure:16211: checking for connect
configure:16211: /home/nathan/secure-exec-wasmgui/experiments/wasm-gui/toolchain/clang-wasi-wrap.sh -o conftest --target=wasm32-wasip1-threads --sysroot=/home/nathan/secure-exec/registry/native/c/vendor/wasi-sdk/share/wasi-sysroot -O2 -pthread -matomics -mbulk-memory -DSECURE_EXEC_WASM_THREADS -D_WASI_EMULATED_SIGNAL -D_WASI_EMULATED_MMAN -D_WASI_EMULATED_PROCESS_CLOCKS -D_GNU_SOURCE -mllvm -wasm-enable-sjlj -Wno-error=implicit-function-declaration -Wno-error=int-conversion -Wno-int-conversion -I/home/nathan/secure-exec-wasmgui/experiments/wasm-gui/toolchain/compat-include -include /home/nathan/secure-exec-wasmgui/experiments/wasm-gui/toolchain/wasi-compat.h -I/home/nathan/secure-exec-wasmgui/experiments/wasm-gui/third_party/wasm-prefix-threads/include --target=wasm32-wasip1-threads --sysroot=/home/nathan/secure-exec/registry/native/c/vendor/wasi-sdk/share/wasi-sysroot -I/home/nathan/secure-exec-wasmgui/experiments/wasm-gui/third_party/wasm-prefix-threads/include -I/home/nathan/secure-exec-wasmgui/experiments/wasm-gui/toolchain/compat-include -include /home/nathan/secure-exec-wasmgui/experiments/wasm-gui/toolchain/wasi-compat.h --target=wasm32-wasip1-threads --sysroot=/home/nathan/secure-exec/registry/native/c/vendor/wasi-sdk/share/wasi-sysroot -Wl,--shared-memory -Wl,--import-memory -Wl,--export-memory -Wl,--max-memory=536870912 -Wl,--export=wasi_thread_start -Wl,--no-check-features -lwasi-emulated-signal -L/home/nathan/secure-exec-wasmgui/experiments/wasm-gui/third_party/wasm-prefix-threads/lib -L/home/nathan/secure-exec/registry/native/c/vendor/wasi-sdk/share/wasi-sysroot/lib/wasm32-wasip1-threads -lwasi-emulated-mman -lwasi-emulated-process-clocks -L/home/nathan/secure-exec-wasmgui/experiments/wasm-gui/third_party/wasm-prefix-threads/lib -lhostcompat conftest.c -lintl -lintl  >&5
[parse exception: popping from empty stack (at 0:1130)]
Fatal: error parsing wasm (try --debug for more info)
clang: error: linker command failed with exit code 1 (use -v to see invocation)
configure:16211: $? = 1
configure: failed program was:
| /* confdefs.h */
| #define PACKAGE_NAME "libxfce4ui"
| #define PACKAGE_TARNAME "libxfce4ui"
| #define PACKAGE_VERSION "4.18.6"
| #define PACKAGE_STRING "libxfce4ui 4.18.6"
| #define PACKAGE_BUGREPORT "https://gitlab.xfce.org/xfce/libxfce4ui/-/issues"
| #define PACKAGE_URL ""
| #define PACKAGE "libxfce4ui"
| #define VERSION "4.18.6"
| #define HAVE_STDIO_H 1
| #define HAVE_STDLIB_H 1
| #define HAVE_STRING_H 1
| #define HAVE_INTTYPES_H 1
| #define HAVE_STDINT_H 1
| #define HAVE_STRINGS_H 1
| #define HAVE_SYS_STAT_H 1
| #define HAVE_SYS_TYPES_H 1
| #define HAVE_UNISTD_H 1
| #define HAVE_WCHAR_H 1
| #define STDC_HEADERS 1
| #define _ALL_SOURCE 1
| #define _DARWIN_C_SOURCE 1
| #define _GNU_SOURCE 1
| #define _HPUX_ALT_XOPEN_SOCKET_API 1
| #define _NETBSD_SOURCE 1
| #define _OPENBSD_SOURCE 1
| #define _POSIX_PTHREAD_SEMANTICS 1
| #define __STDC_WANT_IEC_60559_ATTRIBS_EXT__ 1
| #define __STDC_WANT_IEC_60559_BFP_EXT__ 1
| #define __STDC_WANT_IEC_60559_DFP_EXT__ 1
| #define __STDC_WANT_IEC_60559_EXT__ 1
| #define __STDC_WANT_IEC_60559_FUNCS_EXT__ 1
| #define __STDC_WANT_IEC_60559_TYPES_EXT__ 1
| #define __STDC_WANT_LIB_EXT2__ 1
| #define __STDC_WANT_MATH_SPEC_FUNCS__ 1
| #define _TANDEM_SOURCE 1
| #define __EXTENSIONS__ 1
| #define HAVE_DLFCN_H 1
| #define LT_OBJDIR ".libs/"
| #define HAVE_ERRNO_H 1
| #define HAVE_FCNTL_H 1
| #define HAVE_LIMITS_H 1
| #define HAVE_LOCALE_H 1
| #define HAVE_MATH_H 1
| #define HAVE_MEMORY_H 1
| #define HAVE_SIGNAL_H 1
| #define HAVE_STDARG_H 1
| #define HAVE_STDLIB_H 1
| #define HAVE_STRING_H 1
| #define HAVE_UNISTD_H 1
| #define HAVE_DECL_ENVIRON 1
| #define GETTEXT_PACKAGE "libxfce4ui"
| #define HAVE_BIND_TEXTDOMAIN_CODESET 1
| #define HAVE_BIND_TEXTDOMAIN_CODESET 1
| /* end confdefs.h.  */
| /* Define connect to an innocuous variant, in case <limits.h> declares connect.
|    For example, HP-UX 11i <limits.h> declares gettimeofday.  */
| #define connect innocuous_connect
| 
| /* System header to define __stub macros and hopefully few prototypes,
|    which can conflict with char connect (void); below.  */
| 
| #include <limits.h>
| #undef connect
| 
| /* Override any GCC internal prototype to avoid an error.
|    Use char because int might match the return type of a GCC
|    builtin and then its argument prototype would still apply.  */
| #ifdef __cplusplus
| extern "C"
| #endif
| char connect (void);
| /* The GNU C library defines this for functions which it implements
|     to always fail with ENOSYS.  Some functions are actually named
|     something starting with __ and the normal name is an alias.  */
| #if defined __stub_connect || defined __stub___connect
| choke me
| #endif
| 
| int
| main (void)
| {
| return connect ();
|   ;
|   return 0;
| }
configure:16211: result: no
configure:16218: checking for connect in -lsocket
configure:16247: /home/nathan/secure-exec-wasmgui/experiments/wasm-gui/toolchain/clang-wasi-wrap.sh -o conftest --target=wasm32-wasip1-threads --sysroot=/home/nathan/secure-exec/registry/native/c/vendor/wasi-sdk/share/wasi-sysroot -O2 -pthread -matomics -mbulk-memory -DSECURE_EXEC_WASM_THREADS -D_WASI_EMULATED_SIGNAL -D_WASI_EMULATED_MMAN -D_WASI_EMULATED_PROCESS_CLOCKS -D_GNU_SOURCE -mllvm -wasm-enable-sjlj -Wno-error=implicit-function-declaration -Wno-error=int-conversion -Wno-int-conversion -I/home/nathan/secure-exec-wasmgui/experiments/wasm-gui/toolchain/compat-include -include /home/nathan/secure-exec-wasmgui/experiments/wasm-gui/toolchain/wasi-compat.h -I/home/nathan/secure-exec-wasmgui/experiments/wasm-gui/third_party/wasm-prefix-threads/include --target=wasm32-wasip1-threads --sysroot=/home/nathan/secure-exec/registry/native/c/vendor/wasi-sdk/share/wasi-sysroot -I/home/nathan/secure-exec-wasmgui/experiments/wasm-gui/third_party/wasm-prefix-threads/include -I/home/nathan/secure-exec-wasmgui/experiments/wasm-gui/toolchain/compat-include -include /home/nathan/secure-exec-wasmgui/experiments/wasm-gui/toolchain/wasi-compat.h --target=wasm32-wasip1-threads --sysroot=/home/nathan/secure-exec/registry/native/c/vendor/wasi-sdk/share/wasi-sysroot -Wl,--shared-memory -Wl,--import-memory -Wl,--export-memory -Wl,--max-memory=536870912 -Wl,--export=wasi_thread_start -Wl,--no-check-features -lwasi-emulated-signal -L/home/nathan/secure-exec-wasmgui/experiments/wasm-gui/third_party/wasm-prefix-threads/lib -L/home/nathan/secure-exec/registry/native/c/vendor/wasi-sdk/share/wasi-sysroot/lib/wasm32-wasip1-threads -lwasi-emulated-mman -lwasi-emulated-process-clocks -L/home/nathan/secure-exec-wasmgui/experiments/wasm-gui/third_party/wasm-prefix-threads/lib -lhostcompat conftest.c -lsocket  -lintl -lintl  >&5
wasm-ld: error: unable to find library -lsocket
clang: error: linker command failed with exit code 1 (use -v to see invocation)
configure:16247: $? = 1
configure: failed program was:
| /* confdefs.h */
| #define PACKAGE_NAME "libxfce4ui"
| #define PACKAGE_TARNAME "libxfce4ui"
| #define PACKAGE_VERSION "4.18.6"
| #define PACKAGE_STRING "libxfce4ui 4.18.6"
| #define PACKAGE_BUGREPORT "https://gitlab.xfce.org/xfce/libxfce4ui/-/issues"
| #define PACKAGE_URL ""
| #define PACKAGE "libxfce4ui"
| #define VERSION "4.18.6"
| #define HAVE_STDIO_H 1
| #define HAVE_STDLIB_H 1
| #define HAVE_STRING_H 1
| #define HAVE_INTTYPES_H 1
| #define HAVE_STDINT_H 1
| #define HAVE_STRINGS_H 1
| #define HAVE_SYS_STAT_H 1
| #define HAVE_SYS_TYPES_H 1
| #define HAVE_UNISTD_H 1
| #define HAVE_WCHAR_H 1
| #define STDC_HEADERS 1
| #define _ALL_SOURCE 1
| #define _DARWIN_C_SOURCE 1
| #define _GNU_SOURCE 1
| #define _HPUX_ALT_XOPEN_SOCKET_API 1
| #define _NETBSD_SOURCE 1
| #define _OPENBSD_SOURCE 1
| #define _POSIX_PTHREAD_SEMANTICS 1
| #define __STDC_WANT_IEC_60559_ATTRIBS_EXT__ 1
| #define __STDC_WANT_IEC_60559_BFP_EXT__ 1
| #define __STDC_WANT_IEC_60559_DFP_EXT__ 1
| #define __STDC_WANT_IEC_60559_EXT__ 1
| #define __STDC_WANT_IEC_60559_FUNCS_EXT__ 1
| #define __STDC_WANT_IEC_60559_TYPES_EXT__ 1
| #define __STDC_WANT_LIB_EXT2__ 1
| #define __STDC_WANT_MATH_SPEC_FUNCS__ 1
| #define _TANDEM_SOURCE 1
| #define __EXTENSIONS__ 1
| #define HAVE_DLFCN_H 1
| #define LT_OBJDIR ".libs/"
| #define HAVE_ERRNO_H 1
| #define HAVE_FCNTL_H 1
| #define HAVE_LIMITS_H 1
| #define HAVE_LOCALE_H 1
| #define HAVE_MATH_H 1
| #define HAVE_MEMORY_H 1
| #define HAVE_SIGNAL_H 1
| #define HAVE_STDARG_H 1
| #define HAVE_STDLIB_H 1
| #define HAVE_STRING_H 1
| #define HAVE_UNISTD_H 1
| #define HAVE_DECL_ENVIRON 1
| #define GETTEXT_PACKAGE "libxfce4ui"
| #define HAVE_BIND_TEXTDOMAIN_CODESET 1
| #define HAVE_BIND_TEXTDOMAIN_CODESET 1
| /* end confdefs.h.  */
| 
| /* Override any GCC internal prototype to avoid an error.
|    Use char because int might match the return type of a GCC
|    builtin and then its argument prototype would still apply.
|    The 'extern "C"' is for builds by C++ compilers;
|    although this is not generally supported in C code supporting it here
|    has little cost and some practical benefit (sr 110532).  */
| #ifdef __cplusplus
| extern "C"
| #endif
| char connect (void);
| int
| main (void)
| {
| return connect ();
|   ;
|   return 0;
| }
configure:16259: result: no
configure:16269: checking for remove
configure:16269: /home/nathan/secure-exec-wasmgui/experiments/wasm-gui/toolchain/clang-wasi-wrap.sh -o conftest --target=wasm32-wasip1-threads --sysroot=/home/nathan/secure-exec/registry/native/c/vendor/wasi-sdk/share/wasi-sysroot -O2 -pthread -matomics -mbulk-memory -DSECURE_EXEC_WASM_THREADS -D_WASI_EMULATED_SIGNAL -D_WASI_EMULATED_MMAN -D_WASI_EMULATED_PROCESS_CLOCKS -D_GNU_SOURCE -mllvm -wasm-enable-sjlj -Wno-error=implicit-function-declaration -Wno-error=int-conversion -Wno-int-conversion -I/home/nathan/secure-exec-wasmgui/experiments/wasm-gui/toolchain/compat-include -include /home/nathan/secure-exec-wasmgui/experiments/wasm-gui/toolchain/wasi-compat.h -I/home/nathan/secure-exec-wasmgui/experiments/wasm-gui/third_party/wasm-prefix-threads/include --target=wasm32-wasip1-threads --sysroot=/home/nathan/secure-exec/registry/native/c/vendor/wasi-sdk/share/wasi-sysroot -I/home/nathan/secure-exec-wasmgui/experiments/wasm-gui/third_party/wasm-prefix-threads/include -I/home/nathan/secure-exec-wasmgui/experiments/wasm-gui/toolchain/compat-include -include /home/nathan/secure-exec-wasmgui/experiments/wasm-gui/toolchain/wasi-compat.h --target=wasm32-wasip1-threads --sysroot=/home/nathan/secure-exec/registry/native/c/vendor/wasi-sdk/share/wasi-sysroot -Wl,--shared-memory -Wl,--import-memory -Wl,--export-memory -Wl,--max-memory=536870912 -Wl,--export=wasi_thread_start -Wl,--no-check-features -lwasi-emulated-signal -L/home/nathan/secure-exec-wasmgui/experiments/wasm-gui/third_party/wasm-prefix-threads/lib -L/home/nathan/secure-exec/registry/native/c/vendor/wasi-sdk/share/wasi-sysroot/lib/wasm32-wasip1-threads -lwasi-emulated-mman -lwasi-emulated-process-clocks -L/home/nathan/secure-exec-wasmgui/experiments/wasm-gui/third_party/wasm-prefix-threads/lib -lhostcompat conftest.c -lintl -lintl  >&5
wasm-ld: warning: function signature mismatch: remove
>>> defined as () -> i32 in /tmp/conftest-3b0d64.o
>>> defined as (i32) -> i32 in /home/nathan/secure-exec/registry/native/c/vendor/wasi-sdk/share/wasi-sysroot/lib/wasm32-wasip1-threads/libc.a(posix.o)
configure:16269: $? = 0
configure:16269: result: yes
configure:16327: checking for shmat
configure:16327: /home/nathan/secure-exec-wasmgui/experiments/wasm-gui/toolchain/clang-wasi-wrap.sh -o conftest --target=wasm32-wasip1-threads --sysroot=/home/nathan/secure-exec/registry/native/c/vendor/wasi-sdk/share/wasi-sysroot -O2 -pthread -matomics -mbulk-memory -DSECURE_EXEC_WASM_THREADS -D_WASI_EMULATED_SIGNAL -D_WASI_EMULATED_MMAN -D_WASI_EMULATED_PROCESS_CLOCKS -D_GNU_SOURCE -mllvm -wasm-enable-sjlj -Wno-error=implicit-function-declaration -Wno-error=int-conversion -Wno-int-conversion -I/home/nathan/secure-exec-wasmgui/experiments/wasm-gui/toolchain/compat-include -include /home/nathan/secure-exec-wasmgui/experiments/wasm-gui/toolchain/wasi-compat.h -I/home/nathan/secure-exec-wasmgui/experiments/wasm-gui/third_party/wasm-prefix-threads/include --target=wasm32-wasip1-threads --sysroot=/home/nathan/secure-exec/registry/native/c/vendor/wasi-sdk/share/wasi-sysroot -I/home/nathan/secure-exec-wasmgui/experiments/wasm-gui/third_party/wasm-prefix-threads/include -I/home/nathan/secure-exec-wasmgui/experiments/wasm-gui/toolchain/compat-include -include /home/nathan/secure-exec-wasmgui/experiments/wasm-gui/toolchain/wasi-compat.h --target=wasm32-wasip1-threads --sysroot=/home/nathan/secure-exec/registry/native/c/vendor/wasi-sdk/share/wasi-sysroot -Wl,--shared-memory -Wl,--import-memory -Wl,--export-memory -Wl,--max-memory=536870912 -Wl,--export=wasi_thread_start -Wl,--no-check-features -lwasi-emulated-signal -L/home/nathan/secure-exec-wasmgui/experiments/wasm-gui/third_party/wasm-prefix-threads/lib -L/home/nathan/secure-exec/registry/native/c/vendor/wasi-sdk/share/wasi-sysroot/lib/wasm32-wasip1-threads -lwasi-emulated-mman -lwasi-emulated-process-clocks -L/home/nathan/secure-exec-wasmgui/experiments/wasm-gui/third_party/wasm-prefix-threads/lib -lhostcompat conftest.c -lintl -lintl  >&5
[parse exception: popping from empty stack (at 0:434)]
Fatal: error parsing wasm (try --debug for more info)
clang: error: linker command failed with exit code 1 (use -v to see invocation)
configure:16327: $? = 1
configure: failed program was:
| /* confdefs.h */
| #define PACKAGE_NAME "libxfce4ui"
| #define PACKAGE_TARNAME "libxfce4ui"
| #define PACKAGE_VERSION "4.18.6"
| #define PACKAGE_STRING "libxfce4ui 4.18.6"
| #define PACKAGE_BUGREPORT "https://gitlab.xfce.org/xfce/libxfce4ui/-/issues"
| #define PACKAGE_URL ""
| #define PACKAGE "libxfce4ui"
| #define VERSION "4.18.6"
| #define HAVE_STDIO_H 1
| #define HAVE_STDLIB_H 1
| #define HAVE_STRING_H 1
| #define HAVE_INTTYPES_H 1
| #define HAVE_STDINT_H 1
| #define HAVE_STRINGS_H 1
| #define HAVE_SYS_STAT_H 1
| #define HAVE_SYS_TYPES_H 1
| #define HAVE_UNISTD_H 1
| #define HAVE_WCHAR_H 1
| #define STDC_HEADERS 1
| #define _ALL_SOURCE 1
| #define _DARWIN_C_SOURCE 1
| #define _GNU_SOURCE 1
| #define _HPUX_ALT_XOPEN_SOCKET_API 1
| #define _NETBSD_SOURCE 1
| #define _OPENBSD_SOURCE 1
| #define _POSIX_PTHREAD_SEMANTICS 1
| #define __STDC_WANT_IEC_60559_ATTRIBS_EXT__ 1
| #define __STDC_WANT_IEC_60559_BFP_EXT__ 1
| #define __STDC_WANT_IEC_60559_DFP_EXT__ 1
| #define __STDC_WANT_IEC_60559_EXT__ 1
| #define __STDC_WANT_IEC_60559_FUNCS_EXT__ 1
| #define __STDC_WANT_IEC_60559_TYPES_EXT__ 1
| #define __STDC_WANT_LIB_EXT2__ 1
| #define __STDC_WANT_MATH_SPEC_FUNCS__ 1
| #define _TANDEM_SOURCE 1
| #define __EXTENSIONS__ 1
| #define HAVE_DLFCN_H 1
| #define LT_OBJDIR ".libs/"
| #define HAVE_ERRNO_H 1
| #define HAVE_FCNTL_H 1
| #define HAVE_LIMITS_H 1
| #define HAVE_LOCALE_H 1
| #define HAVE_MATH_H 1
| #define HAVE_MEMORY_H 1
| #define HAVE_SIGNAL_H 1
| #define HAVE_STDARG_H 1
| #define HAVE_STDLIB_H 1
| #define HAVE_STRING_H 1
| #define HAVE_UNISTD_H 1
| #define HAVE_DECL_ENVIRON 1
| #define GETTEXT_PACKAGE "libxfce4ui"
| #define HAVE_BIND_TEXTDOMAIN_CODESET 1
| #define HAVE_BIND_TEXTDOMAIN_CODESET 1
| /* end confdefs.h.  */
| /* Define shmat to an innocuous variant, in case <limits.h> declares shmat.
|    For example, HP-UX 11i <limits.h> declares gettimeofday.  */
| #define shmat innocuous_shmat
| 
| /* System header to define __stub macros and hopefully few prototypes,
|    which can conflict with char shmat (void); below.  */
| 
| #include <limits.h>
| #undef shmat
| 
| /* Override any GCC internal prototype to avoid an error.
|    Use char because int might match the return type of a GCC
|    builtin and then its argument prototype would still apply.  */
| #ifdef __cplusplus
| extern "C"
| #endif
| char shmat (void);
| /* The GNU C library defines this for functions which it implements
|     to always fail with ENOSYS.  Some functions are actually named
|     something starting with __ and the normal name is an alias.  */
| #if defined __stub_shmat || defined __stub___shmat
| choke me
| #endif
| 
| int
| main (void)
| {
| return shmat ();
|   ;
|   return 0;
| }
configure:16327: result: no
configure:16334: checking for shmat in -lipc
configure:16363: /home/nathan/secure-exec-wasmgui/experiments/wasm-gui/toolchain/clang-wasi-wrap.sh -o conftest --target=wasm32-wasip1-threads --sysroot=/home/nathan/secure-exec/registry/native/c/vendor/wasi-sdk/share/wasi-sysroot -O2 -pthread -matomics -mbulk-memory -DSECURE_EXEC_WASM_THREADS -D_WASI_EMULATED_SIGNAL -D_WASI_EMULATED_MMAN -D_WASI_EMULATED_PROCESS_CLOCKS -D_GNU_SOURCE -mllvm -wasm-enable-sjlj -Wno-error=implicit-function-declaration -Wno-error=int-conversion -Wno-int-conversion -I/home/nathan/secure-exec-wasmgui/experiments/wasm-gui/toolchain/compat-include -include /home/nathan/secure-exec-wasmgui/experiments/wasm-gui/toolchain/wasi-compat.h -I/home/nathan/secure-exec-wasmgui/experiments/wasm-gui/third_party/wasm-prefix-threads/include --target=wasm32-wasip1-threads --sysroot=/home/nathan/secure-exec/registry/native/c/vendor/wasi-sdk/share/wasi-sysroot -I/home/nathan/secure-exec-wasmgui/experiments/wasm-gui/third_party/wasm-prefix-threads/include -I/home/nathan/secure-exec-wasmgui/experiments/wasm-gui/toolchain/compat-include -include /home/nathan/secure-exec-wasmgui/experiments/wasm-gui/toolchain/wasi-compat.h --target=wasm32-wasip1-threads --sysroot=/home/nathan/secure-exec/registry/native/c/vendor/wasi-sdk/share/wasi-sysroot -Wl,--shared-memory -Wl,--import-memory -Wl,--export-memory -Wl,--max-memory=536870912 -Wl,--export=wasi_thread_start -Wl,--no-check-features -lwasi-emulated-signal -L/home/nathan/secure-exec-wasmgui/experiments/wasm-gui/third_party/wasm-prefix-threads/lib -L/home/nathan/secure-exec/registry/native/c/vendor/wasi-sdk/share/wasi-sysroot/lib/wasm32-wasip1-threads -lwasi-emulated-mman -lwasi-emulated-process-clocks -L/home/nathan/secure-exec-wasmgui/experiments/wasm-gui/third_party/wasm-prefix-threads/lib -lhostcompat conftest.c -lipc  -lintl -lintl  >&5
wasm-ld: error: unable to find library -lipc
clang: error: linker command failed with exit code 1 (use -v to see invocation)
configure:16363: $? = 1
configure: failed program was:
| /* confdefs.h */
| #define PACKAGE_NAME "libxfce4ui"
| #define PACKAGE_TARNAME "libxfce4ui"
| #define PACKAGE_VERSION "4.18.6"
| #define PACKAGE_STRING "libxfce4ui 4.18.6"
| #define PACKAGE_BUGREPORT "https://gitlab.xfce.org/xfce/libxfce4ui/-/issues"
| #define PACKAGE_URL ""
| #define PACKAGE "libxfce4ui"
| #define VERSION "4.18.6"
| #define HAVE_STDIO_H 1
| #define HAVE_STDLIB_H 1
| #define HAVE_STRING_H 1
| #define HAVE_INTTYPES_H 1
| #define HAVE_STDINT_H 1
| #define HAVE_STRINGS_H 1
| #define HAVE_SYS_STAT_H 1
| #define HAVE_SYS_TYPES_H 1
| #define HAVE_UNISTD_H 1
| #define HAVE_WCHAR_H 1
| #define STDC_HEADERS 1
| #define _ALL_SOURCE 1
| #define _DARWIN_C_SOURCE 1
| #define _GNU_SOURCE 1
| #define _HPUX_ALT_XOPEN_SOCKET_API 1
| #define _NETBSD_SOURCE 1
| #define _OPENBSD_SOURCE 1
| #define _POSIX_PTHREAD_SEMANTICS 1
| #define __STDC_WANT_IEC_60559_ATTRIBS_EXT__ 1
| #define __STDC_WANT_IEC_60559_BFP_EXT__ 1
| #define __STDC_WANT_IEC_60559_DFP_EXT__ 1
| #define __STDC_WANT_IEC_60559_EXT__ 1
| #define __STDC_WANT_IEC_60559_FUNCS_EXT__ 1
| #define __STDC_WANT_IEC_60559_TYPES_EXT__ 1
| #define __STDC_WANT_LIB_EXT2__ 1
| #define __STDC_WANT_MATH_SPEC_FUNCS__ 1
| #define _TANDEM_SOURCE 1
| #define __EXTENSIONS__ 1
| #define HAVE_DLFCN_H 1
| #define LT_OBJDIR ".libs/"
| #define HAVE_ERRNO_H 1
| #define HAVE_FCNTL_H 1
| #define HAVE_LIMITS_H 1
| #define HAVE_LOCALE_H 1
| #define HAVE_MATH_H 1
| #define HAVE_MEMORY_H 1
| #define HAVE_SIGNAL_H 1
| #define HAVE_STDARG_H 1
| #define HAVE_STDLIB_H 1
| #define HAVE_STRING_H 1
| #define HAVE_UNISTD_H 1
| #define HAVE_DECL_ENVIRON 1
| #define GETTEXT_PACKAGE "libxfce4ui"
| #define HAVE_BIND_TEXTDOMAIN_CODESET 1
| #define HAVE_BIND_TEXTDOMAIN_CODESET 1
| /* end confdefs.h.  */
| 
| /* Override any GCC internal prototype to avoid an error.
|    Use char because int might match the return type of a GCC
|    builtin and then its argument prototype would still apply.
|    The 'extern "C"' is for builds by C++ compilers;
|    although this is not generally supported in C code supporting it here
|    has little cost and some practical benefit (sr 110532).  */
| #ifdef __cplusplus
| extern "C"
| #endif
| char shmat (void);
| int
| main (void)
| {
| return shmat ();
|   ;
|   return 0;
| }
configure:16375: result: no
configure:16394: checking for IceConnectionNumber in -lICE
configure:16423: /home/nathan/secure-exec-wasmgui/experiments/wasm-gui/toolchain/clang-wasi-wrap.sh -o conftest --target=wasm32-wasip1-threads --sysroot=/home/nathan/secure-exec/registry/native/c/vendor/wasi-sdk/share/wasi-sysroot -O2 -pthread -matomics -mbulk-memory -DSECURE_EXEC_WASM_THREADS -D_WASI_EMULATED_SIGNAL -D_WASI_EMULATED_MMAN -D_WASI_EMULATED_PROCESS_CLOCKS -D_GNU_SOURCE -mllvm -wasm-enable-sjlj -Wno-error=implicit-function-declaration -Wno-error=int-conversion -Wno-int-conversion -I/home/nathan/secure-exec-wasmgui/experiments/wasm-gui/toolchain/compat-include -include /home/nathan/secure-exec-wasmgui/experiments/wasm-gui/toolchain/wasi-compat.h -I/home/nathan/secure-exec-wasmgui/experiments/wasm-gui/third_party/wasm-prefix-threads/include --target=wasm32-wasip1-threads --sysroot=/home/nathan/secure-exec/registry/native/c/vendor/wasi-sdk/share/wasi-sysroot -I/home/nathan/secure-exec-wasmgui/experiments/wasm-gui/third_party/wasm-prefix-threads/include -I/home/nathan/secure-exec-wasmgui/experiments/wasm-gui/toolchain/compat-include -include /home/nathan/secure-exec-wasmgui/experiments/wasm-gui/toolchain/wasi-compat.h --target=wasm32-wasip1-threads --sysroot=/home/nathan/secure-exec/registry/native/c/vendor/wasi-sdk/share/wasi-sysroot -Wl,--shared-memory -Wl,--import-memory -Wl,--export-memory -Wl,--max-memory=536870912 -Wl,--export=wasi_thread_start -Wl,--no-check-features -lwasi-emulated-signal -L/home/nathan/secure-exec-wasmgui/experiments/wasm-gui/third_party/wasm-prefix-threads/lib -L/home/nathan/secure-exec/registry/native/c/vendor/wasi-sdk/share/wasi-sysroot/lib/wasm32-wasip1-threads -lwasi-emulated-mman -lwasi-emulated-process-clocks -L/home/nathan/secure-exec-wasmgui/experiments/wasm-gui/third_party/wasm-prefix-threads/lib -lhostcompat conftest.c -lICE  -lintl -lintl  >&5
wasm-ld: warning: function signature mismatch: IceConnectionNumber
>>> defined as () -> i32 in /tmp/conftest-2489a4.o
>>> defined as (i32) -> i32 in /home/nathan/secure-exec-wasmgui/experiments/wasm-gui/third_party/wasm-prefix-threads/lib/libICE.a(misc.o)
configure:16423: $? = 0
configure:16435: result: yes
configure:16451: checking for main in -lX11
configure:16471: /home/nathan/secure-exec-wasmgui/experiments/wasm-gui/toolchain/clang-wasi-wrap.sh -o conftest --target=wasm32-wasip1-threads --sysroot=/home/nathan/secure-exec/registry/native/c/vendor/wasi-sdk/share/wasi-sysroot -O2 -pthread -matomics -mbulk-memory -DSECURE_EXEC_WASM_THREADS -D_WASI_EMULATED_SIGNAL -D_WASI_EMULATED_MMAN -D_WASI_EMULATED_PROCESS_CLOCKS -D_GNU_SOURCE -mllvm -wasm-enable-sjlj -Wno-error=implicit-function-declaration -Wno-error=int-conversion -Wno-int-conversion -I/home/nathan/secure-exec-wasmgui/experiments/wasm-gui/toolchain/compat-include -include /home/nathan/secure-exec-wasmgui/experiments/wasm-gui/toolchain/wasi-compat.h -I/home/nathan/secure-exec-wasmgui/experiments/wasm-gui/third_party/wasm-prefix-threads/include --target=wasm32-wasip1-threads --sysroot=/home/nathan/secure-exec/registry/native/c/vendor/wasi-sdk/share/wasi-sysroot -I/home/nathan/secure-exec-wasmgui/experiments/wasm-gui/third_party/wasm-prefix-threads/include -I/home/nathan/secure-exec-wasmgui/experiments/wasm-gui/toolchain/compat-include -include /home/nathan/secure-exec-wasmgui/experiments/wasm-gui/toolchain/wasi-compat.h --target=wasm32-wasip1-threads --sysroot=/home/nathan/secure-exec/registry/native/c/vendor/wasi-sdk/share/wasi-sysroot -Wl,--shared-memory -Wl,--import-memory -Wl,--export-memory -Wl,--max-memory=536870912 -Wl,--export=wasi_thread_start -Wl,--no-check-features -lwasi-emulated-signal -L/home/nathan/secure-exec-wasmgui/experiments/wasm-gui/third_party/wasm-prefix-threads/lib -L/home/nathan/secure-exec/registry/native/c/vendor/wasi-sdk/share/wasi-sysroot/lib/wasm32-wasip1-threads -lwasi-emulated-mman -lwasi-emulated-process-clocks -L/home/nathan/secure-exec-wasmgui/experiments/wasm-gui/third_party/wasm-prefix-threads/lib -lhostcompat conftest.c -lX11   -lSM -lICE   -lintl -lintl  >&5
configure:16471: $? = 0
configure:16483: result: yes
configure:16528: checking for SmcSaveYourselfDone in -lSM
configure:16557: /home/nathan/secure-exec-wasmgui/experiments/wasm-gui/toolchain/clang-wasi-wrap.sh -o conftest --target=wasm32-wasip1-threads --sysroot=/home/nathan/secure-exec/registry/native/c/vendor/wasi-sdk/share/wasi-sysroot -O2 -pthread -matomics -mbulk-memory -DSECURE_EXEC_WASM_THREADS -D_WASI_EMULATED_SIGNAL -D_WASI_EMULATED_MMAN -D_WASI_EMULATED_PROCESS_CLOCKS -D_GNU_SOURCE -mllvm -wasm-enable-sjlj -Wno-error=implicit-function-declaration -Wno-error=int-conversion -Wno-int-conversion -I/home/nathan/secure-exec-wasmgui/experiments/wasm-gui/toolchain/compat-include -include /home/nathan/secure-exec-wasmgui/experiments/wasm-gui/toolchain/wasi-compat.h -I/home/nathan/secure-exec-wasmgui/experiments/wasm-gui/third_party/wasm-prefix-threads/include --target=wasm32-wasip1-threads --sysroot=/home/nathan/secure-exec/registry/native/c/vendor/wasi-sdk/share/wasi-sysroot -I/home/nathan/secure-exec-wasmgui/experiments/wasm-gui/third_party/wasm-prefix-threads/include -I/home/nathan/secure-exec-wasmgui/experiments/wasm-gui/toolchain/compat-include -include /home/nathan/secure-exec-wasmgui/experiments/wasm-gui/toolchain/wasi-compat.h --target=wasm32-wasip1-threads --sysroot=/home/nathan/secure-exec/registry/native/c/vendor/wasi-sdk/share/wasi-sysroot -Wl,--shared-memory -Wl,--import-memory -Wl,--export-memory -Wl,--max-memory=536870912 -Wl,--export=wasi_thread_start -Wl,--no-check-features -lwasi-emulated-signal -L/home/nathan/secure-exec-wasmgui/experiments/wasm-gui/third_party/wasm-prefix-threads/lib -L/home/nathan/secure-exec/registry/native/c/vendor/wasi-sdk/share/wasi-sysroot/lib/wasm32-wasip1-threads -lwasi-emulated-mman -lwasi-emulated-process-clocks -L/home/nathan/secure-exec-wasmgui/experiments/wasm-gui/third_party/wasm-prefix-threads/lib -lhostcompat conftest.c -lSM    -lSM -lICE -lX11 -lICE -lintl -lintl  >&5
wasm-ld: warning: function signature mismatch: SmcSaveYourselfDone
>>> defined as () -> i32 in /tmp/conftest-451978.o
>>> defined as (i32, i32) -> void in /home/nathan/secure-exec-wasmgui/experiments/wasm-gui/third_party/wasm-prefix-threads/lib/libSM.a(sm_client.o)
configure:16557: $? = 0
configure:16569: result: yes
configure:16609: checking for wasm32-wasi-pkg-config
configure:16648: result: no
configure:16658: checking for pkg-config
configure:16681: found /usr/bin/pkg-config
configure:16694: result: /usr/bin/pkg-config
configure:16719: checking pkg-config is at least version 0.9.0
configure:16722: result: yes
configure:16744: checking for glib-2.0 >= 2.66.0
configure:16748: result: 2.78.4
configure:16751: checking GLIB_CFLAGS
configure:16754: result: -I/home/nathan/secure-exec-wasmgui/experiments/wasm-gui/third_party/wasm-prefix-threads/include/glib-2.0 -pthread -I/home/nathan/secure-exec-wasmgui/experiments/wasm-gui/third_party/wasm-prefix-threads/lib/glib-2.0/include -I/home/nathan/secure-exec-wasmgui/experiments/wasm-gui/third_party/wasm-prefix-threads/include -DPCRE2_STATIC 
configure:16757: checking GLIB_LIBS
configure:16760: result: -L/home/nathan/secure-exec-wasmgui/experiments/wasm-gui/third_party/wasm-prefix-threads/lib -lglib-2.0 -lintl -lm -pthread -lpcre2-8 
configure:16777: setting GLIB_VERSION_MAX_ALLOWED and GLIB_VERSION_MIN_REQUIRED according to 2.66.0
configure:16836: checking for wasm32-wasi-pkg-config
configure:16872: result: /usr/bin/pkg-config
configure:16946: checking pkg-config is at least version 0.9.0
configure:16949: result: yes
configure:16971: checking for gtk+-3.0 >= 3.24.0
configure:16975: result: 3.24.43
configure:16978: checking GTK3_CFLAGS
configure:16981: result: -I/home/nathan/secure-exec-wasmgui/experiments/wasm-gui/third_party/wasm-prefix-threads/include/gtk-3.0 -I/home/nathan/secure-exec-wasmgui/experiments/wasm-gui/third_party/pango/build-wasm-threads -I/home/nathan/secure-exec-wasmgui/experiments/wasm-gui/third_party/pango -I/home/nathan/secure-exec-wasmgui/experiments/wasm-gui/third_party/pango/build-wasm-threads/pango -I/home/nathan/secure-exec-wasmgui/experiments/wasm-gui/third_party/pango/pango -I/home/nathan/secure-exec-wasmgui/experiments/wasm-gui/third_party/wasm-prefix-threads/include/glib-2.0 -I/home/nathan/secure-exec-wasmgui/experiments/wasm-gui/third_party/wasm-prefix-threads/lib/glib-2.0/include -I/home/nathan/secure-exec-wasmgui/experiments/wasm-gui/third_party/wasm-prefix-threads/include -I/home/nathan/secure-exec-wasmgui/experiments/wasm-gui/third_party/wasm-prefix-threads/include/fribidi -I/home/nathan/secure-exec-wasmgui/experiments/wasm-gui/third_party/harfbuzz/build-wasm-threads -I/home/nathan/secure-exec-wasmgui/experiments/wasm-gui/third_party/harfbuzz -I/home/nathan/secure-exec-wasmgui/experiments/wasm-gui/third_party/harfbuzz/build-wasm-threads/src -I/home/nathan/secure-exec-wasmgui/experiments/wasm-gui/third_party/harfbuzz/src -I/home/nathan/secure-exec-wasmgui/experiments/wasm-gui/third_party/wasm-prefix-threads/include/freetype2 -I/home/nathan/secure-exec-wasmgui/experiments/wasm-gui/third_party/wasm-prefix-threads/include/cairo -I/home/nathan/secure-exec-wasmgui/experiments/wasm-gui/third_party/wasm-prefix-threads/include/pixman-1 -I/home/nathan/secure-exec-wasmgui/experiments/wasm-gui/third_party/wasm-prefix-threads/include/gdk-pixbuf-2.0 -I/home/nathan/secure-exec-wasmgui/experiments/wasm-gui/third_party/wasm-prefix-threads/include/gio-unix-2.0 -I/home/nathan/secure-exec-wasmgui/experiments/wasm-gui/third_party/wasm-prefix/include -I/home/nathan/secure-exec-wasmgui/experiments/wasm-gui/third_party/wasm-prefix-threads/include/atk-1.0 -I/home/nathan/secure-exec-wasmgui/experiments/wasm-gui/third_party/wasm-prefix-threads/include/at-spi2-atk/2.0 -pthread -DPCRE2_STATIC 
configure:16984: checking GTK3_LIBS
configure:16987: result: -L/home/nathan/secure-exec-wasmgui/experiments/wasm-gui/third_party/wasm-prefix-threads/lib -lgtk-3 -lgdk-3 -L/home/nathan/secure-exec-wasmgui/experiments/wasm-gui/third_party/pango/build-wasm-threads/pango -lintl -L/home/nathan/secure-exec-wasmgui/experiments/wasm-gui/third_party/harfbuzz/build-wasm-threads/src -lm -lpangocairo-1.0 -lintl -lm -lpangoft2-1.0 -lpango-1.0 -lintl -lm -lintl -lm -lintl -lfribidi -lharfbuzz -lm -lXft -lintl -lintl -lz -latk-1.0 -lcairo-gobject -lcairo -ldl -lz -lfontconfig -lexpat -lfreetype -lXext -lXrender -lX11 -lpixman-1 -lgdk_pixbuf-2.0 -lpng16 -lintl -lintl -lgio-2.0 -lgobject-2.0 -lffi -lgmodule-2.0 -lintl -lglib-2.0 -lintl -lm -pthread -lpcre2-8 -lz 
configure:17051: checking for wasm32-wasi-pkg-config
configure:17087: result: /usr/bin/pkg-config
configure:17161: checking pkg-config is at least version 0.9.0
configure:17164: result: yes
configure:17186: checking for libxfce4util-1.0 >= 4.17.2
configure:17190: result: 4.18.2
configure:17193: checking LIBXFCE4UTIL_CFLAGS
configure:17196: result: -I/home/nathan/secure-exec-wasmgui/experiments/wasm-gui/third_party/wasm-prefix-threads/include/xfce4 -I/home/nathan/secure-exec-wasmgui/experiments/wasm-gui/third_party/wasm-prefix-threads/include/glib-2.0 -pthread -I/home/nathan/secure-exec-wasmgui/experiments/wasm-gui/third_party/wasm-prefix-threads/lib/glib-2.0/include -I/home/nathan/secure-exec-wasmgui/experiments/wasm-gui/third_party/wasm-prefix-threads/include -DPCRE2_STATIC 
configure:17199: checking LIBXFCE4UTIL_LIBS
configure:17202: result: -L/home/nathan/secure-exec-wasmgui/experiments/wasm-gui/third_party/wasm-prefix-threads/lib -lxfce4util -lglib-2.0 -lintl -lm -pthread -lpcre2-8 
configure:17266: checking for wasm32-wasi-pkg-config
configure:17302: result: /usr/bin/pkg-config
configure:17376: checking pkg-config is at least version 0.9.0
configure:17379: result: yes
configure:17401: checking for libxfconf-0 >= 4.12.0
configure:17405: result: 4.18.3
configure:17408: checking XFCONF_CFLAGS
configure:17411: result: -I/home/nathan/secure-exec-wasmgui/experiments/wasm-gui/third_party/wasm-prefix-threads/include/xfce4/xfconf-0 -I/home/nathan/secure-exec-wasmgui/experiments/wasm-gui/third_party/wasm-prefix-threads/include -I/home/nathan/secure-exec-wasmgui/experiments/wasm-gui/third_party/wasm-prefix-threads/include/glib-2.0 -I/home/nathan/secure-exec-wasmgui/experiments/wasm-gui/third_party/wasm-prefix-threads/lib/glib-2.0/include -pthread -DPCRE2_STATIC 
configure:17414: checking XFCONF_LIBS
configure:17417: result: -L/home/nathan/secure-exec-wasmgui/experiments/wasm-gui/third_party/wasm-prefix-threads/lib -lxfconf-0 -lgio-2.0 -lgobject-2.0 -lffi -lgmodule-2.0 -lintl -lglib-2.0 -lintl -lm -pthread -lpcre2-8 -lz 
configure:17701: checking for optional package libgtop-2.0 >= 2.24.0
configure:17703: result: not found
configure:18314: checking for gobject-introspection
configure:18345: $PKG_CONFIG --exists --print-errors "gobject-introspection-1.0 >= 1.66.0"
Package gobject-introspection-1.0 was not found in the pkg-config search path.
Perhaps you should add the directory containing `gobject-introspection-1.0.pc'
to the PKG_CONFIG_PATH environment variable
Package 'gobject-introspection-1.0', required by 'virtual:world', not found
configure:18348: $? = 1
configure:18360: result: no
configure:18546: checking for wasm32-wasi-pkg-config
configure:18582: result: /usr/bin/pkg-config
configure:18656: checking pkg-config is at least version 0.9.0
configure:18659: result: yes
configure:18669: $PKG_CONFIG --exists --print-errors "$vapigen_pkg"
Package vapigen was not found in the pkg-config search path.
Perhaps you should add the directory containing `vapigen.pc'
to the PKG_CONFIG_PATH environment variable
Package 'vapigen', required by 'virtual:world', not found
configure:18672: $? = 1
configure:18699: checking for vapigen
configure:18723: result: no
configure:18976: checking for optional package libstartup-notification-1.0 >= 0.4
configure:18978: result: not found
configure:19016: checking for additional vendor name and/or info
configure:19035: result: not set
configure:19039: checking for a custom manual website location
configure:19054: result: https://docs.xfce.org/help.php
configure:19294: checking for optional package gladeui-2.0 >= 3.5.0
configure:19296: result: not found
configure:19362: checking for gtk-doc
configure:19365: $PKG_CONFIG --exists --print-errors "$gtk_doc_requires"
Package gtk-doc was not found in the pkg-config search path.
Perhaps you should add the directory containing `gtk-doc.pc'
to the PKG_CONFIG_PATH environment variable
Package 'gtk-doc', required by 'virtual:world', not found
configure:19368: $? = 1
configure:19374: result: no
configure:19378: WARNING:
  You will not be able to create source packages with 'make dist'
  because gtk-doc >= 1.0 is not found.
configure:19388: checking for gtkdoc-check
configure:19424: result: no
configure:19431: checking for gtkdoc-check
configure:19470: result: no
configure:19479: checking for gtkdoc-rebase
configure:19518: result: no
configure:19529: checking for gtkdoc-mkpdf
configure:19568: result: no
configure:19597: checking whether to build gtk-doc documentation
configure:19599: result: no
configure:19612: checking for glib-2.0 >= 2.10.0 gobject-2.0  >= 2.10.0
configure:19619: $PKG_CONFIG --exists --print-errors "glib-2.0 >= 2.10.0 gobject-2.0  >= 2.10.0"
configure:19622: $? = 0
configure:19636: $PKG_CONFIG --exists --print-errors "glib-2.0 >= 2.10.0 gobject-2.0  >= 2.10.0"
configure:19639: $? = 0
configure:19677: result: yes
configure:19781: checking whether to build with debugging support
configure:19813: result: no
configure:19828: checking if /home/nathan/secure-exec-wasmgui/experiments/wasm-gui/toolchain/clang-wasi-wrap.sh supports -Wall
configure:19836: /home/nathan/secure-exec-wasmgui/experiments/wasm-gui/toolchain/clang-wasi-wrap.sh -c --target=wasm32-wasip1-threads --sysroot=/home/nathan/secure-exec/registry/native/c/vendor/wasi-sdk/share/wasi-sysroot -O2 -pthread -matomics -mbulk-memory -DSECURE_EXEC_WASM_THREADS -D_WASI_EMULATED_SIGNAL -D_WASI_EMULATED_MMAN -D_WASI_EMULATED_PROCESS_CLOCKS -D_GNU_SOURCE -mllvm -wasm-enable-sjlj -Wno-error=implicit-function-declaration -Wno-error=int-conversion -Wno-int-conversion -I/home/nathan/secure-exec-wasmgui/experiments/wasm-gui/toolchain/compat-include -include /home/nathan/secure-exec-wasmgui/experiments/wasm-gui/toolchain/wasi-compat.h -I/home/nathan/secure-exec-wasmgui/experiments/wasm-gui/third_party/wasm-prefix-threads/include -Wall --target=wasm32-wasip1-threads --sysroot=/home/nathan/secure-exec/registry/native/c/vendor/wasi-sdk/share/wasi-sysroot -I/home/nathan/secure-exec-wasmgui/experiments/wasm-gui/third_party/wasm-prefix-threads/include -I/home/nathan/secure-exec-wasmgui/experiments/wasm-gui/toolchain/compat-include -include /home/nathan/secure-exec-wasmgui/experiments/wasm-gui/toolchain/wasi-compat.h -DNDEBUG -DG_DISABLE_CAST_CHECKS -DG_DISABLE_ASSERT conftest.c >&5
configure:19836: $? = 0
configure:19845: result: yes
configure:19828: checking if /home/nathan/secure-exec-wasmgui/experiments/wasm-gui/toolchain/clang-wasi-wrap.sh supports -Wextra
configure:19836: /home/nathan/secure-exec-wasmgui/experiments/wasm-gui/toolchain/clang-wasi-wrap.sh -c --target=wasm32-wasip1-threads --sysroot=/home/nathan/secure-exec/registry/native/c/vendor/wasi-sdk/share/wasi-sysroot -O2 -pthread -matomics -mbulk-memory -DSECURE_EXEC_WASM_THREADS -D_WASI_EMULATED_SIGNAL -D_WASI_EMULATED_MMAN -D_WASI_EMULATED_PROCESS_CLOCKS -D_GNU_SOURCE -mllvm -wasm-enable-sjlj -Wno-error=implicit-function-declaration -Wno-error=int-conversion -Wno-int-conversion -I/home/nathan/secure-exec-wasmgui/experiments/wasm-gui/toolchain/compat-include -include /home/nathan/secure-exec-wasmgui/experiments/wasm-gui/toolchain/wasi-compat.h -I/home/nathan/secure-exec-wasmgui/experiments/wasm-gui/third_party/wasm-prefix-threads/include -Wextra --target=wasm32-wasip1-threads --sysroot=/home/nathan/secure-exec/registry/native/c/vendor/wasi-sdk/share/wasi-sysroot -I/home/nathan/secure-exec-wasmgui/experiments/wasm-gui/third_party/wasm-prefix-threads/include -I/home/nathan/secure-exec-wasmgui/experiments/wasm-gui/toolchain/compat-include -include /home/nathan/secure-exec-wasmgui/experiments/wasm-gui/toolchain/wasi-compat.h -DNDEBUG -DG_DISABLE_CAST_CHECKS -DG_DISABLE_ASSERT conftest.c >&5
configure:19836: $? = 0
configure:19845: result: yes
configure:19828: checking if /home/nathan/secure-exec-wasmgui/experiments/wasm-gui/toolchain/clang-wasi-wrap.sh supports -Wno-missing-field-initializers
configure:19836: /home/nathan/secure-exec-wasmgui/experiments/wasm-gui/toolchain/clang-wasi-wrap.sh -c --target=wasm32-wasip1-threads --sysroot=/home/nathan/secure-exec/registry/native/c/vendor/wasi-sdk/share/wasi-sysroot -O2 -pthread -matomics -mbulk-memory -DSECURE_EXEC_WASM_THREADS -D_WASI_EMULATED_SIGNAL -D_WASI_EMULATED_MMAN -D_WASI_EMULATED_PROCESS_CLOCKS -D_GNU_SOURCE -mllvm -wasm-enable-sjlj -Wno-error=implicit-function-declaration -Wno-error=int-conversion -Wno-int-conversion -I/home/nathan/secure-exec-wasmgui/experiments/wasm-gui/toolchain/compat-include -include /home/nathan/secure-exec-wasmgui/experiments/wasm-gui/toolchain/wasi-compat.h -I/home/nathan/secure-exec-wasmgui/experiments/wasm-gui/third_party/wasm-prefix-threads/include -Wno-missing-field-initializers --target=wasm32-wasip1-threads --sysroot=/home/nathan/secure-exec/registry/native/c/vendor/wasi-sdk/share/wasi-sysroot -I/home/nathan/secure-exec-wasmgui/experiments/wasm-gui/third_party/wasm-prefix-threads/include -I/home/nathan/secure-exec-wasmgui/experiments/wasm-gui/toolchain/compat-include -include /home/nathan/secure-exec-wasmgui/experiments/wasm-gui/toolchain/wasi-compat.h -DNDEBUG -DG_DISABLE_CAST_CHECKS -DG_DISABLE_ASSERT conftest.c >&5
configure:19836: $? = 0
configure:19845: result: yes
configure:19828: checking if /home/nathan/secure-exec-wasmgui/experiments/wasm-gui/toolchain/clang-wasi-wrap.sh supports -Wno-unused-parameter
configure:19836: /home/nathan/secure-exec-wasmgui/experiments/wasm-gui/toolchain/clang-wasi-wrap.sh -c --target=wasm32-wasip1-threads --sysroot=/home/nathan/secure-exec/registry/native/c/vendor/wasi-sdk/share/wasi-sysroot -O2 -pthread -matomics -mbulk-memory -DSECURE_EXEC_WASM_THREADS -D_WASI_EMULATED_SIGNAL -D_WASI_EMULATED_MMAN -D_WASI_EMULATED_PROCESS_CLOCKS -D_GNU_SOURCE -mllvm -wasm-enable-sjlj -Wno-error=implicit-function-declaration -Wno-error=int-conversion -Wno-int-conversion -I/home/nathan/secure-exec-wasmgui/experiments/wasm-gui/toolchain/compat-include -include /home/nathan/secure-exec-wasmgui/experiments/wasm-gui/toolchain/wasi-compat.h -I/home/nathan/secure-exec-wasmgui/experiments/wasm-gui/third_party/wasm-prefix-threads/include -Wno-unused-parameter --target=wasm32-wasip1-threads --sysroot=/home/nathan/secure-exec/registry/native/c/vendor/wasi-sdk/share/wasi-sysroot -I/home/nathan/secure-exec-wasmgui/experiments/wasm-gui/third_party/wasm-prefix-threads/include -I/home/nathan/secure-exec-wasmgui/experiments/wasm-gui/toolchain/compat-include -include /home/nathan/secure-exec-wasmgui/experiments/wasm-gui/toolchain/wasi-compat.h -DNDEBUG -DG_DISABLE_CAST_CHECKS -DG_DISABLE_ASSERT conftest.c >&5
configure:19836: $? = 0
configure:19845: result: yes
configure:19828: checking if /home/nathan/secure-exec-wasmgui/experiments/wasm-gui/toolchain/clang-wasi-wrap.sh supports -Wmissing-declarations
configure:19836: /home/nathan/secure-exec-wasmgui/experiments/wasm-gui/toolchain/clang-wasi-wrap.sh -c --target=wasm32-wasip1-threads --sysroot=/home/nathan/secure-exec/registry/native/c/vendor/wasi-sdk/share/wasi-sysroot -O2 -pthread -matomics -mbulk-memory -DSECURE_EXEC_WASM_THREADS -D_WASI_EMULATED_SIGNAL -D_WASI_EMULATED_MMAN -D_WASI_EMULATED_PROCESS_CLOCKS -D_GNU_SOURCE -mllvm -wasm-enable-sjlj -Wno-error=implicit-function-declaration -Wno-error=int-conversion -Wno-int-conversion -I/home/nathan/secure-exec-wasmgui/experiments/wasm-gui/toolchain/compat-include -include /home/nathan/secure-exec-wasmgui/experiments/wasm-gui/toolchain/wasi-compat.h -I/home/nathan/secure-exec-wasmgui/experiments/wasm-gui/third_party/wasm-prefix-threads/include -Wmissing-declarations --target=wasm32-wasip1-threads --sysroot=/home/nathan/secure-exec/registry/native/c/vendor/wasi-sdk/share/wasi-sysroot -I/home/nathan/secure-exec-wasmgui/experiments/wasm-gui/third_party/wasm-prefix-threads/include -I/home/nathan/secure-exec-wasmgui/experiments/wasm-gui/toolchain/compat-include -include /home/nathan/secure-exec-wasmgui/experiments/wasm-gui/toolchain/wasi-compat.h -DNDEBUG -DG_DISABLE_CAST_CHECKS -DG_DISABLE_ASSERT conftest.c >&5
configure:19836: $? = 0
configure:19845: result: yes
configure:19828: checking if /home/nathan/secure-exec-wasmgui/experiments/wasm-gui/toolchain/clang-wasi-wrap.sh supports -Wmissing-noreturn
configure:19836: /home/nathan/secure-exec-wasmgui/experiments/wasm-gui/toolchain/clang-wasi-wrap.sh -c --target=wasm32-wasip1-threads --sysroot=/home/nathan/secure-exec/registry/native/c/vendor/wasi-sdk/share/wasi-sysroot -O2 -pthread -matomics -mbulk-memory -DSECURE_EXEC_WASM_THREADS -D_WASI_EMULATED_SIGNAL -D_WASI_EMULATED_MMAN -D_WASI_EMULATED_PROCESS_CLOCKS -D_GNU_SOURCE -mllvm -wasm-enable-sjlj -Wno-error=implicit-function-declaration -Wno-error=int-conversion -Wno-int-conversion -I/home/nathan/secure-exec-wasmgui/experiments/wasm-gui/toolchain/compat-include -include /home/nathan/secure-exec-wasmgui/experiments/wasm-gui/toolchain/wasi-compat.h -I/home/nathan/secure-exec-wasmgui/experiments/wasm-gui/third_party/wasm-prefix-threads/include -Wmissing-noreturn --target=wasm32-wasip1-threads --sysroot=/home/nathan/secure-exec/registry/native/c/vendor/wasi-sdk/share/wasi-sysroot -I/home/nathan/secure-exec-wasmgui/experiments/wasm-gui/third_party/wasm-prefix-threads/include -I/home/nathan/secure-exec-wasmgui/experiments/wasm-gui/toolchain/compat-include -include /home/nathan/secure-exec-wasmgui/experiments/wasm-gui/toolchain/wasi-compat.h -DNDEBUG -DG_DISABLE_CAST_CHECKS -DG_DISABLE_ASSERT conftest.c >&5
configure:19836: $? = 0
configure:19845: result: yes
configure:19828: checking if /home/nathan/secure-exec-wasmgui/experiments/wasm-gui/toolchain/clang-wasi-wrap.sh supports -Wpointer-arith
configure:19836: /home/nathan/secure-exec-wasmgui/experiments/wasm-gui/toolchain/clang-wasi-wrap.sh -c --target=wasm32-wasip1-threads --sysroot=/home/nathan/secure-exec/registry/native/c/vendor/wasi-sdk/share/wasi-sysroot -O2 -pthread -matomics -mbulk-memory -DSECURE_EXEC_WASM_THREADS -D_WASI_EMULATED_SIGNAL -D_WASI_EMULATED_MMAN -D_WASI_EMULATED_PROCESS_CLOCKS -D_GNU_SOURCE -mllvm -wasm-enable-sjlj -Wno-error=implicit-function-declaration -Wno-error=int-conversion -Wno-int-conversion -I/home/nathan/secure-exec-wasmgui/experiments/wasm-gui/toolchain/compat-include -include /home/nathan/secure-exec-wasmgui/experiments/wasm-gui/toolchain/wasi-compat.h -I/home/nathan/secure-exec-wasmgui/experiments/wasm-gui/third_party/wasm-prefix-threads/include -Wpointer-arith --target=wasm32-wasip1-threads --sysroot=/home/nathan/secure-exec/registry/native/c/vendor/wasi-sdk/share/wasi-sysroot -I/home/nathan/secure-exec-wasmgui/experiments/wasm-gui/third_party/wasm-prefix-threads/include -I/home/nathan/secure-exec-wasmgui/experiments/wasm-gui/toolchain/compat-include -include /home/nathan/secure-exec-wasmgui/experiments/wasm-gui/toolchain/wasi-compat.h -DNDEBUG -DG_DISABLE_CAST_CHECKS -DG_DISABLE_ASSERT conftest.c >&5
configure:19836: $? = 0
configure:19845: result: yes
configure:19828: checking if /home/nathan/secure-exec-wasmgui/experiments/wasm-gui/toolchain/clang-wasi-wrap.sh supports -Wcast-align
configure:19836: /home/nathan/secure-exec-wasmgui/experiments/wasm-gui/toolchain/clang-wasi-wrap.sh -c --target=wasm32-wasip1-threads --sysroot=/home/nathan/secure-exec/registry/native/c/vendor/wasi-sdk/share/wasi-sysroot -O2 -pthread -matomics -mbulk-memory -DSECURE_EXEC_WASM_THREADS -D_WASI_EMULATED_SIGNAL -D_WASI_EMULATED_MMAN -D_WASI_EMULATED_PROCESS_CLOCKS -D_GNU_SOURCE -mllvm -wasm-enable-sjlj -Wno-error=implicit-function-declaration -Wno-error=int-conversion -Wno-int-conversion -I/home/nathan/secure-exec-wasmgui/experiments/wasm-gui/toolchain/compat-include -include /home/nathan/secure-exec-wasmgui/experiments/wasm-gui/toolchain/wasi-compat.h -I/home/nathan/secure-exec-wasmgui/experiments/wasm-gui/third_party/wasm-prefix-threads/include -Wcast-align --target=wasm32-wasip1-threads --sysroot=/home/nathan/secure-exec/registry/native/c/vendor/wasi-sdk/share/wasi-sysroot -I/home/nathan/secure-exec-wasmgui/experiments/wasm-gui/third_party/wasm-prefix-threads/include -I/home/nathan/secure-exec-wasmgui/experiments/wasm-gui/toolchain/compat-include -include /home/nathan/secure-exec-wasmgui/experiments/wasm-gui/toolchain/wasi-compat.h -DNDEBUG -DG_DISABLE_CAST_CHECKS -DG_DISABLE_ASSERT conftest.c >&5
configure:19836: $? = 0
configure:19845: result: yes
configure:19828: checking if /home/nathan/secure-exec-wasmgui/experiments/wasm-gui/toolchain/clang-wasi-wrap.sh supports -Wformat
configure:19836: /home/nathan/secure-exec-wasmgui/experiments/wasm-gui/toolchain/clang-wasi-wrap.sh -c --target=wasm32-wasip1-threads --sysroot=/home/nathan/secure-exec/registry/native/c/vendor/wasi-sdk/share/wasi-sysroot -O2 -pthread -matomics -mbulk-memory -DSECURE_EXEC_WASM_THREADS -D_WASI_EMULATED_SIGNAL -D_WASI_EMULATED_MMAN -D_WASI_EMULATED_PROCESS_CLOCKS -D_GNU_SOURCE -mllvm -wasm-enable-sjlj -Wno-error=implicit-function-declaration -Wno-error=int-conversion -Wno-int-conversion -I/home/nathan/secure-exec-wasmgui/experiments/wasm-gui/toolchain/compat-include -include /home/nathan/secure-exec-wasmgui/experiments/wasm-gui/toolchain/wasi-compat.h -I/home/nathan/secure-exec-wasmgui/experiments/wasm-gui/third_party/wasm-prefix-threads/include -Wformat --target=wasm32-wasip1-threads --sysroot=/home/nathan/secure-exec/registry/native/c/vendor/wasi-sdk/share/wasi-sysroot -I/home/nathan/secure-exec-wasmgui/experiments/wasm-gui/third_party/wasm-prefix-threads/include -I/home/nathan/secure-exec-wasmgui/experiments/wasm-gui/toolchain/compat-include -include /home/nathan/secure-exec-wasmgui/experiments/wasm-gui/toolchain/wasi-compat.h -DNDEBUG -DG_DISABLE_CAST_CHECKS -DG_DISABLE_ASSERT conftest.c >&5
configure:19836: $? = 0
configure:19845: result: yes
configure:19828: checking if /home/nathan/secure-exec-wasmgui/experiments/wasm-gui/toolchain/clang-wasi-wrap.sh supports -Wformat-security
configure:19836: /home/nathan/secure-exec-wasmgui/experiments/wasm-gui/toolchain/clang-wasi-wrap.sh -c --target=wasm32-wasip1-threads --sysroot=/home/nathan/secure-exec/registry/native/c/vendor/wasi-sdk/share/wasi-sysroot -O2 -pthread -matomics -mbulk-memory -DSECURE_EXEC_WASM_THREADS -D_WASI_EMULATED_SIGNAL -D_WASI_EMULATED_MMAN -D_WASI_EMULATED_PROCESS_CLOCKS -D_GNU_SOURCE -mllvm -wasm-enable-sjlj -Wno-error=implicit-function-declaration -Wno-error=int-conversion -Wno-int-conversion -I/home/nathan/secure-exec-wasmgui/experiments/wasm-gui/toolchain/compat-include -include /home/nathan/secure-exec-wasmgui/experiments/wasm-gui/toolchain/wasi-compat.h -I/home/nathan/secure-exec-wasmgui/experiments/wasm-gui/third_party/wasm-prefix-threads/include -Wformat-security --target=wasm32-wasip1-threads --sysroot=/home/nathan/secure-exec/registry/native/c/vendor/wasi-sdk/share/wasi-sysroot -I/home/nathan/secure-exec-wasmgui/experiments/wasm-gui/third_party/wasm-prefix-threads/include -I/home/nathan/secure-exec-wasmgui/experiments/wasm-gui/toolchain/compat-include -include /home/nathan/secure-exec-wasmgui/experiments/wasm-gui/toolchain/wasi-compat.h -DNDEBUG -DG_DISABLE_CAST_CHECKS -DG_DISABLE_ASSERT conftest.c >&5
configure:19836: $? = 0
configure:19845: result: yes
configure:19828: checking if /home/nathan/secure-exec-wasmgui/experiments/wasm-gui/toolchain/clang-wasi-wrap.sh supports -Wformat-y2k
configure:19836: /home/nathan/secure-exec-wasmgui/experiments/wasm-gui/toolchain/clang-wasi-wrap.sh -c --target=wasm32-wasip1-threads --sysroot=/home/nathan/secure-exec/registry/native/c/vendor/wasi-sdk/share/wasi-sysroot -O2 -pthread -matomics -mbulk-memory -DSECURE_EXEC_WASM_THREADS -D_WASI_EMULATED_SIGNAL -D_WASI_EMULATED_MMAN -D_WASI_EMULATED_PROCESS_CLOCKS -D_GNU_SOURCE -mllvm -wasm-enable-sjlj -Wno-error=implicit-function-declaration -Wno-error=int-conversion -Wno-int-conversion -I/home/nathan/secure-exec-wasmgui/experiments/wasm-gui/toolchain/compat-include -include /home/nathan/secure-exec-wasmgui/experiments/wasm-gui/toolchain/wasi-compat.h -I/home/nathan/secure-exec-wasmgui/experiments/wasm-gui/third_party/wasm-prefix-threads/include -Wformat-y2k --target=wasm32-wasip1-threads --sysroot=/home/nathan/secure-exec/registry/native/c/vendor/wasi-sdk/share/wasi-sysroot -I/home/nathan/secure-exec-wasmgui/experiments/wasm-gui/third_party/wasm-prefix-threads/include -I/home/nathan/secure-exec-wasmgui/experiments/wasm-gui/toolchain/compat-include -include /home/nathan/secure-exec-wasmgui/experiments/wasm-gui/toolchain/wasi-compat.h -DNDEBUG -DG_DISABLE_CAST_CHECKS -DG_DISABLE_ASSERT conftest.c >&5
configure:19836: $? = 0
configure:19845: result: yes
configure:19828: checking if /home/nathan/secure-exec-wasmgui/experiments/wasm-gui/toolchain/clang-wasi-wrap.sh supports -Winit-self
configure:19836: /home/nathan/secure-exec-wasmgui/experiments/wasm-gui/toolchain/clang-wasi-wrap.sh -c --target=wasm32-wasip1-threads --sysroot=/home/nathan/secure-exec/registry/native/c/vendor/wasi-sdk/share/wasi-sysroot -O2 -pthread -matomics -mbulk-memory -DSECURE_EXEC_WASM_THREADS -D_WASI_EMULATED_SIGNAL -D_WASI_EMULATED_MMAN -D_WASI_EMULATED_PROCESS_CLOCKS -D_GNU_SOURCE -mllvm -wasm-enable-sjlj -Wno-error=implicit-function-declaration -Wno-error=int-conversion -Wno-int-conversion -I/home/nathan/secure-exec-wasmgui/experiments/wasm-gui/toolchain/compat-include -include /home/nathan/secure-exec-wasmgui/experiments/wasm-gui/toolchain/wasi-compat.h -I/home/nathan/secure-exec-wasmgui/experiments/wasm-gui/third_party/wasm-prefix-threads/include -Winit-self --target=wasm32-wasip1-threads --sysroot=/home/nathan/secure-exec/registry/native/c/vendor/wasi-sdk/share/wasi-sysroot -I/home/nathan/secure-exec-wasmgui/experiments/wasm-gui/third_party/wasm-prefix-threads/include -I/home/nathan/secure-exec-wasmgui/experiments/wasm-gui/toolchain/compat-include -include /home/nathan/secure-exec-wasmgui/experiments/wasm-gui/toolchain/wasi-compat.h -DNDEBUG -DG_DISABLE_CAST_CHECKS -DG_DISABLE_ASSERT conftest.c >&5
configure:19836: $? = 0
configure:19845: result: yes
configure:19828: checking if /home/nathan/secure-exec-wasmgui/experiments/wasm-gui/toolchain/clang-wasi-wrap.sh supports -Wmissing-include-dirs
configure:19836: /home/nathan/secure-exec-wasmgui/experiments/wasm-gui/toolchain/clang-wasi-wrap.sh -c --target=wasm32-wasip1-threads --sysroot=/home/nathan/secure-exec/registry/native/c/vendor/wasi-sdk/share/wasi-sysroot -O2 -pthread -matomics -mbulk-memory -DSECURE_EXEC_WASM_THREADS -D_WASI_EMULATED_SIGNAL -D_WASI_EMULATED_MMAN -D_WASI_EMULATED_PROCESS_CLOCKS -D_GNU_SOURCE -mllvm -wasm-enable-sjlj -Wno-error=implicit-function-declaration -Wno-error=int-conversion -Wno-int-conversion -I/home/nathan/secure-exec-wasmgui/experiments/wasm-gui/toolchain/compat-include -include /home/nathan/secure-exec-wasmgui/experiments/wasm-gui/toolchain/wasi-compat.h -I/home/nathan/secure-exec-wasmgui/experiments/wasm-gui/third_party/wasm-prefix-threads/include -Wmissing-include-dirs --target=wasm32-wasip1-threads --sysroot=/home/nathan/secure-exec/registry/native/c/vendor/wasi-sdk/share/wasi-sysroot -I/home/nathan/secure-exec-wasmgui/experiments/wasm-gui/third_party/wasm-prefix-threads/include -I/home/nathan/secure-exec-wasmgui/experiments/wasm-gui/toolchain/compat-include -include /home/nathan/secure-exec-wasmgui/experiments/wasm-gui/toolchain/wasi-compat.h -DNDEBUG -DG_DISABLE_CAST_CHECKS -DG_DISABLE_ASSERT conftest.c >&5
configure:19836: $? = 0
configure:19845: result: yes
configure:19828: checking if /home/nathan/secure-exec-wasmgui/experiments/wasm-gui/toolchain/clang-wasi-wrap.sh supports -Wundef
configure:19836: /home/nathan/secure-exec-wasmgui/experiments/wasm-gui/toolchain/clang-wasi-wrap.sh -c --target=wasm32-wasip1-threads --sysroot=/home/nathan/secure-exec/registry/native/c/vendor/wasi-sdk/share/wasi-sysroot -O2 -pthread -matomics -mbulk-memory -DSECURE_EXEC_WASM_THREADS -D_WASI_EMULATED_SIGNAL -D_WASI_EMULATED_MMAN -D_WASI_EMULATED_PROCESS_CLOCKS -D_GNU_SOURCE -mllvm -wasm-enable-sjlj -Wno-error=implicit-function-declaration -Wno-error=int-conversion -Wno-int-conversion -I/home/nathan/secure-exec-wasmgui/experiments/wasm-gui/toolchain/compat-include -include /home/nathan/secure-exec-wasmgui/experiments/wasm-gui/toolchain/wasi-compat.h -I/home/nathan/secure-exec-wasmgui/experiments/wasm-gui/third_party/wasm-prefix-threads/include -Wundef --target=wasm32-wasip1-threads --sysroot=/home/nathan/secure-exec/registry/native/c/vendor/wasi-sdk/share/wasi-sysroot -I/home/nathan/secure-exec-wasmgui/experiments/wasm-gui/third_party/wasm-prefix-threads/include -I/home/nathan/secure-exec-wasmgui/experiments/wasm-gui/toolchain/compat-include -include /home/nathan/secure-exec-wasmgui/experiments/wasm-gui/toolchain/wasi-compat.h -DNDEBUG -DG_DISABLE_CAST_CHECKS -DG_DISABLE_ASSERT conftest.c >&5
configure:19836: $? = 0
configure:19845: result: yes
configure:19828: checking if /home/nathan/secure-exec-wasmgui/experiments/wasm-gui/toolchain/clang-wasi-wrap.sh supports -Wredundant-decls
configure:19836: /home/nathan/secure-exec-wasmgui/experiments/wasm-gui/toolchain/clang-wasi-wrap.sh -c --target=wasm32-wasip1-threads --sysroot=/home/nathan/secure-exec/registry/native/c/vendor/wasi-sdk/share/wasi-sysroot -O2 -pthread -matomics -mbulk-memory -DSECURE_EXEC_WASM_THREADS -D_WASI_EMULATED_SIGNAL -D_WASI_EMULATED_MMAN -D_WASI_EMULATED_PROCESS_CLOCKS -D_GNU_SOURCE -mllvm -wasm-enable-sjlj -Wno-error=implicit-function-declaration -Wno-error=int-conversion -Wno-int-conversion -I/home/nathan/secure-exec-wasmgui/experiments/wasm-gui/toolchain/compat-include -include /home/nathan/secure-exec-wasmgui/experiments/wasm-gui/toolchain/wasi-compat.h -I/home/nathan/secure-exec-wasmgui/experiments/wasm-gui/third_party/wasm-prefix-threads/include -Wredundant-decls --target=wasm32-wasip1-threads --sysroot=/home/nathan/secure-exec/registry/native/c/vendor/wasi-sdk/share/wasi-sysroot -I/home/nathan/secure-exec-wasmgui/experiments/wasm-gui/third_party/wasm-prefix-threads/include -I/home/nathan/secure-exec-wasmgui/experiments/wasm-gui/toolchain/compat-include -include /home/nathan/secure-exec-wasmgui/experiments/wasm-gui/toolchain/wasi-compat.h -DNDEBUG -DG_DISABLE_CAST_CHECKS -DG_DISABLE_ASSERT conftest.c >&5
configure:19836: $? = 0
configure:19845: result: yes
configure:19828: checking if /home/nathan/secure-exec-wasmgui/experiments/wasm-gui/toolchain/clang-wasi-wrap.sh supports -Wshadow
configure:19836: /home/nathan/secure-exec-wasmgui/experiments/wasm-gui/toolchain/clang-wasi-wrap.sh -c --target=wasm32-wasip1-threads --sysroot=/home/nathan/secure-exec/registry/native/c/vendor/wasi-sdk/share/wasi-sysroot -O2 -pthread -matomics -mbulk-memory -DSECURE_EXEC_WASM_THREADS -D_WASI_EMULATED_SIGNAL -D_WASI_EMULATED_MMAN -D_WASI_EMULATED_PROCESS_CLOCKS -D_GNU_SOURCE -mllvm -wasm-enable-sjlj -Wno-error=implicit-function-declaration -Wno-error=int-conversion -Wno-int-conversion -I/home/nathan/secure-exec-wasmgui/experiments/wasm-gui/toolchain/compat-include -include /home/nathan/secure-exec-wasmgui/experiments/wasm-gui/toolchain/wasi-compat.h -I/home/nathan/secure-exec-wasmgui/experiments/wasm-gui/third_party/wasm-prefix-threads/include -Wshadow --target=wasm32-wasip1-threads --sysroot=/home/nathan/secure-exec/registry/native/c/vendor/wasi-sdk/share/wasi-sysroot -I/home/nathan/secure-exec-wasmgui/experiments/wasm-gui/third_party/wasm-prefix-threads/include -I/home/nathan/secure-exec-wasmgui/experiments/wasm-gui/toolchain/compat-include -include /home/nathan/secure-exec-wasmgui/experiments/wasm-gui/toolchain/wasi-compat.h -DNDEBUG -DG_DISABLE_CAST_CHECKS -DG_DISABLE_ASSERT conftest.c >&5
configure:19836: $? = 0
configure:19845: result: yes
configure:19828: checking if /home/nathan/secure-exec-wasmgui/experiments/wasm-gui/toolchain/clang-wasi-wrap.sh supports -Wnested-externs
configure:19836: /home/nathan/secure-exec-wasmgui/experiments/wasm-gui/toolchain/clang-wasi-wrap.sh -c --target=wasm32-wasip1-threads --sysroot=/home/nathan/secure-exec/registry/native/c/vendor/wasi-sdk/share/wasi-sysroot -O2 -pthread -matomics -mbulk-memory -DSECURE_EXEC_WASM_THREADS -D_WASI_EMULATED_SIGNAL -D_WASI_EMULATED_MMAN -D_WASI_EMULATED_PROCESS_CLOCKS -D_GNU_SOURCE -mllvm -wasm-enable-sjlj -Wno-error=implicit-function-declaration -Wno-error=int-conversion -Wno-int-conversion -I/home/nathan/secure-exec-wasmgui/experiments/wasm-gui/toolchain/compat-include -include /home/nathan/secure-exec-wasmgui/experiments/wasm-gui/toolchain/wasi-compat.h -I/home/nathan/secure-exec-wasmgui/experiments/wasm-gui/third_party/wasm-prefix-threads/include -Wnested-externs --target=wasm32-wasip1-threads --sysroot=/home/nathan/secure-exec/registry/native/c/vendor/wasi-sdk/share/wasi-sysroot -I/home/nathan/secure-exec-wasmgui/experiments/wasm-gui/third_party/wasm-prefix-threads/include -I/home/nathan/secure-exec-wasmgui/experiments/wasm-gui/toolchain/compat-include -include /home/nathan/secure-exec-wasmgui/experiments/wasm-gui/toolchain/wasi-compat.h -DNDEBUG -DG_DISABLE_CAST_CHECKS -DG_DISABLE_ASSERT conftest.c >&5
configure:19836: $? = 0
configure:19845: result: yes
configure:19828: checking if /home/nathan/secure-exec-wasmgui/experiments/wasm-gui/toolchain/clang-wasi-wrap.sh supports -Wold-style-definition
configure:19836: /home/nathan/secure-exec-wasmgui/experiments/wasm-gui/toolchain/clang-wasi-wrap.sh -c --target=wasm32-wasip1-threads --sysroot=/home/nathan/secure-exec/registry/native/c/vendor/wasi-sdk/share/wasi-sysroot -O2 -pthread -matomics -mbulk-memory -DSECURE_EXEC_WASM_THREADS -D_WASI_EMULATED_SIGNAL -D_WASI_EMULATED_MMAN -D_WASI_EMULATED_PROCESS_CLOCKS -D_GNU_SOURCE -mllvm -wasm-enable-sjlj -Wno-error=implicit-function-declaration -Wno-error=int-conversion -Wno-int-conversion -I/home/nathan/secure-exec-wasmgui/experiments/wasm-gui/toolchain/compat-include -include /home/nathan/secure-exec-wasmgui/experiments/wasm-gui/toolchain/wasi-compat.h -I/home/nathan/secure-exec-wasmgui/experiments/wasm-gui/third_party/wasm-prefix-threads/include -Wold-style-definition --target=wasm32-wasip1-threads --sysroot=/home/nathan/secure-exec/registry/native/c/vendor/wasi-sdk/share/wasi-sysroot -I/home/nathan/secure-exec-wasmgui/experiments/wasm-gui/third_party/wasm-prefix-threads/include -I/home/nathan/secure-exec-wasmgui/experiments/wasm-gui/toolchain/compat-include -include /home/nathan/secure-exec-wasmgui/experiments/wasm-gui/toolchain/wasi-compat.h -DNDEBUG -DG_DISABLE_CAST_CHECKS -DG_DISABLE_ASSERT conftest.c >&5
configure:19836: $? = 0
configure:19845: result: yes
configure:19855: checking if /home/nathan/secure-exec-wasmgui/experiments/wasm-gui/toolchain/clang-wasi-wrap.sh supports -Wall
configure:19863: /home/nathan/secure-exec-wasmgui/experiments/wasm-gui/toolchain/clang-wasi-wrap.sh -c --target=wasm32-wasip1-threads --sysroot=/home/nathan/secure-exec/registry/native/c/vendor/wasi-sdk/share/wasi-sysroot -O2 -pthread -matomics -mbulk-memory -DSECURE_EXEC_WASM_THREADS -D_WASI_EMULATED_SIGNAL -D_WASI_EMULATED_MMAN -D_WASI_EMULATED_PROCESS_CLOCKS -D_GNU_SOURCE -mllvm -wasm-enable-sjlj -Wno-error=implicit-function-declaration -Wno-error=int-conversion -Wno-int-conversion -I/home/nathan/secure-exec-wasmgui/experiments/wasm-gui/toolchain/compat-include -include /home/nathan/secure-exec-wasmgui/experiments/wasm-gui/toolchain/wasi-compat.h -I/home/nathan/secure-exec-wasmgui/experiments/wasm-gui/third_party/wasm-prefix-threads/include -Wall --target=wasm32-wasip1-threads --sysroot=/home/nathan/secure-exec/registry/native/c/vendor/wasi-sdk/share/wasi-sysroot -I/home/nathan/secure-exec-wasmgui/experiments/wasm-gui/third_party/wasm-prefix-threads/include -I/home/nathan/secure-exec-wasmgui/experiments/wasm-gui/toolchain/compat-include -include /home/nathan/secure-exec-wasmgui/experiments/wasm-gui/toolchain/wasi-compat.h -DNDEBUG -DG_DISABLE_CAST_CHECKS -DG_DISABLE_ASSERT conftest.c >&5
configure:19863: $? = 0
configure:19872: result: yes
configure:19855: checking if /home/nathan/secure-exec-wasmgui/experiments/wasm-gui/toolchain/clang-wasi-wrap.sh supports -Wextra
configure:19863: /home/nathan/secure-exec-wasmgui/experiments/wasm-gui/toolchain/clang-wasi-wrap.sh -c --target=wasm32-wasip1-threads --sysroot=/home/nathan/secure-exec/registry/native/c/vendor/wasi-sdk/share/wasi-sysroot -O2 -pthread -matomics -mbulk-memory -DSECURE_EXEC_WASM_THREADS -D_WASI_EMULATED_SIGNAL -D_WASI_EMULATED_MMAN -D_WASI_EMULATED_PROCESS_CLOCKS -D_GNU_SOURCE -mllvm -wasm-enable-sjlj -Wno-error=implicit-function-declaration -Wno-error=int-conversion -Wno-int-conversion -I/home/nathan/secure-exec-wasmgui/experiments/wasm-gui/toolchain/compat-include -include /home/nathan/secure-exec-wasmgui/experiments/wasm-gui/toolchain/wasi-compat.h -I/home/nathan/secure-exec-wasmgui/experiments/wasm-gui/third_party/wasm-prefix-threads/include -Wextra --target=wasm32-wasip1-threads --sysroot=/home/nathan/secure-exec/registry/native/c/vendor/wasi-sdk/share/wasi-sysroot -I/home/nathan/secure-exec-wasmgui/experiments/wasm-gui/third_party/wasm-prefix-threads/include -I/home/nathan/secure-exec-wasmgui/experiments/wasm-gui/toolchain/compat-include -include /home/nathan/secure-exec-wasmgui/experiments/wasm-gui/toolchain/wasi-compat.h -DNDEBUG -DG_DISABLE_CAST_CHECKS -DG_DISABLE_ASSERT conftest.c >&5
configure:19863: $? = 0
configure:19872: result: yes
configure:19855: checking if /home/nathan/secure-exec-wasmgui/experiments/wasm-gui/toolchain/clang-wasi-wrap.sh supports -Wno-missing-field-initializers
configure:19863: /home/nathan/secure-exec-wasmgui/experiments/wasm-gui/toolchain/clang-wasi-wrap.sh -c --target=wasm32-wasip1-threads --sysroot=/home/nathan/secure-exec/registry/native/c/vendor/wasi-sdk/share/wasi-sysroot -O2 -pthread -matomics -mbulk-memory -DSECURE_EXEC_WASM_THREADS -D_WASI_EMULATED_SIGNAL -D_WASI_EMULATED_MMAN -D_WASI_EMULATED_PROCESS_CLOCKS -D_GNU_SOURCE -mllvm -wasm-enable-sjlj -Wno-error=implicit-function-declaration -Wno-error=int-conversion -Wno-int-conversion -I/home/nathan/secure-exec-wasmgui/experiments/wasm-gui/toolchain/compat-include -include /home/nathan/secure-exec-wasmgui/experiments/wasm-gui/toolchain/wasi-compat.h -I/home/nathan/secure-exec-wasmgui/experiments/wasm-gui/third_party/wasm-prefix-threads/include -Wno-missing-field-initializers --target=wasm32-wasip1-threads --sysroot=/home/nathan/secure-exec/registry/native/c/vendor/wasi-sdk/share/wasi-sysroot -I/home/nathan/secure-exec-wasmgui/experiments/wasm-gui/third_party/wasm-prefix-threads/include -I/home/nathan/secure-exec-wasmgui/experiments/wasm-gui/toolchain/compat-include -include /home/nathan/secure-exec-wasmgui/experiments/wasm-gui/toolchain/wasi-compat.h -DNDEBUG -DG_DISABLE_CAST_CHECKS -DG_DISABLE_ASSERT conftest.c >&5
configure:19863: $? = 0
configure:19872: result: yes
configure:19855: checking if /home/nathan/secure-exec-wasmgui/experiments/wasm-gui/toolchain/clang-wasi-wrap.sh supports -Wno-unused-parameter
configure:19863: /home/nathan/secure-exec-wasmgui/experiments/wasm-gui/toolchain/clang-wasi-wrap.sh -c --target=wasm32-wasip1-threads --sysroot=/home/nathan/secure-exec/registry/native/c/vendor/wasi-sdk/share/wasi-sysroot -O2 -pthread -matomics -mbulk-memory -DSECURE_EXEC_WASM_THREADS -D_WASI_EMULATED_SIGNAL -D_WASI_EMULATED_MMAN -D_WASI_EMULATED_PROCESS_CLOCKS -D_GNU_SOURCE -mllvm -wasm-enable-sjlj -Wno-error=implicit-function-declaration -Wno-error=int-conversion -Wno-int-conversion -I/home/nathan/secure-exec-wasmgui/experiments/wasm-gui/toolchain/compat-include -include /home/nathan/secure-exec-wasmgui/experiments/wasm-gui/toolchain/wasi-compat.h -I/home/nathan/secure-exec-wasmgui/experiments/wasm-gui/third_party/wasm-prefix-threads/include -Wno-unused-parameter --target=wasm32-wasip1-threads --sysroot=/home/nathan/secure-exec/registry/native/c/vendor/wasi-sdk/share/wasi-sysroot -I/home/nathan/secure-exec-wasmgui/experiments/wasm-gui/third_party/wasm-prefix-threads/include -I/home/nathan/secure-exec-wasmgui/experiments/wasm-gui/toolchain/compat-include -include /home/nathan/secure-exec-wasmgui/experiments/wasm-gui/toolchain/wasi-compat.h -DNDEBUG -DG_DISABLE_CAST_CHECKS -DG_DISABLE_ASSERT conftest.c >&5
configure:19863: $? = 0
configure:19872: result: yes
configure:19855: checking if /home/nathan/secure-exec-wasmgui/experiments/wasm-gui/toolchain/clang-wasi-wrap.sh supports -Wmissing-declarations
configure:19863: /home/nathan/secure-exec-wasmgui/experiments/wasm-gui/toolchain/clang-wasi-wrap.sh -c --target=wasm32-wasip1-threads --sysroot=/home/nathan/secure-exec/registry/native/c/vendor/wasi-sdk/share/wasi-sysroot -O2 -pthread -matomics -mbulk-memory -DSECURE_EXEC_WASM_THREADS -D_WASI_EMULATED_SIGNAL -D_WASI_EMULATED_MMAN -D_WASI_EMULATED_PROCESS_CLOCKS -D_GNU_SOURCE -mllvm -wasm-enable-sjlj -Wno-error=implicit-function-declaration -Wno-error=int-conversion -Wno-int-conversion -I/home/nathan/secure-exec-wasmgui/experiments/wasm-gui/toolchain/compat-include -include /home/nathan/secure-exec-wasmgui/experiments/wasm-gui/toolchain/wasi-compat.h -I/home/nathan/secure-exec-wasmgui/experiments/wasm-gui/third_party/wasm-prefix-threads/include -Wmissing-declarations --target=wasm32-wasip1-threads --sysroot=/home/nathan/secure-exec/registry/native/c/vendor/wasi-sdk/share/wasi-sysroot -I/home/nathan/secure-exec-wasmgui/experiments/wasm-gui/third_party/wasm-prefix-threads/include -I/home/nathan/secure-exec-wasmgui/experiments/wasm-gui/toolchain/compat-include -include /home/nathan/secure-exec-wasmgui/experiments/wasm-gui/toolchain/wasi-compat.h -DNDEBUG -DG_DISABLE_CAST_CHECKS -DG_DISABLE_ASSERT conftest.c >&5
configure:19863: $? = 0
configure:19872: result: yes
configure:19855: checking if /home/nathan/secure-exec-wasmgui/experiments/wasm-gui/toolchain/clang-wasi-wrap.sh supports -Wmissing-noreturn
configure:19863: /home/nathan/secure-exec-wasmgui/experiments/wasm-gui/toolchain/clang-wasi-wrap.sh -c --target=wasm32-wasip1-threads --sysroot=/home/nathan/secure-exec/registry/native/c/vendor/wasi-sdk/share/wasi-sysroot -O2 -pthread -matomics -mbulk-memory -DSECURE_EXEC_WASM_THREADS -D_WASI_EMULATED_SIGNAL -D_WASI_EMULATED_MMAN -D_WASI_EMULATED_PROCESS_CLOCKS -D_GNU_SOURCE -mllvm -wasm-enable-sjlj -Wno-error=implicit-function-declaration -Wno-error=int-conversion -Wno-int-conversion -I/home/nathan/secure-exec-wasmgui/experiments/wasm-gui/toolchain/compat-include -include /home/nathan/secure-exec-wasmgui/experiments/wasm-gui/toolchain/wasi-compat.h -I/home/nathan/secure-exec-wasmgui/experiments/wasm-gui/third_party/wasm-prefix-threads/include -Wmissing-noreturn --target=wasm32-wasip1-threads --sysroot=/home/nathan/secure-exec/registry/native/c/vendor/wasi-sdk/share/wasi-sysroot -I/home/nathan/secure-exec-wasmgui/experiments/wasm-gui/third_party/wasm-prefix-threads/include -I/home/nathan/secure-exec-wasmgui/experiments/wasm-gui/toolchain/compat-include -include /home/nathan/secure-exec-wasmgui/experiments/wasm-gui/toolchain/wasi-compat.h -DNDEBUG -DG_DISABLE_CAST_CHECKS -DG_DISABLE_ASSERT conftest.c >&5
configure:19863: $? = 0
configure:19872: result: yes
configure:19855: checking if /home/nathan/secure-exec-wasmgui/experiments/wasm-gui/toolchain/clang-wasi-wrap.sh supports -Wpointer-arith
configure:19863: /home/nathan/secure-exec-wasmgui/experiments/wasm-gui/toolchain/clang-wasi-wrap.sh -c --target=wasm32-wasip1-threads --sysroot=/home/nathan/secure-exec/registry/native/c/vendor/wasi-sdk/share/wasi-sysroot -O2 -pthread -matomics -mbulk-memory -DSECURE_EXEC_WASM_THREADS -D_WASI_EMULATED_SIGNAL -D_WASI_EMULATED_MMAN -D_WASI_EMULATED_PROCESS_CLOCKS -D_GNU_SOURCE -mllvm -wasm-enable-sjlj -Wno-error=implicit-function-declaration -Wno-error=int-conversion -Wno-int-conversion -I/home/nathan/secure-exec-wasmgui/experiments/wasm-gui/toolchain/compat-include -include /home/nathan/secure-exec-wasmgui/experiments/wasm-gui/toolchain/wasi-compat.h -I/home/nathan/secure-exec-wasmgui/experiments/wasm-gui/third_party/wasm-prefix-threads/include -Wpointer-arith --target=wasm32-wasip1-threads --sysroot=/home/nathan/secure-exec/registry/native/c/vendor/wasi-sdk/share/wasi-sysroot -I/home/nathan/secure-exec-wasmgui/experiments/wasm-gui/third_party/wasm-prefix-threads/include -I/home/nathan/secure-exec-wasmgui/experiments/wasm-gui/toolchain/compat-include -include /home/nathan/secure-exec-wasmgui/experiments/wasm-gui/toolchain/wasi-compat.h -DNDEBUG -DG_DISABLE_CAST_CHECKS -DG_DISABLE_ASSERT conftest.c >&5
configure:19863: $? = 0
configure:19872: result: yes
configure:19855: checking if /home/nathan/secure-exec-wasmgui/experiments/wasm-gui/toolchain/clang-wasi-wrap.sh supports -Wcast-align
configure:19863: /home/nathan/secure-exec-wasmgui/experiments/wasm-gui/toolchain/clang-wasi-wrap.sh -c --target=wasm32-wasip1-threads --sysroot=/home/nathan/secure-exec/registry/native/c/vendor/wasi-sdk/share/wasi-sysroot -O2 -pthread -matomics -mbulk-memory -DSECURE_EXEC_WASM_THREADS -D_WASI_EMULATED_SIGNAL -D_WASI_EMULATED_MMAN -D_WASI_EMULATED_PROCESS_CLOCKS -D_GNU_SOURCE -mllvm -wasm-enable-sjlj -Wno-error=implicit-function-declaration -Wno-error=int-conversion -Wno-int-conversion -I/home/nathan/secure-exec-wasmgui/experiments/wasm-gui/toolchain/compat-include -include /home/nathan/secure-exec-wasmgui/experiments/wasm-gui/toolchain/wasi-compat.h -I/home/nathan/secure-exec-wasmgui/experiments/wasm-gui/third_party/wasm-prefix-threads/include -Wcast-align --target=wasm32-wasip1-threads --sysroot=/home/nathan/secure-exec/registry/native/c/vendor/wasi-sdk/share/wasi-sysroot -I/home/nathan/secure-exec-wasmgui/experiments/wasm-gui/third_party/wasm-prefix-threads/include -I/home/nathan/secure-exec-wasmgui/experiments/wasm-gui/toolchain/compat-include -include /home/nathan/secure-exec-wasmgui/experiments/wasm-gui/toolchain/wasi-compat.h -DNDEBUG -DG_DISABLE_CAST_CHECKS -DG_DISABLE_ASSERT conftest.c >&5
configure:19863: $? = 0
configure:19872: result: yes
configure:19855: checking if /home/nathan/secure-exec-wasmgui/experiments/wasm-gui/toolchain/clang-wasi-wrap.sh supports -Wformat
configure:19863: /home/nathan/secure-exec-wasmgui/experiments/wasm-gui/toolchain/clang-wasi-wrap.sh -c --target=wasm32-wasip1-threads --sysroot=/home/nathan/secure-exec/registry/native/c/vendor/wasi-sdk/share/wasi-sysroot -O2 -pthread -matomics -mbulk-memory -DSECURE_EXEC_WASM_THREADS -D_WASI_EMULATED_SIGNAL -D_WASI_EMULATED_MMAN -D_WASI_EMULATED_PROCESS_CLOCKS -D_GNU_SOURCE -mllvm -wasm-enable-sjlj -Wno-error=implicit-function-declaration -Wno-error=int-conversion -Wno-int-conversion -I/home/nathan/secure-exec-wasmgui/experiments/wasm-gui/toolchain/compat-include -include /home/nathan/secure-exec-wasmgui/experiments/wasm-gui/toolchain/wasi-compat.h -I/home/nathan/secure-exec-wasmgui/experiments/wasm-gui/third_party/wasm-prefix-threads/include -Wformat --target=wasm32-wasip1-threads --sysroot=/home/nathan/secure-exec/registry/native/c/vendor/wasi-sdk/share/wasi-sysroot -I/home/nathan/secure-exec-wasmgui/experiments/wasm-gui/third_party/wasm-prefix-threads/include -I/home/nathan/secure-exec-wasmgui/experiments/wasm-gui/toolchain/compat-include -include /home/nathan/secure-exec-wasmgui/experiments/wasm-gui/toolchain/wasi-compat.h -DNDEBUG -DG_DISABLE_CAST_CHECKS -DG_DISABLE_ASSERT conftest.c >&5
configure:19863: $? = 0
configure:19872: result: yes
configure:19855: checking if /home/nathan/secure-exec-wasmgui/experiments/wasm-gui/toolchain/clang-wasi-wrap.sh supports -Wformat-security
configure:19863: /home/nathan/secure-exec-wasmgui/experiments/wasm-gui/toolchain/clang-wasi-wrap.sh -c --target=wasm32-wasip1-threads --sysroot=/home/nathan/secure-exec/registry/native/c/vendor/wasi-sdk/share/wasi-sysroot -O2 -pthread -matomics -mbulk-memory -DSECURE_EXEC_WASM_THREADS -D_WASI_EMULATED_SIGNAL -D_WASI_EMULATED_MMAN -D_WASI_EMULATED_PROCESS_CLOCKS -D_GNU_SOURCE -mllvm -wasm-enable-sjlj -Wno-error=implicit-function-declaration -Wno-error=int-conversion -Wno-int-conversion -I/home/nathan/secure-exec-wasmgui/experiments/wasm-gui/toolchain/compat-include -include /home/nathan/secure-exec-wasmgui/experiments/wasm-gui/toolchain/wasi-compat.h -I/home/nathan/secure-exec-wasmgui/experiments/wasm-gui/third_party/wasm-prefix-threads/include -Wformat-security --target=wasm32-wasip1-threads --sysroot=/home/nathan/secure-exec/registry/native/c/vendor/wasi-sdk/share/wasi-sysroot -I/home/nathan/secure-exec-wasmgui/experiments/wasm-gui/third_party/wasm-prefix-threads/include -I/home/nathan/secure-exec-wasmgui/experiments/wasm-gui/toolchain/compat-include -include /home/nathan/secure-exec-wasmgui/experiments/wasm-gui/toolchain/wasi-compat.h -DNDEBUG -DG_DISABLE_CAST_CHECKS -DG_DISABLE_ASSERT conftest.c >&5
configure:19863: $? = 0
configure:19872: result: yes
configure:19855: checking if /home/nathan/secure-exec-wasmgui/experiments/wasm-gui/toolchain/clang-wasi-wrap.sh supports -Wformat-y2k
configure:19863: /home/nathan/secure-exec-wasmgui/experiments/wasm-gui/toolchain/clang-wasi-wrap.sh -c --target=wasm32-wasip1-threads --sysroot=/home/nathan/secure-exec/registry/native/c/vendor/wasi-sdk/share/wasi-sysroot -O2 -pthread -matomics -mbulk-memory -DSECURE_EXEC_WASM_THREADS -D_WASI_EMULATED_SIGNAL -D_WASI_EMULATED_MMAN -D_WASI_EMULATED_PROCESS_CLOCKS -D_GNU_SOURCE -mllvm -wasm-enable-sjlj -Wno-error=implicit-function-declaration -Wno-error=int-conversion -Wno-int-conversion -I/home/nathan/secure-exec-wasmgui/experiments/wasm-gui/toolchain/compat-include -include /home/nathan/secure-exec-wasmgui/experiments/wasm-gui/toolchain/wasi-compat.h -I/home/nathan/secure-exec-wasmgui/experiments/wasm-gui/third_party/wasm-prefix-threads/include -Wformat-y2k --target=wasm32-wasip1-threads --sysroot=/home/nathan/secure-exec/registry/native/c/vendor/wasi-sdk/share/wasi-sysroot -I/home/nathan/secure-exec-wasmgui/experiments/wasm-gui/third_party/wasm-prefix-threads/include -I/home/nathan/secure-exec-wasmgui/experiments/wasm-gui/toolchain/compat-include -include /home/nathan/secure-exec-wasmgui/experiments/wasm-gui/toolchain/wasi-compat.h -DNDEBUG -DG_DISABLE_CAST_CHECKS -DG_DISABLE_ASSERT conftest.c >&5
configure:19863: $? = 0
configure:19872: result: yes
configure:19855: checking if /home/nathan/secure-exec-wasmgui/experiments/wasm-gui/toolchain/clang-wasi-wrap.sh supports -Winit-self
configure:19863: /home/nathan/secure-exec-wasmgui/experiments/wasm-gui/toolchain/clang-wasi-wrap.sh -c --target=wasm32-wasip1-threads --sysroot=/home/nathan/secure-exec/registry/native/c/vendor/wasi-sdk/share/wasi-sysroot -O2 -pthread -matomics -mbulk-memory -DSECURE_EXEC_WASM_THREADS -D_WASI_EMULATED_SIGNAL -D_WASI_EMULATED_MMAN -D_WASI_EMULATED_PROCESS_CLOCKS -D_GNU_SOURCE -mllvm -wasm-enable-sjlj -Wno-error=implicit-function-declaration -Wno-error=int-conversion -Wno-int-conversion -I/home/nathan/secure-exec-wasmgui/experiments/wasm-gui/toolchain/compat-include -include /home/nathan/secure-exec-wasmgui/experiments/wasm-gui/toolchain/wasi-compat.h -I/home/nathan/secure-exec-wasmgui/experiments/wasm-gui/third_party/wasm-prefix-threads/include -Winit-self --target=wasm32-wasip1-threads --sysroot=/home/nathan/secure-exec/registry/native/c/vendor/wasi-sdk/share/wasi-sysroot -I/home/nathan/secure-exec-wasmgui/experiments/wasm-gui/third_party/wasm-prefix-threads/include -I/home/nathan/secure-exec-wasmgui/experiments/wasm-gui/toolchain/compat-include -include /home/nathan/secure-exec-wasmgui/experiments/wasm-gui/toolchain/wasi-compat.h -DNDEBUG -DG_DISABLE_CAST_CHECKS -DG_DISABLE_ASSERT conftest.c >&5
configure:19863: $? = 0
configure:19872: result: yes
configure:19855: checking if /home/nathan/secure-exec-wasmgui/experiments/wasm-gui/toolchain/clang-wasi-wrap.sh supports -Wmissing-include-dirs
configure:19863: /home/nathan/secure-exec-wasmgui/experiments/wasm-gui/toolchain/clang-wasi-wrap.sh -c --target=wasm32-wasip1-threads --sysroot=/home/nathan/secure-exec/registry/native/c/vendor/wasi-sdk/share/wasi-sysroot -O2 -pthread -matomics -mbulk-memory -DSECURE_EXEC_WASM_THREADS -D_WASI_EMULATED_SIGNAL -D_WASI_EMULATED_MMAN -D_WASI_EMULATED_PROCESS_CLOCKS -D_GNU_SOURCE -mllvm -wasm-enable-sjlj -Wno-error=implicit-function-declaration -Wno-error=int-conversion -Wno-int-conversion -I/home/nathan/secure-exec-wasmgui/experiments/wasm-gui/toolchain/compat-include -include /home/nathan/secure-exec-wasmgui/experiments/wasm-gui/toolchain/wasi-compat.h -I/home/nathan/secure-exec-wasmgui/experiments/wasm-gui/third_party/wasm-prefix-threads/include -Wmissing-include-dirs --target=wasm32-wasip1-threads --sysroot=/home/nathan/secure-exec/registry/native/c/vendor/wasi-sdk/share/wasi-sysroot -I/home/nathan/secure-exec-wasmgui/experiments/wasm-gui/third_party/wasm-prefix-threads/include -I/home/nathan/secure-exec-wasmgui/experiments/wasm-gui/toolchain/compat-include -include /home/nathan/secure-exec-wasmgui/experiments/wasm-gui/toolchain/wasi-compat.h -DNDEBUG -DG_DISABLE_CAST_CHECKS -DG_DISABLE_ASSERT conftest.c >&5
configure:19863: $? = 0
configure:19872: result: yes
configure:19855: checking if /home/nathan/secure-exec-wasmgui/experiments/wasm-gui/toolchain/clang-wasi-wrap.sh supports -Wundef
configure:19863: /home/nathan/secure-exec-wasmgui/experiments/wasm-gui/toolchain/clang-wasi-wrap.sh -c --target=wasm32-wasip1-threads --sysroot=/home/nathan/secure-exec/registry/native/c/vendor/wasi-sdk/share/wasi-sysroot -O2 -pthread -matomics -mbulk-memory -DSECURE_EXEC_WASM_THREADS -D_WASI_EMULATED_SIGNAL -D_WASI_EMULATED_MMAN -D_WASI_EMULATED_PROCESS_CLOCKS -D_GNU_SOURCE -mllvm -wasm-enable-sjlj -Wno-error=implicit-function-declaration -Wno-error=int-conversion -Wno-int-conversion -I/home/nathan/secure-exec-wasmgui/experiments/wasm-gui/toolchain/compat-include -include /home/nathan/secure-exec-wasmgui/experiments/wasm-gui/toolchain/wasi-compat.h -I/home/nathan/secure-exec-wasmgui/experiments/wasm-gui/third_party/wasm-prefix-threads/include -Wundef --target=wasm32-wasip1-threads --sysroot=/home/nathan/secure-exec/registry/native/c/vendor/wasi-sdk/share/wasi-sysroot -I/home/nathan/secure-exec-wasmgui/experiments/wasm-gui/third_party/wasm-prefix-threads/include -I/home/nathan/secure-exec-wasmgui/experiments/wasm-gui/toolchain/compat-include -include /home/nathan/secure-exec-wasmgui/experiments/wasm-gui/toolchain/wasi-compat.h -DNDEBUG -DG_DISABLE_CAST_CHECKS -DG_DISABLE_ASSERT conftest.c >&5
configure:19863: $? = 0
configure:19872: result: yes
configure:19855: checking if /home/nathan/secure-exec-wasmgui/experiments/wasm-gui/toolchain/clang-wasi-wrap.sh supports -Wredundant-decls
configure:19863: /home/nathan/secure-exec-wasmgui/experiments/wasm-gui/toolchain/clang-wasi-wrap.sh -c --target=wasm32-wasip1-threads --sysroot=/home/nathan/secure-exec/registry/native/c/vendor/wasi-sdk/share/wasi-sysroot -O2 -pthread -matomics -mbulk-memory -DSECURE_EXEC_WASM_THREADS -D_WASI_EMULATED_SIGNAL -D_WASI_EMULATED_MMAN -D_WASI_EMULATED_PROCESS_CLOCKS -D_GNU_SOURCE -mllvm -wasm-enable-sjlj -Wno-error=implicit-function-declaration -Wno-error=int-conversion -Wno-int-conversion -I/home/nathan/secure-exec-wasmgui/experiments/wasm-gui/toolchain/compat-include -include /home/nathan/secure-exec-wasmgui/experiments/wasm-gui/toolchain/wasi-compat.h -I/home/nathan/secure-exec-wasmgui/experiments/wasm-gui/third_party/wasm-prefix-threads/include -Wredundant-decls --target=wasm32-wasip1-threads --sysroot=/home/nathan/secure-exec/registry/native/c/vendor/wasi-sdk/share/wasi-sysroot -I/home/nathan/secure-exec-wasmgui/experiments/wasm-gui/third_party/wasm-prefix-threads/include -I/home/nathan/secure-exec-wasmgui/experiments/wasm-gui/toolchain/compat-include -include /home/nathan/secure-exec-wasmgui/experiments/wasm-gui/toolchain/wasi-compat.h -DNDEBUG -DG_DISABLE_CAST_CHECKS -DG_DISABLE_ASSERT conftest.c >&5
configure:19863: $? = 0
configure:19872: result: yes
configure:19855: checking if /home/nathan/secure-exec-wasmgui/experiments/wasm-gui/toolchain/clang-wasi-wrap.sh supports -Wshadow
configure:19863: /home/nathan/secure-exec-wasmgui/experiments/wasm-gui/toolchain/clang-wasi-wrap.sh -c --target=wasm32-wasip1-threads --sysroot=/home/nathan/secure-exec/registry/native/c/vendor/wasi-sdk/share/wasi-sysroot -O2 -pthread -matomics -mbulk-memory -DSECURE_EXEC_WASM_THREADS -D_WASI_EMULATED_SIGNAL -D_WASI_EMULATED_MMAN -D_WASI_EMULATED_PROCESS_CLOCKS -D_GNU_SOURCE -mllvm -wasm-enable-sjlj -Wno-error=implicit-function-declaration -Wno-error=int-conversion -Wno-int-conversion -I/home/nathan/secure-exec-wasmgui/experiments/wasm-gui/toolchain/compat-include -include /home/nathan/secure-exec-wasmgui/experiments/wasm-gui/toolchain/wasi-compat.h -I/home/nathan/secure-exec-wasmgui/experiments/wasm-gui/third_party/wasm-prefix-threads/include -Wshadow --target=wasm32-wasip1-threads --sysroot=/home/nathan/secure-exec/registry/native/c/vendor/wasi-sdk/share/wasi-sysroot -I/home/nathan/secure-exec-wasmgui/experiments/wasm-gui/third_party/wasm-prefix-threads/include -I/home/nathan/secure-exec-wasmgui/experiments/wasm-gui/toolchain/compat-include -include /home/nathan/secure-exec-wasmgui/experiments/wasm-gui/toolchain/wasi-compat.h -DNDEBUG -DG_DISABLE_CAST_CHECKS -DG_DISABLE_ASSERT conftest.c >&5
configure:19863: $? = 0
configure:19872: result: yes
configure:19898: checking whether /home/linuxbrew/.linuxbrew/bin/ld accepts --as-needed
configure:19903: result: yes
configure:19912: checking whether /home/linuxbrew/.linuxbrew/bin/ld accepts -O1
configure:19917: result: yes
configure:19941: checking if /home/nathan/secure-exec-wasmgui/experiments/wasm-gui/toolchain/clang-wasi-wrap.sh supports -Wall
configure:19949: /home/nathan/secure-exec-wasmgui/experiments/wasm-gui/toolchain/clang-wasi-wrap.sh -c --target=wasm32-wasip1-threads --sysroot=/home/nathan/secure-exec/registry/native/c/vendor/wasi-sdk/share/wasi-sysroot -O2 -pthread -matomics -mbulk-memory -DSECURE_EXEC_WASM_THREADS -D_WASI_EMULATED_SIGNAL -D_WASI_EMULATED_MMAN -D_WASI_EMULATED_PROCESS_CLOCKS -D_GNU_SOURCE -mllvm -wasm-enable-sjlj -Wno-error=implicit-function-declaration -Wno-error=int-conversion -Wno-int-conversion -I/home/nathan/secure-exec-wasmgui/experiments/wasm-gui/toolchain/compat-include -include /home/nathan/secure-exec-wasmgui/experiments/wasm-gui/toolchain/wasi-compat.h -I/home/nathan/secure-exec-wasmgui/experiments/wasm-gui/third_party/wasm-prefix-threads/include  -Wall -Wextra -Wno-missing-field-initializers -Wno-unused-parameter -Wmissing-declarations -Wmissing-noreturn -Wpointer-arith -Wcast-align -Wformat -Wformat-security -Wformat-y2k -Winit-self -Wmissing-include-dirs -Wundef -Wredundant-decls -Wshadow -Wnested-externs -Wold-style-definition -Wall --target=wasm32-wasip1-threads --sysroot=/home/nathan/secure-exec/registry/native/c/vendor/wasi-sdk/share/wasi-sysroot -I/home/nathan/secure-exec-wasmgui/experiments/wasm-gui/third_party/wasm-prefix-threads/include -I/home/nathan/secure-exec-wasmgui/experiments/wasm-gui/toolchain/compat-include -include /home/nathan/secure-exec-wasmgui/experiments/wasm-gui/toolchain/wasi-compat.h -DNDEBUG -DG_DISABLE_CAST_CHECKS -DG_DISABLE_ASSERT conftest.c >&5
configure:19949: $? = 0
configure:19958: result: yes
configure:19941: checking if /home/nathan/secure-exec-wasmgui/experiments/wasm-gui/toolchain/clang-wasi-wrap.sh supports -Werror
configure:19949: /home/nathan/secure-exec-wasmgui/experiments/wasm-gui/toolchain/clang-wasi-wrap.sh -c --target=wasm32-wasip1-threads --sysroot=/home/nathan/secure-exec/registry/native/c/vendor/wasi-sdk/share/wasi-sysroot -O2 -pthread -matomics -mbulk-memory -DSECURE_EXEC_WASM_THREADS -D_WASI_EMULATED_SIGNAL -D_WASI_EMULATED_MMAN -D_WASI_EMULATED_PROCESS_CLOCKS -D_GNU_SOURCE -mllvm -wasm-enable-sjlj -Wno-error=implicit-function-declaration -Wno-error=int-conversion -Wno-int-conversion -I/home/nathan/secure-exec-wasmgui/experiments/wasm-gui/toolchain/compat-include -include /home/nathan/secure-exec-wasmgui/experiments/wasm-gui/toolchain/wasi-compat.h -I/home/nathan/secure-exec-wasmgui/experiments/wasm-gui/third_party/wasm-prefix-threads/include  -Wall -Wextra -Wno-missing-field-initializers -Wno-unused-parameter -Wmissing-declarations -Wmissing-noreturn -Wpointer-arith -Wcast-align -Wformat -Wformat-security -Wformat-y2k -Winit-self -Wmissing-include-dirs -Wundef -Wredundant-decls -Wshadow -Wnested-externs -Wold-style-definition -Werror --target=wasm32-wasip1-threads --sysroot=/home/nathan/secure-exec/registry/native/c/vendor/wasi-sdk/share/wasi-sysroot -I/home/nathan/secure-exec-wasmgui/experiments/wasm-gui/third_party/wasm-prefix-threads/include -I/home/nathan/secure-exec-wasmgui/experiments/wasm-gui/toolchain/compat-include -include /home/nathan/secure-exec-wasmgui/experiments/wasm-gui/toolchain/wasi-compat.h -DNDEBUG -DG_DISABLE_CAST_CHECKS -DG_DISABLE_ASSERT conftest.c >&5
configure:19949: $? = 0
configure:19958: result: yes
configure:19941: checking if /home/nathan/secure-exec-wasmgui/experiments/wasm-gui/toolchain/clang-wasi-wrap.sh supports -Wno-unused-parameter
configure:19949: /home/nathan/secure-exec-wasmgui/experiments/wasm-gui/toolchain/clang-wasi-wrap.sh -c --target=wasm32-wasip1-threads --sysroot=/home/nathan/secure-exec/registry/native/c/vendor/wasi-sdk/share/wasi-sysroot -O2 -pthread -matomics -mbulk-memory -DSECURE_EXEC_WASM_THREADS -D_WASI_EMULATED_SIGNAL -D_WASI_EMULATED_MMAN -D_WASI_EMULATED_PROCESS_CLOCKS -D_GNU_SOURCE -mllvm -wasm-enable-sjlj -Wno-error=implicit-function-declaration -Wno-error=int-conversion -Wno-int-conversion -I/home/nathan/secure-exec-wasmgui/experiments/wasm-gui/toolchain/compat-include -include /home/nathan/secure-exec-wasmgui/experiments/wasm-gui/toolchain/wasi-compat.h -I/home/nathan/secure-exec-wasmgui/experiments/wasm-gui/third_party/wasm-prefix-threads/include  -Wall -Wextra -Wno-missing-field-initializers -Wno-unused-parameter -Wmissing-declarations -Wmissing-noreturn -Wpointer-arith -Wcast-align -Wformat -Wformat-security -Wformat-y2k -Winit-self -Wmissing-include-dirs -Wundef -Wredundant-decls -Wshadow -Wnested-externs -Wold-style-definition -Wno-unused-parameter --target=wasm32-wasip1-threads --sysroot=/home/nathan/secure-exec/registry/native/c/vendor/wasi-sdk/share/wasi-sysroot -I/home/nathan/secure-exec-wasmgui/experiments/wasm-gui/third_party/wasm-prefix-threads/include -I/home/nathan/secure-exec-wasmgui/experiments/wasm-gui/toolchain/compat-include -include /home/nathan/secure-exec-wasmgui/experiments/wasm-gui/toolchain/wasi-compat.h -DNDEBUG -DG_DISABLE_CAST_CHECKS -DG_DISABLE_ASSERT conftest.c >&5
configure:19949: $? = 0
configure:19958: result: yes
configure:19968: checking whether /home/nathan/secure-exec-wasmgui/experiments/wasm-gui/toolchain/clang-wasi-wrap.sh supports the GNUC visibility attribute
configure:19984: /home/nathan/secure-exec-wasmgui/experiments/wasm-gui/toolchain/clang-wasi-wrap.sh -c --target=wasm32-wasip1-threads --sysroot=/home/nathan/secure-exec/registry/native/c/vendor/wasi-sdk/share/wasi-sysroot -O2 -pthread -matomics -mbulk-memory -DSECURE_EXEC_WASM_THREADS -D_WASI_EMULATED_SIGNAL -D_WASI_EMULATED_MMAN -D_WASI_EMULATED_PROCESS_CLOCKS -D_GNU_SOURCE -mllvm -wasm-enable-sjlj -Wno-error=implicit-function-declaration -Wno-error=int-conversion -Wno-int-conversion -I/home/nathan/secure-exec-wasmgui/experiments/wasm-gui/toolchain/compat-include -include /home/nathan/secure-exec-wasmgui/experiments/wasm-gui/toolchain/wasi-compat.h -I/home/nathan/secure-exec-wasmgui/experiments/wasm-gui/third_party/wasm-prefix-threads/include  -Wall -Wextra -Wno-missing-field-initializers -Wno-unused-parameter -Wmissing-declarations -Wmissing-noreturn -Wpointer-arith -Wcast-align -Wformat -Wformat-security -Wformat-y2k -Winit-self -Wmissing-include-dirs -Wundef -Wredundant-decls -Wshadow -Wnested-externs -Wold-style-definition  -Wall -Werror -Wno-unused-parameter --target=wasm32-wasip1-threads --sysroot=/home/nathan/secure-exec/registry/native/c/vendor/wasi-sdk/share/wasi-sysroot -I/home/nathan/secure-exec-wasmgui/experiments/wasm-gui/third_party/wasm-prefix-threads/include -I/home/nathan/secure-exec-wasmgui/experiments/wasm-gui/toolchain/compat-include -include /home/nathan/secure-exec-wasmgui/experiments/wasm-gui/toolchain/wasi-compat.h -DNDEBUG -DG_DISABLE_CAST_CHECKS -DG_DISABLE_ASSERT conftest.c >&5
configure:19984: $? = 0
configure:19988: result: yes
configure:20015: checking if /home/nathan/secure-exec-wasmgui/experiments/wasm-gui/toolchain/clang-wasi-wrap.sh supports -Wno-sign-compare
configure:20023: /home/nathan/secure-exec-wasmgui/experiments/wasm-gui/toolchain/clang-wasi-wrap.sh -c --target=wasm32-wasip1-threads --sysroot=/home/nathan/secure-exec/registry/native/c/vendor/wasi-sdk/share/wasi-sysroot -O2 -pthread -matomics -mbulk-memory -DSECURE_EXEC_WASM_THREADS -D_WASI_EMULATED_SIGNAL -D_WASI_EMULATED_MMAN -D_WASI_EMULATED_PROCESS_CLOCKS -D_GNU_SOURCE -mllvm -wasm-enable-sjlj -Wno-error=implicit-function-declaration -Wno-error=int-conversion -Wno-int-conversion -I/home/nathan/secure-exec-wasmgui/experiments/wasm-gui/toolchain/compat-include -include /home/nathan/secure-exec-wasmgui/experiments/wasm-gui/toolchain/wasi-compat.h -I/home/nathan/secure-exec-wasmgui/experiments/wasm-gui/third_party/wasm-prefix-threads/include  -Wall -Wextra -Wno-missing-field-initializers -Wno-unused-parameter -Wmissing-declarations -Wmissing-noreturn -Wpointer-arith -Wcast-align -Wformat -Wformat-security -Wformat-y2k -Winit-self -Wmissing-include-dirs -Wundef -Wredundant-decls -Wshadow -Wnested-externs -Wold-style-definition -Wno-sign-compare --target=wasm32-wasip1-threads --sysroot=/home/nathan/secure-exec/registry/native/c/vendor/wasi-sdk/share/wasi-sysroot -I/home/nathan/secure-exec-wasmgui/experiments/wasm-gui/third_party/wasm-prefix-threads/include -I/home/nathan/secure-exec-wasmgui/experiments/wasm-gui/toolchain/compat-include -include /home/nathan/secure-exec-wasmgui/experiments/wasm-gui/toolchain/wasi-compat.h -DNDEBUG -DG_DISABLE_CAST_CHECKS -DG_DISABLE_ASSERT -DHAVE_GNUC_VISIBILITY conftest.c >&5
configure:20023: $? = 0
configure:20032: result: yes
configure:20054: checking whether to build the validation test framework
configure:20064: result: no
configure:20067: checking PLATFORM_CPPFLAGS
configure:20069: result: 
configure:20072: checking PLATFORM_CFLAGS
configure:20074: result: 
configure:20077: checking PLATFORM_LDFLAGS
configure:20079: result: 
configure:20186: checking that generated files are newer than configure
configure:20192: result: done
configure:20311: creating ./config.status

## ---------------------- ##
## Running config.status. ##
## ---------------------- ##

This file was extended by libxfce4ui config.status 4.18.6, which was
generated by GNU Autoconf 2.72.  Invocation command line was

  CONFIG_FILES    = 
  CONFIG_HEADERS  = 
  CONFIG_LINKS    = 
  CONFIG_COMMANDS = 
  $ ./config.status 

on nathan-dev

config.status:1377: creating Makefile
config.status:1377: creating docs/Makefile
config.status:1377: creating docs/reference/Makefile
config.status:1377: creating glade/Makefile
config.status:1377: creating glade/icons/Makefile
config.status:1377: creating glade/icons/16x16/Makefile
config.status:1377: creating glade/icons/22x22/Makefile
config.status:1377: creating icons/Makefile
config.status:1377: creating icons/16x16/Makefile
config.status:1377: creating icons/48x48/Makefile
config.status:1377: creating icons/128x128/Makefile
config.status:1377: creating icons/scalable/Makefile
config.status:1377: creating libxfce4kbd-private/libxfce4kbd-private-3.pc
config.status:1377: creating libxfce4kbd-private/Makefile
config.status:1377: creating libxfce4ui/libxfce4ui-2.pc
config.status:1377: creating libxfce4ui/libxfce4ui-config.h
config.status:1377: creating libxfce4ui/Makefile
config.status:1377: creating xfce4-about/Makefile
config.status:1377: creating po/Makefile.in
config.status:1377: creating tests/Makefile
config.status:1377: creating config.h
config.status:1606: executing depfiles commands
config.status:1683: cd glade       && sed -e '/# am--include-marker/d' Makefile         | make -f - am--depfiles
config.status:1688: $? = 0
config.status:1683: cd libxfce4kbd-private       && sed -e '/# am--include-marker/d' Makefile         | make -f - am--depfiles
config.status:1688: $? = 0
config.status:1683: cd libxfce4ui       && sed -e '/# am--include-marker/d' Makefile         | make -f - am--depfiles
config.status:1688: $? = 0
config.status:1683: cd xfce4-about       && sed -e '/# am--include-marker/d' Makefile         | make -f - am--depfiles
config.status:1688: $? = 0
config.status:1683: cd tests       && sed -e '/# am--include-marker/d' Makefile         | make -f - am--depfiles
config.status:1688: $? = 0
config.status:1606: executing libtool commands
config.status:1606: executing po/stamp-it commands
configure:22499: WARNING: unrecognized options: --disable-malloc0returnsnull, --disable-gobject-introspection, --disable-glade, --without-x11-extras

## ---------------- ##
## Cache variables. ##
## ---------------- ##

ac_cv_build=x86_64-pc-linux-gnux32
ac_cv_c_compiler_gnu=yes
ac_cv_c_undeclared_builtin_options=-fno-builtin
ac_cv_env_CC_set=set
ac_cv_env_CC_value=/home/nathan/secure-exec-wasmgui/experiments/wasm-gui/toolchain/clang-wasi-wrap.sh
ac_cv_env_CFLAGS_set=set
ac_cv_env_CFLAGS_value='--target=wasm32-wasip1-threads --sysroot=/home/nathan/secure-exec/registry/native/c/vendor/wasi-sdk/share/wasi-sysroot -O2 -pthread -matomics -mbulk-memory -DSECURE_EXEC_WASM_THREADS -D_WASI_EMULATED_SIGNAL -D_WASI_EMULATED_MMAN -D_WASI_EMULATED_PROCESS_CLOCKS -D_GNU_SOURCE -mllvm -wasm-enable-sjlj -Wno-error=implicit-function-declaration -Wno-error=int-conversion -Wno-int-conversion -I/home/nathan/secure-exec-wasmgui/experiments/wasm-gui/toolchain/compat-include -include /home/nathan/secure-exec-wasmgui/experiments/wasm-gui/toolchain/wasi-compat.h -I/home/nathan/secure-exec-wasmgui/experiments/wasm-gui/third_party/wasm-prefix-threads/include'
ac_cv_env_CPPFLAGS_set=set
ac_cv_env_CPPFLAGS_value='--target=wasm32-wasip1-threads --sysroot=/home/nathan/secure-exec/registry/native/c/vendor/wasi-sdk/share/wasi-sysroot -I/home/nathan/secure-exec-wasmgui/experiments/wasm-gui/third_party/wasm-prefix-threads/include -I/home/nathan/secure-exec-wasmgui/experiments/wasm-gui/toolchain/compat-include -include /home/nathan/secure-exec-wasmgui/experiments/wasm-gui/toolchain/wasi-compat.h'
ac_cv_env_CPP_set=
ac_cv_env_CPP_value=
ac_cv_env_GTKDOC_DEPS_CFLAGS_set=
ac_cv_env_GTKDOC_DEPS_CFLAGS_value=
ac_cv_env_GTKDOC_DEPS_LIBS_set=
ac_cv_env_GTKDOC_DEPS_LIBS_value=
ac_cv_env_LDFLAGS_set=set
ac_cv_env_LDFLAGS_value='--target=wasm32-wasip1-threads --sysroot=/home/nathan/secure-exec/registry/native/c/vendor/wasi-sdk/share/wasi-sysroot -Wl,--shared-memory -Wl,--import-memory -Wl,--export-memory -Wl,--max-memory=536870912 -Wl,--export=wasi_thread_start -Wl,--no-check-features -lwasi-emulated-signal -L/home/nathan/secure-exec-wasmgui/experiments/wasm-gui/third_party/wasm-prefix-threads/lib -L/home/nathan/secure-exec/registry/native/c/vendor/wasi-sdk/share/wasi-sysroot/lib/wasm32-wasip1-threads -lwasi-emulated-mman -lwasi-emulated-process-clocks -L/home/nathan/secure-exec-wasmgui/experiments/wasm-gui/third_party/wasm-prefix-threads/lib -lhostcompat'
ac_cv_env_LIBS_set=
ac_cv_env_LIBS_value=
ac_cv_env_LT_SYS_LIBRARY_PATH_set=
ac_cv_env_LT_SYS_LIBRARY_PATH_value=
ac_cv_env_PKG_CONFIG_LIBDIR_set=set
ac_cv_env_PKG_CONFIG_LIBDIR_value=/home/nathan/secure-exec-wasmgui/experiments/wasm-gui/third_party/wasm-prefix-threads/lib/pkgconfig:/home/nathan/secure-exec-wasmgui/experiments/wasm-gui/third_party/wasm-prefix-threads/share/pkgconfig
ac_cv_env_PKG_CONFIG_PATH_set=set
ac_cv_env_PKG_CONFIG_PATH_value=
ac_cv_env_PKG_CONFIG_set=
ac_cv_env_PKG_CONFIG_value=
ac_cv_env_XMKMF_set=
ac_cv_env_XMKMF_value=
ac_cv_env_build_alias_set=
ac_cv_env_build_alias_value=
ac_cv_env_host_alias_set=set
ac_cv_env_host_alias_value=wasm32-wasi
ac_cv_env_target_alias_set=
ac_cv_env_target_alias_value=
ac_cv_func__NSGetEnviron=no
ac_cv_func_connect=no
ac_cv_func_gethostbyname=no
ac_cv_func_remove=yes
ac_cv_func_shmat=no
ac_cv_have_decl_environ=yes
ac_cv_have_x='have_x=yes	ac_x_includes='\'''\''	ac_x_libraries='\'''\'''
ac_cv_header_crt_externs_h=no
ac_cv_header_dlfcn_h=yes
ac_cv_header_errno_h=yes
ac_cv_header_fcntl_h=yes
ac_cv_header_inttypes_h=yes
ac_cv_header_limits_h=yes
ac_cv_header_locale_h=yes
ac_cv_header_math_h=yes
ac_cv_header_memory_h=yes
ac_cv_header_minix_config_h=no
ac_cv_header_signal_h=yes
ac_cv_header_stdarg_h=yes
ac_cv_header_stdint_h=yes
ac_cv_header_stdio_h=yes
ac_cv_header_stdlib_h=yes
ac_cv_header_string_h=yes
ac_cv_header_strings_h=yes
ac_cv_header_sys_stat_h=yes
ac_cv_header_sys_types_h=yes
ac_cv_header_unistd_h=yes
ac_cv_header_wchar_h=yes
ac_cv_host=wasm32-unknown-wasi
ac_cv_lib_ICE_IceConnectionNumber=yes
ac_cv_lib_SM_SmcSaveYourselfDone=yes
ac_cv_lib_X11_main=yes
ac_cv_lib_bsd_gethostbyname=no
ac_cv_lib_ipc_shmat=no
ac_cv_lib_nsl_gethostbyname=no
ac_cv_lib_socket_connect=no
ac_cv_objext=o
ac_cv_path_EGREP='/usr/bin/grep -E'
ac_cv_path_EGREP_TRADITIONAL='/usr/bin/grep -E'
ac_cv_path_FGREP='/usr/bin/grep -F'
ac_cv_path_GLIB_COMPILE_RESOURCES=/home/linuxbrew/.linuxbrew/bin/glib-compile-resources
ac_cv_path_GMSGFMT=/home/nathan/secure-exec-wasmgui/experiments/wasm-gui/toolchain/host-bin/msgfmt
ac_cv_path_GREP=/usr/bin/grep
ac_cv_path_INTLTOOL_EXTRACT=/home/nathan/secure-exec-wasmgui/experiments/wasm-gui/toolchain/host-bin/intltool-extract
ac_cv_path_INTLTOOL_MERGE=/home/nathan/secure-exec-wasmgui/experiments/wasm-gui/toolchain/host-bin/intltool-merge
ac_cv_path_INTLTOOL_PERL=/home/linuxbrew/.linuxbrew/bin/perl
ac_cv_path_INTLTOOL_UPDATE=/home/nathan/secure-exec-wasmgui/experiments/wasm-gui/toolchain/host-bin/intltool-update
ac_cv_path_MSGFMT=/home/nathan/secure-exec-wasmgui/experiments/wasm-gui/toolchain/host-bin/msgfmt
ac_cv_path_MSGMERGE=/home/nathan/secure-exec-wasmgui/experiments/wasm-gui/toolchain/host-bin/msgmerge
ac_cv_path_PKG_CONFIG=/usr/bin/pkg-config
ac_cv_path_SED=/usr/bin/sed
ac_cv_path_XGETTEXT=/home/nathan/secure-exec-wasmgui/experiments/wasm-gui/toolchain/host-bin/xgettext
ac_cv_path_ac_pt_PKG_CONFIG=/usr/bin/pkg-config
ac_cv_path_install='/usr/bin/install -c'
ac_cv_path_lt_DD=/usr/bin/dd
ac_cv_path_mkdir=/usr/bin/mkdir
ac_cv_prog_AR=/home/nathan/secure-exec/registry/native/c/vendor/wasi-sdk/bin/llvm-ar
ac_cv_prog_AWK=mawk
ac_cv_prog_CC=/home/nathan/secure-exec-wasmgui/experiments/wasm-gui/toolchain/clang-wasi-wrap.sh
ac_cv_prog_CPP='/home/nathan/secure-exec-wasmgui/experiments/wasm-gui/toolchain/clang-wasi-wrap.sh -E'
ac_cv_prog_PERL=perl
ac_cv_prog_RANLIB=/home/nathan/secure-exec/registry/native/c/vendor/wasi-sdk/bin/llvm-ranlib
ac_cv_prog_STRIP=strip
ac_cv_prog_ac_ct_DLLTOOL=dlltool
ac_cv_prog_ac_ct_DUMPBIN='link -dump'
ac_cv_prog_ac_ct_FILECMD=file
ac_cv_prog_ac_ct_MANIFEST_TOOL=mt
ac_cv_prog_ac_ct_OBJDUMP=objdump
ac_cv_prog_ac_ct_STRIP=strip
ac_cv_prog_cc_c11=
ac_cv_prog_cc_g=yes
ac_cv_prog_cc_stdc=
ac_cv_prog_make_make_set=yes
ac_cv_safe_to_define___extensions__=yes
ac_cv_search_bind_textdomain_codeset=-lintl
ac_cv_should_define__xopen_source=no
ac_cv_target=wasm32-unknown-wasi
am_cv_CC_dependencies_compiler_type=gcc3
am_cv_make_support_nested_variables=yes
am_cv_prog_cc_c_o=yes
am_cv_prog_tar_ustar=gnutar
lt_cv_ar_at_file=@
lt_cv_deplibs_check_method=unknown
lt_cv_file_magic_cmd='$MAGIC_CMD'
lt_cv_file_magic_test_file=
lt_cv_ld_reload_flag=-r
lt_cv_nm_interface='BSD nm'
lt_cv_objdir=.libs
lt_cv_path_LD=/home/linuxbrew/.linuxbrew/bin/ld
lt_cv_path_NM=no
lt_cv_path_mainfest_tool=no
lt_cv_prog_compiler_c_o=yes
lt_cv_prog_compiler_pic='-fPIC -DPIC'
lt_cv_prog_compiler_pic_works=yes
lt_cv_prog_compiler_rtti_exceptions=yes
lt_cv_prog_compiler_static_works=yes
lt_cv_prog_gnu_ld=yes
lt_cv_sharedlib_from_linklib_cmd='printf %s\n'
lt_cv_sys_global_symbol_pipe=
lt_cv_sys_global_symbol_to_c_name_address='/usr/bin/sed -n -e '\''s/^: \(.*\) .*$/  {"\1", (void *) 0},/p'\'' -e '\''s/^[ABCDGIRSTW][ABCDGIRSTW]* .* \(.*\)$/  {"\1", (void *) \&\1},/p'\'''
lt_cv_sys_global_symbol_to_c_name_address_lib_prefix='/usr/bin/sed -n -e '\''s/^: \(.*\) .*$/  {"\1", (void *) 0},/p'\'' -e '\''s/^[ABCDGIRSTW][ABCDGIRSTW]* .* \(lib.*\)$/  {"\1", (void *) \&\1},/p'\'' -e '\''s/^[ABCDGIRSTW][ABCDGIRSTW]* .* \(.*\)$/  {"lib\1", (void *) \&\1},/p'\'''
lt_cv_sys_global_symbol_to_cdecl=
lt_cv_sys_global_symbol_to_import=
lt_cv_sys_max_cmd_len=1572864
lt_cv_to_host_file_cmd=func_convert_file_noop
lt_cv_to_tool_file_cmd=func_convert_file_noop
lt_cv_truncate_bin='/usr/bin/dd bs=4096 count=1'
pkg_cv_GTKDOC_DEPS_CFLAGS='-I/home/nathan/secure-exec-wasmgui/experiments/wasm-gui/third_party/wasm-prefix-threads/include/glib-2.0 -I/home/nathan/secure-exec-wasmgui/experiments/wasm-gui/third_party/wasm-prefix-threads/lib/glib-2.0/include -I/home/nathan/secure-exec-wasmgui/experiments/wasm-gui/third_party/wasm-prefix-threads/include -pthread -DPCRE2_STATIC '
pkg_cv_GTKDOC_DEPS_LIBS='-L/home/nathan/secure-exec-wasmgui/experiments/wasm-gui/third_party/wasm-prefix-threads/lib -lgobject-2.0 -lglib-2.0 -lintl -lm -pthread -lpcre2-8 -lffi '
xdt_cv_GLADEUI2_check=yes
xdt_cv_GLIBTOP_check=yes
xdt_cv_LIBSTARTUP_NOTIFICATION_check=yes
xdt_cv_PKG_CONFIG_MIN_VERSION=0.9.0
xdt_cv_additional_CFLAGS='-Wall -Wextra                                   -Wno-missing-field-initializers                                   -Wno-unused-parameter                                   -Wmissing-declarations                                   -Wmissing-noreturn -Wpointer-arith                                   -Wcast-align -Wformat -Wformat-security -Wformat-y2k                                   -Winit-self -Wmissing-include-dirs -Wundef                                   -Wredundant-decls -Wshadow                             -Wnested-externs                             -Wold-style-definition'
xdt_cv_additional_COMMON_FLAGS='-Wall -Wextra                                   -Wno-missing-field-initializers                                   -Wno-unused-parameter                                   -Wmissing-declarations                                   -Wmissing-noreturn -Wpointer-arith                                   -Wcast-align -Wformat -Wformat-security -Wformat-y2k                                   -Winit-self -Wmissing-include-dirs -Wundef                                   -Wredundant-decls -Wshadow'
xdt_cv_additional_CXXFLAGS='-Wall -Wextra                                   -Wno-missing-field-initializers                                   -Wno-unused-parameter                                   -Wmissing-declarations                                   -Wmissing-noreturn -Wpointer-arith                                   -Wcast-align -Wformat -Wformat-security -Wformat-y2k                                   -Winit-self -Wmissing-include-dirs -Wundef                                   -Wredundant-decls -Wshadow'

## ----------------- ##
## Output variables. ##
## ----------------- ##

ACLOCAL='${SHELL} '\''/home/nathan/secure-exec-wasmgui/experiments/wasm-gui/third_party/libxfce4ui/missing'\'' aclocal-1.16'
ALL_LINGUAS='am ar ast az be bg bn ca cs cy da de el en_AU en_GB es et eu fa_IR fi fr gl he hr hu hy_AM hye hy id ie is it ja ka kk ko lt lv ms nb nl nn oc pa pl pt_BR pt ro ru si sk sl sq sr sv te th tr ug uk ur_PK ur vi zh_CN zh_HK zh_TW'
AMDEPBACKSLASH='\'
AMDEP_FALSE='#'
AMDEP_TRUE=''
AMTAR='$${TAR-tar}'
AM_BACKSLASH='\'
AM_DEFAULT_V='$(AM_DEFAULT_VERBOSITY)'
AM_DEFAULT_VERBOSITY='0'
AM_V='$(V)'
AR='/home/nathan/secure-exec/registry/native/c/vendor/wasi-sdk/bin/llvm-ar'
AUTOCONF='${SHELL} '\''/home/nathan/secure-exec-wasmgui/experiments/wasm-gui/third_party/libxfce4ui/missing'\'' autoconf'
AUTOHEADER='${SHELL} '\''/home/nathan/secure-exec-wasmgui/experiments/wasm-gui/third_party/libxfce4ui/missing'\'' autoheader'
AUTOMAKE='${SHELL} '\''/home/nathan/secure-exec-wasmgui/experiments/wasm-gui/third_party/libxfce4ui/missing'\'' automake-1.16'
AWK='mawk'
BUILD_TESTS_FALSE=''
BUILD_TESTS_TRUE='#'
CC='/home/nathan/secure-exec-wasmgui/experiments/wasm-gui/toolchain/clang-wasi-wrap.sh'
CCDEPMODE='depmode=gcc3'
CFLAGS='--target=wasm32-wasip1-threads --sysroot=/home/nathan/secure-exec/registry/native/c/vendor/wasi-sdk/share/wasi-sysroot -O2 -pthread -matomics -mbulk-memory -DSECURE_EXEC_WASM_THREADS -D_WASI_EMULATED_SIGNAL -D_WASI_EMULATED_MMAN -D_WASI_EMULATED_PROCESS_CLOCKS -D_GNU_SOURCE -mllvm -wasm-enable-sjlj -Wno-error=implicit-function-declaration -Wno-error=int-conversion -Wno-int-conversion -I/home/nathan/secure-exec-wasmgui/experiments/wasm-gui/toolchain/compat-include -include /home/nathan/secure-exec-wasmgui/experiments/wasm-gui/toolchain/wasi-compat.h -I/home/nathan/secure-exec-wasmgui/experiments/wasm-gui/third_party/wasm-prefix-threads/include  -Wall -Wextra -Wno-missing-field-initializers -Wno-unused-parameter -Wmissing-declarations -Wmissing-noreturn -Wpointer-arith -Wcast-align -Wformat -Wformat-security -Wformat-y2k -Winit-self -Wmissing-include-dirs -Wundef -Wredundant-decls -Wshadow -Wnested-externs -Wold-style-definition'
CPP='/home/nathan/secure-exec-wasmgui/experiments/wasm-gui/toolchain/clang-wasi-wrap.sh -E'
CPPFLAGS='--target=wasm32-wasip1-threads --sysroot=/home/nathan/secure-exec/registry/native/c/vendor/wasi-sdk/share/wasi-sysroot -I/home/nathan/secure-exec-wasmgui/experiments/wasm-gui/third_party/wasm-prefix-threads/include -I/home/nathan/secure-exec-wasmgui/experiments/wasm-gui/toolchain/compat-include -include /home/nathan/secure-exec-wasmgui/experiments/wasm-gui/toolchain/wasi-compat.h -DNDEBUG -DG_DISABLE_CAST_CHECKS -DG_DISABLE_ASSERT -DHAVE_GNUC_VISIBILITY'
CSCOPE='cscope'
CTAGS='ctags'
CYGPATH_W='echo'
DEFS='-DHAVE_CONFIG_H'
DEPDIR='.deps'
DLLTOOL='dlltool'
DSYMUTIL=''
DUMPBIN=':'
ECHO_C=''
ECHO_N='-n'
ECHO_T=''
EGREP='/usr/bin/grep -E'
ENABLE_GLIBTOP_FALSE=''
ENABLE_GLIBTOP_TRUE='#'
ENABLE_GTK_DOC_FALSE=''
ENABLE_GTK_DOC_TRUE='#'
ENABLE_KEYBOARD_LIBRARY_FALSE='#'
ENABLE_KEYBOARD_LIBRARY_TRUE=''
ENABLE_VAPIGEN_FALSE=''
ENABLE_VAPIGEN_TRUE='#'
EPOXY_CFLAGS=''
EPOXY_LIBS=''
EPOXY_REQUIRED_VERSION=''
EPOXY_VERSION=''
ETAGS='etags'
EXEEXT=''
FGREP='/usr/bin/grep -F'
FILECMD='file'
GETTEXT_PACKAGE='libxfce4ui'
GLADEUI2_CATALOGDIR=''
GLADEUI2_CFLAGS=''
GLADEUI2_LIBS=''
GLADEUI2_MODULEDIR=''
GLADEUI2_PIXMAPDIR=''
GLADEUI2_REQUIRED_VERSION=''
GLADEUI2_VERSION=''
GLIBTOP_CFLAGS=''
GLIBTOP_LIBS=''
GLIBTOP_REQUIRED_VERSION=''
GLIBTOP_VERSION=''
GLIB_CFLAGS='-I/home/nathan/secure-exec-wasmgui/experiments/wasm-gui/third_party/wasm-prefix-threads/include/glib-2.0 -pthread -I/home/nathan/secure-exec-wasmgui/experiments/wasm-gui/third_party/wasm-prefix-threads/lib/glib-2.0/include -I/home/nathan/secure-exec-wasmgui/experiments/wasm-gui/third_party/wasm-prefix-threads/include -DPCRE2_STATIC '
GLIB_COMPILE_RESOURCES='/home/linuxbrew/.linuxbrew/bin/glib-compile-resources'
GLIB_LIBS='-L/home/nathan/secure-exec-wasmgui/experiments/wasm-gui/third_party/wasm-prefix-threads/lib -lglib-2.0 -lintl -lm -pthread -lpcre2-8 '
GLIB_REQUIRED_VERSION='2.66.0'
GLIB_VERSION='2.78.4'
GMSGFMT='/home/nathan/secure-exec-wasmgui/experiments/wasm-gui/toolchain/host-bin/msgfmt'
GREP='/usr/bin/grep'
GTK3_CFLAGS='-I/home/nathan/secure-exec-wasmgui/experiments/wasm-gui/third_party/wasm-prefix-threads/include/gtk-3.0 -I/home/nathan/secure-exec-wasmgui/experiments/wasm-gui/third_party/pango/build-wasm-threads -I/home/nathan/secure-exec-wasmgui/experiments/wasm-gui/third_party/pango -I/home/nathan/secure-exec-wasmgui/experiments/wasm-gui/third_party/pango/build-wasm-threads/pango -I/home/nathan/secure-exec-wasmgui/experiments/wasm-gui/third_party/pango/pango -I/home/nathan/secure-exec-wasmgui/experiments/wasm-gui/third_party/wasm-prefix-threads/include/glib-2.0 -I/home/nathan/secure-exec-wasmgui/experiments/wasm-gui/third_party/wasm-prefix-threads/lib/glib-2.0/include -I/home/nathan/secure-exec-wasmgui/experiments/wasm-gui/third_party/wasm-prefix-threads/include -I/home/nathan/secure-exec-wasmgui/experiments/wasm-gui/third_party/wasm-prefix-threads/include/fribidi -I/home/nathan/secure-exec-wasmgui/experiments/wasm-gui/third_party/harfbuzz/build-wasm-threads -I/home/nathan/secure-exec-wasmgui/experiments/wasm-gui/third_party/harfbuzz -I/home/nathan/secure-exec-wasmgui/experiments/wasm-gui/third_party/harfbuzz/build-wasm-threads/src -I/home/nathan/secure-exec-wasmgui/experiments/wasm-gui/third_party/harfbuzz/src -I/home/nathan/secure-exec-wasmgui/experiments/wasm-gui/third_party/wasm-prefix-threads/include/freetype2 -I/home/nathan/secure-exec-wasmgui/experiments/wasm-gui/third_party/wasm-prefix-threads/include/cairo -I/home/nathan/secure-exec-wasmgui/experiments/wasm-gui/third_party/wasm-prefix-threads/include/pixman-1 -I/home/nathan/secure-exec-wasmgui/experiments/wasm-gui/third_party/wasm-prefix-threads/include/gdk-pixbuf-2.0 -I/home/nathan/secure-exec-wasmgui/experiments/wasm-gui/third_party/wasm-prefix-threads/include/gio-unix-2.0 -I/home/nathan/secure-exec-wasmgui/experiments/wasm-gui/third_party/wasm-prefix/include -I/home/nathan/secure-exec-wasmgui/experiments/wasm-gui/third_party/wasm-prefix-threads/include/atk-1.0 -I/home/nathan/secure-exec-wasmgui/experiments/wasm-gui/third_party/wasm-prefix-threads/include/at-spi2-atk/2.0 -pthread -DPCRE2_STATIC '
GTK3_LIBS='-L/home/nathan/secure-exec-wasmgui/experiments/wasm-gui/third_party/wasm-prefix-threads/lib -lgtk-3 -lgdk-3 -L/home/nathan/secure-exec-wasmgui/experiments/wasm-gui/third_party/pango/build-wasm-threads/pango -lintl -L/home/nathan/secure-exec-wasmgui/experiments/wasm-gui/third_party/harfbuzz/build-wasm-threads/src -lm -lpangocairo-1.0 -lintl -lm -lpangoft2-1.0 -lpango-1.0 -lintl -lm -lintl -lm -lintl -lfribidi -lharfbuzz -lm -lXft -lintl -lintl -lz -latk-1.0 -lcairo-gobject -lcairo -ldl -lz -lfontconfig -lexpat -lfreetype -lXext -lXrender -lX11 -lpixman-1 -lgdk_pixbuf-2.0 -lpng16 -lintl -lintl -lgio-2.0 -lgobject-2.0 -lffi -lgmodule-2.0 -lintl -lglib-2.0 -lintl -lm -pthread -lpcre2-8 -lz '
GTK3_REQUIRED_VERSION='3.24.0'
GTK3_VERSION='3.24.43'
GTKDOC_CHECK=''
GTKDOC_CHECK_PATH=''
GTKDOC_DEPS_CFLAGS='-I/home/nathan/secure-exec-wasmgui/experiments/wasm-gui/third_party/wasm-prefix-threads/include/glib-2.0 -I/home/nathan/secure-exec-wasmgui/experiments/wasm-gui/third_party/wasm-prefix-threads/lib/glib-2.0/include -I/home/nathan/secure-exec-wasmgui/experiments/wasm-gui/third_party/wasm-prefix-threads/include -pthread -DPCRE2_STATIC '
GTKDOC_DEPS_LIBS='-L/home/nathan/secure-exec-wasmgui/experiments/wasm-gui/third_party/wasm-prefix-threads/lib -lgobject-2.0 -lglib-2.0 -lintl -lm -pthread -lpcre2-8 -lffi '
GTKDOC_MKPDF=''
GTKDOC_REBASE='true'
GTK_DOC_BUILD_HTML_FALSE=''
GTK_DOC_BUILD_HTML_TRUE='#'
GTK_DOC_BUILD_PDF_FALSE=''
GTK_DOC_BUILD_PDF_TRUE='#'
GTK_DOC_EXTRA_CFLAGS=' -Wno-sign-compare'
GTK_DOC_USE_LIBTOOL_FALSE='#'
GTK_DOC_USE_LIBTOOL_TRUE=''
GTK_DOC_USE_REBASE_FALSE='#'
GTK_DOC_USE_REBASE_TRUE=''
GUDEV_CFLAGS=''
GUDEV_LIBS=''
GUDEV_REQUIRED_VERSION=''
GUDEV_VERSION=''
HAVE_EPOXY_FALSE=''
HAVE_EPOXY_TRUE='#'
HAVE_GLADEUI2_FALSE=''
HAVE_GLADEUI2_TRUE='#'
HAVE_GLIBTOP_FALSE=''
HAVE_GLIBTOP_TRUE='#'
HAVE_GNUC_VISIBILITY_FALSE='#'
HAVE_GNUC_VISIBILITY_TRUE=''
HAVE_GTK_DOC_FALSE=''
HAVE_GTK_DOC_TRUE='#'
HAVE_GUDEV_FALSE=''
HAVE_GUDEV_TRUE='#'
HAVE_INTROSPECTION_FALSE=''
HAVE_INTROSPECTION_TRUE='#'
HAVE_LIBSTARTUP_NOTIFICATION_FALSE=''
HAVE_LIBSTARTUP_NOTIFICATION_TRUE='#'
HTML_DIR='${datadir}/gtk-doc/html'
INSTALL_DATA='${INSTALL} -m 644'
INSTALL_PROGRAM='${INSTALL}'
INSTALL_SCRIPT='${INSTALL}'
INSTALL_STRIP_PROGRAM='$(install_sh) -c -s'
INTLTOOL_CAVES_RULE='%.caves:     %.caves.in     $(INTLTOOL_MERGE) $(wildcard $(top_srcdir)/po/*.po) ; $(INTLTOOL_V_MERGE)LC_ALL=C $(INTLTOOL_MERGE) $(INTLTOOL_V_MERGE_OPTIONS) -d -u -c $(top_builddir)/po/.intltool-merge-cache $(top_srcdir)/po $< $@'
INTLTOOL_DESKTOP_RULE='%.desktop:   %.desktop.in   $(INTLTOOL_MERGE) $(wildcard $(top_srcdir)/po/*.po) ; $(INTLTOOL_V_MERGE)LC_ALL=C $(INTLTOOL_MERGE) $(INTLTOOL_V_MERGE_OPTIONS) -d -u -c $(top_builddir)/po/.intltool-merge-cache $(top_srcdir)/po $< $@'
INTLTOOL_DIRECTORY_RULE='%.directory: %.directory.in $(INTLTOOL_MERGE) $(wildcard $(top_srcdir)/po/*.po) ; $(INTLTOOL_V_MERGE)LC_ALL=C $(INTLTOOL_MERGE) $(INTLTOOL_V_MERGE_OPTIONS) -d -u -c $(top_builddir)/po/.intltool-merge-cache $(top_srcdir)/po $< $@'
INTLTOOL_EXTRACT='/home/nathan/secure-exec-wasmgui/experiments/wasm-gui/toolchain/host-bin/intltool-extract'
INTLTOOL_KBD_RULE='%.kbd:       %.kbd.in       $(INTLTOOL_MERGE) $(wildcard $(top_srcdir)/po/*.po) ; $(INTLTOOL_V_MERGE)LC_ALL=C $(INTLTOOL_MERGE) $(INTLTOOL_V_MERGE_OPTIONS) -x -u -m -c $(top_builddir)/po/.intltool-merge-cache $(top_srcdir)/po $< $@'
INTLTOOL_KEYS_RULE='%.keys:      %.keys.in      $(INTLTOOL_MERGE) $(wildcard $(top_srcdir)/po/*.po) ; $(INTLTOOL_V_MERGE)LC_ALL=C $(INTLTOOL_MERGE) $(INTLTOOL_V_MERGE_OPTIONS) -k -u -c $(top_builddir)/po/.intltool-merge-cache $(top_srcdir)/po $< $@'
INTLTOOL_MERGE='/home/nathan/secure-exec-wasmgui/experiments/wasm-gui/toolchain/host-bin/intltool-merge'
INTLTOOL_OAF_RULE='%.oaf:       %.oaf.in       $(INTLTOOL_MERGE) $(wildcard $(top_srcdir)/po/*.po) ; $(INTLTOOL_V_MERGE)LC_ALL=C $(INTLTOOL_MERGE) $(INTLTOOL_V_MERGE_OPTIONS) -o -p $(top_srcdir)/po $< $@'
INTLTOOL_PERL='/home/linuxbrew/.linuxbrew/bin/perl'
INTLTOOL_POLICY_RULE='%.policy:    %.policy.in    $(INTLTOOL_MERGE) $(wildcard $(top_srcdir)/po/*.po) ; $(INTLTOOL_V_MERGE)LC_ALL=C $(INTLTOOL_MERGE) $(INTLTOOL_V_MERGE_OPTIONS) -x -u -c $(top_builddir)/po/.intltool-merge-cache $(top_srcdir)/po $< $@'
INTLTOOL_PONG_RULE='%.pong:      %.pong.in      $(INTLTOOL_MERGE) $(wildcard $(top_srcdir)/po/*.po) ; $(INTLTOOL_V_MERGE)LC_ALL=C $(INTLTOOL_MERGE) $(INTLTOOL_V_MERGE_OPTIONS) -x -u -c $(top_builddir)/po/.intltool-merge-cache $(top_srcdir)/po $< $@'
INTLTOOL_PROP_RULE='%.prop:      %.prop.in      $(INTLTOOL_MERGE) $(wildcard $(top_srcdir)/po/*.po) ; $(INTLTOOL_V_MERGE)LC_ALL=C $(INTLTOOL_MERGE) $(INTLTOOL_V_MERGE_OPTIONS) -d -u -c $(top_builddir)/po/.intltool-merge-cache $(top_srcdir)/po $< $@'
INTLTOOL_SCHEMAS_RULE='%.schemas:   %.schemas.in   $(INTLTOOL_MERGE) $(wildcard $(top_srcdir)/po/*.po) ; $(INTLTOOL_V_MERGE)LC_ALL=C $(INTLTOOL_MERGE) $(INTLTOOL_V_MERGE_OPTIONS) -s -u -c $(top_builddir)/po/.intltool-merge-cache $(top_srcdir)/po $< $@'
INTLTOOL_SERVER_RULE='%.server:    %.server.in    $(INTLTOOL_MERGE) $(wildcard $(top_srcdir)/po/*.po) ; $(INTLTOOL_V_MERGE)LC_ALL=C $(INTLTOOL_MERGE) $(INTLTOOL_V_MERGE_OPTIONS) -o -u -c $(top_builddir)/po/.intltool-merge-cache $(top_srcdir)/po $< $@'
INTLTOOL_SERVICE_RULE='%.service: %.service.in   $(INTLTOOL_MERGE) $(wildcard $(top_srcdir)/po/*.po) ; $(INTLTOOL_V_MERGE)LC_ALL=C $(INTLTOOL_MERGE) $(INTLTOOL_V_MERGE_OPTIONS) -d -u -c $(top_builddir)/po/.intltool-merge-cache $(top_srcdir)/po $< $@'
INTLTOOL_SHEET_RULE='%.sheet:     %.sheet.in     $(INTLTOOL_MERGE) $(wildcard $(top_srcdir)/po/*.po) ; $(INTLTOOL_V_MERGE)LC_ALL=C $(INTLTOOL_MERGE) $(INTLTOOL_V_MERGE_OPTIONS) -x -u -c $(top_builddir)/po/.intltool-merge-cache $(top_srcdir)/po $< $@'
INTLTOOL_SOUNDLIST_RULE='%.soundlist: %.soundlist.in $(INTLTOOL_MERGE) $(wildcard $(top_srcdir)/po/*.po) ; $(INTLTOOL_V_MERGE)LC_ALL=C $(INTLTOOL_MERGE) $(INTLTOOL_V_MERGE_OPTIONS) -d -u -c $(top_builddir)/po/.intltool-merge-cache $(top_srcdir)/po $< $@'
INTLTOOL_THEME_RULE='%.theme:     %.theme.in     $(INTLTOOL_MERGE) $(wildcard $(top_srcdir)/po/*.po) ; $(INTLTOOL_V_MERGE)LC_ALL=C $(INTLTOOL_MERGE) $(INTLTOOL_V_MERGE_OPTIONS) -d -u -c $(top_builddir)/po/.intltool-merge-cache $(top_srcdir)/po $< $@'
INTLTOOL_UI_RULE='%.ui:        %.ui.in        $(INTLTOOL_MERGE) $(wildcard $(top_srcdir)/po/*.po) ; $(INTLTOOL_V_MERGE)LC_ALL=C $(INTLTOOL_MERGE) $(INTLTOOL_V_MERGE_OPTIONS) -x -u -c $(top_builddir)/po/.intltool-merge-cache $(top_srcdir)/po $< $@'
INTLTOOL_UPDATE='/home/nathan/secure-exec-wasmgui/experiments/wasm-gui/toolchain/host-bin/intltool-update'
INTLTOOL_V_MERGE='$(INTLTOOL__v_MERGE_$(V))'
INTLTOOL_V_MERGE_OPTIONS='$(intltool__v_merge_options_$(V))'
INTLTOOL_XAM_RULE='%.xam:       %.xml.in       $(INTLTOOL_MERGE) $(wildcard $(top_srcdir)/po/*.po) ; $(INTLTOOL_V_MERGE)LC_ALL=C $(INTLTOOL_MERGE) $(INTLTOOL_V_MERGE_OPTIONS) -x -u -c $(top_builddir)/po/.intltool-merge-cache $(top_srcdir)/po $< $@'
INTLTOOL_XML_NOMERGE_RULE='%.xml:       %.xml.in       $(INTLTOOL_MERGE) ; $(INTLTOOL_V_MERGE)LC_ALL=C $(INTLTOOL_MERGE) $(INTLTOOL_V_MERGE_OPTIONS) -x -u --no-translations $< $@'
INTLTOOL_XML_RULE='%.xml:       %.xml.in       $(INTLTOOL_MERGE) $(wildcard $(top_srcdir)/po/*.po) ; $(INTLTOOL_V_MERGE)LC_ALL=C $(INTLTOOL_MERGE) $(INTLTOOL_V_MERGE_OPTIONS) -x -u -c $(top_builddir)/po/.intltool-merge-cache $(top_srcdir)/po $< $@'
INTLTOOL__v_MERGE_0='@echo "  ITMRG " $@;'
INTLTOOL__v_MERGE_='$(INTLTOOL__v_MERGE_$(AM_DEFAULT_VERBOSITY))'
INTROSPECTION_CFLAGS=''
INTROSPECTION_COMPILER=''
INTROSPECTION_GENERATE=''
INTROSPECTION_GIRDIR=''
INTROSPECTION_LIBS=''
INTROSPECTION_MAKEFILE=''
INTROSPECTION_SCANNER=''
INTROSPECTION_TYPELIBDIR=''
LD='/home/linuxbrew/.linuxbrew/bin/ld'
LDFLAGS='--target=wasm32-wasip1-threads --sysroot=/home/nathan/secure-exec/registry/native/c/vendor/wasi-sdk/share/wasi-sysroot -Wl,--shared-memory -Wl,--import-memory -Wl,--export-memory -Wl,--max-memory=536870912 -Wl,--export=wasi_thread_start -Wl,--no-check-features -lwasi-emulated-signal -L/home/nathan/secure-exec-wasmgui/experiments/wasm-gui/third_party/wasm-prefix-threads/lib -L/home/nathan/secure-exec/registry/native/c/vendor/wasi-sdk/share/wasi-sysroot/lib/wasm32-wasip1-threads -lwasi-emulated-mman -lwasi-emulated-process-clocks -L/home/nathan/secure-exec-wasmgui/experiments/wasm-gui/third_party/wasm-prefix-threads/lib -lhostcompat -Wl,--as-needed -Wl,-O1'
LIBOBJS=''
LIBS='-lintl -lintl '
LIBSM_CFLAGS=''
LIBSM_LDFLAGS=''
LIBSM_LIBS=' -lSM -lICE -lX11'
LIBSTARTUP_NOTIFICATION_CFLAGS=''
LIBSTARTUP_NOTIFICATION_LIBS=''
LIBSTARTUP_NOTIFICATION_REQUIRED_VERSION=''
LIBSTARTUP_NOTIFICATION_VERSION=''
LIBTOOL='$(SHELL) $(top_builddir)/libtool'
LIBX11_CFLAGS=''
LIBX11_LDFLAGS=''
LIBX11_LIBS=' -lSM -lICE -lX11'
LIBXFCE4KBD_PRIVATE_VERINFO='0:0:0'
LIBXFCE4KBD_PRIVATE_VERSION_API='3'
LIBXFCE4UI_VERINFO='0:0:0'
LIBXFCE4UI_VERSION_API='2'
LIBXFCE4UI_VERSION_MAJOR='4'
LIBXFCE4UI_VERSION_MICRO='6'
LIBXFCE4UI_VERSION_MINOR='18'
LIBXFCE4UTIL_CFLAGS='-I/home/nathan/secure-exec-wasmgui/experiments/wasm-gui/third_party/wasm-prefix-threads/include/xfce4 -I/home/nathan/secure-exec-wasmgui/experiments/wasm-gui/third_party/wasm-prefix-threads/include/glib-2.0 -pthread -I/home/nathan/secure-exec-wasmgui/experiments/wasm-gui/third_party/wasm-prefix-threads/lib/glib-2.0/include -I/home/nathan/secure-exec-wasmgui/experiments/wasm-gui/third_party/wasm-prefix-threads/include -DPCRE2_STATIC '
LIBXFCE4UTIL_LIBS='-L/home/nathan/secure-exec-wasmgui/experiments/wasm-gui/third_party/wasm-prefix-threads/lib -lxfce4util -lglib-2.0 -lintl -lm -pthread -lpcre2-8 '
LIBXFCE4UTIL_REQUIRED_VERSION='4.17.2'
LIBXFCE4UTIL_VERSION='4.18.2'
LIPO=''
LN_S='ln -s'
LTLIBOBJS=''
LT_SYS_LIBRARY_PATH=''
MAINT='#'
MAINTAINER_MODE_FALSE=''
MAINTAINER_MODE_TRUE='#'
MAKEINFO='${SHELL} '\''/home/nathan/secure-exec-wasmgui/experiments/wasm-gui/third_party/libxfce4ui/missing'\'' makeinfo'
MANIFEST_TOOL=':'
MKDIR_P='/usr/bin/mkdir -p'
MSGFMT='/home/nathan/secure-exec-wasmgui/experiments/wasm-gui/toolchain/host-bin/msgfmt'
MSGMERGE='/home/nathan/secure-exec-wasmgui/experiments/wasm-gui/toolchain/host-bin/msgmerge'
NM='nm'
NMEDIT=''
NO_UNDEFINED=''
OBJDUMP='objdump'
OBJEXT='o'
OTOOL64=''
OTOOL=''
PACKAGE='libxfce4ui'
PACKAGE_BUGREPORT='https://gitlab.xfce.org/xfce/libxfce4ui/-/issues'
PACKAGE_NAME='libxfce4ui'
PACKAGE_STRING='libxfce4ui 4.18.6'
PACKAGE_TARNAME='libxfce4ui'
PACKAGE_URL=''
PACKAGE_VERSION='4.18.6'
PATH_SEPARATOR=':'
PERL='perl'
PKG_CONFIG='/usr/bin/pkg-config'
PKG_CONFIG_LIBDIR='/home/nathan/secure-exec-wasmgui/experiments/wasm-gui/third_party/wasm-prefix-threads/lib/pkgconfig:/home/nathan/secure-exec-wasmgui/experiments/wasm-gui/third_party/wasm-prefix-threads/share/pkgconfig'
PKG_CONFIG_PATH=''
PLATFORM_CFLAGS=''
PLATFORM_CPPFLAGS=''
PLATFORM_LDFLAGS=''
PLATFORM_OSX_FALSE=''
PLATFORM_OSX_TRUE='#'
PLATFORM_WIN32_FALSE=''
PLATFORM_WIN32_TRUE='#'
RANLIB='/home/nathan/secure-exec/registry/native/c/vendor/wasi-sdk/bin/llvm-ranlib'
SED='/usr/bin/sed'
SET_MAKE=''
SHELL='/bin/bash'
STRIP='strip'
USE_NLS='no'
VAPIGEN=''
VAPIGEN_MAKEFILE=''
VAPIGEN_VAPIDIR=''
VERSION='4.18.6'
XFCONF_CFLAGS='-I/home/nathan/secure-exec-wasmgui/experiments/wasm-gui/third_party/wasm-prefix-threads/include/xfce4/xfconf-0 -I/home/nathan/secure-exec-wasmgui/experiments/wasm-gui/third_party/wasm-prefix-threads/include -I/home/nathan/secure-exec-wasmgui/experiments/wasm-gui/third_party/wasm-prefix-threads/include/glib-2.0 -I/home/nathan/secure-exec-wasmgui/experiments/wasm-gui/third_party/wasm-prefix-threads/lib/glib-2.0/include -pthread -DPCRE2_STATIC '
XFCONF_LIBS='-L/home/nathan/secure-exec-wasmgui/experiments/wasm-gui/third_party/wasm-prefix-threads/lib -lxfconf-0 -lgio-2.0 -lgobject-2.0 -lffi -lgmodule-2.0 -lintl -lglib-2.0 -lintl -lm -pthread -lpcre2-8 -lz '
XFCONF_REQUIRED_VERSION='4.12.0'
XFCONF_VERSION='4.18.3'
XGETTEXT='/home/nathan/secure-exec-wasmgui/experiments/wasm-gui/toolchain/host-bin/xgettext'
XMKMF=''
X_CFLAGS=''
X_EXTRA_LIBS=''
X_LIBS=''
X_PRE_LIBS=' -lSM -lICE'
_GI_EXP_DATADIR='/home/nathan/secure-exec-wasmgui/experiments/wasm-gui/third_party/wasm-prefix-threads/share'
_GI_EXP_LIBDIR='/home/nathan/secure-exec-wasmgui/experiments/wasm-gui/third_party/wasm-prefix-threads/lib'
ac_ct_AR=''
ac_ct_CC=''
ac_ct_DUMPBIN='link -dump'
am__EXEEXT_FALSE=''
am__EXEEXT_TRUE='#'
am__fastdepCC_FALSE='#'
am__fastdepCC_TRUE=''
am__include='include'
am__isrc=''
am__leading_dot='.'
am__nodep='_no'
am__quote=''
am__tar='tar --format=ustar -chf - "$$tardir"'
am__untar='tar -xf -'
bindir='${exec_prefix}/bin'
build='x86_64-pc-linux-gnux32'
build_alias=''
build_cpu='x86_64'
build_os='linux-gnux32'
build_vendor='pc'
datadir='${datarootdir}'
datarootdir='${prefix}/share'
docdir='${datarootdir}/doc/${PACKAGE_TARNAME}'
dvidir='${docdir}'
exec_prefix='${prefix}'
host='wasm32-unknown-wasi'
host_alias='wasm32-wasi'
host_cpu='wasm32'
host_os='wasi'
host_vendor='unknown'
htmldir='${docdir}'
includedir='${prefix}/include'
infodir='${datarootdir}/info'
install_sh='${SHELL} /home/nathan/secure-exec-wasmgui/experiments/wasm-gui/third_party/libxfce4ui/install-sh'
intltool__v_merge_options_0='-q'
intltool__v_merge_options_='$(intltool__v_merge_options_$(AM_DEFAULT_VERBOSITY))'
libdir='${exec_prefix}/lib'
libexecdir='${exec_prefix}/libexec'
localedir='${prefix}/share/locale'
localstatedir='${prefix}/var'
mandir='${datarootdir}/man'
mkdir_p='$(MKDIR_P)'
oldincludedir='/usr/include'
pdfdir='${docdir}'
prefix='/home/nathan/secure-exec-wasmgui/experiments/wasm-gui/third_party/wasm-prefix-threads'
program_transform_name='s,x,x,'
psdir='${docdir}'
runstatedir='${localstatedir}/run'
sbindir='${exec_prefix}/sbin'
sharedstatedir='${prefix}/com'
sysconfdir='${prefix}/etc'
target='wasm32-unknown-wasi'
target_alias=''
target_cpu='wasm32'
target_os='wasi'
target_vendor='unknown'

## ----------- ##
## confdefs.h. ##
## ----------- ##

/* confdefs.h */
#define PACKAGE_NAME "libxfce4ui"
#define PACKAGE_TARNAME "libxfce4ui"
#define PACKAGE_VERSION "4.18.6"
#define PACKAGE_STRING "libxfce4ui 4.18.6"
#define PACKAGE_BUGREPORT "https://gitlab.xfce.org/xfce/libxfce4ui/-/issues"
#define PACKAGE_URL ""
#define PACKAGE "libxfce4ui"
#define VERSION "4.18.6"
#define HAVE_STDIO_H 1
#define HAVE_STDLIB_H 1
#define HAVE_STRING_H 1
#define HAVE_INTTYPES_H 1
#define HAVE_STDINT_H 1
#define HAVE_STRINGS_H 1
#define HAVE_SYS_STAT_H 1
#define HAVE_SYS_TYPES_H 1
#define HAVE_UNISTD_H 1
#define HAVE_WCHAR_H 1
#define STDC_HEADERS 1
#define _ALL_SOURCE 1
#define _DARWIN_C_SOURCE 1
#define _GNU_SOURCE 1
#define _HPUX_ALT_XOPEN_SOCKET_API 1
#define _NETBSD_SOURCE 1
#define _OPENBSD_SOURCE 1
#define _POSIX_PTHREAD_SEMANTICS 1
#define __STDC_WANT_IEC_60559_ATTRIBS_EXT__ 1
#define __STDC_WANT_IEC_60559_BFP_EXT__ 1
#define __STDC_WANT_IEC_60559_DFP_EXT__ 1
#define __STDC_WANT_IEC_60559_EXT__ 1
#define __STDC_WANT_IEC_60559_FUNCS_EXT__ 1
#define __STDC_WANT_IEC_60559_TYPES_EXT__ 1
#define __STDC_WANT_LIB_EXT2__ 1
#define __STDC_WANT_MATH_SPEC_FUNCS__ 1
#define _TANDEM_SOURCE 1
#define __EXTENSIONS__ 1
#define HAVE_DLFCN_H 1
#define LT_OBJDIR ".libs/"
#define HAVE_ERRNO_H 1
#define HAVE_FCNTL_H 1
#define HAVE_LIMITS_H 1
#define HAVE_LOCALE_H 1
#define HAVE_MATH_H 1
#define HAVE_MEMORY_H 1
#define HAVE_SIGNAL_H 1
#define HAVE_STDARG_H 1
#define HAVE_STDLIB_H 1
#define HAVE_STRING_H 1
#define HAVE_UNISTD_H 1
#define HAVE_DECL_ENVIRON 1
#define GETTEXT_PACKAGE "libxfce4ui"
#define HAVE_BIND_TEXTDOMAIN_CODESET 1
#define HAVE_BIND_TEXTDOMAIN_CODESET 1
#define HAVE_LIBX11 1
#define HAVE_LIBSM 1
#define G_LOG_USE_STRUCTURED 1
#define GLIB_VERSION_MAX_ALLOWED GLIB_VERSION_2_66
#define GLIB_VERSION_MIN_REQUIRED GLIB_VERSION_2_66
#define GLIB_VERSION_MIN_REQUIRED GLIB_VERSION_2_66
#define GLIB_VERSION_MAX_ALLOWED GLIB_VERSION_2_66
#define GDK_VERSION_MIN_REQUIRED GDK_VERSION_3_24
#define GDK_VERSION_MAX_ALLOWED GDK_VERSION_3_24
#define MANUAL_WEBSITE "https://docs.xfce.org/help.php"

configure: exit 0
