This file contains any messages produced by compilers while
running configure, to aid debugging if configure makes a mistake.

It was created by ristretto configure 0.13.2, which was
generated by GNU Autoconf 2.72.  Invocation command line was

  $ ./configure --host=wasm32-wasi --prefix=/home/nathan/secure-exec-wasmgui/experiments/wasm-gui/third_party/wasm-prefix-threads --enable-static --disable-shared --disable-malloc0returnsnull --datadir=/usr/share --sysconfdir=/etc --enable-static --disable-shared --disable-gtk-doc --disable-gtk-doc-html --disable-nls --disable-debug

## --------- ##
## Platform. ##
## --------- ##

hostname = nathan-dev
uname -m = x86_64
uname -r = 6.1.0-41-amd64
uname -s = Linux
uname -v = #1 SMP PREEMPT_DYNAMIC Debian 6.1.158-1 (2025-11-09)

/usr/bin/uname -p = unknown
/bin/uname -X     = unknown

/bin/arch              = x86_64
/usr/bin/arch -k       = unknown
/usr/convex/getsysinfo = unknown
/usr/bin/hostinfo      = unknown
/bin/machine           = unknown
/usr/bin/oslevel       = unknown
/bin/universe          = unknown

PATH: /home/nathan/secure-exec-wasmgui/experiments/wasm-gui/toolchain/host-bin/
PATH: /home/linuxbrew/.linuxbrew/bin/
PATH: /home/nathan/misc/bun/bin/
PATH: /home/nathan/.bun/bin/
PATH: /home/nathan/.bun/bin/
PATH: /home/nathan/.bun/bin/
PATH: /home/nathan/.bun/bin/
PATH: /home/nathan/.wasmer/bin/
PATH: /home/nathan/.opencode/bin/
PATH: /home/nathan/.local/bin/
PATH: /home/nathan/.bun/bin/
PATH: /home/nathan/.cargo/bin/
PATH: /home/nathan/.nix-profile/bin/
PATH: /nix/var/nix/profiles/default/bin/
PATH: /home/linuxbrew/.linuxbrew/bin/
PATH: /home/linuxbrew/.linuxbrew/sbin/
PATH: /home/nathan/.local/bin/
PATH: /home/linuxbrew/.linuxbrew/opt/rustup/bin/
PATH: /home/nathan/.local/bin/
PATH: /home/nathan/.atuin/bin/
PATH: /home/nathan/misc/bun/bin/
PATH: /home/nathan/.bun/bin/
PATH: /home/nathan/.bun/bin/
PATH: /home/nathan/.bun/bin/
PATH: /home/nathan/.bun/bin/
PATH: /home/nathan/.wasmer/bin/
PATH: /home/nathan/.deno/bin/
PATH: /home/nathan/.opencode/bin/
PATH: /home/nathan/.local/bin/
PATH: /home/nathan/.bun/bin/
PATH: /home/nathan/.cargo/bin/
PATH: /home/nathan/.nix-profile/bin/
PATH: /nix/var/nix/profiles/default/bin/
PATH: /tmp/pnpm/
PATH: /home/linuxbrew/.linuxbrew/bin/
PATH: /home/linuxbrew/.linuxbrew/sbin/
PATH: /home/nathan/.nvm/versions/node/v24.13.0/bin/
PATH: /home/nathan/.nix-profile/bin/
PATH: /nix/var/nix/profiles/default/bin/
PATH: /usr/local/bin/
PATH: /usr/bin/
PATH: /bin/
PATH: /usr/local/games/
PATH: /usr/games/


## ----------- ##
## Core tests. ##
## ----------- ##

configure:2452: looking for aux files: config.guess config.sub config.rpath compile missing install-sh
configure:2465:  trying ./
configure:2494:   ./config.guess found
configure:2494:   ./config.sub found
configure:2494:   ./config.rpath found
configure:2494:   ./compile found
configure:2494:   ./missing found
configure:2476:   ./install-sh found
configure:2628: checking for a BSD-compatible install
configure:2702: result: /usr/bin/install -c
configure:2713: checking whether build environment is sane
configure:2768: result: yes
configure:2824: checking for wasm32-wasi-strip
configure:2860: result: no
configure:2870: checking for strip
configure:2891: found /home/linuxbrew/.linuxbrew/bin/strip
configure:2903: result: strip
configure:2929: checking for a race-free mkdir -p
configure:2972: result: /usr/bin/mkdir -p
configure:2979: checking for gawk
configure:3015: result: no
configure:2979: checking for mawk
configure:3000: found /usr/bin/mawk
configure:3012: result: mawk
configure:3023: checking whether make sets $(MAKE)
configure:3047: result: yes
configure:3077: checking whether make supports nested variables
configure:3096: result: yes
configure:3181: checking whether UID '1000' is supported by ustar format
configure:3184: result: yes
configure:3191: checking whether GID '1000' is supported by ustar format
configure:3194: result: yes
configure:3202: checking how to create a ustar tar archive
configure:3213: tar --version
tar (GNU tar) 1.34
Copyright (C) 2021 Free Software Foundation, Inc.
License GPLv3+: GNU GPL version 3 or later <https://gnu.org/licenses/gpl.html>.
This is free software: you are free to change and redistribute it.
There is NO WARRANTY, to the extent permitted by law.

Written by John Gilmore and Jay Fenlason.
configure:3216: $? = 0
configure:3256: tardir=conftest.dir && eval tar --format=ustar -chf - "$tardir" >conftest.tar
configure:3259: $? = 0
configure:3263: tar -xf - <conftest.tar
configure:3266: $? = 0
configure:3268: cat conftest.dir/file
GrepMe
configure:3271: $? = 0
configure:3286: result: gnutar
configure:3353: checking whether to enable maintainer-specific portions of Makefiles
configure:3364: result: no
configure:3389: checking whether make supports nested variables
configure:3408: result: yes
configure:3433: checking whether make supports the include directive
configure:3448: make -f confmf.GNU && cat confinc.out
this is the am__doit target
configure:3451: $? = 0
configure:3470: result: yes (GNU style)
configure:3501: checking for wasm32-wasi-gcc
configure:3534: result: /home/nathan/secure-exec-wasmgui/experiments/wasm-gui/toolchain/clang-wasi-wrap.sh
configure:3939: checking for C compiler version
configure:3948: /home/nathan/secure-exec-wasmgui/experiments/wasm-gui/toolchain/clang-wasi-wrap.sh --version >&5
clang version 19.1.5-wasi-sdk (https://github.com/llvm/llvm-project ab4b5a2db582958af1ee308a790cfdb42bd24720)
Target: wasm32-unknown-wasi
Thread model: posix
InstalledDir: /home/nathan/secure-exec/registry/native/c/vendor/wasi-sdk/bin
configure:3959: $? = 0
configure:3948: /home/nathan/secure-exec-wasmgui/experiments/wasm-gui/toolchain/clang-wasi-wrap.sh -v >&5
clang version 19.1.5-wasi-sdk (https://github.com/llvm/llvm-project ab4b5a2db582958af1ee308a790cfdb42bd24720)
Target: wasm32-unknown-wasi
Thread model: posix
InstalledDir: /home/nathan/secure-exec/registry/native/c/vendor/wasi-sdk/bin
configure:3959: $? = 0
configure:3948: /home/nathan/secure-exec-wasmgui/experiments/wasm-gui/toolchain/clang-wasi-wrap.sh -V >&5
clang: error: argument to '-V' is missing (expected 1 value)
clang: error: no input files
configure:3959: $? = 1
configure:3948: /home/nathan/secure-exec-wasmgui/experiments/wasm-gui/toolchain/clang-wasi-wrap.sh -qversion >&5
clang: error: unknown argument '-qversion'; did you mean '--version'?
clang: error: no input files
configure:3959: $? = 1
configure:3948: /home/nathan/secure-exec-wasmgui/experiments/wasm-gui/toolchain/clang-wasi-wrap.sh -version >&5
clang: error: unknown argument '-version'; did you mean '--version'?
clang: error: no input files
configure:3959: $? = 1
configure:3979: checking whether the C compiler works
configure:4001: /home/nathan/secure-exec-wasmgui/experiments/wasm-gui/toolchain/clang-wasi-wrap.sh --target=wasm32-wasip1-threads --sysroot=/home/nathan/secure-exec/registry/native/c/vendor/wasi-sdk/share/wasi-sysroot -O2 -pthread -matomics -mbulk-memory -DSECURE_EXEC_WASM_THREADS -D_WASI_EMULATED_SIGNAL -D_WASI_EMULATED_MMAN -D_WASI_EMULATED_PROCESS_CLOCKS -D_GNU_SOURCE -mllvm -wasm-enable-sjlj -Wno-error=implicit-function-declaration -Wno-error=int-conversion -Wno-int-conversion -I/home/nathan/secure-exec-wasmgui/experiments/wasm-gui/toolchain/compat-include -include /home/nathan/secure-exec-wasmgui/experiments/wasm-gui/toolchain/wasi-compat.h -I/home/nathan/secure-exec-wasmgui/experiments/wasm-gui/third_party/wasm-prefix-threads/include -g0 --target=wasm32-wasip1-threads --sysroot=/home/nathan/secure-exec/registry/native/c/vendor/wasi-sdk/share/wasi-sysroot -I/home/nathan/secure-exec-wasmgui/experiments/wasm-gui/third_party/wasm-prefix-threads/include -I/home/nathan/secure-exec-wasmgui/experiments/wasm-gui/toolchain/compat-include -include /home/nathan/secure-exec-wasmgui/experiments/wasm-gui/toolchain/wasi-compat.h --target=wasm32-wasip1-threads --sysroot=/home/nathan/secure-exec/registry/native/c/vendor/wasi-sdk/share/wasi-sysroot -Wl,--shared-memory -Wl,--import-memory -Wl,--export-memory -Wl,--max-memory=536870912 -Wl,--export=wasi_thread_start -Wl,--no-check-features -lwasi-emulated-signal -L/home/nathan/secure-exec-wasmgui/experiments/wasm-gui/third_party/wasm-prefix-threads/lib -L/home/nathan/secure-exec/registry/native/c/vendor/wasi-sdk/share/wasi-sysroot/lib/wasm32-wasip1-threads -lwasi-emulated-mman -lwasi-emulated-process-clocks -L/home/nathan/secure-exec-wasmgui/experiments/wasm-gui/third_party/wasm-prefix-threads/lib -lhostcompat conftest.c  >&5
configure:4005: $? = 0
configure:4056: result: yes
configure:4060: checking for C compiler default output file name
configure:4062: result: a.out
configure:4068: checking for suffix of executables
configure:4075: /home/nathan/secure-exec-wasmgui/experiments/wasm-gui/toolchain/clang-wasi-wrap.sh -o conftest --target=wasm32-wasip1-threads --sysroot=/home/nathan/secure-exec/registry/native/c/vendor/wasi-sdk/share/wasi-sysroot -O2 -pthread -matomics -mbulk-memory -DSECURE_EXEC_WASM_THREADS -D_WASI_EMULATED_SIGNAL -D_WASI_EMULATED_MMAN -D_WASI_EMULATED_PROCESS_CLOCKS -D_GNU_SOURCE -mllvm -wasm-enable-sjlj -Wno-error=implicit-function-declaration -Wno-error=int-conversion -Wno-int-conversion -I/home/nathan/secure-exec-wasmgui/experiments/wasm-gui/toolchain/compat-include -include /home/nathan/secure-exec-wasmgui/experiments/wasm-gui/toolchain/wasi-compat.h -I/home/nathan/secure-exec-wasmgui/experiments/wasm-gui/third_party/wasm-prefix-threads/include -g0 --target=wasm32-wasip1-threads --sysroot=/home/nathan/secure-exec/registry/native/c/vendor/wasi-sdk/share/wasi-sysroot -I/home/nathan/secure-exec-wasmgui/experiments/wasm-gui/third_party/wasm-prefix-threads/include -I/home/nathan/secure-exec-wasmgui/experiments/wasm-gui/toolchain/compat-include -include /home/nathan/secure-exec-wasmgui/experiments/wasm-gui/toolchain/wasi-compat.h --target=wasm32-wasip1-threads --sysroot=/home/nathan/secure-exec/registry/native/c/vendor/wasi-sdk/share/wasi-sysroot -Wl,--shared-memory -Wl,--import-memory -Wl,--export-memory -Wl,--max-memory=536870912 -Wl,--export=wasi_thread_start -Wl,--no-check-features -lwasi-emulated-signal -L/home/nathan/secure-exec-wasmgui/experiments/wasm-gui/third_party/wasm-prefix-threads/lib -L/home/nathan/secure-exec/registry/native/c/vendor/wasi-sdk/share/wasi-sysroot/lib/wasm32-wasip1-threads -lwasi-emulated-mman -lwasi-emulated-process-clocks -L/home/nathan/secure-exec-wasmgui/experiments/wasm-gui/third_party/wasm-prefix-threads/lib -lhostcompat conftest.c  >&5
configure:4079: $? = 0
configure:4103: result: 
configure:4127: checking whether we are cross compiling
configure:4135: /home/nathan/secure-exec-wasmgui/experiments/wasm-gui/toolchain/clang-wasi-wrap.sh -o conftest --target=wasm32-wasip1-threads --sysroot=/home/nathan/secure-exec/registry/native/c/vendor/wasi-sdk/share/wasi-sysroot -O2 -pthread -matomics -mbulk-memory -DSECURE_EXEC_WASM_THREADS -D_WASI_EMULATED_SIGNAL -D_WASI_EMULATED_MMAN -D_WASI_EMULATED_PROCESS_CLOCKS -D_GNU_SOURCE -mllvm -wasm-enable-sjlj -Wno-error=implicit-function-declaration -Wno-error=int-conversion -Wno-int-conversion -I/home/nathan/secure-exec-wasmgui/experiments/wasm-gui/toolchain/compat-include -include /home/nathan/secure-exec-wasmgui/experiments/wasm-gui/toolchain/wasi-compat.h -I/home/nathan/secure-exec-wasmgui/experiments/wasm-gui/third_party/wasm-prefix-threads/include -g0 --target=wasm32-wasip1-threads --sysroot=/home/nathan/secure-exec/registry/native/c/vendor/wasi-sdk/share/wasi-sysroot -I/home/nathan/secure-exec-wasmgui/experiments/wasm-gui/third_party/wasm-prefix-threads/include -I/home/nathan/secure-exec-wasmgui/experiments/wasm-gui/toolchain/compat-include -include /home/nathan/secure-exec-wasmgui/experiments/wasm-gui/toolchain/wasi-compat.h --target=wasm32-wasip1-threads --sysroot=/home/nathan/secure-exec/registry/native/c/vendor/wasi-sdk/share/wasi-sysroot -Wl,--shared-memory -Wl,--import-memory -Wl,--export-memory -Wl,--max-memory=536870912 -Wl,--export=wasi_thread_start -Wl,--no-check-features -lwasi-emulated-signal -L/home/nathan/secure-exec-wasmgui/experiments/wasm-gui/third_party/wasm-prefix-threads/lib -L/home/nathan/secure-exec/registry/native/c/vendor/wasi-sdk/share/wasi-sysroot/lib/wasm32-wasip1-threads -lwasi-emulated-mman -lwasi-emulated-process-clocks -L/home/nathan/secure-exec-wasmgui/experiments/wasm-gui/third_party/wasm-prefix-threads/lib -lhostcompat conftest.c  >&5
configure:4139: $? = 0
configure:4146: ./conftest
./configure: line 4148: ./conftest: cannot execute binary file: Exec format error
configure:4150: $? = 126
configure:4165: result: yes
configure:4171: checking for suffix of object files
configure:4194: /home/nathan/secure-exec-wasmgui/experiments/wasm-gui/toolchain/clang-wasi-wrap.sh -c --target=wasm32-wasip1-threads --sysroot=/home/nathan/secure-exec/registry/native/c/vendor/wasi-sdk/share/wasi-sysroot -O2 -pthread -matomics -mbulk-memory -DSECURE_EXEC_WASM_THREADS -D_WASI_EMULATED_SIGNAL -D_WASI_EMULATED_MMAN -D_WASI_EMULATED_PROCESS_CLOCKS -D_GNU_SOURCE -mllvm -wasm-enable-sjlj -Wno-error=implicit-function-declaration -Wno-error=int-conversion -Wno-int-conversion -I/home/nathan/secure-exec-wasmgui/experiments/wasm-gui/toolchain/compat-include -include /home/nathan/secure-exec-wasmgui/experiments/wasm-gui/toolchain/wasi-compat.h -I/home/nathan/secure-exec-wasmgui/experiments/wasm-gui/third_party/wasm-prefix-threads/include -g0 --target=wasm32-wasip1-threads --sysroot=/home/nathan/secure-exec/registry/native/c/vendor/wasi-sdk/share/wasi-sysroot -I/home/nathan/secure-exec-wasmgui/experiments/wasm-gui/third_party/wasm-prefix-threads/include -I/home/nathan/secure-exec-wasmgui/experiments/wasm-gui/toolchain/compat-include -include /home/nathan/secure-exec-wasmgui/experiments/wasm-gui/toolchain/wasi-compat.h conftest.c >&5
configure:4198: $? = 0
configure:4222: result: o
configure:4226: checking whether the compiler supports GNU C
configure:4246: /home/nathan/secure-exec-wasmgui/experiments/wasm-gui/toolchain/clang-wasi-wrap.sh -c --target=wasm32-wasip1-threads --sysroot=/home/nathan/secure-exec/registry/native/c/vendor/wasi-sdk/share/wasi-sysroot -O2 -pthread -matomics -mbulk-memory -DSECURE_EXEC_WASM_THREADS -D_WASI_EMULATED_SIGNAL -D_WASI_EMULATED_MMAN -D_WASI_EMULATED_PROCESS_CLOCKS -D_GNU_SOURCE -mllvm -wasm-enable-sjlj -Wno-error=implicit-function-declaration -Wno-error=int-conversion -Wno-int-conversion -I/home/nathan/secure-exec-wasmgui/experiments/wasm-gui/toolchain/compat-include -include /home/nathan/secure-exec-wasmgui/experiments/wasm-gui/toolchain/wasi-compat.h -I/home/nathan/secure-exec-wasmgui/experiments/wasm-gui/third_party/wasm-prefix-threads/include -g0 --target=wasm32-wasip1-threads --sysroot=/home/nathan/secure-exec/registry/native/c/vendor/wasi-sdk/share/wasi-sysroot -I/home/nathan/secure-exec-wasmgui/experiments/wasm-gui/third_party/wasm-prefix-threads/include -I/home/nathan/secure-exec-wasmgui/experiments/wasm-gui/toolchain/compat-include -include /home/nathan/secure-exec-wasmgui/experiments/wasm-gui/toolchain/wasi-compat.h conftest.c >&5
configure:4246: $? = 0
configure:4258: result: yes
configure:4269: checking whether /home/nathan/secure-exec-wasmgui/experiments/wasm-gui/toolchain/clang-wasi-wrap.sh accepts -g
configure:4290: /home/nathan/secure-exec-wasmgui/experiments/wasm-gui/toolchain/clang-wasi-wrap.sh -c -g --target=wasm32-wasip1-threads --sysroot=/home/nathan/secure-exec/registry/native/c/vendor/wasi-sdk/share/wasi-sysroot -I/home/nathan/secure-exec-wasmgui/experiments/wasm-gui/third_party/wasm-prefix-threads/include -I/home/nathan/secure-exec-wasmgui/experiments/wasm-gui/toolchain/compat-include -include /home/nathan/secure-exec-wasmgui/experiments/wasm-gui/toolchain/wasi-compat.h conftest.c >&5
configure:4290: $? = 0
configure:4337: result: yes
configure:4357: checking for /home/nathan/secure-exec-wasmgui/experiments/wasm-gui/toolchain/clang-wasi-wrap.sh option to enable C11 features
configure:4372: /home/nathan/secure-exec-wasmgui/experiments/wasm-gui/toolchain/clang-wasi-wrap.sh  -c --target=wasm32-wasip1-threads --sysroot=/home/nathan/secure-exec/registry/native/c/vendor/wasi-sdk/share/wasi-sysroot -O2 -pthread -matomics -mbulk-memory -DSECURE_EXEC_WASM_THREADS -D_WASI_EMULATED_SIGNAL -D_WASI_EMULATED_MMAN -D_WASI_EMULATED_PROCESS_CLOCKS -D_GNU_SOURCE -mllvm -wasm-enable-sjlj -Wno-error=implicit-function-declaration -Wno-error=int-conversion -Wno-int-conversion -I/home/nathan/secure-exec-wasmgui/experiments/wasm-gui/toolchain/compat-include -include /home/nathan/secure-exec-wasmgui/experiments/wasm-gui/toolchain/wasi-compat.h -I/home/nathan/secure-exec-wasmgui/experiments/wasm-gui/third_party/wasm-prefix-threads/include -g0 --target=wasm32-wasip1-threads --sysroot=/home/nathan/secure-exec/registry/native/c/vendor/wasi-sdk/share/wasi-sysroot -I/home/nathan/secure-exec-wasmgui/experiments/wasm-gui/third_party/wasm-prefix-threads/include -I/home/nathan/secure-exec-wasmgui/experiments/wasm-gui/toolchain/compat-include -include /home/nathan/secure-exec-wasmgui/experiments/wasm-gui/toolchain/wasi-compat.h conftest.c >&5
configure:4372: $? = 0
configure:4391: result: none needed
configure:4515: checking whether /home/nathan/secure-exec-wasmgui/experiments/wasm-gui/toolchain/clang-wasi-wrap.sh understands -c and -o together
configure:4538: /home/nathan/secure-exec-wasmgui/experiments/wasm-gui/toolchain/clang-wasi-wrap.sh -c conftest.c -o conftest2.o
configure:4541: $? = 0
configure:4538: /home/nathan/secure-exec-wasmgui/experiments/wasm-gui/toolchain/clang-wasi-wrap.sh -c conftest.c -o conftest2.o
configure:4541: $? = 0
configure:4554: result: yes
configure:4573: checking dependency style of /home/nathan/secure-exec-wasmgui/experiments/wasm-gui/toolchain/clang-wasi-wrap.sh
configure:4686: result: gcc3
configure:4706: checking for stdio.h
configure:4706: /home/nathan/secure-exec-wasmgui/experiments/wasm-gui/toolchain/clang-wasi-wrap.sh -c --target=wasm32-wasip1-threads --sysroot=/home/nathan/secure-exec/registry/native/c/vendor/wasi-sdk/share/wasi-sysroot -O2 -pthread -matomics -mbulk-memory -DSECURE_EXEC_WASM_THREADS -D_WASI_EMULATED_SIGNAL -D_WASI_EMULATED_MMAN -D_WASI_EMULATED_PROCESS_CLOCKS -D_GNU_SOURCE -mllvm -wasm-enable-sjlj -Wno-error=implicit-function-declaration -Wno-error=int-conversion -Wno-int-conversion -I/home/nathan/secure-exec-wasmgui/experiments/wasm-gui/toolchain/compat-include -include /home/nathan/secure-exec-wasmgui/experiments/wasm-gui/toolchain/wasi-compat.h -I/home/nathan/secure-exec-wasmgui/experiments/wasm-gui/third_party/wasm-prefix-threads/include -g0 --target=wasm32-wasip1-threads --sysroot=/home/nathan/secure-exec/registry/native/c/vendor/wasi-sdk/share/wasi-sysroot -I/home/nathan/secure-exec-wasmgui/experiments/wasm-gui/third_party/wasm-prefix-threads/include -I/home/nathan/secure-exec-wasmgui/experiments/wasm-gui/toolchain/compat-include -include /home/nathan/secure-exec-wasmgui/experiments/wasm-gui/toolchain/wasi-compat.h conftest.c >&5
configure:4706: $? = 0
configure:4706: result: yes
configure:4706: checking for stdlib.h
configure:4706: /home/nathan/secure-exec-wasmgui/experiments/wasm-gui/toolchain/clang-wasi-wrap.sh -c --target=wasm32-wasip1-threads --sysroot=/home/nathan/secure-exec/registry/native/c/vendor/wasi-sdk/share/wasi-sysroot -O2 -pthread -matomics -mbulk-memory -DSECURE_EXEC_WASM_THREADS -D_WASI_EMULATED_SIGNAL -D_WASI_EMULATED_MMAN -D_WASI_EMULATED_PROCESS_CLOCKS -D_GNU_SOURCE -mllvm -wasm-enable-sjlj -Wno-error=implicit-function-declaration -Wno-error=int-conversion -Wno-int-conversion -I/home/nathan/secure-exec-wasmgui/experiments/wasm-gui/toolchain/compat-include -include /home/nathan/secure-exec-wasmgui/experiments/wasm-gui/toolchain/wasi-compat.h -I/home/nathan/secure-exec-wasmgui/experiments/wasm-gui/third_party/wasm-prefix-threads/include -g0 --target=wasm32-wasip1-threads --sysroot=/home/nathan/secure-exec/registry/native/c/vendor/wasi-sdk/share/wasi-sysroot -I/home/nathan/secure-exec-wasmgui/experiments/wasm-gui/third_party/wasm-prefix-threads/include -I/home/nathan/secure-exec-wasmgui/experiments/wasm-gui/toolchain/compat-include -include /home/nathan/secure-exec-wasmgui/experiments/wasm-gui/toolchain/wasi-compat.h conftest.c >&5
configure:4706: $? = 0
configure:4706: result: yes
configure:4706: checking for string.h
configure:4706: /home/nathan/secure-exec-wasmgui/experiments/wasm-gui/toolchain/clang-wasi-wrap.sh -c --target=wasm32-wasip1-threads --sysroot=/home/nathan/secure-exec/registry/native/c/vendor/wasi-sdk/share/wasi-sysroot -O2 -pthread -matomics -mbulk-memory -DSECURE_EXEC_WASM_THREADS -D_WASI_EMULATED_SIGNAL -D_WASI_EMULATED_MMAN -D_WASI_EMULATED_PROCESS_CLOCKS -D_GNU_SOURCE -mllvm -wasm-enable-sjlj -Wno-error=implicit-function-declaration -Wno-error=int-conversion -Wno-int-conversion -I/home/nathan/secure-exec-wasmgui/experiments/wasm-gui/toolchain/compat-include -include /home/nathan/secure-exec-wasmgui/experiments/wasm-gui/toolchain/wasi-compat.h -I/home/nathan/secure-exec-wasmgui/experiments/wasm-gui/third_party/wasm-prefix-threads/include -g0 --target=wasm32-wasip1-threads --sysroot=/home/nathan/secure-exec/registry/native/c/vendor/wasi-sdk/share/wasi-sysroot -I/home/nathan/secure-exec-wasmgui/experiments/wasm-gui/third_party/wasm-prefix-threads/include -I/home/nathan/secure-exec-wasmgui/experiments/wasm-gui/toolchain/compat-include -include /home/nathan/secure-exec-wasmgui/experiments/wasm-gui/toolchain/wasi-compat.h conftest.c >&5
configure:4706: $? = 0
configure:4706: result: yes
configure:4706: checking for inttypes.h
configure:4706: /home/nathan/secure-exec-wasmgui/experiments/wasm-gui/toolchain/clang-wasi-wrap.sh -c --target=wasm32-wasip1-threads --sysroot=/home/nathan/secure-exec/registry/native/c/vendor/wasi-sdk/share/wasi-sysroot -O2 -pthread -matomics -mbulk-memory -DSECURE_EXEC_WASM_THREADS -D_WASI_EMULATED_SIGNAL -D_WASI_EMULATED_MMAN -D_WASI_EMULATED_PROCESS_CLOCKS -D_GNU_SOURCE -mllvm -wasm-enable-sjlj -Wno-error=implicit-function-declaration -Wno-error=int-conversion -Wno-int-conversion -I/home/nathan/secure-exec-wasmgui/experiments/wasm-gui/toolchain/compat-include -include /home/nathan/secure-exec-wasmgui/experiments/wasm-gui/toolchain/wasi-compat.h -I/home/nathan/secure-exec-wasmgui/experiments/wasm-gui/third_party/wasm-prefix-threads/include -g0 --target=wasm32-wasip1-threads --sysroot=/home/nathan/secure-exec/registry/native/c/vendor/wasi-sdk/share/wasi-sysroot -I/home/nathan/secure-exec-wasmgui/experiments/wasm-gui/third_party/wasm-prefix-threads/include -I/home/nathan/secure-exec-wasmgui/experiments/wasm-gui/toolchain/compat-include -include /home/nathan/secure-exec-wasmgui/experiments/wasm-gui/toolchain/wasi-compat.h conftest.c >&5
configure:4706: $? = 0
configure:4706: result: yes
configure:4706: checking for stdint.h
configure:4706: /home/nathan/secure-exec-wasmgui/experiments/wasm-gui/toolchain/clang-wasi-wrap.sh -c --target=wasm32-wasip1-threads --sysroot=/home/nathan/secure-exec/registry/native/c/vendor/wasi-sdk/share/wasi-sysroot -O2 -pthread -matomics -mbulk-memory -DSECURE_EXEC_WASM_THREADS -D_WASI_EMULATED_SIGNAL -D_WASI_EMULATED_MMAN -D_WASI_EMULATED_PROCESS_CLOCKS -D_GNU_SOURCE -mllvm -wasm-enable-sjlj -Wno-error=implicit-function-declaration -Wno-error=int-conversion -Wno-int-conversion -I/home/nathan/secure-exec-wasmgui/experiments/wasm-gui/toolchain/compat-include -include /home/nathan/secure-exec-wasmgui/experiments/wasm-gui/toolchain/wasi-compat.h -I/home/nathan/secure-exec-wasmgui/experiments/wasm-gui/third_party/wasm-prefix-threads/include -g0 --target=wasm32-wasip1-threads --sysroot=/home/nathan/secure-exec/registry/native/c/vendor/wasi-sdk/share/wasi-sysroot -I/home/nathan/secure-exec-wasmgui/experiments/wasm-gui/third_party/wasm-prefix-threads/include -I/home/nathan/secure-exec-wasmgui/experiments/wasm-gui/toolchain/compat-include -include /home/nathan/secure-exec-wasmgui/experiments/wasm-gui/toolchain/wasi-compat.h conftest.c >&5
configure:4706: $? = 0
configure:4706: result: yes
configure:4706: checking for strings.h
configure:4706: /home/nathan/secure-exec-wasmgui/experiments/wasm-gui/toolchain/clang-wasi-wrap.sh -c --target=wasm32-wasip1-threads --sysroot=/home/nathan/secure-exec/registry/native/c/vendor/wasi-sdk/share/wasi-sysroot -O2 -pthread -matomics -mbulk-memory -DSECURE_EXEC_WASM_THREADS -D_WASI_EMULATED_SIGNAL -D_WASI_EMULATED_MMAN -D_WASI_EMULATED_PROCESS_CLOCKS -D_GNU_SOURCE -mllvm -wasm-enable-sjlj -Wno-error=implicit-function-declaration -Wno-error=int-conversion -Wno-int-conversion -I/home/nathan/secure-exec-wasmgui/experiments/wasm-gui/toolchain/compat-include -include /home/nathan/secure-exec-wasmgui/experiments/wasm-gui/toolchain/wasi-compat.h -I/home/nathan/secure-exec-wasmgui/experiments/wasm-gui/third_party/wasm-prefix-threads/include -g0 --target=wasm32-wasip1-threads --sysroot=/home/nathan/secure-exec/registry/native/c/vendor/wasi-sdk/share/wasi-sysroot -I/home/nathan/secure-exec-wasmgui/experiments/wasm-gui/third_party/wasm-prefix-threads/include -I/home/nathan/secure-exec-wasmgui/experiments/wasm-gui/toolchain/compat-include -include /home/nathan/secure-exec-wasmgui/experiments/wasm-gui/toolchain/wasi-compat.h conftest.c >&5
configure:4706: $? = 0
configure:4706: result: yes
configure:4706: checking for sys/stat.h
configure:4706: /home/nathan/secure-exec-wasmgui/experiments/wasm-gui/toolchain/clang-wasi-wrap.sh -c --target=wasm32-wasip1-threads --sysroot=/home/nathan/secure-exec/registry/native/c/vendor/wasi-sdk/share/wasi-sysroot -O2 -pthread -matomics -mbulk-memory -DSECURE_EXEC_WASM_THREADS -D_WASI_EMULATED_SIGNAL -D_WASI_EMULATED_MMAN -D_WASI_EMULATED_PROCESS_CLOCKS -D_GNU_SOURCE -mllvm -wasm-enable-sjlj -Wno-error=implicit-function-declaration -Wno-error=int-conversion -Wno-int-conversion -I/home/nathan/secure-exec-wasmgui/experiments/wasm-gui/toolchain/compat-include -include /home/nathan/secure-exec-wasmgui/experiments/wasm-gui/toolchain/wasi-compat.h -I/home/nathan/secure-exec-wasmgui/experiments/wasm-gui/third_party/wasm-prefix-threads/include -g0 --target=wasm32-wasip1-threads --sysroot=/home/nathan/secure-exec/registry/native/c/vendor/wasi-sdk/share/wasi-sysroot -I/home/nathan/secure-exec-wasmgui/experiments/wasm-gui/third_party/wasm-prefix-threads/include -I/home/nathan/secure-exec-wasmgui/experiments/wasm-gui/toolchain/compat-include -include /home/nathan/secure-exec-wasmgui/experiments/wasm-gui/toolchain/wasi-compat.h conftest.c >&5
configure:4706: $? = 0
configure:4706: result: yes
configure:4706: checking for sys/types.h
configure:4706: /home/nathan/secure-exec-wasmgui/experiments/wasm-gui/toolchain/clang-wasi-wrap.sh -c --target=wasm32-wasip1-threads --sysroot=/home/nathan/secure-exec/registry/native/c/vendor/wasi-sdk/share/wasi-sysroot -O2 -pthread -matomics -mbulk-memory -DSECURE_EXEC_WASM_THREADS -D_WASI_EMULATED_SIGNAL -D_WASI_EMULATED_MMAN -D_WASI_EMULATED_PROCESS_CLOCKS -D_GNU_SOURCE -mllvm -wasm-enable-sjlj -Wno-error=implicit-function-declaration -Wno-error=int-conversion -Wno-int-conversion -I/home/nathan/secure-exec-wasmgui/experiments/wasm-gui/toolchain/compat-include -include /home/nathan/secure-exec-wasmgui/experiments/wasm-gui/toolchain/wasi-compat.h -I/home/nathan/secure-exec-wasmgui/experiments/wasm-gui/third_party/wasm-prefix-threads/include -g0 --target=wasm32-wasip1-threads --sysroot=/home/nathan/secure-exec/registry/native/c/vendor/wasi-sdk/share/wasi-sysroot -I/home/nathan/secure-exec-wasmgui/experiments/wasm-gui/third_party/wasm-prefix-threads/include -I/home/nathan/secure-exec-wasmgui/experiments/wasm-gui/toolchain/compat-include -include /home/nathan/secure-exec-wasmgui/experiments/wasm-gui/toolchain/wasi-compat.h conftest.c >&5
configure:4706: $? = 0
configure:4706: result: yes
configure:4706: checking for unistd.h
configure:4706: /home/nathan/secure-exec-wasmgui/experiments/wasm-gui/toolchain/clang-wasi-wrap.sh -c --target=wasm32-wasip1-threads --sysroot=/home/nathan/secure-exec/registry/native/c/vendor/wasi-sdk/share/wasi-sysroot -O2 -pthread -matomics -mbulk-memory -DSECURE_EXEC_WASM_THREADS -D_WASI_EMULATED_SIGNAL -D_WASI_EMULATED_MMAN -D_WASI_EMULATED_PROCESS_CLOCKS -D_GNU_SOURCE -mllvm -wasm-enable-sjlj -Wno-error=implicit-function-declaration -Wno-error=int-conversion -Wno-int-conversion -I/home/nathan/secure-exec-wasmgui/experiments/wasm-gui/toolchain/compat-include -include /home/nathan/secure-exec-wasmgui/experiments/wasm-gui/toolchain/wasi-compat.h -I/home/nathan/secure-exec-wasmgui/experiments/wasm-gui/third_party/wasm-prefix-threads/include -g0 --target=wasm32-wasip1-threads --sysroot=/home/nathan/secure-exec/registry/native/c/vendor/wasi-sdk/share/wasi-sysroot -I/home/nathan/secure-exec-wasmgui/experiments/wasm-gui/third_party/wasm-prefix-threads/include -I/home/nathan/secure-exec-wasmgui/experiments/wasm-gui/toolchain/compat-include -include /home/nathan/secure-exec-wasmgui/experiments/wasm-gui/toolchain/wasi-compat.h conftest.c >&5
configure:4706: $? = 0
configure:4706: result: yes
configure:4706: checking for wchar.h
configure:4706: /home/nathan/secure-exec-wasmgui/experiments/wasm-gui/toolchain/clang-wasi-wrap.sh -c --target=wasm32-wasip1-threads --sysroot=/home/nathan/secure-exec/registry/native/c/vendor/wasi-sdk/share/wasi-sysroot -O2 -pthread -matomics -mbulk-memory -DSECURE_EXEC_WASM_THREADS -D_WASI_EMULATED_SIGNAL -D_WASI_EMULATED_MMAN -D_WASI_EMULATED_PROCESS_CLOCKS -D_GNU_SOURCE -mllvm -wasm-enable-sjlj -Wno-error=implicit-function-declaration -Wno-error=int-conversion -Wno-int-conversion -I/home/nathan/secure-exec-wasmgui/experiments/wasm-gui/toolchain/compat-include -include /home/nathan/secure-exec-wasmgui/experiments/wasm-gui/toolchain/wasi-compat.h -I/home/nathan/secure-exec-wasmgui/experiments/wasm-gui/third_party/wasm-prefix-threads/include -g0 --target=wasm32-wasip1-threads --sysroot=/home/nathan/secure-exec/registry/native/c/vendor/wasi-sdk/share/wasi-sysroot -I/home/nathan/secure-exec-wasmgui/experiments/wasm-gui/third_party/wasm-prefix-threads/include -I/home/nathan/secure-exec-wasmgui/experiments/wasm-gui/toolchain/compat-include -include /home/nathan/secure-exec-wasmgui/experiments/wasm-gui/toolchain/wasi-compat.h conftest.c >&5
configure:4706: $? = 0
configure:4706: result: yes
configure:4706: checking for minix/config.h
configure:4706: /home/nathan/secure-exec-wasmgui/experiments/wasm-gui/toolchain/clang-wasi-wrap.sh -c --target=wasm32-wasip1-threads --sysroot=/home/nathan/secure-exec/registry/native/c/vendor/wasi-sdk/share/wasi-sysroot -O2 -pthread -matomics -mbulk-memory -DSECURE_EXEC_WASM_THREADS -D_WASI_EMULATED_SIGNAL -D_WASI_EMULATED_MMAN -D_WASI_EMULATED_PROCESS_CLOCKS -D_GNU_SOURCE -mllvm -wasm-enable-sjlj -Wno-error=implicit-function-declaration -Wno-error=int-conversion -Wno-int-conversion -I/home/nathan/secure-exec-wasmgui/experiments/wasm-gui/toolchain/compat-include -include /home/nathan/secure-exec-wasmgui/experiments/wasm-gui/toolchain/wasi-compat.h -I/home/nathan/secure-exec-wasmgui/experiments/wasm-gui/third_party/wasm-prefix-threads/include -g0 --target=wasm32-wasip1-threads --sysroot=/home/nathan/secure-exec/registry/native/c/vendor/wasi-sdk/share/wasi-sysroot -I/home/nathan/secure-exec-wasmgui/experiments/wasm-gui/third_party/wasm-prefix-threads/include -I/home/nathan/secure-exec-wasmgui/experiments/wasm-gui/toolchain/compat-include -include /home/nathan/secure-exec-wasmgui/experiments/wasm-gui/toolchain/wasi-compat.h conftest.c >&5
conftest.c:49:10: fatal error: 'minix/config.h' file not found
   49 | #include <minix/config.h>
      |          ^~~~~~~~~~~~~~~~
1 error generated.
configure:4706: $? = 1
configure: failed program was:
| /* confdefs.h */
| #define PACKAGE_NAME "ristretto"
| #define PACKAGE_TARNAME "ristretto"
| #define PACKAGE_VERSION "0.13.2"
| #define PACKAGE_STRING "ristretto 0.13.2"
| #define PACKAGE_BUGREPORT "https://gitlab.xfce.org/apps/ristretto"
| #define PACKAGE_URL ""
| #define PACKAGE "ristretto"
| #define VERSION "0.13.2"
| #define HAVE_STDIO_H 1
| #define HAVE_STDLIB_H 1
| #define HAVE_STRING_H 1
| #define HAVE_INTTYPES_H 1
| #define HAVE_STDINT_H 1
| #define HAVE_STRINGS_H 1
| #define HAVE_SYS_STAT_H 1
| #define HAVE_SYS_TYPES_H 1
| #define HAVE_UNISTD_H 1
| #define HAVE_WCHAR_H 1
| /* end confdefs.h.  */
| #include <stddef.h>
| #ifdef HAVE_STDIO_H
| # include <stdio.h>
| #endif
| #ifdef HAVE_STDLIB_H
| # include <stdlib.h>
| #endif
| #ifdef HAVE_STRING_H
| # include <string.h>
| #endif
| #ifdef HAVE_INTTYPES_H
| # include <inttypes.h>
| #endif
| #ifdef HAVE_STDINT_H
| # include <stdint.h>
| #endif
| #ifdef HAVE_STRINGS_H
| # include <strings.h>
| #endif
| #ifdef HAVE_SYS_TYPES_H
| # include <sys/types.h>
| #endif
| #ifdef HAVE_SYS_STAT_H
| # include <sys/stat.h>
| #endif
| #ifdef HAVE_UNISTD_H
| # include <unistd.h>
| #endif
| #include <minix/config.h>
configure:4706: result: no
configure:4737: checking whether it is safe to define __EXTENSIONS__
configure:4756: /home/nathan/secure-exec-wasmgui/experiments/wasm-gui/toolchain/clang-wasi-wrap.sh -c --target=wasm32-wasip1-threads --sysroot=/home/nathan/secure-exec/registry/native/c/vendor/wasi-sdk/share/wasi-sysroot -O2 -pthread -matomics -mbulk-memory -DSECURE_EXEC_WASM_THREADS -D_WASI_EMULATED_SIGNAL -D_WASI_EMULATED_MMAN -D_WASI_EMULATED_PROCESS_CLOCKS -D_GNU_SOURCE -mllvm -wasm-enable-sjlj -Wno-error=implicit-function-declaration -Wno-error=int-conversion -Wno-int-conversion -I/home/nathan/secure-exec-wasmgui/experiments/wasm-gui/toolchain/compat-include -include /home/nathan/secure-exec-wasmgui/experiments/wasm-gui/toolchain/wasi-compat.h -I/home/nathan/secure-exec-wasmgui/experiments/wasm-gui/third_party/wasm-prefix-threads/include -g0 --target=wasm32-wasip1-threads --sysroot=/home/nathan/secure-exec/registry/native/c/vendor/wasi-sdk/share/wasi-sysroot -I/home/nathan/secure-exec-wasmgui/experiments/wasm-gui/third_party/wasm-prefix-threads/include -I/home/nathan/secure-exec-wasmgui/experiments/wasm-gui/toolchain/compat-include -include /home/nathan/secure-exec-wasmgui/experiments/wasm-gui/toolchain/wasi-compat.h conftest.c >&5
configure:4756: $? = 0
configure:4766: result: yes
configure:4769: checking whether _XOPEN_SOURCE should be defined
configure:4791: /home/nathan/secure-exec-wasmgui/experiments/wasm-gui/toolchain/clang-wasi-wrap.sh -c --target=wasm32-wasip1-threads --sysroot=/home/nathan/secure-exec/registry/native/c/vendor/wasi-sdk/share/wasi-sysroot -O2 -pthread -matomics -mbulk-memory -DSECURE_EXEC_WASM_THREADS -D_WASI_EMULATED_SIGNAL -D_WASI_EMULATED_MMAN -D_WASI_EMULATED_PROCESS_CLOCKS -D_GNU_SOURCE -mllvm -wasm-enable-sjlj -Wno-error=implicit-function-declaration -Wno-error=int-conversion -Wno-int-conversion -I/home/nathan/secure-exec-wasmgui/experiments/wasm-gui/toolchain/compat-include -include /home/nathan/secure-exec-wasmgui/experiments/wasm-gui/toolchain/wasi-compat.h -I/home/nathan/secure-exec-wasmgui/experiments/wasm-gui/third_party/wasm-prefix-threads/include -g0 --target=wasm32-wasip1-threads --sysroot=/home/nathan/secure-exec/registry/native/c/vendor/wasi-sdk/share/wasi-sysroot -I/home/nathan/secure-exec-wasmgui/experiments/wasm-gui/third_party/wasm-prefix-threads/include -I/home/nathan/secure-exec-wasmgui/experiments/wasm-gui/toolchain/compat-include -include /home/nathan/secure-exec-wasmgui/experiments/wasm-gui/toolchain/wasi-compat.h conftest.c >&5
configure:4791: $? = 0
configure:4820: result: no
configure:4879: checking for library containing strerror
configure:4915: /home/nathan/secure-exec-wasmgui/experiments/wasm-gui/toolchain/clang-wasi-wrap.sh -o conftest --target=wasm32-wasip1-threads --sysroot=/home/nathan/secure-exec/registry/native/c/vendor/wasi-sdk/share/wasi-sysroot -O2 -pthread -matomics -mbulk-memory -DSECURE_EXEC_WASM_THREADS -D_WASI_EMULATED_SIGNAL -D_WASI_EMULATED_MMAN -D_WASI_EMULATED_PROCESS_CLOCKS -D_GNU_SOURCE -mllvm -wasm-enable-sjlj -Wno-error=implicit-function-declaration -Wno-error=int-conversion -Wno-int-conversion -I/home/nathan/secure-exec-wasmgui/experiments/wasm-gui/toolchain/compat-include -include /home/nathan/secure-exec-wasmgui/experiments/wasm-gui/toolchain/wasi-compat.h -I/home/nathan/secure-exec-wasmgui/experiments/wasm-gui/third_party/wasm-prefix-threads/include -g0 --target=wasm32-wasip1-threads --sysroot=/home/nathan/secure-exec/registry/native/c/vendor/wasi-sdk/share/wasi-sysroot -I/home/nathan/secure-exec-wasmgui/experiments/wasm-gui/third_party/wasm-prefix-threads/include -I/home/nathan/secure-exec-wasmgui/experiments/wasm-gui/toolchain/compat-include -include /home/nathan/secure-exec-wasmgui/experiments/wasm-gui/toolchain/wasi-compat.h --target=wasm32-wasip1-threads --sysroot=/home/nathan/secure-exec/registry/native/c/vendor/wasi-sdk/share/wasi-sysroot -Wl,--shared-memory -Wl,--import-memory -Wl,--export-memory -Wl,--max-memory=536870912 -Wl,--export=wasi_thread_start -Wl,--no-check-features -lwasi-emulated-signal -L/home/nathan/secure-exec-wasmgui/experiments/wasm-gui/third_party/wasm-prefix-threads/lib -L/home/nathan/secure-exec/registry/native/c/vendor/wasi-sdk/share/wasi-sysroot/lib/wasm32-wasip1-threads -lwasi-emulated-mman -lwasi-emulated-process-clocks -L/home/nathan/secure-exec-wasmgui/experiments/wasm-gui/third_party/wasm-prefix-threads/lib -lhostcompat conftest.c  >&5
conftest.c:49:6: warning: incompatible redeclaration of library function 'strerror' [-Wincompatible-library-redeclaration]
   49 | char strerror (void);
      |      ^
conftest.c:49:6: note: 'strerror' is a builtin with type 'char *(int)'
1 warning generated.
wasm-ld: warning: function signature mismatch: strerror
>>> defined as () -> i32 in /tmp/conftest-685334.o
>>> defined as (i32) -> i32 in /home/nathan/secure-exec/registry/native/c/vendor/wasi-sdk/share/wasi-sysroot/lib/wasm32-wasip1-threads/libc.a(strerror.o)
configure:4915: $? = 0
configure:4937: result: none required
configure:4964: checking for wasm32-wasi-gcc
configure:4997: result: /home/nathan/secure-exec-wasmgui/experiments/wasm-gui/toolchain/clang-wasi-wrap.sh
configure:5402: checking for C compiler version
configure:5411: /home/nathan/secure-exec-wasmgui/experiments/wasm-gui/toolchain/clang-wasi-wrap.sh --version >&5
clang version 19.1.5-wasi-sdk (https://github.com/llvm/llvm-project ab4b5a2db582958af1ee308a790cfdb42bd24720)
Target: wasm32-unknown-wasi
Thread model: posix
InstalledDir: /home/nathan/secure-exec/registry/native/c/vendor/wasi-sdk/bin
configure:5422: $? = 0
configure:5411: /home/nathan/secure-exec-wasmgui/experiments/wasm-gui/toolchain/clang-wasi-wrap.sh -v >&5
clang version 19.1.5-wasi-sdk (https://github.com/llvm/llvm-project ab4b5a2db582958af1ee308a790cfdb42bd24720)
Target: wasm32-unknown-wasi
Thread model: posix
InstalledDir: /home/nathan/secure-exec/registry/native/c/vendor/wasi-sdk/bin
configure:5422: $? = 0
configure:5411: /home/nathan/secure-exec-wasmgui/experiments/wasm-gui/toolchain/clang-wasi-wrap.sh -V >&5
clang: error: argument to '-V' is missing (expected 1 value)
clang: error: no input files
configure:5422: $? = 1
configure:5411: /home/nathan/secure-exec-wasmgui/experiments/wasm-gui/toolchain/clang-wasi-wrap.sh -qversion >&5
clang: error: unknown argument '-qversion'; did you mean '--version'?
clang: error: no input files
configure:5422: $? = 1
configure:5411: /home/nathan/secure-exec-wasmgui/experiments/wasm-gui/toolchain/clang-wasi-wrap.sh -version >&5
clang: error: unknown argument '-version'; did you mean '--version'?
clang: error: no input files
configure:5422: $? = 1
configure:5426: checking whether the compiler supports GNU C
configure:5458: result: yes
configure:5469: checking whether /home/nathan/secure-exec-wasmgui/experiments/wasm-gui/toolchain/clang-wasi-wrap.sh accepts -g
configure:5537: result: yes
configure:5557: checking for /home/nathan/secure-exec-wasmgui/experiments/wasm-gui/toolchain/clang-wasi-wrap.sh option to enable C11 features
configure:5591: result: none needed
configure:5715: checking whether /home/nathan/secure-exec-wasmgui/experiments/wasm-gui/toolchain/clang-wasi-wrap.sh understands -c and -o together
configure:5754: result: yes
configure:5773: checking dependency style of /home/nathan/secure-exec-wasmgui/experiments/wasm-gui/toolchain/clang-wasi-wrap.sh
configure:5886: result: gcc3
configure:5901: checking for a sed that does not truncate output
configure:5973: result: /usr/bin/sed
configure:5986: checking whether NLS is requested
configure:5997: result: no
configure:6037: checking for msgfmt
configure: trying /home/nathan/secure-exec-wasmgui/experiments/wasm-gui/toolchain/host-bin/msgfmt...
configure:6071: result: /home/nathan/secure-exec-wasmgui/experiments/wasm-gui/toolchain/host-bin/msgfmt
configure:6080: checking for gmsgfmt
configure:6117: result: /home/nathan/secure-exec-wasmgui/experiments/wasm-gui/toolchain/host-bin/msgfmt
configure:6167: checking for xgettext
configure: trying /home/nathan/secure-exec-wasmgui/experiments/wasm-gui/toolchain/host-bin/xgettext...
configure:6201: result: /home/nathan/secure-exec-wasmgui/experiments/wasm-gui/toolchain/host-bin/xgettext
configure:6246: checking for msgmerge
configure: trying /home/nathan/secure-exec-wasmgui/experiments/wasm-gui/toolchain/host-bin/msgmerge...
configure:6279: result: /home/nathan/secure-exec-wasmgui/experiments/wasm-gui/toolchain/host-bin/msgmerge
configure:6318: checking build system type
configure:6334: result: x86_64-pc-linux-gnux32
configure:6354: checking host system type
configure:6369: result: wasm32-unknown-wasi
configure:6416: checking for ld used by /home/nathan/secure-exec-wasmgui/experiments/wasm-gui/toolchain/clang-wasi-wrap.sh
configure:6485: result: /home/linuxbrew/.linuxbrew/bin/ld
configure:6492: checking if the linker (/home/linuxbrew/.linuxbrew/bin/ld) is GNU ld
configure:6509: result: yes
configure:6517: checking for shared library run path origin
configure:6532: result: done
configure:6558: checking how to run the C preprocessor
configure:6584: /home/nathan/secure-exec-wasmgui/experiments/wasm-gui/toolchain/clang-wasi-wrap.sh -E --target=wasm32-wasip1-threads --sysroot=/home/nathan/secure-exec/registry/native/c/vendor/wasi-sdk/share/wasi-sysroot -I/home/nathan/secure-exec-wasmgui/experiments/wasm-gui/third_party/wasm-prefix-threads/include -I/home/nathan/secure-exec-wasmgui/experiments/wasm-gui/toolchain/compat-include -include /home/nathan/secure-exec-wasmgui/experiments/wasm-gui/toolchain/wasi-compat.h conftest.c
configure:6584: $? = 0
configure:6600: /home/nathan/secure-exec-wasmgui/experiments/wasm-gui/toolchain/clang-wasi-wrap.sh -E --target=wasm32-wasip1-threads --sysroot=/home/nathan/secure-exec/registry/native/c/vendor/wasi-sdk/share/wasi-sysroot -I/home/nathan/secure-exec-wasmgui/experiments/wasm-gui/third_party/wasm-prefix-threads/include -I/home/nathan/secure-exec-wasmgui/experiments/wasm-gui/toolchain/compat-include -include /home/nathan/secure-exec-wasmgui/experiments/wasm-gui/toolchain/wasi-compat.h conftest.c
conftest.c:40:10: fatal error: 'ac_nonexistent.h' file not found
   40 | #include <ac_nonexistent.h>
      |          ^~~~~~~~~~~~~~~~~~
1 error generated.
configure:6600: $? = 1
configure: failed program was:
| /* confdefs.h */
| #define PACKAGE_NAME "ristretto"
| #define PACKAGE_TARNAME "ristretto"
| #define PACKAGE_VERSION "0.13.2"
| #define PACKAGE_STRING "ristretto 0.13.2"
| #define PACKAGE_BUGREPORT "https://gitlab.xfce.org/apps/ristretto"
| #define PACKAGE_URL ""
| #define PACKAGE "ristretto"
| #define VERSION "0.13.2"
| #define HAVE_STDIO_H 1
| #define HAVE_STDLIB_H 1
| #define HAVE_STRING_H 1
| #define HAVE_INTTYPES_H 1
| #define HAVE_STDINT_H 1
| #define HAVE_STRINGS_H 1
| #define HAVE_SYS_STAT_H 1
| #define HAVE_SYS_TYPES_H 1
| #define HAVE_UNISTD_H 1
| #define HAVE_WCHAR_H 1
| #define STDC_HEADERS 1
| #define _ALL_SOURCE 1
| #define _DARWIN_C_SOURCE 1
| #define _GNU_SOURCE 1
| #define _HPUX_ALT_XOPEN_SOCKET_API 1
| #define _NETBSD_SOURCE 1
| #define _OPENBSD_SOURCE 1
| #define _POSIX_PTHREAD_SEMANTICS 1
| #define __STDC_WANT_IEC_60559_ATTRIBS_EXT__ 1
| #define __STDC_WANT_IEC_60559_BFP_EXT__ 1
| #define __STDC_WANT_IEC_60559_DFP_EXT__ 1
| #define __STDC_WANT_IEC_60559_EXT__ 1
| #define __STDC_WANT_IEC_60559_FUNCS_EXT__ 1
| #define __STDC_WANT_IEC_60559_TYPES_EXT__ 1
| #define __STDC_WANT_LIB_EXT2__ 1
| #define __STDC_WANT_MATH_SPEC_FUNCS__ 1
| #define _TANDEM_SOURCE 1
| #define __EXTENSIONS__ 1
| #define GETTEXT_PACKAGE "ristretto"
| /* end confdefs.h.  */
| #include <ac_nonexistent.h>
configure:6629: result: /home/nathan/secure-exec-wasmgui/experiments/wasm-gui/toolchain/clang-wasi-wrap.sh -E
configure:6643: /home/nathan/secure-exec-wasmgui/experiments/wasm-gui/toolchain/clang-wasi-wrap.sh -E --target=wasm32-wasip1-threads --sysroot=/home/nathan/secure-exec/registry/native/c/vendor/wasi-sdk/share/wasi-sysroot -I/home/nathan/secure-exec-wasmgui/experiments/wasm-gui/third_party/wasm-prefix-threads/include -I/home/nathan/secure-exec-wasmgui/experiments/wasm-gui/toolchain/compat-include -include /home/nathan/secure-exec-wasmgui/experiments/wasm-gui/toolchain/wasi-compat.h conftest.c
configure:6643: $? = 0
configure:6659: /home/nathan/secure-exec-wasmgui/experiments/wasm-gui/toolchain/clang-wasi-wrap.sh -E --target=wasm32-wasip1-threads --sysroot=/home/nathan/secure-exec/registry/native/c/vendor/wasi-sdk/share/wasi-sysroot -I/home/nathan/secure-exec-wasmgui/experiments/wasm-gui/third_party/wasm-prefix-threads/include -I/home/nathan/secure-exec-wasmgui/experiments/wasm-gui/toolchain/compat-include -include /home/nathan/secure-exec-wasmgui/experiments/wasm-gui/toolchain/wasi-compat.h conftest.c
conftest.c:40:10: fatal error: 'ac_nonexistent.h' file not found
   40 | #include <ac_nonexistent.h>
      |          ^~~~~~~~~~~~~~~~~~
1 error generated.
configure:6659: $? = 1
configure: failed program was:
| /* confdefs.h */
| #define PACKAGE_NAME "ristretto"
| #define PACKAGE_TARNAME "ristretto"
| #define PACKAGE_VERSION "0.13.2"
| #define PACKAGE_STRING "ristretto 0.13.2"
| #define PACKAGE_BUGREPORT "https://gitlab.xfce.org/apps/ristretto"
| #define PACKAGE_URL ""
| #define PACKAGE "ristretto"
| #define VERSION "0.13.2"
| #define HAVE_STDIO_H 1
| #define HAVE_STDLIB_H 1
| #define HAVE_STRING_H 1
| #define HAVE_INTTYPES_H 1
| #define HAVE_STDINT_H 1
| #define HAVE_STRINGS_H 1
| #define HAVE_SYS_STAT_H 1
| #define HAVE_SYS_TYPES_H 1
| #define HAVE_UNISTD_H 1
| #define HAVE_WCHAR_H 1
| #define STDC_HEADERS 1
| #define _ALL_SOURCE 1
| #define _DARWIN_C_SOURCE 1
| #define _GNU_SOURCE 1
| #define _HPUX_ALT_XOPEN_SOCKET_API 1
| #define _NETBSD_SOURCE 1
| #define _OPENBSD_SOURCE 1
| #define _POSIX_PTHREAD_SEMANTICS 1
| #define __STDC_WANT_IEC_60559_ATTRIBS_EXT__ 1
| #define __STDC_WANT_IEC_60559_BFP_EXT__ 1
| #define __STDC_WANT_IEC_60559_DFP_EXT__ 1
| #define __STDC_WANT_IEC_60559_EXT__ 1
| #define __STDC_WANT_IEC_60559_FUNCS_EXT__ 1
| #define __STDC_WANT_IEC_60559_TYPES_EXT__ 1
| #define __STDC_WANT_LIB_EXT2__ 1
| #define __STDC_WANT_MATH_SPEC_FUNCS__ 1
| #define _TANDEM_SOURCE 1
| #define __EXTENSIONS__ 1
| #define GETTEXT_PACKAGE "ristretto"
| /* end confdefs.h.  */
| #include <ac_nonexistent.h>
configure:6692: checking for egrep -e
configure:6822: result: /usr/bin/grep -E
configure:7384: checking for CFPreferencesCopyAppValue
configure:7403: /home/nathan/secure-exec-wasmgui/experiments/wasm-gui/toolchain/clang-wasi-wrap.sh -o conftest --target=wasm32-wasip1-threads --sysroot=/home/nathan/secure-exec/registry/native/c/vendor/wasi-sdk/share/wasi-sysroot -O2 -pthread -matomics -mbulk-memory -DSECURE_EXEC_WASM_THREADS -D_WASI_EMULATED_SIGNAL -D_WASI_EMULATED_MMAN -D_WASI_EMULATED_PROCESS_CLOCKS -D_GNU_SOURCE -mllvm -wasm-enable-sjlj -Wno-error=implicit-function-declaration -Wno-error=int-conversion -Wno-int-conversion -I/home/nathan/secure-exec-wasmgui/experiments/wasm-gui/toolchain/compat-include -include /home/nathan/secure-exec-wasmgui/experiments/wasm-gui/toolchain/wasi-compat.h -I/home/nathan/secure-exec-wasmgui/experiments/wasm-gui/third_party/wasm-prefix-threads/include -g0 --target=wasm32-wasip1-threads --sysroot=/home/nathan/secure-exec/registry/native/c/vendor/wasi-sdk/share/wasi-sysroot -I/home/nathan/secure-exec-wasmgui/experiments/wasm-gui/third_party/wasm-prefix-threads/include -I/home/nathan/secure-exec-wasmgui/experiments/wasm-gui/toolchain/compat-include -include /home/nathan/secure-exec-wasmgui/experiments/wasm-gui/toolchain/wasi-compat.h --target=wasm32-wasip1-threads --sysroot=/home/nathan/secure-exec/registry/native/c/vendor/wasi-sdk/share/wasi-sysroot -Wl,--shared-memory -Wl,--import-memory -Wl,--export-memory -Wl,--max-memory=536870912 -Wl,--export=wasi_thread_start -Wl,--no-check-features -lwasi-emulated-signal -L/home/nathan/secure-exec-wasmgui/experiments/wasm-gui/third_party/wasm-prefix-threads/lib -L/home/nathan/secure-exec/registry/native/c/vendor/wasi-sdk/share/wasi-sysroot/lib/wasm32-wasip1-threads -lwasi-emulated-mman -lwasi-emulated-process-clocks -L/home/nathan/secure-exec-wasmgui/experiments/wasm-gui/third_party/wasm-prefix-threads/lib -lhostcompat conftest.c  -Wl,-framework -Wl,CoreFoundation >&5
conftest.c:40:10: fatal error: 'CoreFoundation/CFPreferences.h' file not found
   40 | #include <CoreFoundation/CFPreferences.h>
      |          ^~~~~~~~~~~~~~~~~~~~~~~~~~~~~~~~
1 error generated.
configure:7403: $? = 1
configure: failed program was:
| /* confdefs.h */
| #define PACKAGE_NAME "ristretto"
| #define PACKAGE_TARNAME "ristretto"
| #define PACKAGE_VERSION "0.13.2"
| #define PACKAGE_STRING "ristretto 0.13.2"
| #define PACKAGE_BUGREPORT "https://gitlab.xfce.org/apps/ristretto"
| #define PACKAGE_URL ""
| #define PACKAGE "ristretto"
| #define VERSION "0.13.2"
| #define HAVE_STDIO_H 1
| #define HAVE_STDLIB_H 1
| #define HAVE_STRING_H 1
| #define HAVE_INTTYPES_H 1
| #define HAVE_STDINT_H 1
| #define HAVE_STRINGS_H 1
| #define HAVE_SYS_STAT_H 1
| #define HAVE_SYS_TYPES_H 1
| #define HAVE_UNISTD_H 1
| #define HAVE_WCHAR_H 1
| #define STDC_HEADERS 1
| #define _ALL_SOURCE 1
| #define _DARWIN_C_SOURCE 1
| #define _GNU_SOURCE 1
| #define _HPUX_ALT_XOPEN_SOCKET_API 1
| #define _NETBSD_SOURCE 1
| #define _OPENBSD_SOURCE 1
| #define _POSIX_PTHREAD_SEMANTICS 1
| #define __STDC_WANT_IEC_60559_ATTRIBS_EXT__ 1
| #define __STDC_WANT_IEC_60559_BFP_EXT__ 1
| #define __STDC_WANT_IEC_60559_DFP_EXT__ 1
| #define __STDC_WANT_IEC_60559_EXT__ 1
| #define __STDC_WANT_IEC_60559_FUNCS_EXT__ 1
| #define __STDC_WANT_IEC_60559_TYPES_EXT__ 1
| #define __STDC_WANT_LIB_EXT2__ 1
| #define __STDC_WANT_MATH_SPEC_FUNCS__ 1
| #define _TANDEM_SOURCE 1
| #define __EXTENSIONS__ 1
| #define GETTEXT_PACKAGE "ristretto"
| /* end confdefs.h.  */
| #include <CoreFoundation/CFPreferences.h>
| int
| main (void)
| {
| CFPreferencesCopyAppValue(NULL, NULL)
|   ;
|   return 0;
| }
configure:7415: result: no
configure:7422: checking for CFLocaleCopyCurrent
configure:7441: /home/nathan/secure-exec-wasmgui/experiments/wasm-gui/toolchain/clang-wasi-wrap.sh -o conftest --target=wasm32-wasip1-threads --sysroot=/home/nathan/secure-exec/registry/native/c/vendor/wasi-sdk/share/wasi-sysroot -O2 -pthread -matomics -mbulk-memory -DSECURE_EXEC_WASM_THREADS -D_WASI_EMULATED_SIGNAL -D_WASI_EMULATED_MMAN -D_WASI_EMULATED_PROCESS_CLOCKS -D_GNU_SOURCE -mllvm -wasm-enable-sjlj -Wno-error=implicit-function-declaration -Wno-error=int-conversion -Wno-int-conversion -I/home/nathan/secure-exec-wasmgui/experiments/wasm-gui/toolchain/compat-include -include /home/nathan/secure-exec-wasmgui/experiments/wasm-gui/toolchain/wasi-compat.h -I/home/nathan/secure-exec-wasmgui/experiments/wasm-gui/third_party/wasm-prefix-threads/include -g0 --target=wasm32-wasip1-threads --sysroot=/home/nathan/secure-exec/registry/native/c/vendor/wasi-sdk/share/wasi-sysroot -I/home/nathan/secure-exec-wasmgui/experiments/wasm-gui/third_party/wasm-prefix-threads/include -I/home/nathan/secure-exec-wasmgui/experiments/wasm-gui/toolchain/compat-include -include /home/nathan/secure-exec-wasmgui/experiments/wasm-gui/toolchain/wasi-compat.h --target=wasm32-wasip1-threads --sysroot=/home/nathan/secure-exec/registry/native/c/vendor/wasi-sdk/share/wasi-sysroot -Wl,--shared-memory -Wl,--import-memory -Wl,--export-memory -Wl,--max-memory=536870912 -Wl,--export=wasi_thread_start -Wl,--no-check-features -lwasi-emulated-signal -L/home/nathan/secure-exec-wasmgui/experiments/wasm-gui/third_party/wasm-prefix-threads/lib -L/home/nathan/secure-exec/registry/native/c/vendor/wasi-sdk/share/wasi-sysroot/lib/wasm32-wasip1-threads -lwasi-emulated-mman -lwasi-emulated-process-clocks -L/home/nathan/secure-exec-wasmgui/experiments/wasm-gui/third_party/wasm-prefix-threads/lib -lhostcompat conftest.c  -Wl,-framework -Wl,CoreFoundation >&5
conftest.c:40:10: fatal error: 'CoreFoundation/CFLocale.h' file not found
   40 | #include <CoreFoundation/CFLocale.h>
      |          ^~~~~~~~~~~~~~~~~~~~~~~~~~~
1 error generated.
configure:7441: $? = 1
configure: failed program was:
| /* confdefs.h */
| #define PACKAGE_NAME "ristretto"
| #define PACKAGE_TARNAME "ristretto"
| #define PACKAGE_VERSION "0.13.2"
| #define PACKAGE_STRING "ristretto 0.13.2"
| #define PACKAGE_BUGREPORT "https://gitlab.xfce.org/apps/ristretto"
| #define PACKAGE_URL ""
| #define PACKAGE "ristretto"
| #define VERSION "0.13.2"
| #define HAVE_STDIO_H 1
| #define HAVE_STDLIB_H 1
| #define HAVE_STRING_H 1
| #define HAVE_INTTYPES_H 1
| #define HAVE_STDINT_H 1
| #define HAVE_STRINGS_H 1
| #define HAVE_SYS_STAT_H 1
| #define HAVE_SYS_TYPES_H 1
| #define HAVE_UNISTD_H 1
| #define HAVE_WCHAR_H 1
| #define STDC_HEADERS 1
| #define _ALL_SOURCE 1
| #define _DARWIN_C_SOURCE 1
| #define _GNU_SOURCE 1
| #define _HPUX_ALT_XOPEN_SOCKET_API 1
| #define _NETBSD_SOURCE 1
| #define _OPENBSD_SOURCE 1
| #define _POSIX_PTHREAD_SEMANTICS 1
| #define __STDC_WANT_IEC_60559_ATTRIBS_EXT__ 1
| #define __STDC_WANT_IEC_60559_BFP_EXT__ 1
| #define __STDC_WANT_IEC_60559_DFP_EXT__ 1
| #define __STDC_WANT_IEC_60559_EXT__ 1
| #define __STDC_WANT_IEC_60559_FUNCS_EXT__ 1
| #define __STDC_WANT_IEC_60559_TYPES_EXT__ 1
| #define __STDC_WANT_LIB_EXT2__ 1
| #define __STDC_WANT_MATH_SPEC_FUNCS__ 1
| #define _TANDEM_SOURCE 1
| #define __EXTENSIONS__ 1
| #define GETTEXT_PACKAGE "ristretto"
| /* end confdefs.h.  */
| #include <CoreFoundation/CFLocale.h>
| int
| main (void)
| {
| CFLocaleCopyCurrent();
|   ;
|   return 0;
| }
configure:7453: result: no
configure:8406: checking whether to use NLS
configure:8408: result: no
configure:8498: checking for wasm32-wasi-pkg-config
configure:8537: result: no
configure:8547: checking for pkg-config
configure:8570: found /usr/bin/pkg-config
configure:8583: result: /usr/bin/pkg-config
configure:8595: WARNING: using cross tools not prefixed with host triplet
configure:8608: checking pkg-config is at least version 0.9.0
configure:8611: result: yes
configure:8633: checking for glib-2.0 >= 2.56.0
configure:8637: result: 2.78.4
configure:8640: checking GLIB_CFLAGS
configure:8643: result: -I/home/nathan/secure-exec-wasmgui/experiments/wasm-gui/third_party/wasm-prefix-threads/include/glib-2.0 -pthread -I/home/nathan/secure-exec-wasmgui/experiments/wasm-gui/third_party/wasm-prefix-threads/lib/glib-2.0/include -I/home/nathan/secure-exec-wasmgui/experiments/wasm-gui/third_party/wasm-prefix-threads/include -DPCRE2_STATIC 
configure:8646: checking GLIB_LIBS
configure:8649: result: -L/home/nathan/secure-exec-wasmgui/experiments/wasm-gui/third_party/wasm-prefix-threads/lib -lglib-2.0 -lintl -lm -pthread -lpcre2-8 
configure:8666: setting GLIB_VERSION_MAX_ALLOWED and GLIB_VERSION_MIN_REQUIRED according to 2.56.0
configure:8725: checking for wasm32-wasi-pkg-config
configure:8761: result: /usr/bin/pkg-config
configure:8835: checking pkg-config is at least version 0.9.0
configure:8838: result: yes
configure:8860: checking for gtk+-3.0 >= 3.22.0
configure:8864: result: 3.24.43
configure:8867: checking GTK_CFLAGS
configure:8870: result: -I/home/nathan/secure-exec-wasmgui/experiments/wasm-gui/third_party/wasm-prefix-threads/include/gtk-3.0 -I/home/nathan/secure-exec-wasmgui/experiments/wasm-gui/third_party/pango/build-wasm-threads -I/home/nathan/secure-exec-wasmgui/experiments/wasm-gui/third_party/pango -I/home/nathan/secure-exec-wasmgui/experiments/wasm-gui/third_party/pango/build-wasm-threads/pango -I/home/nathan/secure-exec-wasmgui/experiments/wasm-gui/third_party/pango/pango -I/home/nathan/secure-exec-wasmgui/experiments/wasm-gui/third_party/wasm-prefix-threads/include/glib-2.0 -I/home/nathan/secure-exec-wasmgui/experiments/wasm-gui/third_party/wasm-prefix-threads/lib/glib-2.0/include -I/home/nathan/secure-exec-wasmgui/experiments/wasm-gui/third_party/wasm-prefix-threads/include -I/home/nathan/secure-exec-wasmgui/experiments/wasm-gui/third_party/wasm-prefix-threads/include/fribidi -I/home/nathan/secure-exec-wasmgui/experiments/wasm-gui/third_party/harfbuzz/build-wasm-threads -I/home/nathan/secure-exec-wasmgui/experiments/wasm-gui/third_party/harfbuzz -I/home/nathan/secure-exec-wasmgui/experiments/wasm-gui/third_party/harfbuzz/build-wasm-threads/src -I/home/nathan/secure-exec-wasmgui/experiments/wasm-gui/third_party/harfbuzz/src -I/home/nathan/secure-exec-wasmgui/experiments/wasm-gui/third_party/wasm-prefix-threads/include/freetype2 -I/home/nathan/secure-exec-wasmgui/experiments/wasm-gui/third_party/wasm-prefix-threads/include/cairo -I/home/nathan/secure-exec-wasmgui/experiments/wasm-gui/third_party/wasm-prefix-threads/include/pixman-1 -I/home/nathan/secure-exec-wasmgui/experiments/wasm-gui/third_party/wasm-prefix-threads/include/gdk-pixbuf-2.0 -I/home/nathan/secure-exec-wasmgui/experiments/wasm-gui/third_party/wasm-prefix-threads/include/gio-unix-2.0 -I/home/nathan/secure-exec-wasmgui/experiments/wasm-gui/third_party/wasm-prefix/include -I/home/nathan/secure-exec-wasmgui/experiments/wasm-gui/third_party/wasm-prefix-threads/include/atk-1.0 -I/home/nathan/secure-exec-wasmgui/experiments/wasm-gui/third_party/wasm-prefix-threads/include/at-spi2-atk/2.0 -pthread -DPCRE2_STATIC 
configure:8873: checking GTK_LIBS
configure:8876: result: -L/home/nathan/secure-exec-wasmgui/experiments/wasm-gui/third_party/wasm-prefix-threads/lib -lgtk-3 -lgdk-3 -L/home/nathan/secure-exec-wasmgui/experiments/wasm-gui/third_party/pango/build-wasm-threads/pango -lintl -L/home/nathan/secure-exec-wasmgui/experiments/wasm-gui/third_party/harfbuzz/build-wasm-threads/src -lm -lpangocairo-1.0 -lintl -lm -lpangoft2-1.0 -lpango-1.0 -lintl -lm -lintl -lm -lintl -lfribidi -lharfbuzz -lm -lXft -lintl -lintl -lz -latk-1.0 -lcairo-gobject -lcairo -ldl -lz -lfontconfig -lexpat -lfreetype -lXext -lXrender -lX11 -lpixman-1 -lgdk_pixbuf-2.0 -lpng16 -lintl -lintl -lgio-2.0 -lgobject-2.0 -lffi -lgmodule-2.0 -lintl -lglib-2.0 -lintl -lm -pthread -lpcre2-8 -lz 
configure:8941: checking for wasm32-wasi-pkg-config
configure:8977: result: /usr/bin/pkg-config
configure:9051: checking pkg-config is at least version 0.9.0
configure:9054: result: yes
configure:9076: checking for libxfce4ui-2 >= 4.16.0
configure:9080: result: 4.18.6
configure:9083: checking LIBXFCE4UI_CFLAGS
configure:9086: result: -I/home/nathan/secure-exec-wasmgui/experiments/wasm-gui/third_party/wasm-prefix-threads/include/xfce4/libxfce4ui-2 -I/home/nathan/secure-exec-wasmgui/experiments/wasm-gui/third_party/wasm-prefix-threads/include/gtk-3.0 -I/home/nathan/secure-exec-wasmgui/experiments/wasm-gui/third_party/pango/build-wasm-threads -I/home/nathan/secure-exec-wasmgui/experiments/wasm-gui/third_party/pango -I/home/nathan/secure-exec-wasmgui/experiments/wasm-gui/third_party/pango/build-wasm-threads/pango -I/home/nathan/secure-exec-wasmgui/experiments/wasm-gui/third_party/pango/pango -I/home/nathan/secure-exec-wasmgui/experiments/wasm-gui/third_party/wasm-prefix-threads/include/glib-2.0 -I/home/nathan/secure-exec-wasmgui/experiments/wasm-gui/third_party/wasm-prefix-threads/lib/glib-2.0/include -I/home/nathan/secure-exec-wasmgui/experiments/wasm-gui/third_party/wasm-prefix-threads/include -I/home/nathan/secure-exec-wasmgui/experiments/wasm-gui/third_party/wasm-prefix-threads/include/fribidi -I/home/nathan/secure-exec-wasmgui/experiments/wasm-gui/third_party/harfbuzz/build-wasm-threads -I/home/nathan/secure-exec-wasmgui/experiments/wasm-gui/third_party/harfbuzz -I/home/nathan/secure-exec-wasmgui/experiments/wasm-gui/third_party/harfbuzz/build-wasm-threads/src -I/home/nathan/secure-exec-wasmgui/experiments/wasm-gui/third_party/harfbuzz/src -I/home/nathan/secure-exec-wasmgui/experiments/wasm-gui/third_party/wasm-prefix-threads/include/freetype2 -I/home/nathan/secure-exec-wasmgui/experiments/wasm-gui/third_party/wasm-prefix-threads/include/cairo -I/home/nathan/secure-exec-wasmgui/experiments/wasm-gui/third_party/wasm-prefix-threads/include/pixman-1 -I/home/nathan/secure-exec-wasmgui/experiments/wasm-gui/third_party/wasm-prefix-threads/include/gdk-pixbuf-2.0 -I/home/nathan/secure-exec-wasmgui/experiments/wasm-gui/third_party/wasm-prefix-threads/include/gio-unix-2.0 -I/home/nathan/secure-exec-wasmgui/experiments/wasm-gui/third_party/wasm-prefix/include -I/home/nathan/secure-exec-wasmgui/experiments/wasm-gui/third_party/wasm-prefix-threads/include/atk-1.0 -I/home/nathan/secure-exec-wasmgui/experiments/wasm-gui/third_party/wasm-prefix-threads/include/at-spi2-atk/2.0 -I/home/nathan/secure-exec-wasmgui/experiments/wasm-gui/third_party/wasm-prefix-threads/include/xfce4 -pthread -DPCRE2_STATIC 
configure:9089: checking LIBXFCE4UI_LIBS
configure:9092: result: -L/home/nathan/secure-exec-wasmgui/experiments/wasm-gui/third_party/wasm-prefix-threads/lib -lxfce4ui-2 -lgtk-3 -lgdk-3 -L/home/nathan/secure-exec-wasmgui/experiments/wasm-gui/third_party/pango/build-wasm-threads/pango -lintl -L/home/nathan/secure-exec-wasmgui/experiments/wasm-gui/third_party/harfbuzz/build-wasm-threads/src -lm -lpangocairo-1.0 -lintl -lm -lpangoft2-1.0 -lpango-1.0 -lintl -lm -lintl -lm -lintl -lfribidi -lharfbuzz -lm -lXft -lintl -lintl -lz -latk-1.0 -lcairo-gobject -lcairo -ldl -lz -lfontconfig -lexpat -lfreetype -lXext -lXrender -lX11 -lpixman-1 -lgdk_pixbuf-2.0 -lpng16 -lintl -lintl -lgio-2.0 -lgobject-2.0 -lffi -lgmodule-2.0 -lintl -lz -lxfce4util -lglib-2.0 -lintl -lm -pthread -lpcre2-8 
configure:9156: checking for wasm32-wasi-pkg-config
configure:9192: result: /usr/bin/pkg-config
configure:9266: checking pkg-config is at least version 0.9.0
configure:9269: result: yes
configure:9291: checking for libxfce4util-1.0 >= 4.16.0
configure:9295: result: 4.18.2
configure:9298: checking LIBXFCE4UTIL_CFLAGS
configure:9301: result: -I/home/nathan/secure-exec-wasmgui/experiments/wasm-gui/third_party/wasm-prefix-threads/include/xfce4 -I/home/nathan/secure-exec-wasmgui/experiments/wasm-gui/third_party/wasm-prefix-threads/include/glib-2.0 -pthread -I/home/nathan/secure-exec-wasmgui/experiments/wasm-gui/third_party/wasm-prefix-threads/lib/glib-2.0/include -I/home/nathan/secure-exec-wasmgui/experiments/wasm-gui/third_party/wasm-prefix-threads/include -DPCRE2_STATIC 
configure:9304: checking LIBXFCE4UTIL_LIBS
configure:9307: result: -L/home/nathan/secure-exec-wasmgui/experiments/wasm-gui/third_party/wasm-prefix-threads/lib -lxfce4util -lglib-2.0 -lintl -lm -pthread -lpcre2-8 
configure:9371: checking for wasm32-wasi-pkg-config
configure:9407: result: /usr/bin/pkg-config
configure:9481: checking pkg-config is at least version 0.9.0
configure:9484: result: yes
configure:9506: checking for libxfconf-0 >= 4.12.1
configure:9510: result: 4.18.3
configure:9513: checking XFCONF_CFLAGS
configure:9516: result: -I/home/nathan/secure-exec-wasmgui/experiments/wasm-gui/third_party/wasm-prefix-threads/include/xfce4/xfconf-0 -I/home/nathan/secure-exec-wasmgui/experiments/wasm-gui/third_party/wasm-prefix-threads/include -I/home/nathan/secure-exec-wasmgui/experiments/wasm-gui/third_party/wasm-prefix-threads/include/glib-2.0 -I/home/nathan/secure-exec-wasmgui/experiments/wasm-gui/third_party/wasm-prefix-threads/lib/glib-2.0/include -pthread -DPCRE2_STATIC 
configure:9519: checking XFCONF_LIBS
configure:9522: result: -L/home/nathan/secure-exec-wasmgui/experiments/wasm-gui/third_party/wasm-prefix-threads/lib -lxfconf-0 -lgio-2.0 -lgobject-2.0 -lffi -lgmodule-2.0 -lintl -lglib-2.0 -lintl -lm -pthread -lpcre2-8 -lz 
configure:9587: checking for wasm32-wasi-pkg-config
configure:9623: result: /usr/bin/pkg-config
configure:9697: checking pkg-config is at least version 0.9.0
configure:9700: result: yes
configure:9722: checking for libexif >= 0.6.0
configure:9726: result: 0.6.24
configure:9729: checking LIBEXIF_CFLAGS
configure:9732: result: -I/home/nathan/secure-exec-wasmgui/experiments/wasm-gui/third_party/wasm-prefix-threads/include 
configure:9735: checking LIBEXIF_LIBS
configure:9738: result: -L/home/nathan/secure-exec-wasmgui/experiments/wasm-gui/third_party/wasm-prefix-threads/lib -lexif 
configure:9802: checking for wasm32-wasi-pkg-config
configure:9838: result: /usr/bin/pkg-config
configure:9912: checking pkg-config is at least version 0.9.0
configure:9915: result: yes
configure:9937: checking for cairo >= 1.10.0
configure:9941: result: 1.18.2
configure:9944: checking CAIRO_CFLAGS
configure:9947: result: -I/home/nathan/secure-exec-wasmgui/experiments/wasm-gui/third_party/wasm-prefix-threads/include/cairo -I/home/nathan/secure-exec-wasmgui/experiments/wasm-gui/third_party/wasm-prefix-threads/include -I/home/nathan/secure-exec-wasmgui/experiments/wasm-gui/third_party/wasm-prefix-threads/include/freetype2 -I/home/nathan/secure-exec-wasmgui/experiments/wasm-gui/third_party/wasm-prefix-threads/include/pixman-1 -pthread 
configure:9950: checking CAIRO_LIBS
configure:9953: result: -L/home/nathan/secure-exec-wasmgui/experiments/wasm-gui/third_party/wasm-prefix-threads/lib -lcairo -ldl -lpng16 -lfontconfig -lexpat -lfreetype -lz -lXext -lXrender -lX11 -lpixman-1 -lm -pthread 
configure:10033: checking for wasm32-wasi-pkg-config
configure:10069: result: /usr/bin/pkg-config
configure:10143: checking pkg-config is at least version 0.9.0
configure:10146: result: yes
configure:10168: checking for x11 >= 1.6.7
configure:10172: result: 1.8.13
configure:10175: checking LIBX11_CFLAGS
configure:10178: result: -I/home/nathan/secure-exec-wasmgui/experiments/wasm-gui/third_party/wasm-prefix-threads/include 
configure:10181: checking LIBX11_LIBS
configure:10184: result: -L/home/nathan/secure-exec-wasmgui/experiments/wasm-gui/third_party/wasm-prefix-threads/lib -lX11 
configure:10261: checking for magic.h
configure:10261: /home/nathan/secure-exec-wasmgui/experiments/wasm-gui/toolchain/clang-wasi-wrap.sh -c --target=wasm32-wasip1-threads --sysroot=/home/nathan/secure-exec/registry/native/c/vendor/wasi-sdk/share/wasi-sysroot -O2 -pthread -matomics -mbulk-memory -DSECURE_EXEC_WASM_THREADS -D_WASI_EMULATED_SIGNAL -D_WASI_EMULATED_MMAN -D_WASI_EMULATED_PROCESS_CLOCKS -D_GNU_SOURCE -mllvm -wasm-enable-sjlj -Wno-error=implicit-function-declaration -Wno-error=int-conversion -Wno-int-conversion -I/home/nathan/secure-exec-wasmgui/experiments/wasm-gui/toolchain/compat-include -include /home/nathan/secure-exec-wasmgui/experiments/wasm-gui/toolchain/wasi-compat.h -I/home/nathan/secure-exec-wasmgui/experiments/wasm-gui/third_party/wasm-prefix-threads/include -g0 --target=wasm32-wasip1-threads --sysroot=/home/nathan/secure-exec/registry/native/c/vendor/wasi-sdk/share/wasi-sysroot -I/home/nathan/secure-exec-wasmgui/experiments/wasm-gui/third_party/wasm-prefix-threads/include -I/home/nathan/secure-exec-wasmgui/experiments/wasm-gui/toolchain/compat-include -include /home/nathan/secure-exec-wasmgui/experiments/wasm-gui/toolchain/wasi-compat.h conftest.c >&5
conftest.c:72:10: fatal error: 'magic.h' file not found
   72 | #include <magic.h>
      |          ^~~~~~~~~
1 error generated.
configure:10261: $? = 1
configure: failed program was:
| /* confdefs.h */
| #define PACKAGE_NAME "ristretto"
| #define PACKAGE_TARNAME "ristretto"
| #define PACKAGE_VERSION "0.13.2"
| #define PACKAGE_STRING "ristretto 0.13.2"
| #define PACKAGE_BUGREPORT "https://gitlab.xfce.org/apps/ristretto"
| #define PACKAGE_URL ""
| #define PACKAGE "ristretto"
| #define VERSION "0.13.2"
| #define HAVE_STDIO_H 1
| #define HAVE_STDLIB_H 1
| #define HAVE_STRING_H 1
| #define HAVE_INTTYPES_H 1
| #define HAVE_STDINT_H 1
| #define HAVE_STRINGS_H 1
| #define HAVE_SYS_STAT_H 1
| #define HAVE_SYS_TYPES_H 1
| #define HAVE_UNISTD_H 1
| #define HAVE_WCHAR_H 1
| #define STDC_HEADERS 1
| #define _ALL_SOURCE 1
| #define _DARWIN_C_SOURCE 1
| #define _GNU_SOURCE 1
| #define _HPUX_ALT_XOPEN_SOCKET_API 1
| #define _NETBSD_SOURCE 1
| #define _OPENBSD_SOURCE 1
| #define _POSIX_PTHREAD_SEMANTICS 1
| #define __STDC_WANT_IEC_60559_ATTRIBS_EXT__ 1
| #define __STDC_WANT_IEC_60559_BFP_EXT__ 1
| #define __STDC_WANT_IEC_60559_DFP_EXT__ 1
| #define __STDC_WANT_IEC_60559_EXT__ 1
| #define __STDC_WANT_IEC_60559_FUNCS_EXT__ 1
| #define __STDC_WANT_IEC_60559_TYPES_EXT__ 1
| #define __STDC_WANT_LIB_EXT2__ 1
| #define __STDC_WANT_MATH_SPEC_FUNCS__ 1
| #define _TANDEM_SOURCE 1
| #define __EXTENSIONS__ 1
| #define GETTEXT_PACKAGE "ristretto"
| #define G_LOG_USE_STRUCTURED 1
| #define GLIB_VERSION_MAX_ALLOWED GLIB_VERSION_2_56
| #define GLIB_VERSION_MIN_REQUIRED GLIB_VERSION_2_56
| #define HAVE_LIBX11 1
| /* end confdefs.h.  */
| #include <stddef.h>
| #ifdef HAVE_STDIO_H
| # include <stdio.h>
| #endif
| #ifdef HAVE_STDLIB_H
| # include <stdlib.h>
| #endif
| #ifdef HAVE_STRING_H
| # include <string.h>
| #endif
| #ifdef HAVE_INTTYPES_H
| # include <inttypes.h>
| #endif
| #ifdef HAVE_STDINT_H
| # include <stdint.h>
| #endif
| #ifdef HAVE_STRINGS_H
| # include <strings.h>
| #endif
| #ifdef HAVE_SYS_TYPES_H
| # include <sys/types.h>
| #endif
| #ifdef HAVE_SYS_STAT_H
| # include <sys/stat.h>
| #endif
| #ifdef HAVE_UNISTD_H
| # include <unistd.h>
| #endif
| #include <magic.h>
configure:10261: result: no
configure:10272: checking for magic_open in -lmagic
configure:10301: /home/nathan/secure-exec-wasmgui/experiments/wasm-gui/toolchain/clang-wasi-wrap.sh -o conftest --target=wasm32-wasip1-threads --sysroot=/home/nathan/secure-exec/registry/native/c/vendor/wasi-sdk/share/wasi-sysroot -O2 -pthread -matomics -mbulk-memory -DSECURE_EXEC_WASM_THREADS -D_WASI_EMULATED_SIGNAL -D_WASI_EMULATED_MMAN -D_WASI_EMULATED_PROCESS_CLOCKS -D_GNU_SOURCE -mllvm -wasm-enable-sjlj -Wno-error=implicit-function-declaration -Wno-error=int-conversion -Wno-int-conversion -I/home/nathan/secure-exec-wasmgui/experiments/wasm-gui/toolchain/compat-include -include /home/nathan/secure-exec-wasmgui/experiments/wasm-gui/toolchain/wasi-compat.h -I/home/nathan/secure-exec-wasmgui/experiments/wasm-gui/third_party/wasm-prefix-threads/include -g0 --target=wasm32-wasip1-threads --sysroot=/home/nathan/secure-exec/registry/native/c/vendor/wasi-sdk/share/wasi-sysroot -I/home/nathan/secure-exec-wasmgui/experiments/wasm-gui/third_party/wasm-prefix-threads/include -I/home/nathan/secure-exec-wasmgui/experiments/wasm-gui/toolchain/compat-include -include /home/nathan/secure-exec-wasmgui/experiments/wasm-gui/toolchain/wasi-compat.h --target=wasm32-wasip1-threads --sysroot=/home/nathan/secure-exec/registry/native/c/vendor/wasi-sdk/share/wasi-sysroot -Wl,--shared-memory -Wl,--import-memory -Wl,--export-memory -Wl,--max-memory=536870912 -Wl,--export=wasi_thread_start -Wl,--no-check-features -lwasi-emulated-signal -L/home/nathan/secure-exec-wasmgui/experiments/wasm-gui/third_party/wasm-prefix-threads/lib -L/home/nathan/secure-exec/registry/native/c/vendor/wasi-sdk/share/wasi-sysroot/lib/wasm32-wasip1-threads -lwasi-emulated-mman -lwasi-emulated-process-clocks -L/home/nathan/secure-exec-wasmgui/experiments/wasm-gui/third_party/wasm-prefix-threads/lib -lhostcompat conftest.c -lmagic   >&5
wasm-ld: error: unable to find library -lmagic
clang: error: linker command failed with exit code 1 (use -v to see invocation)
configure:10301: $? = 1
configure: failed program was:
| /* confdefs.h */
| #define PACKAGE_NAME "ristretto"
| #define PACKAGE_TARNAME "ristretto"
| #define PACKAGE_VERSION "0.13.2"
| #define PACKAGE_STRING "ristretto 0.13.2"
| #define PACKAGE_BUGREPORT "https://gitlab.xfce.org/apps/ristretto"
| #define PACKAGE_URL ""
| #define PACKAGE "ristretto"
| #define VERSION "0.13.2"
| #define HAVE_STDIO_H 1
| #define HAVE_STDLIB_H 1
| #define HAVE_STRING_H 1
| #define HAVE_INTTYPES_H 1
| #define HAVE_STDINT_H 1
| #define HAVE_STRINGS_H 1
| #define HAVE_SYS_STAT_H 1
| #define HAVE_SYS_TYPES_H 1
| #define HAVE_UNISTD_H 1
| #define HAVE_WCHAR_H 1
| #define STDC_HEADERS 1
| #define _ALL_SOURCE 1
| #define _DARWIN_C_SOURCE 1
| #define _GNU_SOURCE 1
| #define _HPUX_ALT_XOPEN_SOCKET_API 1
| #define _NETBSD_SOURCE 1
| #define _OPENBSD_SOURCE 1
| #define _POSIX_PTHREAD_SEMANTICS 1
| #define __STDC_WANT_IEC_60559_ATTRIBS_EXT__ 1
| #define __STDC_WANT_IEC_60559_BFP_EXT__ 1
| #define __STDC_WANT_IEC_60559_DFP_EXT__ 1
| #define __STDC_WANT_IEC_60559_EXT__ 1
| #define __STDC_WANT_IEC_60559_FUNCS_EXT__ 1
| #define __STDC_WANT_IEC_60559_TYPES_EXT__ 1
| #define __STDC_WANT_LIB_EXT2__ 1
| #define __STDC_WANT_MATH_SPEC_FUNCS__ 1
| #define _TANDEM_SOURCE 1
| #define __EXTENSIONS__ 1
| #define GETTEXT_PACKAGE "ristretto"
| #define G_LOG_USE_STRUCTURED 1
| #define GLIB_VERSION_MAX_ALLOWED GLIB_VERSION_2_56
| #define GLIB_VERSION_MIN_REQUIRED GLIB_VERSION_2_56
| #define HAVE_LIBX11 1
| /* end confdefs.h.  */
| 
| /* Override any GCC internal prototype to avoid an error.
|    Use char because int might match the return type of a GCC
|    builtin and then its argument prototype would still apply.
|    The 'extern "C"' is for builds by C++ compilers;
|    although this is not generally supported in C code supporting it here
|    has little cost and some practical benefit (sr 110532).  */
| #ifdef __cplusplus
| extern "C"
| #endif
| char magic_open (void);
| int
| main (void)
| {
| return magic_open ();
|   ;
|   return 0;
| }
configure:10313: result: no
configure:10429: checking for cos in -lm
configure:10458: /home/nathan/secure-exec-wasmgui/experiments/wasm-gui/toolchain/clang-wasi-wrap.sh -o conftest --target=wasm32-wasip1-threads --sysroot=/home/nathan/secure-exec/registry/native/c/vendor/wasi-sdk/share/wasi-sysroot -O2 -pthread -matomics -mbulk-memory -DSECURE_EXEC_WASM_THREADS -D_WASI_EMULATED_SIGNAL -D_WASI_EMULATED_MMAN -D_WASI_EMULATED_PROCESS_CLOCKS -D_GNU_SOURCE -mllvm -wasm-enable-sjlj -Wno-error=implicit-function-declaration -Wno-error=int-conversion -Wno-int-conversion -I/home/nathan/secure-exec-wasmgui/experiments/wasm-gui/toolchain/compat-include -include /home/nathan/secure-exec-wasmgui/experiments/wasm-gui/toolchain/wasi-compat.h -I/home/nathan/secure-exec-wasmgui/experiments/wasm-gui/third_party/wasm-prefix-threads/include -g0 --target=wasm32-wasip1-threads --sysroot=/home/nathan/secure-exec/registry/native/c/vendor/wasi-sdk/share/wasi-sysroot -I/home/nathan/secure-exec-wasmgui/experiments/wasm-gui/third_party/wasm-prefix-threads/include -I/home/nathan/secure-exec-wasmgui/experiments/wasm-gui/toolchain/compat-include -include /home/nathan/secure-exec-wasmgui/experiments/wasm-gui/toolchain/wasi-compat.h --target=wasm32-wasip1-threads --sysroot=/home/nathan/secure-exec/registry/native/c/vendor/wasi-sdk/share/wasi-sysroot -Wl,--shared-memory -Wl,--import-memory -Wl,--export-memory -Wl,--max-memory=536870912 -Wl,--export=wasi_thread_start -Wl,--no-check-features -lwasi-emulated-signal -L/home/nathan/secure-exec-wasmgui/experiments/wasm-gui/third_party/wasm-prefix-threads/lib -L/home/nathan/secure-exec/registry/native/c/vendor/wasi-sdk/share/wasi-sysroot/lib/wasm32-wasip1-threads -lwasi-emulated-mman -lwasi-emulated-process-clocks -L/home/nathan/secure-exec-wasmgui/experiments/wasm-gui/third_party/wasm-prefix-threads/lib -lhostcompat conftest.c -lm   >&5
conftest.c:54:6: warning: incompatible redeclaration of library function 'cos' [-Wincompatible-library-redeclaration]
   54 | char cos (void);
      |      ^
conftest.c:54:6: note: 'cos' is a builtin with type 'double (double)'
1 warning generated.
wasm-ld: warning: function signature mismatch: cos
>>> defined as () -> i32 in /tmp/conftest-bba6d2.o
>>> defined as (f64) -> f64 in /home/nathan/secure-exec/registry/native/c/vendor/wasi-sdk/share/wasi-sysroot/lib/wasm32-wasip1-threads/libc.a(cos.o)
configure:10458: $? = 0
configure:10470: result: yes
configure:10515: checking whether to build with debugging support
configure:10547: result: no
configure:10562: checking if /home/nathan/secure-exec-wasmgui/experiments/wasm-gui/toolchain/clang-wasi-wrap.sh supports -Wall
configure:10570: /home/nathan/secure-exec-wasmgui/experiments/wasm-gui/toolchain/clang-wasi-wrap.sh -c --target=wasm32-wasip1-threads --sysroot=/home/nathan/secure-exec/registry/native/c/vendor/wasi-sdk/share/wasi-sysroot -O2 -pthread -matomics -mbulk-memory -DSECURE_EXEC_WASM_THREADS -D_WASI_EMULATED_SIGNAL -D_WASI_EMULATED_MMAN -D_WASI_EMULATED_PROCESS_CLOCKS -D_GNU_SOURCE -mllvm -wasm-enable-sjlj -Wno-error=implicit-function-declaration -Wno-error=int-conversion -Wno-int-conversion -I/home/nathan/secure-exec-wasmgui/experiments/wasm-gui/toolchain/compat-include -include /home/nathan/secure-exec-wasmgui/experiments/wasm-gui/toolchain/wasi-compat.h -I/home/nathan/secure-exec-wasmgui/experiments/wasm-gui/third_party/wasm-prefix-threads/include -g0 -Wall --target=wasm32-wasip1-threads --sysroot=/home/nathan/secure-exec/registry/native/c/vendor/wasi-sdk/share/wasi-sysroot -I/home/nathan/secure-exec-wasmgui/experiments/wasm-gui/third_party/wasm-prefix-threads/include -I/home/nathan/secure-exec-wasmgui/experiments/wasm-gui/toolchain/compat-include -include /home/nathan/secure-exec-wasmgui/experiments/wasm-gui/toolchain/wasi-compat.h -DNDEBUG -DG_DISABLE_CAST_CHECKS -DG_DISABLE_ASSERT conftest.c >&5
configure:10570: $? = 0
configure:10579: result: yes
configure:10562: checking if /home/nathan/secure-exec-wasmgui/experiments/wasm-gui/toolchain/clang-wasi-wrap.sh supports -Wextra
configure:10570: /home/nathan/secure-exec-wasmgui/experiments/wasm-gui/toolchain/clang-wasi-wrap.sh -c --target=wasm32-wasip1-threads --sysroot=/home/nathan/secure-exec/registry/native/c/vendor/wasi-sdk/share/wasi-sysroot -O2 -pthread -matomics -mbulk-memory -DSECURE_EXEC_WASM_THREADS -D_WASI_EMULATED_SIGNAL -D_WASI_EMULATED_MMAN -D_WASI_EMULATED_PROCESS_CLOCKS -D_GNU_SOURCE -mllvm -wasm-enable-sjlj -Wno-error=implicit-function-declaration -Wno-error=int-conversion -Wno-int-conversion -I/home/nathan/secure-exec-wasmgui/experiments/wasm-gui/toolchain/compat-include -include /home/nathan/secure-exec-wasmgui/experiments/wasm-gui/toolchain/wasi-compat.h -I/home/nathan/secure-exec-wasmgui/experiments/wasm-gui/third_party/wasm-prefix-threads/include -g0 -Wextra --target=wasm32-wasip1-threads --sysroot=/home/nathan/secure-exec/registry/native/c/vendor/wasi-sdk/share/wasi-sysroot -I/home/nathan/secure-exec-wasmgui/experiments/wasm-gui/third_party/wasm-prefix-threads/include -I/home/nathan/secure-exec-wasmgui/experiments/wasm-gui/toolchain/compat-include -include /home/nathan/secure-exec-wasmgui/experiments/wasm-gui/toolchain/wasi-compat.h -DNDEBUG -DG_DISABLE_CAST_CHECKS -DG_DISABLE_ASSERT conftest.c >&5
configure:10570: $? = 0
configure:10579: result: yes
configure:10562: checking if /home/nathan/secure-exec-wasmgui/experiments/wasm-gui/toolchain/clang-wasi-wrap.sh supports -Wno-missing-field-initializers
configure:10570: /home/nathan/secure-exec-wasmgui/experiments/wasm-gui/toolchain/clang-wasi-wrap.sh -c --target=wasm32-wasip1-threads --sysroot=/home/nathan/secure-exec/registry/native/c/vendor/wasi-sdk/share/wasi-sysroot -O2 -pthread -matomics -mbulk-memory -DSECURE_EXEC_WASM_THREADS -D_WASI_EMULATED_SIGNAL -D_WASI_EMULATED_MMAN -D_WASI_EMULATED_PROCESS_CLOCKS -D_GNU_SOURCE -mllvm -wasm-enable-sjlj -Wno-error=implicit-function-declaration -Wno-error=int-conversion -Wno-int-conversion -I/home/nathan/secure-exec-wasmgui/experiments/wasm-gui/toolchain/compat-include -include /home/nathan/secure-exec-wasmgui/experiments/wasm-gui/toolchain/wasi-compat.h -I/home/nathan/secure-exec-wasmgui/experiments/wasm-gui/third_party/wasm-prefix-threads/include -g0 -Wno-missing-field-initializers --target=wasm32-wasip1-threads --sysroot=/home/nathan/secure-exec/registry/native/c/vendor/wasi-sdk/share/wasi-sysroot -I/home/nathan/secure-exec-wasmgui/experiments/wasm-gui/third_party/wasm-prefix-threads/include -I/home/nathan/secure-exec-wasmgui/experiments/wasm-gui/toolchain/compat-include -include /home/nathan/secure-exec-wasmgui/experiments/wasm-gui/toolchain/wasi-compat.h -DNDEBUG -DG_DISABLE_CAST_CHECKS -DG_DISABLE_ASSERT conftest.c >&5
configure:10570: $? = 0
configure:10579: result: yes
configure:10562: checking if /home/nathan/secure-exec-wasmgui/experiments/wasm-gui/toolchain/clang-wasi-wrap.sh supports -Wno-unused-parameter
configure:10570: /home/nathan/secure-exec-wasmgui/experiments/wasm-gui/toolchain/clang-wasi-wrap.sh -c --target=wasm32-wasip1-threads --sysroot=/home/nathan/secure-exec/registry/native/c/vendor/wasi-sdk/share/wasi-sysroot -O2 -pthread -matomics -mbulk-memory -DSECURE_EXEC_WASM_THREADS -D_WASI_EMULATED_SIGNAL -D_WASI_EMULATED_MMAN -D_WASI_EMULATED_PROCESS_CLOCKS -D_GNU_SOURCE -mllvm -wasm-enable-sjlj -Wno-error=implicit-function-declaration -Wno-error=int-conversion -Wno-int-conversion -I/home/nathan/secure-exec-wasmgui/experiments/wasm-gui/toolchain/compat-include -include /home/nathan/secure-exec-wasmgui/experiments/wasm-gui/toolchain/wasi-compat.h -I/home/nathan/secure-exec-wasmgui/experiments/wasm-gui/third_party/wasm-prefix-threads/include -g0 -Wno-unused-parameter --target=wasm32-wasip1-threads --sysroot=/home/nathan/secure-exec/registry/native/c/vendor/wasi-sdk/share/wasi-sysroot -I/home/nathan/secure-exec-wasmgui/experiments/wasm-gui/third_party/wasm-prefix-threads/include -I/home/nathan/secure-exec-wasmgui/experiments/wasm-gui/toolchain/compat-include -include /home/nathan/secure-exec-wasmgui/experiments/wasm-gui/toolchain/wasi-compat.h -DNDEBUG -DG_DISABLE_CAST_CHECKS -DG_DISABLE_ASSERT conftest.c >&5
configure:10570: $? = 0
configure:10579: result: yes
configure:10562: checking if /home/nathan/secure-exec-wasmgui/experiments/wasm-gui/toolchain/clang-wasi-wrap.sh supports -Wmissing-declarations
configure:10570: /home/nathan/secure-exec-wasmgui/experiments/wasm-gui/toolchain/clang-wasi-wrap.sh -c --target=wasm32-wasip1-threads --sysroot=/home/nathan/secure-exec/registry/native/c/vendor/wasi-sdk/share/wasi-sysroot -O2 -pthread -matomics -mbulk-memory -DSECURE_EXEC_WASM_THREADS -D_WASI_EMULATED_SIGNAL -D_WASI_EMULATED_MMAN -D_WASI_EMULATED_PROCESS_CLOCKS -D_GNU_SOURCE -mllvm -wasm-enable-sjlj -Wno-error=implicit-function-declaration -Wno-error=int-conversion -Wno-int-conversion -I/home/nathan/secure-exec-wasmgui/experiments/wasm-gui/toolchain/compat-include -include /home/nathan/secure-exec-wasmgui/experiments/wasm-gui/toolchain/wasi-compat.h -I/home/nathan/secure-exec-wasmgui/experiments/wasm-gui/third_party/wasm-prefix-threads/include -g0 -Wmissing-declarations --target=wasm32-wasip1-threads --sysroot=/home/nathan/secure-exec/registry/native/c/vendor/wasi-sdk/share/wasi-sysroot -I/home/nathan/secure-exec-wasmgui/experiments/wasm-gui/third_party/wasm-prefix-threads/include -I/home/nathan/secure-exec-wasmgui/experiments/wasm-gui/toolchain/compat-include -include /home/nathan/secure-exec-wasmgui/experiments/wasm-gui/toolchain/wasi-compat.h -DNDEBUG -DG_DISABLE_CAST_CHECKS -DG_DISABLE_ASSERT conftest.c >&5
configure:10570: $? = 0
configure:10579: result: yes
configure:10562: checking if /home/nathan/secure-exec-wasmgui/experiments/wasm-gui/toolchain/clang-wasi-wrap.sh supports -Wmissing-noreturn
configure:10570: /home/nathan/secure-exec-wasmgui/experiments/wasm-gui/toolchain/clang-wasi-wrap.sh -c --target=wasm32-wasip1-threads --sysroot=/home/nathan/secure-exec/registry/native/c/vendor/wasi-sdk/share/wasi-sysroot -O2 -pthread -matomics -mbulk-memory -DSECURE_EXEC_WASM_THREADS -D_WASI_EMULATED_SIGNAL -D_WASI_EMULATED_MMAN -D_WASI_EMULATED_PROCESS_CLOCKS -D_GNU_SOURCE -mllvm -wasm-enable-sjlj -Wno-error=implicit-function-declaration -Wno-error=int-conversion -Wno-int-conversion -I/home/nathan/secure-exec-wasmgui/experiments/wasm-gui/toolchain/compat-include -include /home/nathan/secure-exec-wasmgui/experiments/wasm-gui/toolchain/wasi-compat.h -I/home/nathan/secure-exec-wasmgui/experiments/wasm-gui/third_party/wasm-prefix-threads/include -g0 -Wmissing-noreturn --target=wasm32-wasip1-threads --sysroot=/home/nathan/secure-exec/registry/native/c/vendor/wasi-sdk/share/wasi-sysroot -I/home/nathan/secure-exec-wasmgui/experiments/wasm-gui/third_party/wasm-prefix-threads/include -I/home/nathan/secure-exec-wasmgui/experiments/wasm-gui/toolchain/compat-include -include /home/nathan/secure-exec-wasmgui/experiments/wasm-gui/toolchain/wasi-compat.h -DNDEBUG -DG_DISABLE_CAST_CHECKS -DG_DISABLE_ASSERT conftest.c >&5
configure:10570: $? = 0
configure:10579: result: yes
configure:10562: checking if /home/nathan/secure-exec-wasmgui/experiments/wasm-gui/toolchain/clang-wasi-wrap.sh supports -Wpointer-arith
configure:10570: /home/nathan/secure-exec-wasmgui/experiments/wasm-gui/toolchain/clang-wasi-wrap.sh -c --target=wasm32-wasip1-threads --sysroot=/home/nathan/secure-exec/registry/native/c/vendor/wasi-sdk/share/wasi-sysroot -O2 -pthread -matomics -mbulk-memory -DSECURE_EXEC_WASM_THREADS -D_WASI_EMULATED_SIGNAL -D_WASI_EMULATED_MMAN -D_WASI_EMULATED_PROCESS_CLOCKS -D_GNU_SOURCE -mllvm -wasm-enable-sjlj -Wno-error=implicit-function-declaration -Wno-error=int-conversion -Wno-int-conversion -I/home/nathan/secure-exec-wasmgui/experiments/wasm-gui/toolchain/compat-include -include /home/nathan/secure-exec-wasmgui/experiments/wasm-gui/toolchain/wasi-compat.h -I/home/nathan/secure-exec-wasmgui/experiments/wasm-gui/third_party/wasm-prefix-threads/include -g0 -Wpointer-arith --target=wasm32-wasip1-threads --sysroot=/home/nathan/secure-exec/registry/native/c/vendor/wasi-sdk/share/wasi-sysroot -I/home/nathan/secure-exec-wasmgui/experiments/wasm-gui/third_party/wasm-prefix-threads/include -I/home/nathan/secure-exec-wasmgui/experiments/wasm-gui/toolchain/compat-include -include /home/nathan/secure-exec-wasmgui/experiments/wasm-gui/toolchain/wasi-compat.h -DNDEBUG -DG_DISABLE_CAST_CHECKS -DG_DISABLE_ASSERT conftest.c >&5
configure:10570: $? = 0
configure:10579: result: yes
configure:10562: checking if /home/nathan/secure-exec-wasmgui/experiments/wasm-gui/toolchain/clang-wasi-wrap.sh supports -Wcast-align
configure:10570: /home/nathan/secure-exec-wasmgui/experiments/wasm-gui/toolchain/clang-wasi-wrap.sh -c --target=wasm32-wasip1-threads --sysroot=/home/nathan/secure-exec/registry/native/c/vendor/wasi-sdk/share/wasi-sysroot -O2 -pthread -matomics -mbulk-memory -DSECURE_EXEC_WASM_THREADS -D_WASI_EMULATED_SIGNAL -D_WASI_EMULATED_MMAN -D_WASI_EMULATED_PROCESS_CLOCKS -D_GNU_SOURCE -mllvm -wasm-enable-sjlj -Wno-error=implicit-function-declaration -Wno-error=int-conversion -Wno-int-conversion -I/home/nathan/secure-exec-wasmgui/experiments/wasm-gui/toolchain/compat-include -include /home/nathan/secure-exec-wasmgui/experiments/wasm-gui/toolchain/wasi-compat.h -I/home/nathan/secure-exec-wasmgui/experiments/wasm-gui/third_party/wasm-prefix-threads/include -g0 -Wcast-align --target=wasm32-wasip1-threads --sysroot=/home/nathan/secure-exec/registry/native/c/vendor/wasi-sdk/share/wasi-sysroot -I/home/nathan/secure-exec-wasmgui/experiments/wasm-gui/third_party/wasm-prefix-threads/include -I/home/nathan/secure-exec-wasmgui/experiments/wasm-gui/toolchain/compat-include -include /home/nathan/secure-exec-wasmgui/experiments/wasm-gui/toolchain/wasi-compat.h -DNDEBUG -DG_DISABLE_CAST_CHECKS -DG_DISABLE_ASSERT conftest.c >&5
configure:10570: $? = 0
configure:10579: result: yes
configure:10562: checking if /home/nathan/secure-exec-wasmgui/experiments/wasm-gui/toolchain/clang-wasi-wrap.sh supports -Wformat
configure:10570: /home/nathan/secure-exec-wasmgui/experiments/wasm-gui/toolchain/clang-wasi-wrap.sh -c --target=wasm32-wasip1-threads --sysroot=/home/nathan/secure-exec/registry/native/c/vendor/wasi-sdk/share/wasi-sysroot -O2 -pthread -matomics -mbulk-memory -DSECURE_EXEC_WASM_THREADS -D_WASI_EMULATED_SIGNAL -D_WASI_EMULATED_MMAN -D_WASI_EMULATED_PROCESS_CLOCKS -D_GNU_SOURCE -mllvm -wasm-enable-sjlj -Wno-error=implicit-function-declaration -Wno-error=int-conversion -Wno-int-conversion -I/home/nathan/secure-exec-wasmgui/experiments/wasm-gui/toolchain/compat-include -include /home/nathan/secure-exec-wasmgui/experiments/wasm-gui/toolchain/wasi-compat.h -I/home/nathan/secure-exec-wasmgui/experiments/wasm-gui/third_party/wasm-prefix-threads/include -g0 -Wformat --target=wasm32-wasip1-threads --sysroot=/home/nathan/secure-exec/registry/native/c/vendor/wasi-sdk/share/wasi-sysroot -I/home/nathan/secure-exec-wasmgui/experiments/wasm-gui/third_party/wasm-prefix-threads/include -I/home/nathan/secure-exec-wasmgui/experiments/wasm-gui/toolchain/compat-include -include /home/nathan/secure-exec-wasmgui/experiments/wasm-gui/toolchain/wasi-compat.h -DNDEBUG -DG_DISABLE_CAST_CHECKS -DG_DISABLE_ASSERT conftest.c >&5
configure:10570: $? = 0
configure:10579: result: yes
configure:10562: checking if /home/nathan/secure-exec-wasmgui/experiments/wasm-gui/toolchain/clang-wasi-wrap.sh supports -Wformat-security
configure:10570: /home/nathan/secure-exec-wasmgui/experiments/wasm-gui/toolchain/clang-wasi-wrap.sh -c --target=wasm32-wasip1-threads --sysroot=/home/nathan/secure-exec/registry/native/c/vendor/wasi-sdk/share/wasi-sysroot -O2 -pthread -matomics -mbulk-memory -DSECURE_EXEC_WASM_THREADS -D_WASI_EMULATED_SIGNAL -D_WASI_EMULATED_MMAN -D_WASI_EMULATED_PROCESS_CLOCKS -D_GNU_SOURCE -mllvm -wasm-enable-sjlj -Wno-error=implicit-function-declaration -Wno-error=int-conversion -Wno-int-conversion -I/home/nathan/secure-exec-wasmgui/experiments/wasm-gui/toolchain/compat-include -include /home/nathan/secure-exec-wasmgui/experiments/wasm-gui/toolchain/wasi-compat.h -I/home/nathan/secure-exec-wasmgui/experiments/wasm-gui/third_party/wasm-prefix-threads/include -g0 -Wformat-security --target=wasm32-wasip1-threads --sysroot=/home/nathan/secure-exec/registry/native/c/vendor/wasi-sdk/share/wasi-sysroot -I/home/nathan/secure-exec-wasmgui/experiments/wasm-gui/third_party/wasm-prefix-threads/include -I/home/nathan/secure-exec-wasmgui/experiments/wasm-gui/toolchain/compat-include -include /home/nathan/secure-exec-wasmgui/experiments/wasm-gui/toolchain/wasi-compat.h -DNDEBUG -DG_DISABLE_CAST_CHECKS -DG_DISABLE_ASSERT conftest.c >&5
configure:10570: $? = 0
configure:10579: result: yes
configure:10562: checking if /home/nathan/secure-exec-wasmgui/experiments/wasm-gui/toolchain/clang-wasi-wrap.sh supports -Wformat-y2k
configure:10570: /home/nathan/secure-exec-wasmgui/experiments/wasm-gui/toolchain/clang-wasi-wrap.sh -c --target=wasm32-wasip1-threads --sysroot=/home/nathan/secure-exec/registry/native/c/vendor/wasi-sdk/share/wasi-sysroot -O2 -pthread -matomics -mbulk-memory -DSECURE_EXEC_WASM_THREADS -D_WASI_EMULATED_SIGNAL -D_WASI_EMULATED_MMAN -D_WASI_EMULATED_PROCESS_CLOCKS -D_GNU_SOURCE -mllvm -wasm-enable-sjlj -Wno-error=implicit-function-declaration -Wno-error=int-conversion -Wno-int-conversion -I/home/nathan/secure-exec-wasmgui/experiments/wasm-gui/toolchain/compat-include -include /home/nathan/secure-exec-wasmgui/experiments/wasm-gui/toolchain/wasi-compat.h -I/home/nathan/secure-exec-wasmgui/experiments/wasm-gui/third_party/wasm-prefix-threads/include -g0 -Wformat-y2k --target=wasm32-wasip1-threads --sysroot=/home/nathan/secure-exec/registry/native/c/vendor/wasi-sdk/share/wasi-sysroot -I/home/nathan/secure-exec-wasmgui/experiments/wasm-gui/third_party/wasm-prefix-threads/include -I/home/nathan/secure-exec-wasmgui/experiments/wasm-gui/toolchain/compat-include -include /home/nathan/secure-exec-wasmgui/experiments/wasm-gui/toolchain/wasi-compat.h -DNDEBUG -DG_DISABLE_CAST_CHECKS -DG_DISABLE_ASSERT conftest.c >&5
configure:10570: $? = 0
configure:10579: result: yes
configure:10562: checking if /home/nathan/secure-exec-wasmgui/experiments/wasm-gui/toolchain/clang-wasi-wrap.sh supports -Winit-self
configure:10570: /home/nathan/secure-exec-wasmgui/experiments/wasm-gui/toolchain/clang-wasi-wrap.sh -c --target=wasm32-wasip1-threads --sysroot=/home/nathan/secure-exec/registry/native/c/vendor/wasi-sdk/share/wasi-sysroot -O2 -pthread -matomics -mbulk-memory -DSECURE_EXEC_WASM_THREADS -D_WASI_EMULATED_SIGNAL -D_WASI_EMULATED_MMAN -D_WASI_EMULATED_PROCESS_CLOCKS -D_GNU_SOURCE -mllvm -wasm-enable-sjlj -Wno-error=implicit-function-declaration -Wno-error=int-conversion -Wno-int-conversion -I/home/nathan/secure-exec-wasmgui/experiments/wasm-gui/toolchain/compat-include -include /home/nathan/secure-exec-wasmgui/experiments/wasm-gui/toolchain/wasi-compat.h -I/home/nathan/secure-exec-wasmgui/experiments/wasm-gui/third_party/wasm-prefix-threads/include -g0 -Winit-self --target=wasm32-wasip1-threads --sysroot=/home/nathan/secure-exec/registry/native/c/vendor/wasi-sdk/share/wasi-sysroot -I/home/nathan/secure-exec-wasmgui/experiments/wasm-gui/third_party/wasm-prefix-threads/include -I/home/nathan/secure-exec-wasmgui/experiments/wasm-gui/toolchain/compat-include -include /home/nathan/secure-exec-wasmgui/experiments/wasm-gui/toolchain/wasi-compat.h -DNDEBUG -DG_DISABLE_CAST_CHECKS -DG_DISABLE_ASSERT conftest.c >&5
configure:10570: $? = 0
configure:10579: result: yes
configure:10562: checking if /home/nathan/secure-exec-wasmgui/experiments/wasm-gui/toolchain/clang-wasi-wrap.sh supports -Wmissing-include-dirs
configure:10570: /home/nathan/secure-exec-wasmgui/experiments/wasm-gui/toolchain/clang-wasi-wrap.sh -c --target=wasm32-wasip1-threads --sysroot=/home/nathan/secure-exec/registry/native/c/vendor/wasi-sdk/share/wasi-sysroot -O2 -pthread -matomics -mbulk-memory -DSECURE_EXEC_WASM_THREADS -D_WASI_EMULATED_SIGNAL -D_WASI_EMULATED_MMAN -D_WASI_EMULATED_PROCESS_CLOCKS -D_GNU_SOURCE -mllvm -wasm-enable-sjlj -Wno-error=implicit-function-declaration -Wno-error=int-conversion -Wno-int-conversion -I/home/nathan/secure-exec-wasmgui/experiments/wasm-gui/toolchain/compat-include -include /home/nathan/secure-exec-wasmgui/experiments/wasm-gui/toolchain/wasi-compat.h -I/home/nathan/secure-exec-wasmgui/experiments/wasm-gui/third_party/wasm-prefix-threads/include -g0 -Wmissing-include-dirs --target=wasm32-wasip1-threads --sysroot=/home/nathan/secure-exec/registry/native/c/vendor/wasi-sdk/share/wasi-sysroot -I/home/nathan/secure-exec-wasmgui/experiments/wasm-gui/third_party/wasm-prefix-threads/include -I/home/nathan/secure-exec-wasmgui/experiments/wasm-gui/toolchain/compat-include -include /home/nathan/secure-exec-wasmgui/experiments/wasm-gui/toolchain/wasi-compat.h -DNDEBUG -DG_DISABLE_CAST_CHECKS -DG_DISABLE_ASSERT conftest.c >&5
configure:10570: $? = 0
configure:10579: result: yes
configure:10562: checking if /home/nathan/secure-exec-wasmgui/experiments/wasm-gui/toolchain/clang-wasi-wrap.sh supports -Wundef
configure:10570: /home/nathan/secure-exec-wasmgui/experiments/wasm-gui/toolchain/clang-wasi-wrap.sh -c --target=wasm32-wasip1-threads --sysroot=/home/nathan/secure-exec/registry/native/c/vendor/wasi-sdk/share/wasi-sysroot -O2 -pthread -matomics -mbulk-memory -DSECURE_EXEC_WASM_THREADS -D_WASI_EMULATED_SIGNAL -D_WASI_EMULATED_MMAN -D_WASI_EMULATED_PROCESS_CLOCKS -D_GNU_SOURCE -mllvm -wasm-enable-sjlj -Wno-error=implicit-function-declaration -Wno-error=int-conversion -Wno-int-conversion -I/home/nathan/secure-exec-wasmgui/experiments/wasm-gui/toolchain/compat-include -include /home/nathan/secure-exec-wasmgui/experiments/wasm-gui/toolchain/wasi-compat.h -I/home/nathan/secure-exec-wasmgui/experiments/wasm-gui/third_party/wasm-prefix-threads/include -g0 -Wundef --target=wasm32-wasip1-threads --sysroot=/home/nathan/secure-exec/registry/native/c/vendor/wasi-sdk/share/wasi-sysroot -I/home/nathan/secure-exec-wasmgui/experiments/wasm-gui/third_party/wasm-prefix-threads/include -I/home/nathan/secure-exec-wasmgui/experiments/wasm-gui/toolchain/compat-include -include /home/nathan/secure-exec-wasmgui/experiments/wasm-gui/toolchain/wasi-compat.h -DNDEBUG -DG_DISABLE_CAST_CHECKS -DG_DISABLE_ASSERT conftest.c >&5
configure:10570: $? = 0
configure:10579: result: yes
configure:10562: checking if /home/nathan/secure-exec-wasmgui/experiments/wasm-gui/toolchain/clang-wasi-wrap.sh supports -Wredundant-decls
configure:10570: /home/nathan/secure-exec-wasmgui/experiments/wasm-gui/toolchain/clang-wasi-wrap.sh -c --target=wasm32-wasip1-threads --sysroot=/home/nathan/secure-exec/registry/native/c/vendor/wasi-sdk/share/wasi-sysroot -O2 -pthread -matomics -mbulk-memory -DSECURE_EXEC_WASM_THREADS -D_WASI_EMULATED_SIGNAL -D_WASI_EMULATED_MMAN -D_WASI_EMULATED_PROCESS_CLOCKS -D_GNU_SOURCE -mllvm -wasm-enable-sjlj -Wno-error=implicit-function-declaration -Wno-error=int-conversion -Wno-int-conversion -I/home/nathan/secure-exec-wasmgui/experiments/wasm-gui/toolchain/compat-include -include /home/nathan/secure-exec-wasmgui/experiments/wasm-gui/toolchain/wasi-compat.h -I/home/nathan/secure-exec-wasmgui/experiments/wasm-gui/third_party/wasm-prefix-threads/include -g0 -Wredundant-decls --target=wasm32-wasip1-threads --sysroot=/home/nathan/secure-exec/registry/native/c/vendor/wasi-sdk/share/wasi-sysroot -I/home/nathan/secure-exec-wasmgui/experiments/wasm-gui/third_party/wasm-prefix-threads/include -I/home/nathan/secure-exec-wasmgui/experiments/wasm-gui/toolchain/compat-include -include /home/nathan/secure-exec-wasmgui/experiments/wasm-gui/toolchain/wasi-compat.h -DNDEBUG -DG_DISABLE_CAST_CHECKS -DG_DISABLE_ASSERT conftest.c >&5
configure:10570: $? = 0
configure:10579: result: yes
configure:10562: checking if /home/nathan/secure-exec-wasmgui/experiments/wasm-gui/toolchain/clang-wasi-wrap.sh supports -Wshadow
configure:10570: /home/nathan/secure-exec-wasmgui/experiments/wasm-gui/toolchain/clang-wasi-wrap.sh -c --target=wasm32-wasip1-threads --sysroot=/home/nathan/secure-exec/registry/native/c/vendor/wasi-sdk/share/wasi-sysroot -O2 -pthread -matomics -mbulk-memory -DSECURE_EXEC_WASM_THREADS -D_WASI_EMULATED_SIGNAL -D_WASI_EMULATED_MMAN -D_WASI_EMULATED_PROCESS_CLOCKS -D_GNU_SOURCE -mllvm -wasm-enable-sjlj -Wno-error=implicit-function-declaration -Wno-error=int-conversion -Wno-int-conversion -I/home/nathan/secure-exec-wasmgui/experiments/wasm-gui/toolchain/compat-include -include /home/nathan/secure-exec-wasmgui/experiments/wasm-gui/toolchain/wasi-compat.h -I/home/nathan/secure-exec-wasmgui/experiments/wasm-gui/third_party/wasm-prefix-threads/include -g0 -Wshadow --target=wasm32-wasip1-threads --sysroot=/home/nathan/secure-exec/registry/native/c/vendor/wasi-sdk/share/wasi-sysroot -I/home/nathan/secure-exec-wasmgui/experiments/wasm-gui/third_party/wasm-prefix-threads/include -I/home/nathan/secure-exec-wasmgui/experiments/wasm-gui/toolchain/compat-include -include /home/nathan/secure-exec-wasmgui/experiments/wasm-gui/toolchain/wasi-compat.h -DNDEBUG -DG_DISABLE_CAST_CHECKS -DG_DISABLE_ASSERT conftest.c >&5
configure:10570: $? = 0
configure:10579: result: yes
configure:10562: checking if /home/nathan/secure-exec-wasmgui/experiments/wasm-gui/toolchain/clang-wasi-wrap.sh supports -Wnested-externs
configure:10570: /home/nathan/secure-exec-wasmgui/experiments/wasm-gui/toolchain/clang-wasi-wrap.sh -c --target=wasm32-wasip1-threads --sysroot=/home/nathan/secure-exec/registry/native/c/vendor/wasi-sdk/share/wasi-sysroot -O2 -pthread -matomics -mbulk-memory -DSECURE_EXEC_WASM_THREADS -D_WASI_EMULATED_SIGNAL -D_WASI_EMULATED_MMAN -D_WASI_EMULATED_PROCESS_CLOCKS -D_GNU_SOURCE -mllvm -wasm-enable-sjlj -Wno-error=implicit-function-declaration -Wno-error=int-conversion -Wno-int-conversion -I/home/nathan/secure-exec-wasmgui/experiments/wasm-gui/toolchain/compat-include -include /home/nathan/secure-exec-wasmgui/experiments/wasm-gui/toolchain/wasi-compat.h -I/home/nathan/secure-exec-wasmgui/experiments/wasm-gui/third_party/wasm-prefix-threads/include -g0 -Wnested-externs --target=wasm32-wasip1-threads --sysroot=/home/nathan/secure-exec/registry/native/c/vendor/wasi-sdk/share/wasi-sysroot -I/home/nathan/secure-exec-wasmgui/experiments/wasm-gui/third_party/wasm-prefix-threads/include -I/home/nathan/secure-exec-wasmgui/experiments/wasm-gui/toolchain/compat-include -include /home/nathan/secure-exec-wasmgui/experiments/wasm-gui/toolchain/wasi-compat.h -DNDEBUG -DG_DISABLE_CAST_CHECKS -DG_DISABLE_ASSERT conftest.c >&5
configure:10570: $? = 0
configure:10579: result: yes
configure:10562: checking if /home/nathan/secure-exec-wasmgui/experiments/wasm-gui/toolchain/clang-wasi-wrap.sh supports -Wold-style-definition
configure:10570: /home/nathan/secure-exec-wasmgui/experiments/wasm-gui/toolchain/clang-wasi-wrap.sh -c --target=wasm32-wasip1-threads --sysroot=/home/nathan/secure-exec/registry/native/c/vendor/wasi-sdk/share/wasi-sysroot -O2 -pthread -matomics -mbulk-memory -DSECURE_EXEC_WASM_THREADS -D_WASI_EMULATED_SIGNAL -D_WASI_EMULATED_MMAN -D_WASI_EMULATED_PROCESS_CLOCKS -D_GNU_SOURCE -mllvm -wasm-enable-sjlj -Wno-error=implicit-function-declaration -Wno-error=int-conversion -Wno-int-conversion -I/home/nathan/secure-exec-wasmgui/experiments/wasm-gui/toolchain/compat-include -include /home/nathan/secure-exec-wasmgui/experiments/wasm-gui/toolchain/wasi-compat.h -I/home/nathan/secure-exec-wasmgui/experiments/wasm-gui/third_party/wasm-prefix-threads/include -g0 -Wold-style-definition --target=wasm32-wasip1-threads --sysroot=/home/nathan/secure-exec/registry/native/c/vendor/wasi-sdk/share/wasi-sysroot -I/home/nathan/secure-exec-wasmgui/experiments/wasm-gui/third_party/wasm-prefix-threads/include -I/home/nathan/secure-exec-wasmgui/experiments/wasm-gui/toolchain/compat-include -include /home/nathan/secure-exec-wasmgui/experiments/wasm-gui/toolchain/wasi-compat.h -DNDEBUG -DG_DISABLE_CAST_CHECKS -DG_DISABLE_ASSERT conftest.c >&5
configure:10570: $? = 0
configure:10579: result: yes
configure:10589: checking if /home/nathan/secure-exec-wasmgui/experiments/wasm-gui/toolchain/clang-wasi-wrap.sh supports -Wall
configure:10597: /home/nathan/secure-exec-wasmgui/experiments/wasm-gui/toolchain/clang-wasi-wrap.sh -c --target=wasm32-wasip1-threads --sysroot=/home/nathan/secure-exec/registry/native/c/vendor/wasi-sdk/share/wasi-sysroot -O2 -pthread -matomics -mbulk-memory -DSECURE_EXEC_WASM_THREADS -D_WASI_EMULATED_SIGNAL -D_WASI_EMULATED_MMAN -D_WASI_EMULATED_PROCESS_CLOCKS -D_GNU_SOURCE -mllvm -wasm-enable-sjlj -Wno-error=implicit-function-declaration -Wno-error=int-conversion -Wno-int-conversion -I/home/nathan/secure-exec-wasmgui/experiments/wasm-gui/toolchain/compat-include -include /home/nathan/secure-exec-wasmgui/experiments/wasm-gui/toolchain/wasi-compat.h -I/home/nathan/secure-exec-wasmgui/experiments/wasm-gui/third_party/wasm-prefix-threads/include -g0 -Wall --target=wasm32-wasip1-threads --sysroot=/home/nathan/secure-exec/registry/native/c/vendor/wasi-sdk/share/wasi-sysroot -I/home/nathan/secure-exec-wasmgui/experiments/wasm-gui/third_party/wasm-prefix-threads/include -I/home/nathan/secure-exec-wasmgui/experiments/wasm-gui/toolchain/compat-include -include /home/nathan/secure-exec-wasmgui/experiments/wasm-gui/toolchain/wasi-compat.h -DNDEBUG -DG_DISABLE_CAST_CHECKS -DG_DISABLE_ASSERT conftest.c >&5
configure:10597: $? = 0
configure:10606: result: yes
configure:10589: checking if /home/nathan/secure-exec-wasmgui/experiments/wasm-gui/toolchain/clang-wasi-wrap.sh supports -Wextra
configure:10597: /home/nathan/secure-exec-wasmgui/experiments/wasm-gui/toolchain/clang-wasi-wrap.sh -c --target=wasm32-wasip1-threads --sysroot=/home/nathan/secure-exec/registry/native/c/vendor/wasi-sdk/share/wasi-sysroot -O2 -pthread -matomics -mbulk-memory -DSECURE_EXEC_WASM_THREADS -D_WASI_EMULATED_SIGNAL -D_WASI_EMULATED_MMAN -D_WASI_EMULATED_PROCESS_CLOCKS -D_GNU_SOURCE -mllvm -wasm-enable-sjlj -Wno-error=implicit-function-declaration -Wno-error=int-conversion -Wno-int-conversion -I/home/nathan/secure-exec-wasmgui/experiments/wasm-gui/toolchain/compat-include -include /home/nathan/secure-exec-wasmgui/experiments/wasm-gui/toolchain/wasi-compat.h -I/home/nathan/secure-exec-wasmgui/experiments/wasm-gui/third_party/wasm-prefix-threads/include -g0 -Wextra --target=wasm32-wasip1-threads --sysroot=/home/nathan/secure-exec/registry/native/c/vendor/wasi-sdk/share/wasi-sysroot -I/home/nathan/secure-exec-wasmgui/experiments/wasm-gui/third_party/wasm-prefix-threads/include -I/home/nathan/secure-exec-wasmgui/experiments/wasm-gui/toolchain/compat-include -include /home/nathan/secure-exec-wasmgui/experiments/wasm-gui/toolchain/wasi-compat.h -DNDEBUG -DG_DISABLE_CAST_CHECKS -DG_DISABLE_ASSERT conftest.c >&5
configure:10597: $? = 0
configure:10606: result: yes
configure:10589: checking if /home/nathan/secure-exec-wasmgui/experiments/wasm-gui/toolchain/clang-wasi-wrap.sh supports -Wno-missing-field-initializers
configure:10597: /home/nathan/secure-exec-wasmgui/experiments/wasm-gui/toolchain/clang-wasi-wrap.sh -c --target=wasm32-wasip1-threads --sysroot=/home/nathan/secure-exec/registry/native/c/vendor/wasi-sdk/share/wasi-sysroot -O2 -pthread -matomics -mbulk-memory -DSECURE_EXEC_WASM_THREADS -D_WASI_EMULATED_SIGNAL -D_WASI_EMULATED_MMAN -D_WASI_EMULATED_PROCESS_CLOCKS -D_GNU_SOURCE -mllvm -wasm-enable-sjlj -Wno-error=implicit-function-declaration -Wno-error=int-conversion -Wno-int-conversion -I/home/nathan/secure-exec-wasmgui/experiments/wasm-gui/toolchain/compat-include -include /home/nathan/secure-exec-wasmgui/experiments/wasm-gui/toolchain/wasi-compat.h -I/home/nathan/secure-exec-wasmgui/experiments/wasm-gui/third_party/wasm-prefix-threads/include -g0 -Wno-missing-field-initializers --target=wasm32-wasip1-threads --sysroot=/home/nathan/secure-exec/registry/native/c/vendor/wasi-sdk/share/wasi-sysroot -I/home/nathan/secure-exec-wasmgui/experiments/wasm-gui/third_party/wasm-prefix-threads/include -I/home/nathan/secure-exec-wasmgui/experiments/wasm-gui/toolchain/compat-include -include /home/nathan/secure-exec-wasmgui/experiments/wasm-gui/toolchain/wasi-compat.h -DNDEBUG -DG_DISABLE_CAST_CHECKS -DG_DISABLE_ASSERT conftest.c >&5
configure:10597: $? = 0
configure:10606: result: yes
configure:10589: checking if /home/nathan/secure-exec-wasmgui/experiments/wasm-gui/toolchain/clang-wasi-wrap.sh supports -Wno-unused-parameter
configure:10597: /home/nathan/secure-exec-wasmgui/experiments/wasm-gui/toolchain/clang-wasi-wrap.sh -c --target=wasm32-wasip1-threads --sysroot=/home/nathan/secure-exec/registry/native/c/vendor/wasi-sdk/share/wasi-sysroot -O2 -pthread -matomics -mbulk-memory -DSECURE_EXEC_WASM_THREADS -D_WASI_EMULATED_SIGNAL -D_WASI_EMULATED_MMAN -D_WASI_EMULATED_PROCESS_CLOCKS -D_GNU_SOURCE -mllvm -wasm-enable-sjlj -Wno-error=implicit-function-declaration -Wno-error=int-conversion -Wno-int-conversion -I/home/nathan/secure-exec-wasmgui/experiments/wasm-gui/toolchain/compat-include -include /home/nathan/secure-exec-wasmgui/experiments/wasm-gui/toolchain/wasi-compat.h -I/home/nathan/secure-exec-wasmgui/experiments/wasm-gui/third_party/wasm-prefix-threads/include -g0 -Wno-unused-parameter --target=wasm32-wasip1-threads --sysroot=/home/nathan/secure-exec/registry/native/c/vendor/wasi-sdk/share/wasi-sysroot -I/home/nathan/secure-exec-wasmgui/experiments/wasm-gui/third_party/wasm-prefix-threads/include -I/home/nathan/secure-exec-wasmgui/experiments/wasm-gui/toolchain/compat-include -include /home/nathan/secure-exec-wasmgui/experiments/wasm-gui/toolchain/wasi-compat.h -DNDEBUG -DG_DISABLE_CAST_CHECKS -DG_DISABLE_ASSERT conftest.c >&5
configure:10597: $? = 0
configure:10606: result: yes
configure:10589: checking if /home/nathan/secure-exec-wasmgui/experiments/wasm-gui/toolchain/clang-wasi-wrap.sh supports -Wmissing-declarations
configure:10597: /home/nathan/secure-exec-wasmgui/experiments/wasm-gui/toolchain/clang-wasi-wrap.sh -c --target=wasm32-wasip1-threads --sysroot=/home/nathan/secure-exec/registry/native/c/vendor/wasi-sdk/share/wasi-sysroot -O2 -pthread -matomics -mbulk-memory -DSECURE_EXEC_WASM_THREADS -D_WASI_EMULATED_SIGNAL -D_WASI_EMULATED_MMAN -D_WASI_EMULATED_PROCESS_CLOCKS -D_GNU_SOURCE -mllvm -wasm-enable-sjlj -Wno-error=implicit-function-declaration -Wno-error=int-conversion -Wno-int-conversion -I/home/nathan/secure-exec-wasmgui/experiments/wasm-gui/toolchain/compat-include -include /home/nathan/secure-exec-wasmgui/experiments/wasm-gui/toolchain/wasi-compat.h -I/home/nathan/secure-exec-wasmgui/experiments/wasm-gui/third_party/wasm-prefix-threads/include -g0 -Wmissing-declarations --target=wasm32-wasip1-threads --sysroot=/home/nathan/secure-exec/registry/native/c/vendor/wasi-sdk/share/wasi-sysroot -I/home/nathan/secure-exec-wasmgui/experiments/wasm-gui/third_party/wasm-prefix-threads/include -I/home/nathan/secure-exec-wasmgui/experiments/wasm-gui/toolchain/compat-include -include /home/nathan/secure-exec-wasmgui/experiments/wasm-gui/toolchain/wasi-compat.h -DNDEBUG -DG_DISABLE_CAST_CHECKS -DG_DISABLE_ASSERT conftest.c >&5
configure:10597: $? = 0
configure:10606: result: yes
configure:10589: checking if /home/nathan/secure-exec-wasmgui/experiments/wasm-gui/toolchain/clang-wasi-wrap.sh supports -Wmissing-noreturn
configure:10597: /home/nathan/secure-exec-wasmgui/experiments/wasm-gui/toolchain/clang-wasi-wrap.sh -c --target=wasm32-wasip1-threads --sysroot=/home/nathan/secure-exec/registry/native/c/vendor/wasi-sdk/share/wasi-sysroot -O2 -pthread -matomics -mbulk-memory -DSECURE_EXEC_WASM_THREADS -D_WASI_EMULATED_SIGNAL -D_WASI_EMULATED_MMAN -D_WASI_EMULATED_PROCESS_CLOCKS -D_GNU_SOURCE -mllvm -wasm-enable-sjlj -Wno-error=implicit-function-declaration -Wno-error=int-conversion -Wno-int-conversion -I/home/nathan/secure-exec-wasmgui/experiments/wasm-gui/toolchain/compat-include -include /home/nathan/secure-exec-wasmgui/experiments/wasm-gui/toolchain/wasi-compat.h -I/home/nathan/secure-exec-wasmgui/experiments/wasm-gui/third_party/wasm-prefix-threads/include -g0 -Wmissing-noreturn --target=wasm32-wasip1-threads --sysroot=/home/nathan/secure-exec/registry/native/c/vendor/wasi-sdk/share/wasi-sysroot -I/home/nathan/secure-exec-wasmgui/experiments/wasm-gui/third_party/wasm-prefix-threads/include -I/home/nathan/secure-exec-wasmgui/experiments/wasm-gui/toolchain/compat-include -include /home/nathan/secure-exec-wasmgui/experiments/wasm-gui/toolchain/wasi-compat.h -DNDEBUG -DG_DISABLE_CAST_CHECKS -DG_DISABLE_ASSERT conftest.c >&5
configure:10597: $? = 0
configure:10606: result: yes
configure:10589: checking if /home/nathan/secure-exec-wasmgui/experiments/wasm-gui/toolchain/clang-wasi-wrap.sh supports -Wpointer-arith
configure:10597: /home/nathan/secure-exec-wasmgui/experiments/wasm-gui/toolchain/clang-wasi-wrap.sh -c --target=wasm32-wasip1-threads --sysroot=/home/nathan/secure-exec/registry/native/c/vendor/wasi-sdk/share/wasi-sysroot -O2 -pthread -matomics -mbulk-memory -DSECURE_EXEC_WASM_THREADS -D_WASI_EMULATED_SIGNAL -D_WASI_EMULATED_MMAN -D_WASI_EMULATED_PROCESS_CLOCKS -D_GNU_SOURCE -mllvm -wasm-enable-sjlj -Wno-error=implicit-function-declaration -Wno-error=int-conversion -Wno-int-conversion -I/home/nathan/secure-exec-wasmgui/experiments/wasm-gui/toolchain/compat-include -include /home/nathan/secure-exec-wasmgui/experiments/wasm-gui/toolchain/wasi-compat.h -I/home/nathan/secure-exec-wasmgui/experiments/wasm-gui/third_party/wasm-prefix-threads/include -g0 -Wpointer-arith --target=wasm32-wasip1-threads --sysroot=/home/nathan/secure-exec/registry/native/c/vendor/wasi-sdk/share/wasi-sysroot -I/home/nathan/secure-exec-wasmgui/experiments/wasm-gui/third_party/wasm-prefix-threads/include -I/home/nathan/secure-exec-wasmgui/experiments/wasm-gui/toolchain/compat-include -include /home/nathan/secure-exec-wasmgui/experiments/wasm-gui/toolchain/wasi-compat.h -DNDEBUG -DG_DISABLE_CAST_CHECKS -DG_DISABLE_ASSERT conftest.c >&5
configure:10597: $? = 0
configure:10606: result: yes
configure:10589: checking if /home/nathan/secure-exec-wasmgui/experiments/wasm-gui/toolchain/clang-wasi-wrap.sh supports -Wcast-align
configure:10597: /home/nathan/secure-exec-wasmgui/experiments/wasm-gui/toolchain/clang-wasi-wrap.sh -c --target=wasm32-wasip1-threads --sysroot=/home/nathan/secure-exec/registry/native/c/vendor/wasi-sdk/share/wasi-sysroot -O2 -pthread -matomics -mbulk-memory -DSECURE_EXEC_WASM_THREADS -D_WASI_EMULATED_SIGNAL -D_WASI_EMULATED_MMAN -D_WASI_EMULATED_PROCESS_CLOCKS -D_GNU_SOURCE -mllvm -wasm-enable-sjlj -Wno-error=implicit-function-declaration -Wno-error=int-conversion -Wno-int-conversion -I/home/nathan/secure-exec-wasmgui/experiments/wasm-gui/toolchain/compat-include -include /home/nathan/secure-exec-wasmgui/experiments/wasm-gui/toolchain/wasi-compat.h -I/home/nathan/secure-exec-wasmgui/experiments/wasm-gui/third_party/wasm-prefix-threads/include -g0 -Wcast-align --target=wasm32-wasip1-threads --sysroot=/home/nathan/secure-exec/registry/native/c/vendor/wasi-sdk/share/wasi-sysroot -I/home/nathan/secure-exec-wasmgui/experiments/wasm-gui/third_party/wasm-prefix-threads/include -I/home/nathan/secure-exec-wasmgui/experiments/wasm-gui/toolchain/compat-include -include /home/nathan/secure-exec-wasmgui/experiments/wasm-gui/toolchain/wasi-compat.h -DNDEBUG -DG_DISABLE_CAST_CHECKS -DG_DISABLE_ASSERT conftest.c >&5
configure:10597: $? = 0
configure:10606: result: yes
configure:10589: checking if /home/nathan/secure-exec-wasmgui/experiments/wasm-gui/toolchain/clang-wasi-wrap.sh supports -Wformat
configure:10597: /home/nathan/secure-exec-wasmgui/experiments/wasm-gui/toolchain/clang-wasi-wrap.sh -c --target=wasm32-wasip1-threads --sysroot=/home/nathan/secure-exec/registry/native/c/vendor/wasi-sdk/share/wasi-sysroot -O2 -pthread -matomics -mbulk-memory -DSECURE_EXEC_WASM_THREADS -D_WASI_EMULATED_SIGNAL -D_WASI_EMULATED_MMAN -D_WASI_EMULATED_PROCESS_CLOCKS -D_GNU_SOURCE -mllvm -wasm-enable-sjlj -Wno-error=implicit-function-declaration -Wno-error=int-conversion -Wno-int-conversion -I/home/nathan/secure-exec-wasmgui/experiments/wasm-gui/toolchain/compat-include -include /home/nathan/secure-exec-wasmgui/experiments/wasm-gui/toolchain/wasi-compat.h -I/home/nathan/secure-exec-wasmgui/experiments/wasm-gui/third_party/wasm-prefix-threads/include -g0 -Wformat --target=wasm32-wasip1-threads --sysroot=/home/nathan/secure-exec/registry/native/c/vendor/wasi-sdk/share/wasi-sysroot -I/home/nathan/secure-exec-wasmgui/experiments/wasm-gui/third_party/wasm-prefix-threads/include -I/home/nathan/secure-exec-wasmgui/experiments/wasm-gui/toolchain/compat-include -include /home/nathan/secure-exec-wasmgui/experiments/wasm-gui/toolchain/wasi-compat.h -DNDEBUG -DG_DISABLE_CAST_CHECKS -DG_DISABLE_ASSERT conftest.c >&5
configure:10597: $? = 0
configure:10606: result: yes
configure:10589: checking if /home/nathan/secure-exec-wasmgui/experiments/wasm-gui/toolchain/clang-wasi-wrap.sh supports -Wformat-security
configure:10597: /home/nathan/secure-exec-wasmgui/experiments/wasm-gui/toolchain/clang-wasi-wrap.sh -c --target=wasm32-wasip1-threads --sysroot=/home/nathan/secure-exec/registry/native/c/vendor/wasi-sdk/share/wasi-sysroot -O2 -pthread -matomics -mbulk-memory -DSECURE_EXEC_WASM_THREADS -D_WASI_EMULATED_SIGNAL -D_WASI_EMULATED_MMAN -D_WASI_EMULATED_PROCESS_CLOCKS -D_GNU_SOURCE -mllvm -wasm-enable-sjlj -Wno-error=implicit-function-declaration -Wno-error=int-conversion -Wno-int-conversion -I/home/nathan/secure-exec-wasmgui/experiments/wasm-gui/toolchain/compat-include -include /home/nathan/secure-exec-wasmgui/experiments/wasm-gui/toolchain/wasi-compat.h -I/home/nathan/secure-exec-wasmgui/experiments/wasm-gui/third_party/wasm-prefix-threads/include -g0 -Wformat-security --target=wasm32-wasip1-threads --sysroot=/home/nathan/secure-exec/registry/native/c/vendor/wasi-sdk/share/wasi-sysroot -I/home/nathan/secure-exec-wasmgui/experiments/wasm-gui/third_party/wasm-prefix-threads/include -I/home/nathan/secure-exec-wasmgui/experiments/wasm-gui/toolchain/compat-include -include /home/nathan/secure-exec-wasmgui/experiments/wasm-gui/toolchain/wasi-compat.h -DNDEBUG -DG_DISABLE_CAST_CHECKS -DG_DISABLE_ASSERT conftest.c >&5
configure:10597: $? = 0
configure:10606: result: yes
configure:10589: checking if /home/nathan/secure-exec-wasmgui/experiments/wasm-gui/toolchain/clang-wasi-wrap.sh supports -Wformat-y2k
configure:10597: /home/nathan/secure-exec-wasmgui/experiments/wasm-gui/toolchain/clang-wasi-wrap.sh -c --target=wasm32-wasip1-threads --sysroot=/home/nathan/secure-exec/registry/native/c/vendor/wasi-sdk/share/wasi-sysroot -O2 -pthread -matomics -mbulk-memory -DSECURE_EXEC_WASM_THREADS -D_WASI_EMULATED_SIGNAL -D_WASI_EMULATED_MMAN -D_WASI_EMULATED_PROCESS_CLOCKS -D_GNU_SOURCE -mllvm -wasm-enable-sjlj -Wno-error=implicit-function-declaration -Wno-error=int-conversion -Wno-int-conversion -I/home/nathan/secure-exec-wasmgui/experiments/wasm-gui/toolchain/compat-include -include /home/nathan/secure-exec-wasmgui/experiments/wasm-gui/toolchain/wasi-compat.h -I/home/nathan/secure-exec-wasmgui/experiments/wasm-gui/third_party/wasm-prefix-threads/include -g0 -Wformat-y2k --target=wasm32-wasip1-threads --sysroot=/home/nathan/secure-exec/registry/native/c/vendor/wasi-sdk/share/wasi-sysroot -I/home/nathan/secure-exec-wasmgui/experiments/wasm-gui/third_party/wasm-prefix-threads/include -I/home/nathan/secure-exec-wasmgui/experiments/wasm-gui/toolchain/compat-include -include /home/nathan/secure-exec-wasmgui/experiments/wasm-gui/toolchain/wasi-compat.h -DNDEBUG -DG_DISABLE_CAST_CHECKS -DG_DISABLE_ASSERT conftest.c >&5
configure:10597: $? = 0
configure:10606: result: yes
configure:10589: checking if /home/nathan/secure-exec-wasmgui/experiments/wasm-gui/toolchain/clang-wasi-wrap.sh supports -Winit-self
configure:10597: /home/nathan/secure-exec-wasmgui/experiments/wasm-gui/toolchain/clang-wasi-wrap.sh -c --target=wasm32-wasip1-threads --sysroot=/home/nathan/secure-exec/registry/native/c/vendor/wasi-sdk/share/wasi-sysroot -O2 -pthread -matomics -mbulk-memory -DSECURE_EXEC_WASM_THREADS -D_WASI_EMULATED_SIGNAL -D_WASI_EMULATED_MMAN -D_WASI_EMULATED_PROCESS_CLOCKS -D_GNU_SOURCE -mllvm -wasm-enable-sjlj -Wno-error=implicit-function-declaration -Wno-error=int-conversion -Wno-int-conversion -I/home/nathan/secure-exec-wasmgui/experiments/wasm-gui/toolchain/compat-include -include /home/nathan/secure-exec-wasmgui/experiments/wasm-gui/toolchain/wasi-compat.h -I/home/nathan/secure-exec-wasmgui/experiments/wasm-gui/third_party/wasm-prefix-threads/include -g0 -Winit-self --target=wasm32-wasip1-threads --sysroot=/home/nathan/secure-exec/registry/native/c/vendor/wasi-sdk/share/wasi-sysroot -I/home/nathan/secure-exec-wasmgui/experiments/wasm-gui/third_party/wasm-prefix-threads/include -I/home/nathan/secure-exec-wasmgui/experiments/wasm-gui/toolchain/compat-include -include /home/nathan/secure-exec-wasmgui/experiments/wasm-gui/toolchain/wasi-compat.h -DNDEBUG -DG_DISABLE_CAST_CHECKS -DG_DISABLE_ASSERT conftest.c >&5
configure:10597: $? = 0
configure:10606: result: yes
configure:10589: checking if /home/nathan/secure-exec-wasmgui/experiments/wasm-gui/toolchain/clang-wasi-wrap.sh supports -Wmissing-include-dirs
configure:10597: /home/nathan/secure-exec-wasmgui/experiments/wasm-gui/toolchain/clang-wasi-wrap.sh -c --target=wasm32-wasip1-threads --sysroot=/home/nathan/secure-exec/registry/native/c/vendor/wasi-sdk/share/wasi-sysroot -O2 -pthread -matomics -mbulk-memory -DSECURE_EXEC_WASM_THREADS -D_WASI_EMULATED_SIGNAL -D_WASI_EMULATED_MMAN -D_WASI_EMULATED_PROCESS_CLOCKS -D_GNU_SOURCE -mllvm -wasm-enable-sjlj -Wno-error=implicit-function-declaration -Wno-error=int-conversion -Wno-int-conversion -I/home/nathan/secure-exec-wasmgui/experiments/wasm-gui/toolchain/compat-include -include /home/nathan/secure-exec-wasmgui/experiments/wasm-gui/toolchain/wasi-compat.h -I/home/nathan/secure-exec-wasmgui/experiments/wasm-gui/third_party/wasm-prefix-threads/include -g0 -Wmissing-include-dirs --target=wasm32-wasip1-threads --sysroot=/home/nathan/secure-exec/registry/native/c/vendor/wasi-sdk/share/wasi-sysroot -I/home/nathan/secure-exec-wasmgui/experiments/wasm-gui/third_party/wasm-prefix-threads/include -I/home/nathan/secure-exec-wasmgui/experiments/wasm-gui/toolchain/compat-include -include /home/nathan/secure-exec-wasmgui/experiments/wasm-gui/toolchain/wasi-compat.h -DNDEBUG -DG_DISABLE_CAST_CHECKS -DG_DISABLE_ASSERT conftest.c >&5
configure:10597: $? = 0
configure:10606: result: yes
configure:10589: checking if /home/nathan/secure-exec-wasmgui/experiments/wasm-gui/toolchain/clang-wasi-wrap.sh supports -Wundef
configure:10597: /home/nathan/secure-exec-wasmgui/experiments/wasm-gui/toolchain/clang-wasi-wrap.sh -c --target=wasm32-wasip1-threads --sysroot=/home/nathan/secure-exec/registry/native/c/vendor/wasi-sdk/share/wasi-sysroot -O2 -pthread -matomics -mbulk-memory -DSECURE_EXEC_WASM_THREADS -D_WASI_EMULATED_SIGNAL -D_WASI_EMULATED_MMAN -D_WASI_EMULATED_PROCESS_CLOCKS -D_GNU_SOURCE -mllvm -wasm-enable-sjlj -Wno-error=implicit-function-declaration -Wno-error=int-conversion -Wno-int-conversion -I/home/nathan/secure-exec-wasmgui/experiments/wasm-gui/toolchain/compat-include -include /home/nathan/secure-exec-wasmgui/experiments/wasm-gui/toolchain/wasi-compat.h -I/home/nathan/secure-exec-wasmgui/experiments/wasm-gui/third_party/wasm-prefix-threads/include -g0 -Wundef --target=wasm32-wasip1-threads --sysroot=/home/nathan/secure-exec/registry/native/c/vendor/wasi-sdk/share/wasi-sysroot -I/home/nathan/secure-exec-wasmgui/experiments/wasm-gui/third_party/wasm-prefix-threads/include -I/home/nathan/secure-exec-wasmgui/experiments/wasm-gui/toolchain/compat-include -include /home/nathan/secure-exec-wasmgui/experiments/wasm-gui/toolchain/wasi-compat.h -DNDEBUG -DG_DISABLE_CAST_CHECKS -DG_DISABLE_ASSERT conftest.c >&5
configure:10597: $? = 0
configure:10606: result: yes
configure:10589: checking if /home/nathan/secure-exec-wasmgui/experiments/wasm-gui/toolchain/clang-wasi-wrap.sh supports -Wredundant-decls
configure:10597: /home/nathan/secure-exec-wasmgui/experiments/wasm-gui/toolchain/clang-wasi-wrap.sh -c --target=wasm32-wasip1-threads --sysroot=/home/nathan/secure-exec/registry/native/c/vendor/wasi-sdk/share/wasi-sysroot -O2 -pthread -matomics -mbulk-memory -DSECURE_EXEC_WASM_THREADS -D_WASI_EMULATED_SIGNAL -D_WASI_EMULATED_MMAN -D_WASI_EMULATED_PROCESS_CLOCKS -D_GNU_SOURCE -mllvm -wasm-enable-sjlj -Wno-error=implicit-function-declaration -Wno-error=int-conversion -Wno-int-conversion -I/home/nathan/secure-exec-wasmgui/experiments/wasm-gui/toolchain/compat-include -include /home/nathan/secure-exec-wasmgui/experiments/wasm-gui/toolchain/wasi-compat.h -I/home/nathan/secure-exec-wasmgui/experiments/wasm-gui/third_party/wasm-prefix-threads/include -g0 -Wredundant-decls --target=wasm32-wasip1-threads --sysroot=/home/nathan/secure-exec/registry/native/c/vendor/wasi-sdk/share/wasi-sysroot -I/home/nathan/secure-exec-wasmgui/experiments/wasm-gui/third_party/wasm-prefix-threads/include -I/home/nathan/secure-exec-wasmgui/experiments/wasm-gui/toolchain/compat-include -include /home/nathan/secure-exec-wasmgui/experiments/wasm-gui/toolchain/wasi-compat.h -DNDEBUG -DG_DISABLE_CAST_CHECKS -DG_DISABLE_ASSERT conftest.c >&5
configure:10597: $? = 0
configure:10606: result: yes
configure:10589: checking if /home/nathan/secure-exec-wasmgui/experiments/wasm-gui/toolchain/clang-wasi-wrap.sh supports -Wshadow
configure:10597: /home/nathan/secure-exec-wasmgui/experiments/wasm-gui/toolchain/clang-wasi-wrap.sh -c --target=wasm32-wasip1-threads --sysroot=/home/nathan/secure-exec/registry/native/c/vendor/wasi-sdk/share/wasi-sysroot -O2 -pthread -matomics -mbulk-memory -DSECURE_EXEC_WASM_THREADS -D_WASI_EMULATED_SIGNAL -D_WASI_EMULATED_MMAN -D_WASI_EMULATED_PROCESS_CLOCKS -D_GNU_SOURCE -mllvm -wasm-enable-sjlj -Wno-error=implicit-function-declaration -Wno-error=int-conversion -Wno-int-conversion -I/home/nathan/secure-exec-wasmgui/experiments/wasm-gui/toolchain/compat-include -include /home/nathan/secure-exec-wasmgui/experiments/wasm-gui/toolchain/wasi-compat.h -I/home/nathan/secure-exec-wasmgui/experiments/wasm-gui/third_party/wasm-prefix-threads/include -g0 -Wshadow --target=wasm32-wasip1-threads --sysroot=/home/nathan/secure-exec/registry/native/c/vendor/wasi-sdk/share/wasi-sysroot -I/home/nathan/secure-exec-wasmgui/experiments/wasm-gui/third_party/wasm-prefix-threads/include -I/home/nathan/secure-exec-wasmgui/experiments/wasm-gui/toolchain/compat-include -include /home/nathan/secure-exec-wasmgui/experiments/wasm-gui/toolchain/wasi-compat.h -DNDEBUG -DG_DISABLE_CAST_CHECKS -DG_DISABLE_ASSERT conftest.c >&5
configure:10597: $? = 0
configure:10606: result: yes
configure:10722: checking that generated files are newer than configure
configure:10728: result: done
configure:10767: creating ./config.status

## ---------------------- ##
## Running config.status. ##
## ---------------------- ##

This file was extended by ristretto config.status 0.13.2, which was
generated by GNU Autoconf 2.72.  Invocation command line was

  CONFIG_FILES    = 
  CONFIG_HEADERS  = 
  CONFIG_LINKS    = 
  CONFIG_COMMANDS = 
  $ ./config.status 

on nathan-dev

config.status:1028: creating Makefile
config.status:1028: creating po/Makefile.in
config.status:1028: creating src/Makefile
config.status:1028: creating icons/Makefile
config.status:1028: creating icons/16x16/Makefile
config.status:1028: creating icons/24x24/Makefile
config.status:1028: creating icons/32x32/Makefile
config.status:1028: creating icons/48x48/Makefile
config.status:1028: creating icons/64x64/Makefile
config.status:1028: creating icons/96x96/Makefile
config.status:1028: creating icons/128x128/Makefile
config.status:1028: creating icons/scalable/Makefile
config.status:1028: creating config.h
config.status:1257: executing depfiles commands
config.status:1334: cd src       && sed -e '/# am--include-marker/d' Makefile         | make -f - am--depfiles
config.status:1339: $? = 0
config.status:1257: executing po-directories commands
configure:12213: WARNING: unrecognized options: --enable-static, --disable-shared, --disable-malloc0returnsnull, --enable-static, --disable-shared, --disable-gtk-doc, --disable-gtk-doc-html

## ---------------- ##
## Cache variables. ##
## ---------------- ##

ac_cv_build=x86_64-pc-linux-gnux32
ac_cv_c_compiler_gnu=yes
ac_cv_env_CC_set=set
ac_cv_env_CC_value=/home/nathan/secure-exec-wasmgui/experiments/wasm-gui/toolchain/clang-wasi-wrap.sh
ac_cv_env_CFLAGS_set=set
ac_cv_env_CFLAGS_value='--target=wasm32-wasip1-threads --sysroot=/home/nathan/secure-exec/registry/native/c/vendor/wasi-sdk/share/wasi-sysroot -O2 -pthread -matomics -mbulk-memory -DSECURE_EXEC_WASM_THREADS -D_WASI_EMULATED_SIGNAL -D_WASI_EMULATED_MMAN -D_WASI_EMULATED_PROCESS_CLOCKS -D_GNU_SOURCE -mllvm -wasm-enable-sjlj -Wno-error=implicit-function-declaration -Wno-error=int-conversion -Wno-int-conversion -I/home/nathan/secure-exec-wasmgui/experiments/wasm-gui/toolchain/compat-include -include /home/nathan/secure-exec-wasmgui/experiments/wasm-gui/toolchain/wasi-compat.h -I/home/nathan/secure-exec-wasmgui/experiments/wasm-gui/third_party/wasm-prefix-threads/include -g0'
ac_cv_env_CPPFLAGS_set=set
ac_cv_env_CPPFLAGS_value='--target=wasm32-wasip1-threads --sysroot=/home/nathan/secure-exec/registry/native/c/vendor/wasi-sdk/share/wasi-sysroot -I/home/nathan/secure-exec-wasmgui/experiments/wasm-gui/third_party/wasm-prefix-threads/include -I/home/nathan/secure-exec-wasmgui/experiments/wasm-gui/toolchain/compat-include -include /home/nathan/secure-exec-wasmgui/experiments/wasm-gui/toolchain/wasi-compat.h'
ac_cv_env_CPP_set=
ac_cv_env_CPP_value=
ac_cv_env_LDFLAGS_set=set
ac_cv_env_LDFLAGS_value='--target=wasm32-wasip1-threads --sysroot=/home/nathan/secure-exec/registry/native/c/vendor/wasi-sdk/share/wasi-sysroot -Wl,--shared-memory -Wl,--import-memory -Wl,--export-memory -Wl,--max-memory=536870912 -Wl,--export=wasi_thread_start -Wl,--no-check-features -lwasi-emulated-signal -L/home/nathan/secure-exec-wasmgui/experiments/wasm-gui/third_party/wasm-prefix-threads/lib -L/home/nathan/secure-exec/registry/native/c/vendor/wasi-sdk/share/wasi-sysroot/lib/wasm32-wasip1-threads -lwasi-emulated-mman -lwasi-emulated-process-clocks -L/home/nathan/secure-exec-wasmgui/experiments/wasm-gui/third_party/wasm-prefix-threads/lib -lhostcompat'
ac_cv_env_LIBS_set=
ac_cv_env_LIBS_value=
ac_cv_env_PKG_CONFIG_LIBDIR_set=set
ac_cv_env_PKG_CONFIG_LIBDIR_value=/home/nathan/secure-exec-wasmgui/experiments/wasm-gui/third_party/wasm-prefix-threads/lib/pkgconfig:/home/nathan/secure-exec-wasmgui/experiments/wasm-gui/third_party/wasm-prefix-threads/share/pkgconfig
ac_cv_env_PKG_CONFIG_PATH_set=set
ac_cv_env_PKG_CONFIG_PATH_value=
ac_cv_env_PKG_CONFIG_set=
ac_cv_env_PKG_CONFIG_value=
ac_cv_env_TUMBLER_SERVICE_NAME_PREFIX_set=
ac_cv_env_TUMBLER_SERVICE_NAME_PREFIX_value=
ac_cv_env_build_alias_set=
ac_cv_env_build_alias_value=
ac_cv_env_host_alias_set=set
ac_cv_env_host_alias_value=wasm32-wasi
ac_cv_env_target_alias_set=
ac_cv_env_target_alias_value=
ac_cv_header_inttypes_h=yes
ac_cv_header_magic_h=no
ac_cv_header_minix_config_h=no
ac_cv_header_stdint_h=yes
ac_cv_header_stdio_h=yes
ac_cv_header_stdlib_h=yes
ac_cv_header_string_h=yes
ac_cv_header_strings_h=yes
ac_cv_header_sys_stat_h=yes
ac_cv_header_sys_types_h=yes
ac_cv_header_unistd_h=yes
ac_cv_header_wchar_h=yes
ac_cv_host=wasm32-unknown-wasi
ac_cv_lib_m_cos=yes
ac_cv_lib_magic_magic_open=no
ac_cv_objext=o
ac_cv_path_EGREP_TRADITIONAL='/usr/bin/grep -E'
ac_cv_path_GMSGFMT=/home/nathan/secure-exec-wasmgui/experiments/wasm-gui/toolchain/host-bin/msgfmt
ac_cv_path_MSGFMT=/home/nathan/secure-exec-wasmgui/experiments/wasm-gui/toolchain/host-bin/msgfmt
ac_cv_path_MSGMERGE=/home/nathan/secure-exec-wasmgui/experiments/wasm-gui/toolchain/host-bin/msgmerge
ac_cv_path_PKG_CONFIG=/usr/bin/pkg-config
ac_cv_path_SED=/usr/bin/sed
ac_cv_path_XGETTEXT=/home/nathan/secure-exec-wasmgui/experiments/wasm-gui/toolchain/host-bin/xgettext
ac_cv_path_ac_pt_PKG_CONFIG=/usr/bin/pkg-config
ac_cv_path_install='/usr/bin/install -c'
ac_cv_path_mkdir=/usr/bin/mkdir
ac_cv_prog_AWK=mawk
ac_cv_prog_CC=/home/nathan/secure-exec-wasmgui/experiments/wasm-gui/toolchain/clang-wasi-wrap.sh
ac_cv_prog_CPP='/home/nathan/secure-exec-wasmgui/experiments/wasm-gui/toolchain/clang-wasi-wrap.sh -E'
ac_cv_prog_ac_ct_STRIP=strip
ac_cv_prog_cc_c11=
ac_cv_prog_cc_g=yes
ac_cv_prog_cc_stdc=
ac_cv_prog_make_make_set=yes
ac_cv_safe_to_define___extensions__=yes
ac_cv_search_strerror='none required'
ac_cv_should_define__xopen_source=no
acl_cv_hardcode_direct=no
acl_cv_hardcode_libdir_flag_spec='${wl}-rpath ${wl}$libdir'
acl_cv_hardcode_libdir_separator=
acl_cv_hardcode_minus_L=no
acl_cv_libext=a
acl_cv_libname_spec='lib$name'
acl_cv_library_names_spec=
acl_cv_path_LD=/home/linuxbrew/.linuxbrew/bin/ld
acl_cv_prog_gnu_ld=yes
acl_cv_rpath=done
acl_cv_shlibext=so
acl_cv_wl=-Wl,
am_cv_CC_dependencies_compiler_type=gcc3
am_cv_make_support_nested_variables=yes
am_cv_prog_cc_c_o=yes
am_cv_prog_tar_ustar=gnutar
gt_cv_func_CFLocaleCopyCurrent=no
gt_cv_func_CFPreferencesCopyAppValue=no
xdt_cv_LIBX11_check=yes
xdt_cv_PKG_CONFIG_MIN_VERSION=0.9.0
xdt_cv_additional_CFLAGS='-Wall -Wextra                                   -Wno-missing-field-initializers                                   -Wno-unused-parameter                                   -Wmissing-declarations                                   -Wmissing-noreturn -Wpointer-arith                                   -Wcast-align -Wformat -Wformat-security -Wformat-y2k                                   -Winit-self -Wmissing-include-dirs -Wundef                                   -Wredundant-decls -Wshadow                             -Wnested-externs                             -Wold-style-definition'
xdt_cv_additional_COMMON_FLAGS='-Wall -Wextra                                   -Wno-missing-field-initializers                                   -Wno-unused-parameter                                   -Wmissing-declarations                                   -Wmissing-noreturn -Wpointer-arith                                   -Wcast-align -Wformat -Wformat-security -Wformat-y2k                                   -Winit-self -Wmissing-include-dirs -Wundef                                   -Wredundant-decls -Wshadow'
xdt_cv_additional_CXXFLAGS='-Wall -Wextra                                   -Wno-missing-field-initializers                                   -Wno-unused-parameter                                   -Wmissing-declarations                                   -Wmissing-noreturn -Wpointer-arith                                   -Wcast-align -Wformat -Wformat-security -Wformat-y2k                                   -Winit-self -Wmissing-include-dirs -Wundef                                   -Wredundant-decls -Wshadow'

## ----------------- ##
## Output variables. ##
## ----------------- ##

ACLOCAL='${SHELL} '\''/home/nathan/secure-exec-wasmgui/experiments/wasm-gui/third_party/ristretto/missing'\'' aclocal-1.16'
AMDEPBACKSLASH='\'
AMDEP_FALSE='#'
AMDEP_TRUE=''
AMTAR='$${TAR-tar}'
AM_BACKSLASH='\'
AM_DEFAULT_V='$(AM_DEFAULT_VERBOSITY)'
AM_DEFAULT_VERBOSITY='0'
AM_V='$(V)'
AUTOCONF='${SHELL} '\''/home/nathan/secure-exec-wasmgui/experiments/wasm-gui/third_party/ristretto/missing'\'' autoconf'
AUTOHEADER='${SHELL} '\''/home/nathan/secure-exec-wasmgui/experiments/wasm-gui/third_party/ristretto/missing'\'' autoheader'
AUTOMAKE='${SHELL} '\''/home/nathan/secure-exec-wasmgui/experiments/wasm-gui/third_party/ristretto/missing'\'' automake-1.16'
AWK='mawk'
CAIRO_CFLAGS='-I/home/nathan/secure-exec-wasmgui/experiments/wasm-gui/third_party/wasm-prefix-threads/include/cairo -I/home/nathan/secure-exec-wasmgui/experiments/wasm-gui/third_party/wasm-prefix-threads/include -I/home/nathan/secure-exec-wasmgui/experiments/wasm-gui/third_party/wasm-prefix-threads/include/freetype2 -I/home/nathan/secure-exec-wasmgui/experiments/wasm-gui/third_party/wasm-prefix-threads/include/pixman-1 -pthread '
CAIRO_LIBS='-L/home/nathan/secure-exec-wasmgui/experiments/wasm-gui/third_party/wasm-prefix-threads/lib -lcairo -ldl -lpng16 -lfontconfig -lexpat -lfreetype -lz -lXext -lXrender -lX11 -lpixman-1 -lm -pthread '
CAIRO_REQUIRED_VERSION='1.10.0'
CAIRO_VERSION='1.18.2'
CC='/home/nathan/secure-exec-wasmgui/experiments/wasm-gui/toolchain/clang-wasi-wrap.sh'
CCDEPMODE='depmode=gcc3'
CFLAGS='--target=wasm32-wasip1-threads --sysroot=/home/nathan/secure-exec/registry/native/c/vendor/wasi-sdk/share/wasi-sysroot -O2 -pthread -matomics -mbulk-memory -DSECURE_EXEC_WASM_THREADS -D_WASI_EMULATED_SIGNAL -D_WASI_EMULATED_MMAN -D_WASI_EMULATED_PROCESS_CLOCKS -D_GNU_SOURCE -mllvm -wasm-enable-sjlj -Wno-error=implicit-function-declaration -Wno-error=int-conversion -Wno-int-conversion -I/home/nathan/secure-exec-wasmgui/experiments/wasm-gui/toolchain/compat-include -include /home/nathan/secure-exec-wasmgui/experiments/wasm-gui/toolchain/wasi-compat.h -I/home/nathan/secure-exec-wasmgui/experiments/wasm-gui/third_party/wasm-prefix-threads/include -g0  -Wall -Wextra -Wno-missing-field-initializers -Wno-unused-parameter -Wmissing-declarations -Wmissing-noreturn -Wpointer-arith -Wcast-align -Wformat -Wformat-security -Wformat-y2k -Winit-self -Wmissing-include-dirs -Wundef -Wredundant-decls -Wshadow -Wnested-externs -Wold-style-definition'
CPP='/home/nathan/secure-exec-wasmgui/experiments/wasm-gui/toolchain/clang-wasi-wrap.sh -E'
CPPFLAGS='--target=wasm32-wasip1-threads --sysroot=/home/nathan/secure-exec/registry/native/c/vendor/wasi-sdk/share/wasi-sysroot -I/home/nathan/secure-exec-wasmgui/experiments/wasm-gui/third_party/wasm-prefix-threads/include -I/home/nathan/secure-exec-wasmgui/experiments/wasm-gui/toolchain/compat-include -include /home/nathan/secure-exec-wasmgui/experiments/wasm-gui/toolchain/wasi-compat.h -DNDEBUG -DG_DISABLE_CAST_CHECKS -DG_DISABLE_ASSERT'
CSCOPE='cscope'
CTAGS='ctags'
CYGPATH_W='echo'
DEFS='-DHAVE_CONFIG_H'
DEPDIR='.deps'
ECHO_C=''
ECHO_N='-n'
ECHO_T=''
ETAGS='etags'
EXEEXT=''
GETTEXT_MACRO_VERSION='0.19'
GETTEXT_PACKAGE='ristretto'
GLIB_CFLAGS='-I/home/nathan/secure-exec-wasmgui/experiments/wasm-gui/third_party/wasm-prefix-threads/include/glib-2.0 -pthread -I/home/nathan/secure-exec-wasmgui/experiments/wasm-gui/third_party/wasm-prefix-threads/lib/glib-2.0/include -I/home/nathan/secure-exec-wasmgui/experiments/wasm-gui/third_party/wasm-prefix-threads/include -DPCRE2_STATIC '
GLIB_LIBS='-L/home/nathan/secure-exec-wasmgui/experiments/wasm-gui/third_party/wasm-prefix-threads/lib -lglib-2.0 -lintl -lm -pthread -lpcre2-8 '
GLIB_REQUIRED_VERSION='2.56.0'
GLIB_VERSION='2.78.4'
GMSGFMT='/home/nathan/secure-exec-wasmgui/experiments/wasm-gui/toolchain/host-bin/msgfmt'
GMSGFMT_015='/home/nathan/secure-exec-wasmgui/experiments/wasm-gui/toolchain/host-bin/msgfmt'
GTK_CFLAGS='-I/home/nathan/secure-exec-wasmgui/experiments/wasm-gui/third_party/wasm-prefix-threads/include/gtk-3.0 -I/home/nathan/secure-exec-wasmgui/experiments/wasm-gui/third_party/pango/build-wasm-threads -I/home/nathan/secure-exec-wasmgui/experiments/wasm-gui/third_party/pango -I/home/nathan/secure-exec-wasmgui/experiments/wasm-gui/third_party/pango/build-wasm-threads/pango -I/home/nathan/secure-exec-wasmgui/experiments/wasm-gui/third_party/pango/pango -I/home/nathan/secure-exec-wasmgui/experiments/wasm-gui/third_party/wasm-prefix-threads/include/glib-2.0 -I/home/nathan/secure-exec-wasmgui/experiments/wasm-gui/third_party/wasm-prefix-threads/lib/glib-2.0/include -I/home/nathan/secure-exec-wasmgui/experiments/wasm-gui/third_party/wasm-prefix-threads/include -I/home/nathan/secure-exec-wasmgui/experiments/wasm-gui/third_party/wasm-prefix-threads/include/fribidi -I/home/nathan/secure-exec-wasmgui/experiments/wasm-gui/third_party/harfbuzz/build-wasm-threads -I/home/nathan/secure-exec-wasmgui/experiments/wasm-gui/third_party/harfbuzz -I/home/nathan/secure-exec-wasmgui/experiments/wasm-gui/third_party/harfbuzz/build-wasm-threads/src -I/home/nathan/secure-exec-wasmgui/experiments/wasm-gui/third_party/harfbuzz/src -I/home/nathan/secure-exec-wasmgui/experiments/wasm-gui/third_party/wasm-prefix-threads/include/freetype2 -I/home/nathan/secure-exec-wasmgui/experiments/wasm-gui/third_party/wasm-prefix-threads/include/cairo -I/home/nathan/secure-exec-wasmgui/experiments/wasm-gui/third_party/wasm-prefix-threads/include/pixman-1 -I/home/nathan/secure-exec-wasmgui/experiments/wasm-gui/third_party/wasm-prefix-threads/include/gdk-pixbuf-2.0 -I/home/nathan/secure-exec-wasmgui/experiments/wasm-gui/third_party/wasm-prefix-threads/include/gio-unix-2.0 -I/home/nathan/secure-exec-wasmgui/experiments/wasm-gui/third_party/wasm-prefix/include -I/home/nathan/secure-exec-wasmgui/experiments/wasm-gui/third_party/wasm-prefix-threads/include/atk-1.0 -I/home/nathan/secure-exec-wasmgui/experiments/wasm-gui/third_party/wasm-prefix-threads/include/at-spi2-atk/2.0 -pthread -DPCRE2_STATIC '
GTK_LIBS='-L/home/nathan/secure-exec-wasmgui/experiments/wasm-gui/third_party/wasm-prefix-threads/lib -lgtk-3 -lgdk-3 -L/home/nathan/secure-exec-wasmgui/experiments/wasm-gui/third_party/pango/build-wasm-threads/pango -lintl -L/home/nathan/secure-exec-wasmgui/experiments/wasm-gui/third_party/harfbuzz/build-wasm-threads/src -lm -lpangocairo-1.0 -lintl -lm -lpangoft2-1.0 -lpango-1.0 -lintl -lm -lintl -lm -lintl -lfribidi -lharfbuzz -lm -lXft -lintl -lintl -lz -latk-1.0 -lcairo-gobject -lcairo -ldl -lz -lfontconfig -lexpat -lfreetype -lXext -lXrender -lX11 -lpixman-1 -lgdk_pixbuf-2.0 -lpng16 -lintl -lintl -lgio-2.0 -lgobject-2.0 -lffi -lgmodule-2.0 -lintl -lglib-2.0 -lintl -lm -pthread -lpcre2-8 -lz '
GTK_REQUIRED_VERSION='3.22.0'
GTK_VERSION='3.24.43'
HAVE_CYGWIN_FALSE=''
HAVE_CYGWIN_TRUE='#'
HAVE_LIBX11_FALSE='#'
HAVE_LIBX11_TRUE=''
INSTALL_DATA='${INSTALL} -m 644'
INSTALL_PROGRAM='${INSTALL}'
INSTALL_SCRIPT='${INSTALL}'
INSTALL_STRIP_PROGRAM='$(install_sh) -c -s'
INTLLIBS=''
INTL_MACOSX_LIBS=''
LDFLAGS='--target=wasm32-wasip1-threads --sysroot=/home/nathan/secure-exec/registry/native/c/vendor/wasi-sdk/share/wasi-sysroot -Wl,--shared-memory -Wl,--import-memory -Wl,--export-memory -Wl,--max-memory=536870912 -Wl,--export=wasi_thread_start -Wl,--no-check-features -lwasi-emulated-signal -L/home/nathan/secure-exec-wasmgui/experiments/wasm-gui/third_party/wasm-prefix-threads/lib -L/home/nathan/secure-exec/registry/native/c/vendor/wasi-sdk/share/wasi-sysroot/lib/wasm32-wasip1-threads -lwasi-emulated-mman -lwasi-emulated-process-clocks -L/home/nathan/secure-exec-wasmgui/experiments/wasm-gui/third_party/wasm-prefix-threads/lib -lhostcompat'
LIBEXIF_CFLAGS='-I/home/nathan/secure-exec-wasmgui/experiments/wasm-gui/third_party/wasm-prefix-threads/include '
LIBEXIF_LIBS='-L/home/nathan/secure-exec-wasmgui/experiments/wasm-gui/third_party/wasm-prefix-threads/lib -lexif '
LIBEXIF_REQUIRED_VERSION='0.6.0'
LIBEXIF_VERSION='0.6.24'
LIBICONV='-liconv'
LIBINTL=''
LIBM='-lm'
LIBOBJS=''
LIBS=''
LIBX11_CFLAGS='-I/home/nathan/secure-exec-wasmgui/experiments/wasm-gui/third_party/wasm-prefix-threads/include '
LIBX11_LIBS='-L/home/nathan/secure-exec-wasmgui/experiments/wasm-gui/third_party/wasm-prefix-threads/lib -lX11 '
LIBX11_REQUIRED_VERSION='1.6.7'
LIBX11_VERSION='1.8.13'
LIBXFCE4UI_CFLAGS='-I/home/nathan/secure-exec-wasmgui/experiments/wasm-gui/third_party/wasm-prefix-threads/include/xfce4/libxfce4ui-2 -I/home/nathan/secure-exec-wasmgui/experiments/wasm-gui/third_party/wasm-prefix-threads/include/gtk-3.0 -I/home/nathan/secure-exec-wasmgui/experiments/wasm-gui/third_party/pango/build-wasm-threads -I/home/nathan/secure-exec-wasmgui/experiments/wasm-gui/third_party/pango -I/home/nathan/secure-exec-wasmgui/experiments/wasm-gui/third_party/pango/build-wasm-threads/pango -I/home/nathan/secure-exec-wasmgui/experiments/wasm-gui/third_party/pango/pango -I/home/nathan/secure-exec-wasmgui/experiments/wasm-gui/third_party/wasm-prefix-threads/include/glib-2.0 -I/home/nathan/secure-exec-wasmgui/experiments/wasm-gui/third_party/wasm-prefix-threads/lib/glib-2.0/include -I/home/nathan/secure-exec-wasmgui/experiments/wasm-gui/third_party/wasm-prefix-threads/include -I/home/nathan/secure-exec-wasmgui/experiments/wasm-gui/third_party/wasm-prefix-threads/include/fribidi -I/home/nathan/secure-exec-wasmgui/experiments/wasm-gui/third_party/harfbuzz/build-wasm-threads -I/home/nathan/secure-exec-wasmgui/experiments/wasm-gui/third_party/harfbuzz -I/home/nathan/secure-exec-wasmgui/experiments/wasm-gui/third_party/harfbuzz/build-wasm-threads/src -I/home/nathan/secure-exec-wasmgui/experiments/wasm-gui/third_party/harfbuzz/src -I/home/nathan/secure-exec-wasmgui/experiments/wasm-gui/third_party/wasm-prefix-threads/include/freetype2 -I/home/nathan/secure-exec-wasmgui/experiments/wasm-gui/third_party/wasm-prefix-threads/include/cairo -I/home/nathan/secure-exec-wasmgui/experiments/wasm-gui/third_party/wasm-prefix-threads/include/pixman-1 -I/home/nathan/secure-exec-wasmgui/experiments/wasm-gui/third_party/wasm-prefix-threads/include/gdk-pixbuf-2.0 -I/home/nathan/secure-exec-wasmgui/experiments/wasm-gui/third_party/wasm-prefix-threads/include/gio-unix-2.0 -I/home/nathan/secure-exec-wasmgui/experiments/wasm-gui/third_party/wasm-prefix/include -I/home/nathan/secure-exec-wasmgui/experiments/wasm-gui/third_party/wasm-prefix-threads/include/atk-1.0 -I/home/nathan/secure-exec-wasmgui/experiments/wasm-gui/third_party/wasm-prefix-threads/include/at-spi2-atk/2.0 -I/home/nathan/secure-exec-wasmgui/experiments/wasm-gui/third_party/wasm-prefix-threads/include/xfce4 -pthread -DPCRE2_STATIC '
LIBXFCE4UI_LIBS='-L/home/nathan/secure-exec-wasmgui/experiments/wasm-gui/third_party/wasm-prefix-threads/lib -lxfce4ui-2 -lgtk-3 -lgdk-3 -L/home/nathan/secure-exec-wasmgui/experiments/wasm-gui/third_party/pango/build-wasm-threads/pango -lintl -L/home/nathan/secure-exec-wasmgui/experiments/wasm-gui/third_party/harfbuzz/build-wasm-threads/src -lm -lpangocairo-1.0 -lintl -lm -lpangoft2-1.0 -lpango-1.0 -lintl -lm -lintl -lm -lintl -lfribidi -lharfbuzz -lm -lXft -lintl -lintl -lz -latk-1.0 -lcairo-gobject -lcairo -ldl -lz -lfontconfig -lexpat -lfreetype -lXext -lXrender -lX11 -lpixman-1 -lgdk_pixbuf-2.0 -lpng16 -lintl -lintl -lgio-2.0 -lgobject-2.0 -lffi -lgmodule-2.0 -lintl -lz -lxfce4util -lglib-2.0 -lintl -lm -pthread -lpcre2-8 '
LIBXFCE4UI_REQUIRED_VERSION='4.16.0'
LIBXFCE4UI_VERSION='4.18.6'
LIBXFCE4UTIL_CFLAGS='-I/home/nathan/secure-exec-wasmgui/experiments/wasm-gui/third_party/wasm-prefix-threads/include/xfce4 -I/home/nathan/secure-exec-wasmgui/experiments/wasm-gui/third_party/wasm-prefix-threads/include/glib-2.0 -pthread -I/home/nathan/secure-exec-wasmgui/experiments/wasm-gui/third_party/wasm-prefix-threads/lib/glib-2.0/include -I/home/nathan/secure-exec-wasmgui/experiments/wasm-gui/third_party/wasm-prefix-threads/include -DPCRE2_STATIC '
LIBXFCE4UTIL_LIBS='-L/home/nathan/secure-exec-wasmgui/experiments/wasm-gui/third_party/wasm-prefix-threads/lib -lxfce4util -lglib-2.0 -lintl -lm -pthread -lpcre2-8 '
LIBXFCE4UTIL_REQUIRED_VERSION='4.16.0'
LIBXFCE4UTIL_VERSION='4.18.2'
LTLIBICONV='-liconv'
LTLIBINTL=''
LTLIBOBJS=''
MAGIC_LIBS=''
MAINT='#'
MAINTAINER_MODE_FALSE=''
MAINTAINER_MODE_TRUE='#'
MAKEINFO='${SHELL} '\''/home/nathan/secure-exec-wasmgui/experiments/wasm-gui/third_party/ristretto/missing'\'' makeinfo'
MKDIR_P='/usr/bin/mkdir -p'
MSGFMT='/home/nathan/secure-exec-wasmgui/experiments/wasm-gui/toolchain/host-bin/msgfmt'
MSGFMT_015='/home/nathan/secure-exec-wasmgui/experiments/wasm-gui/toolchain/host-bin/msgfmt'
MSGMERGE='/home/nathan/secure-exec-wasmgui/experiments/wasm-gui/toolchain/host-bin/msgmerge'
OBJEXT='o'
PACKAGE='ristretto'
PACKAGE_BUGREPORT='https://gitlab.xfce.org/apps/ristretto'
PACKAGE_NAME='ristretto'
PACKAGE_STRING='ristretto 0.13.2'
PACKAGE_TARNAME='ristretto'
PACKAGE_URL=''
PACKAGE_VERSION='0.13.2'
PATH_SEPARATOR=':'
PKG_CONFIG='/usr/bin/pkg-config'
PKG_CONFIG_LIBDIR='/home/nathan/secure-exec-wasmgui/experiments/wasm-gui/third_party/wasm-prefix-threads/lib/pkgconfig:/home/nathan/secure-exec-wasmgui/experiments/wasm-gui/third_party/wasm-prefix-threads/share/pkgconfig'
PKG_CONFIG_PATH=''
POSUB=''
SED='/usr/bin/sed'
SET_MAKE=''
SHELL='/bin/bash'
STRIP='strip'
TUMBLER_SERVICE_NAME_PREFIX='org.freedesktop.thumbnails'
TUMBLER_SERVICE_PATH_PREFIX='/org/freedesktop/thumbnails'
USE_NLS='no'
VERSION='0.13.2'
XFCONF_CFLAGS='-I/home/nathan/secure-exec-wasmgui/experiments/wasm-gui/third_party/wasm-prefix-threads/include/xfce4/xfconf-0 -I/home/nathan/secure-exec-wasmgui/experiments/wasm-gui/third_party/wasm-prefix-threads/include -I/home/nathan/secure-exec-wasmgui/experiments/wasm-gui/third_party/wasm-prefix-threads/include/glib-2.0 -I/home/nathan/secure-exec-wasmgui/experiments/wasm-gui/third_party/wasm-prefix-threads/lib/glib-2.0/include -pthread -DPCRE2_STATIC '
XFCONF_LIBS='-L/home/nathan/secure-exec-wasmgui/experiments/wasm-gui/third_party/wasm-prefix-threads/lib -lxfconf-0 -lgio-2.0 -lgobject-2.0 -lffi -lgmodule-2.0 -lintl -lglib-2.0 -lintl -lm -pthread -lpcre2-8 -lz '
XFCONF_REQUIRED_VERSION='4.12.1'
XFCONF_VERSION='4.18.3'
XGETTEXT='/home/nathan/secure-exec-wasmgui/experiments/wasm-gui/toolchain/host-bin/xgettext'
XGETTEXT_015='/home/nathan/secure-exec-wasmgui/experiments/wasm-gui/toolchain/host-bin/xgettext'
XGETTEXT_EXTRA_OPTIONS=''
ac_ct_CC=''
am__EXEEXT_FALSE=''
am__EXEEXT_TRUE='#'
am__fastdepCC_FALSE='#'
am__fastdepCC_TRUE=''
am__include='include'
am__isrc=''
am__leading_dot='.'
am__nodep='_no'
am__quote=''
am__tar='tar --format=ustar -chf - "$$tardir"'
am__untar='tar -xf -'
bindir='${exec_prefix}/bin'
build='x86_64-pc-linux-gnux32'
build_alias=''
build_cpu='x86_64'
build_os='linux-gnux32'
build_vendor='pc'
datadir='/usr/share'
datarootdir='${prefix}/share'
docdir='${datarootdir}/doc/${PACKAGE_TARNAME}'
dvidir='${docdir}'
exec_prefix='${prefix}'
host='wasm32-unknown-wasi'
host_alias='wasm32-wasi'
host_cpu='wasm32'
host_os='wasi'
host_vendor='unknown'
htmldir='${docdir}'
includedir='${prefix}/include'
infodir='${datarootdir}/info'
install_sh='${SHELL} /home/nathan/secure-exec-wasmgui/experiments/wasm-gui/third_party/ristretto/install-sh'
libdir='${exec_prefix}/lib'
libexecdir='${exec_prefix}/libexec'
localedir='${datarootdir}/locale'
localstatedir='${prefix}/var'
mandir='${datarootdir}/man'
mkdir_p='$(MKDIR_P)'
oldincludedir='/usr/include'
pdfdir='${docdir}'
prefix='/home/nathan/secure-exec-wasmgui/experiments/wasm-gui/third_party/wasm-prefix-threads'
program_transform_name='s,x,x,'
psdir='${docdir}'
runstatedir='${localstatedir}/run'
sbindir='${exec_prefix}/sbin'
sharedstatedir='${prefix}/com'
sysconfdir='/etc'
target_alias=''

## ----------- ##
## confdefs.h. ##
## ----------- ##

/* confdefs.h */
#define PACKAGE_NAME "ristretto"
#define PACKAGE_TARNAME "ristretto"
#define PACKAGE_VERSION "0.13.2"
#define PACKAGE_STRING "ristretto 0.13.2"
#define PACKAGE_BUGREPORT "https://gitlab.xfce.org/apps/ristretto"
#define PACKAGE_URL ""
#define PACKAGE "ristretto"
#define VERSION "0.13.2"
#define HAVE_STDIO_H 1
#define HAVE_STDLIB_H 1
#define HAVE_STRING_H 1
#define HAVE_INTTYPES_H 1
#define HAVE_STDINT_H 1
#define HAVE_STRINGS_H 1
#define HAVE_SYS_STAT_H 1
#define HAVE_SYS_TYPES_H 1
#define HAVE_UNISTD_H 1
#define HAVE_WCHAR_H 1
#define STDC_HEADERS 1
#define _ALL_SOURCE 1
#define _DARWIN_C_SOURCE 1
#define _GNU_SOURCE 1
#define _HPUX_ALT_XOPEN_SOCKET_API 1
#define _NETBSD_SOURCE 1
#define _OPENBSD_SOURCE 1
#define _POSIX_PTHREAD_SEMANTICS 1
#define __STDC_WANT_IEC_60559_ATTRIBS_EXT__ 1
#define __STDC_WANT_IEC_60559_BFP_EXT__ 1
#define __STDC_WANT_IEC_60559_DFP_EXT__ 1
#define __STDC_WANT_IEC_60559_EXT__ 1
#define __STDC_WANT_IEC_60559_FUNCS_EXT__ 1
#define __STDC_WANT_IEC_60559_TYPES_EXT__ 1
#define __STDC_WANT_LIB_EXT2__ 1
#define __STDC_WANT_MATH_SPEC_FUNCS__ 1
#define _TANDEM_SOURCE 1
#define __EXTENSIONS__ 1
#define GETTEXT_PACKAGE "ristretto"
#define G_LOG_USE_STRUCTURED 1
#define GLIB_VERSION_MAX_ALLOWED GLIB_VERSION_2_56
#define GLIB_VERSION_MIN_REQUIRED GLIB_VERSION_2_56
#define HAVE_LIBX11 1
#define TUMBLER_SERVICE_NAME_PREFIX "org.freedesktop.thumbnails"
#define TUMBLER_SERVICE_PATH_PREFIX "/org/freedesktop/thumbnails"

configure: exit 0
